{
  "duration": 30.529780864715576,
  "throughput": 9.826470793530044,
  "successful": 273,
  "failed": 27,
  "max_latency": 29158.66208076477,
  "mean_latency": 13269.757310112755,
  "timestamp": "2025-10-22T19:00:13.296888"
}