{
  "total_requests": 30,
  "successful": 30,
  "failed": 0,
  "duration": 2.8088669776916504,
  "throughput": 10.6804630615346
}