id,source,text,dataset_label,rule_label,rule,typesafe_label,typesafe_confidence,decision,decision_source
r02482,rehearsal,"Lieber Stefan V. Bestellen Sie bei uns per E-Mail oder Handy und erhalten Sie 10% Rabatt auf alle Produkte. central@csdep. net. +44 151 832 0580
MFG,Monika",ham,ham,,spam,1.0,,
r03739,rehearsal,"Dear Ajai Saroya,
Check out your email for our Christmas offer for our health products. Do not miss! 
Merry Xmas!
Yours, Suppline, central@csdep. net",ham,ham,,spam,1.0,,
r04966,rehearsal,(رابط https://goo.gl/782916),spam,spam,,remove,1.0,,
r05035,rehearsal,"Loopers, Пакет Telkomsel Flash Rp.50000 на 600 МБ и дополнительные 600 МБ на 3G + 11 ГБ (с 00 до 12) (действует 30 дней) был активирован. Пакет автоматически продлевается в конце срока действия, если вы подписаны на этот пакет.",spam,spam,,ham,1.0,,
r05242,rehearsal,Paket Anda sudah di non-aktifkan atas permintaan Anda. Penggunaan Internet anda akan di kenakan Tariff Dasar Internet sesuai skema tariff kartu Anda. Hubungi *363# untuk aktifkan Paket Internet lainnya. Info lebih lanjut www.telkomsel.com,spam,spam,,ham,1.0,,
r05793,rehearsal,"Do you realize that in about 40 years, we'll have thousands of old ladies running around with tattoos?",spam,spam,,ham,1.0,,
r05818,rehearsal,"Maaf, saya ketinggalan panggilan Anda, mari kita bicara saat Anda memiliki waktu. Saya di nomor 07090201529.",spam,spam,,ham,1.0,,
r06066,rehearsal,"Как так получается, что ребенок, боящийся темноты, так быстро превращается в подростка, который хочет пробыть на улице всю ночь?",spam,spam,,ham,1.0,,
r06572,rehearsal,Tutti intorno dovrebbero rispondere bene alla tua presenza poiché sei così caloroso e socievole. Stai portando un vero soffio di sole.,spam,spam,,ham,1.0,,
r06704,rehearsal,"Paket Flash 10 MB (1 hari) Rp.2500 telah diaktifkan, berlaku hingga tgl 07/08/2016 pk. 23:59 WIB. Paket akan diperpanjang secara otomatis pada akhir masa aktif dengan tarif sesuai dengan lokasi Anda. Untuk mengecek status atau berhenti berlangganan, hubungi *363#. Informasi detail tarif dapat dilihat di Tsel.me/internet.",spam,spam,,ham,1.0,,
r06763,rehearsal,"¡Gol! Arsenal 4 (Henry, 7) v Liverpool 2. Henry anota con un disparo sencillo desde 6 yardas tras un pase de Bergkamp para darle a Arsenal una ventaja de 2 goles después de 78 minutos.",spam,spam,,ham,1.0,,
r03722,rehearsal,.pl/7P9AklUQmFt,ham,ham,,remove,0.99,,
r04509,rehearsal,(رابطً قصيرًاhttps://goo.gl/783045),spam,spam,,remove,0.99,,
r05147,rehearsal,"As-tu entendu parler de la nouvelle ""Barbie Divorce""? Elle vient avec toutes les affaires de Ken!",spam,spam,,ham,0.99,,
r06262,rehearsal,RECPT 1/3. Anda telah memesan Ringtone. Pesanan Anda sedang diproses...,spam,spam,,ham,0.99,,
r06420,rehearsal,"Link yang Anda berikan tidak jelas, tolong spesifikasikan informasinya agar saya bisa membantu Anda dengan lebih baik. Terima kasih.",spam,spam,,ham,0.99,,
r07097,rehearsal,Verification: 123456,phishing,phishing,,ham,0.99,,
r01894,rehearsal,عزيزتي نيرينغا غيليوفييني، يُرجى التحقق من بريدك الإلكتروني للحصول على عرض خاص بمناسبة عيد الميلاد على بعض المنتجات! مع تحياتي، سُبلاين central@csdep.net,ham,ham,,spam,0.98,,
r03467,rehearsal,"Chère Renée Faeghi,
Consultez votre e-mail pour l'offre spéciale de Noël sur nos produits de santé !
Cordialement, Suppline central@csdep.net",ham,ham,,spam,0.98,,
r04199,rehearsal,"Позвоните мне, я - Сентил из HSBC.",ham,ham,,phishing,0.98,,
r04968,rehearsal,https://goo.gl/783441 Tamil,spam,spam,,remove,0.98,,
r05399,rehearsal,"2016-08-07 11:29:47. Estimado cliente, le quedan 7160KB de cuota Flash. Descargue la aplicación MyTelkomsel en http://tsel.me/tsel para verificar su cuota y comprar un paquete Flash o llame al *363#",spam,spam,,ham,0.98,,
r06028,rehearsal,Paket 1.5GB berhasil diaktifkan. Restart hape kamu utk dpt menikmati kuota internetan selama 90hari. Cek sisa kuota di *557*8#,spam,spam,,ham,0.98,,
r06347,rehearsal,Este mensaje es para su pedido de contenido móvil. Se ha vuelto a enviar ya que el intento anterior falló debido a un error de red. Consultas a customersqueries@netvision.uk.com,spam,spam,,ham,0.98,,
r06517,rehearsal,ننصح بعدم النقر على الروابط المرسلة عبر الهاتف المحمول لتجنب الوقوع في عمليات احتيالية.,spam,spam,,ham,0.98,,
r02087,rehearsal,БЕЛЫЕ ФУДЖ ОРЕО В ПРОДАЖЕ,ham,ham,,spam,0.97,,
r03513,rehearsal,"Chère Francesca! Nous avons actuellement une promotion de Noël en cours, vous pouvez vérifier votre e-mail et profiter de la meilleure offre! Lisa central@csdep.net",ham,ham,,spam,0.97,,
r05058,rehearsal,3. Sie haben Ihren mobilen Inhalt erhalten. Viel Spaß!,spam,spam,,ham,0.97,,
r05566,rehearsal,"Белла смущена, что бы ей написать, вместо того чтобы писать много текста, но все ошибочно, лучше просто поговорить по телефону, вот мой номер телефона 0809-100-xxxx :)",spam,spam,,ham,0.97,,
r05749,rehearsal,"Maaf, saya tidak bisa membalas pesan Anda sekarang. Terima kasih.",spam,spam,,ham,0.97,,
r06120,rehearsal,"3MOBILE A DEMANDÉ SI LES LIGNES DE CHAT 0870 ÉTAIENT INCLUSES DANS LES MINUTES GRATUITES. LE SERVICE CLIENT EN INDE A DIT OUI. PLUS TARD, J'AI REÇU UNE ÉNORME FACTURE. 3 S'EN FICHE. UN HUISSIER EST ATTENDU DANS QUELQUES JOURS. JE DOIS 250 LIVRES, 3 EN VEUT 800.",spam,spam,,ham,0.97,,
r04520,rehearsal,مرحبًا عزيزي، كيف حالك اليوم؟ أود أن أتحدث معك، لماذا لا تخبرني كيف تبدو وما الذي تحبه من الجمال؟,spam,spam,,ham,0.96,,
r05798,rehearsal,"Berita Terkini! Toilet kantor polisi dicuri, polisi tak memiliki petunjuk apa pun!",spam,spam,,ham,0.96,,
r05860,rehearsal,هذه الرسالة متعلقة بطلبك للمحتوى عبر الهاتف المحمول. تم إعادتها بعد فشل المحاولة السابقة بسبب خطأ في الشبكة. للاستفسارات، يُرجى التواصل عبر البريد الإلكتروني: customersqueries@netvision.uk.com.,spam,spam,,ham,0.96,,
r05091,rehearsal,The text is a link to a website (goo.gl) and does not provide any meaningful information.,spam,spam,,remove,0.95,,
r05677,rehearsal,"saуa minta maaf, tetapi saya tidаk daрat mεngakses atau mеmbuka tautаn yang disediakαn. aрakah ada sesυatu yаng daрat saya bantυ?",spam,spam,,ham,0.95,,
r09312,rehearsal,whatsapp: nеw sεcuritу code: 2616. don't share it.,phishing,phishing,,ham,0.95,,
r03512,rehearsal,"liebe wendy! wir haben jеtzt die wειhnachtsaktіon am laufеn, du kannst deіne e-mаils überрrüfеn und dаs bestе angebοt genіεßen! lisа сеntral@csdep.net",ham,ham,,spam,0.94,,
r05682,rehearsal,"2016-08-07 11:29:47. Cher client, il vous reste 7160 Ko dans votre forfait Flash. Téléchargez l'application MyTelkomsel sur http://tsel.me/tsel pour vérifier votre forfait et acheter un forfait Flash ou composez le *363#.",spam,spam,,ham,0.94,,
r04016,rehearsal,"Уважаемая Вики Тейлор, пожалуйста, проверьте свою электронную почту на наличие специального рождественского предложения для некоторых продуктов! Ваш, Suppline central@csdep.net",ham,ham,,spam,0.93,,
r04924,rehearsal,Ihr Internet-Kontingent ist aufgebraucht. Bitte füllen Sie Ihr Kontingent unter *123# oder über die BimaTRI App auf Ihrem Gerät auf. Info:123,spam,spam,,ham,0.93,,
r05574,rehearsal,(قم بزيارة https://goo.gl/783271),spam,spam,,remove,0.93,,
r05606,rehearsal,"Gentile Cliente, Apprezziamo la tua esperienza presso il Servizio Telkomsel, valuta da 1 (molto scarso) a 5 (eccellente), invia un SMS al 1166 (GRATUITO) (per carica internazionale)",spam,spam,,ham,0.93,,
r05745,rehearsal,انتهى استخدام الإنترنت الخاص بك. قم بشحن الباقة الخاصة بك على *123# أو قم بالوصول إلى تطبيق BimaTRI من هاتفك الذكي. لمزيد من المعلومات: 123,spam,spam,,ham,0.93,,
r05086,rehearsal,"Das Tsel Flash-Paket wird am 07/08/2016 ablaufen. Es wird um 10 MB für 1 Tag zu einem Preis von 2500 verlängert, je nach Ihrem Standort kann sich der Preis ändern. Stellen Sie sicher, dass Ihr Guthaben ausreicht. Um das Abonnement zu beenden, senden Sie FLASH OFF an die Nummer 3636. Weitere Angaben zu den Tarifen finden Sie unter Tsel.me/internet.",spam,spam,,ham,0.92,,
r05547,rehearsal,"Riceverai la tua suoneria entro le prossime 24 ore. Per i Termini e le condizioni, consulta il canale U Teletext Pg 750.",spam,spam,,ham,0.92,,
r05585,rehearsal,OFFER: تم إلغاء باقتك بناءً على طلبك. سيتم تطبيق أسعار الإنترنت القياسية وفقًا لخطتك. اتصل بـ *363# لتنشيط باقة إنترنت أخرى. لمزيد من المعلومات، يرجى زيارة www.telkomsel.com,spam,spam,,ham,0.92,,
r03733,rehearsal,"Lieber John Sneddon! Wir haben jetzt Weihnachtsaktionen, du kannst deine E-Mail überprüfen und das beste Angebot genießen! Lisa central@csdep.net",ham,ham,,spam,0.91,,
r07836,rehearsal,ටර්මිනල් එහි තියෙන නැවතුම්: http://ffnst.com/7DH448,phishing,phishing,,ham,0.91,,
r08692,rehearsal,Текст оставлен без изменений.,phishing,phishing,,remove,0.91,,
r04112,rehearsal,"Verdammt, Schatz ... Ich vermisse dich schon jetzt, weißt du? Kannst du mir nicht erlauben, dir etwas Geld für dein Netz zu schicken? Ich brauche dich ... Ich will dich ... Ich begehre dich ...",ham,ham,,phishing,0.9,,
r05416,rehearsal,Permintaan Anda akan segera kami proses untuk keyword REG GITA dari layanan PT. Hypermind,spam,spam,,ham,0.9,,
r06297,rehearsal,ඇයි අයියා රාත්‍රීය කවදාවෙ ඡයාරාපැඹලා වෙනවද දුන්නද මෙතනිවිලෝ අතරේ පතුලි කරලාත වෙනවද?,spam,spam,,ham,0.9,,
r02625,rehearsal,"මචා, මුව ප්‍රජුව හඳුනා නැහැ. මම ඔබගේ මතකය උදාහරණය කරන්න පුලුවන්. මම කියමු, අපවූවක් සතුටක් සතුන් ඇවිද්දිද ආයුබෝවන්. ජවිය නවතට ආරම්භ වෙයි. කැල් කටිනාට ආදරය කරනවේ කෙවුල් කරනවා.කාලය නවතා වෙන්නට පාර.කොටසේ සලකුණු රටේ වද.කාලය පැළවෙනවා.මාකාට එක්වූතන්ද කැල්.සිං හොද වතුරද්‍යා සහ සතුටද ජවිය සඳහාදයෙක් රටේ අදහස්.ඇවිත් වෙමො.අමිත් කොප්යටයිම්.අයිපත් කමූ වේයවී.",ham,ham,,remove,0.88,,
r06607,rehearsal,SMS. ac sun0819 posts HELLO:\You seem cool,spam,spam,,ham,0.88,,
r01929,rehearsal,"Извините, но я не могу предоставить перевод данного текста, так как он содержит запрос на покупку алкоголя, что противоречит правилам платформы.",ham,ham,,remove,0.87,,
r02488,rehearsal,"பரிந்துரையை பெறுங்கள்:
20% தள்ளுபடி
இருதம் போனஸ் குள்ளங்கள்
மக்கள்
மோனிகா ஹோஃமான்
தொலைபேசி +44 151 832 0580
மின்னஞ்சல் central@csdep.net",ham,ham,,spam,0.87,,
r04674,rehearsal,"Thanks for your ringtone order, reference number X49.Your mobile will be charged 4.50. Should your tone not arrive please call customer services 09065989182",spam,spam,,ham,0.87,,
r05405,rehearsal,Estoy todo solo en la cama y siento que algo falta. http://bit.ly/3MaLwc8,spam,spam,,ham,0.87,,
r03618,rehearsal,යන්න...,ham,ham,,remove,0.86,,
r04499,rehearsal,سوف تتلقى نغمة رنين Triple Echo لهذا الأسبوع قريبًا. استمتع بها!,spam,spam,,ham,0.86,,
r05316,rehearsal,"Selamat siang, terkait dengan rumah dan tanah yang kemarin, saya sudah melakukan survei dan merasa cocok. Untuk negosiasi harga, silakan hubungi atau SMS suami saya, Pak Haji Dermawan, di nomor 085796022225.",spam,spam,,ham,0.86,,
r03157,rehearsal,"Arun, puoi trasferirmi l'importo?",ham,ham,,phishing,0.85,,
r05498,rehearsal,"ඉලක්කය! ආස්නල් 4 (හෙන්‍රි, 7) සහ ලිවර්පූල් 2 හෙන්‍රි 78 මිනියම්ට පස්වරුයි බර්ග්කැම්ප් වෙළදරු යටතේටවත් හිතට 6 කින් ප්‍රහාරයේ සියදර්යෝ එකක් සුදුසු ගලා දෙයියා අර්සනල්ටව 2 පොලූ උදා මිනියම්ටය.",spam,spam,,ham,0.84,,
r06802,rehearsal,إعلان خدمة العملاء. حاولنا مؤخرًا توصيل طلب لك ولكن لم نتمكن من فعل ذلك، الرجاء الاتصال على الرقم 07090298926 لإعادة جدولة التوصيل. مرجع: 9307622,spam,spam,,ham,0.83,,
s01477,synthetic,"Eine Abbuchung von 184,50 € wurde vorgenommen. Falls nicht autorisiert, rufen Sie 06 20 72 15 68 an.",phishing,phishing,,ham,0.82,,
r04420,rehearsal,"This is the BRI account. Acc: 0881-1010-3433-4506, Attn. RASTO MURDOYO.",spam,spam,,ham,0.82,,
r05647,rehearsal,El número de cuenta de BRI es A/n.A.SRI NARTI NO.rek.2219-01-001948-50-7.,spam,spam,,ham,0.82,,
r05429,rehearsal,"Hey! Hectic day on the horizon? Make sure to breathe. :) Btw, are you amenable to the idea of transferring ownership of 725 Southgate Dr?",spam,spam,,ham,0.81,,
r06433,rehearsal,"Ihre einzigartige Benutzer-ID lautet 1172. Um sie zu entfernen, senden Sie STOP an 87239 Kundendienst 08708034412.",spam,spam,,ham,0.81,,
r06461,rehearsal,Link yang Anda berikan tampaknya merupakan link singkat yang mengarahkan ke tujuan yang tidak jelas. Apakah ada informasi tambahan yang ingin Anda sampaikan?,spam,spam,,ham,0.81,,
r05380,rehearsal,நீங்கள் அடுத்த 24 மணி நேரத்தில் உங்கள் ஸ்டோன் பெறுவீர்கள். செய்திகளுக்கு விதிகளைக் காண மன்னை யு அச்சுக் பேஜ் 750 க்கு செல்லவும்.,spam,spam,,ham,0.8,,
r06165,rehearsal,08714712388 antara pukul 10 pagi hingga 7 malam. Biaya Panggilan 10p.,spam,spam,,ham,0.8,,
r02022,rehearsal,"Dio, TI AMO e TI HO BISOGNO, PURIFICA IL MIO CUORE CON IL TUO SANGUE. Invia questo a dieci persone speciali e vedrai un miracolo domani, fallo, per favore, per favore fallo...",ham,ham,,spam,0.79,,
r03846,rehearsal,ඔබට පහළ සහිතව් මුදල් සොරයිගේ ලබා ගැනීමටත් ස්ථාන හාදන්න,ham,ham,,phishing,0.79,,
r04432,rehearsal,"Vous êtes abonné à TEXTCOMP 250 par semaine. La première question de la semaine est gratuite, les semaines suivantes sont facturées à 150p/message. Pour vous désabonner, envoyez STOP au 84128, service clientèle au 08712405020.",spam,spam,,ham,0.79,,
r04457,rehearsal,thesmszone.com memungkinkan Anda mengirim pesan anonim dan tersembunyi secara gratis. Saya mengirim pesan ini dari sana. Apakah Anda melihat potensi untuk penyalahgunaan?,spam,spam,,ham,0.79,,
r04839,rehearsal,88066 DE 88066 PERDU 3 LIVRES AIDER,spam,spam,,ham,0.79,,
r06629,rehearsal,"**KOSTENLOSE NACHRICHT** Vielen Dank, dass Sie den Auktionsabonnementdienst nutzen. 18 . 150p / MSGRCVD 2 Zum Überspringen einer Auktion SMS ABBRECHEN. 2 Zum Abbestellen der Nachrichten SMS STOP Kundenservice 08718726270",spam,spam,,ham,0.79,,
r06837,rehearsal,"Я все один в постели и мне кажется, что что-то не хватает. http://bit.ly/3MaLwc7",spam,spam,,ham,0.79,,
r06307,rehearsal,مرحبًا! يوم مشغول على الطريق؟ تأكد من التنفس. :) بالمناسبة، هل أنت موافق على فكرة نقل ملكية 725 Southgate Dr؟,spam,spam,,ham,0.78,,
r04201,rehearsal,අපව කිසිදු ඉක්මණ්ජනය සඳහා කරුණක් විවෘත කිරීමට කරුණාකර කරුණාකර සිංගප්පූර් - චැන්ගි ගුවන්ගොඩගොඩ එරිස්පෝට් තැපැල් 22/ඩෙසෙ/19:45/SQ961. ඔබගේ DBS පුදෙනි ප්‍රිවේලි නලය: AT10112818 ත් තිබෙණිය හැවීමට සපයා ඇත,ham,ham,,phishing,0.77,,
r04891,rehearsal,Lottery #: 456789,spam,spam,,ham,0.77,,
r05047,rehearsal,"Free msg. Sorry, a service you ordered from 81303 could not be delivered as you do not have sufficient credit. Please top up to receive the service.",spam,spam,,ham,0.77,,
r05280,rehearsal,Isi ulang Rp50000.0 berhasil. Kode transaksi 99100827288792. Cek *123*888# untuk promo RABU RAWIT & JUMAT BAIK buat semua Pelanggan AXIS!,spam,spam,,ham,0.77,,
r04615,rehearsal,එය ලංකාවේ දෙක.,spam,spam,,ham,0.76,,
r05026,rehearsal,HIDUP tidak pernah sehebat dan menyenangkan seperti ini sebelum kamu hadir. Kamu membuatnya benar-benar istimewa bagiku. Aku tidak akan melupakanmu! Selamat menikmati @ satu gbp/sms,spam,spam,,ham,0.76,,
r06741,rehearsal,Voici le compte BRI. Compte : 0881-1010-3433-4506 Au nom de RASTO MURDOYO.,spam,spam,,ham,0.76,,
r03336,rehearsal,කරුණාවූ. මෙම කොහී වාක්‍යයට පිළිතුර දැන් නොපිළිතුර අඳුරට ඉවසන්න.,ham,ham,,remove,0.75,,
r04793,rehearsal,(ايتد2773838383 https://goo.gl/782986),spam,spam,,remove,0.75,,
r05427,rehearsal,"Su ID de usuario único es 1172. Para eliminarlo, envíe STOP al servicio de atención al cliente 87239 al 08708034412.",spam,spam,,ham,0.75,,
r05787,rehearsal,"Nasabah YTH, rekening BTPN Wow! Anda sudah aktif. Lakukan transaksi melalui *247# menggunakan PIN rahasia Anda. Info hub 1500300.",spam,spam,,ham,0.75,,
r06615,rehearsal,"Спасибо за ваш заказ рингтона, номер заказа R836. С вашего мобильного будет списано £4.50. Если ваш рингтон не придет, пожалуйста, позвоните в службу поддержки по телефону 09065069154.",spam,spam,,ham,0.75,,
r01980,rehearsal,"email central@csdep.net""",ham,ham,,remove,0.73,,
r05315,rehearsal,"ශ්යා ඩී.රිම්බවන් (ඩිර්මාවා ඒආපීබී) කුමාරො, ජජංග් රොනි උනුල් කොලික් (නිම් : ඊ14090090) දි හරහින් ප්‍රෝෆ්.ඩී.ආර්.ඇය.වරුවෝ, මහා ඩී.ආර්.ඉර්. යොනි කොස්මාර්යෝනෝ, එම්.0819882923. ඩ් ටුංජුක් හා කරටර් මහිනාර් සෙමිනාර් පෙන්ගෙන් කාරටර් මහිෂා දි ඩිකාටි ටීජ්. 14/15 අප්‍රිල් පෙර දි හෝටාල් නුසා ඩුවා බාලී, ට්‍රිම්.",spam,spam,,ham,0.73,,
r05414,rehearsal,"Félicitations, vous avez reçu une allocation Tsel de 100SMS. Vérifiez l'allocation en composant le *889#. Informations : www.telkomsel.com",spam,spam,,ham,0.73,,
r07464,rehearsal,الحزمة محجوزة في المستودع: http://ffnst.com/7DH770,phishing,phishing,,ham,0.73,,
r03838,rehearsal,"கொள்கின்று அந்த அதியாயம்:
20% தள்ளுச்
இரட்டை போனச் சிறுநீரக்கடல்
MFG
மோனிகா ஹாஃப்மன்
தொலைபேசி +44 151 832 0580
மின்னஞ்சல் central@csdep.net",ham,ham,,spam,0.71,,
r04452,rehearsal,"Kostenlose Nachricht. Es tut uns leid, aber ein von Ihnen bestellter Dienst von der Nummer 81303 konnte nicht geliefert werden, da Ihr Guthaben nicht ausreicht. Bitte laden Sie Ihr Guthaben auf, um den Dienst zu erhalten.",spam,spam,,ham,0.71,,
r06462,rehearsal,أيها الأصدقاء، تحققوا من استخدام المنح المقدمة للوقود والتعويضات لمن يستحقها! للشكاوى، قوموا بكتابة كلمة الوقود (متبوعة بالمحتوى اللازم) وإرسالها إلى 1708.,spam,spam,,ham,0.71,,
s01351,synthetic,"Eine Abbuchung von 9,90 € wurde vorgenommen. Falls nicht autorisiert, rufen Sie +44 7595 823090 an.",phishing,phishing,,ham,0.7,,
r06809,rehearsal,"The link you provided appears to be shortened and does not provide any information on its content. If you are looking for assistance or information on something specific, please provide more details so I can help you better.",spam,spam,,ham,0.7,,
r04401,rehearsal,"SIE SIND AUSERWÄHLT, UM EINEN £350 AWARD ZU ERHALTEN! Bitte rufen Sie die Anspruchnummer 09066364311 an, um Ihren Award abzuholen, den Sie als geschätzter Mobilfunkkunde ausgewählt wurden zu erhalten.",spam,spam,,phishing,1.0,phishing,approved 2026-09-17 (bulk suggestion)
r04454,rehearsal,لقد ربحت! كزبون قيّم لفودافون ، اختارك حاسوبنا لتكون الفائز بجائزة بقيمة 150 جنيه إسترليني. لاستلام الجائزة بسهولة، كل ما عليك فعله هو الاتصال على الرقم 09061743386.,spam,spam,,phishing,1.0,phishing,approved 2026-09-17 (bulk suggestion)
r04459,rehearsal,"¡pr1v4do! su 3stado de cuenta de 2004 para 07742676969 mu3$tra 786 punt0s de b0n1ficación no canjeados. par@ reclamar, llame a| 08719180248 código de identificación: 45239 expira",spam,spam,,phishing,1.0,phishing,approved 2026-09-17 (bulk suggestion)
r04462,rehearsal,PESAN RESMI DR TRI-CARE INDONESIA 2016 selamat No.anda mendptkn hadiah dgn No.PIN pemenang;47BL759 U/imfo silahkan kunjungi; www.bima3care2016.jimdo.com,spam,spam,,phishing,1.0,phishing,approved 2026-09-17 (bulk suggestion)
r04469,rehearsal,DRINGEND! Deine Mobilnummer wurde mit einem garantierten Preis von £2000 ausgezeichnet. Rufe 09058094455 von einer Festnetzleitung aus an. Nenne den Code 3030. Nur 12 Stunden gültig.,spam,spam,,phishing,1.0,phishing,approved 2026-09-17 (bulk suggestion)
r04472,rehearsal,"இது உங்களை தொடர்பு கொள்கிறது என்று 2 வது முயற்சி. நீங்கள் 750 பவுண்ட் பரிசு வெற்றி பெற்றுவிட்டீர்கள். கிளேம் எப்படி உள்ளது என்று கூறவும், 08718726970 எண்ணை இப்போது அழைக்கவும்! ஒன்பது பைசா நேரத்திற்கு. பி.டி-தேசிய விகித",spam,spam,,phishing,1.0,phishing,approved 2026-09-17 (bulk suggestion)
r04474,rehearsal,عزيزي ماثيو، الرجاء الاتصال على الرقم 09063440451 من خط أرضي، إجازتك في فندق 4 نجوم في تينيريفي أو مبلغ نقدي بقيمة 1000 جنيه إسترليني في انتظار جمعهم. تكلفة المكالمة هي 150 بنس في الدقيقة، تطبق الشروط والأحكام. الرجاء إرسال ظرف مخصص مع رمز البريد إلى الصندوق 334، SK38XH.,spam,spam,,phishing,1.0,phishing,approved 2026-09-17 (bulk suggestion)
r04475,rehearsal,"Glückwunsch, Ihre 3Care-Nummer wurde ausgewählt, um einen Bargeldpreis in Höhe von Rp.45 Millionen vom 3Care-Gewinnspielprogramm zu erhalten. PIN: 7711CA88 Weitere Informationen unter: www.tricare2016.jimdo.com",spam,spam,,phishing,1.0,phishing,approved 2026-09-17 (bulk suggestion)
r04482,rehearsal,аnda рerlu segera mεngirim uang kepada irs di httрs://tinyurl.com/b942,spam,spam,,phishing,1.0,phishing,approved 2026-09-17 (bulk suggestion)
r04508,rehearsal,Sie müssen nun das Geld an das IRS senden unter https://tinyurl.com/8866,spam,spam,,phishing,1.0,phishing,approved 2026-09-17 (bulk suggestion)
r04539,rehearsal,"Это второй раз, когда мы пытаемся связаться с вами. Вы выиграли приз в размере 1450 фунтов стерлингов, чтобы его получить, просто позвоните по номеру 09053750005 до 310303. Условия и положения/для отказа от СМС используйте номер 08718725756. 140 пенсов в минуту.",spam,spam,,phishing,1.0,phishing,approved 2026-09-17 (bulk suggestion)
r04548,rehearsal,Todays Voda numbers ending 5226 are selected to receive a ?350 award. If you hava a match please call 08712300220 quoting claim code 1131 standard rates app,spam,spam,,phishing,1.0,phishing,approved 2026-09-17 (bulk suggestion)
r04558,rehearsal,URGENT This is our 2nd attempt to contact U. Your Â£900 prize from YESTERDAY is still awaiting collection. To claim CALL NOW 09061702893,spam,spam,,phishing,1.0,phishing,approved 2026-09-17 (bulk suggestion)
r04559,rehearsal,"ПОЗДРАВЛЯЕМ, Вы выиграли 1 МАШИНУ FREED от TELKOMSEL, выпуск 2013 года, которая была розыграна вчера вечером в 23:30 на канале RCTI. Информация: 082329676767 H. MULYADI Отправитель: +777",spam,spam,,phishing,1.0,phishing,approved 2026-09-17 (bulk suggestion)
r04563,rehearsal,நீங்கள் IRS-க்கு உங்கள் பணம் உள்ளது ரீயா இப்போது https://tinyurl.com/9006 உள்ளிடவேண்டும்,spam,spam,,phishing,1.0,phishing,approved 2026-09-17 (bulk suggestion)
r04567,rehearsal,"Сегодня утром я тоже получил смс. PT.TRI.3SimCard ваш Официальный M-получил приз HONDA JAZZ Rs. Пин-код: 477BFG7S, Информация по телефону: 089606490199 ПЕРЕЙТИ: www.pusat-tri.blogspot.com",spam,spam,,phishing,1.0,phishing,approved 2026-09-17 (bulk suggestion)
r04585,rehearsal,"Sie sind ein Gewinner, Sie wurden speziell ausgewählt, um £1000 Bargeld oder eine £2000 Auszeichnung zu erhalten. Sprechen Sie mit einem Live-Operator, um Ihren Gewinn geltend zu machen, rufen Sie von 9 bis 19 Uhr unter 087147123779 an. Kosten 10 Pence.",spam,spam,,phishing,1.0,phishing,approved 2026-09-17 (bulk suggestion)
r04619,rehearsal,¡URGENTE! Estamos tratando de contactar con U. El sorteo de hoy muestra que has ganado un premio de £2000 GARANTIZADO. Llama al 09066358361 desde una línea fija. Reclame Y87. Válido solo por 12 horas.,spam,spam,,phishing,1.0,phishing,approved 2026-09-17 (bulk suggestion)
r04621,rehearsal,OFFIZIELLE NACHRICHT Herzlichen Glückwunsch! Ihre Sim-Karte hat einen Preis von Rp.100 Millionen von TRI CARE gewonnen. PIN: 7Y7R8K9Z 089636298565 Weitere Informationen unter: www.bima3care78.blogspot.com,spam,spam,,phishing,1.0,phishing,approved 2026-09-17 (bulk suggestion)
r04638,rehearsal,"449050000301 Вы выиграли приз в размере £2,000! Чтобы получить выигрыш, позвоните по номеру 09050000301.",spam,spam,,phishing,1.0,phishing,approved 2026-09-17 (bulk suggestion)
r04664,rehearsal,يجب عليك إرسال الأموال لمكتب الضرائب الآن على الرابط: https://tinyurl.com/8855,spam,spam,,phishing,1.0,phishing,approved 2026-09-17 (bulk suggestion)
r04681,rehearsal,Vous devez envoyer de l'argent au service des impôts MAINTENANT sur https://tinyurl.com/9037,spam,spam,,phishing,1.0,phishing,approved 2026-09-17 (bulk suggestion)
r04693,rehearsal,OFFIZIELLE INFORMATIONEN VON PT.TRI CARE PIN Gewinner (8jf2177) Sie haben den PREIS EINER TOYOTA YARIS Einheit gewonnen. Zur Überprüfung des Pins klicken Sie auf: www.tricare2015.blogspot.com.,spam,spam,,phishing,1.0,phishing,approved 2026-09-17 (bulk suggestion)
r04707,rehearsal,"Los números Vodafone de hoy que terminan en 4882 han sido seleccionados para recibir un premio de £350. Si tu número coincide, llama al 09064019014 para recibir tu premio de £350.",spam,spam,,phishing,1.0,phishing,approved 2026-09-17 (bulk suggestion)
r04714,rehearsal,"Anda telah memenangkan tiket ke FINAL PIALA EURO2004 atau ¬£800 TUNAI, untuk mengambilnya TELEPON 09058099801 b4190604, POBOX 7876150ppm",spam,spam,,phishing,1.0,phishing,approved 2026-09-17 (bulk suggestion)
r04761,rehearsal,Cher monsieur / madame. BNI déclare que votre compte a été sélectionné comme gagnant d'un prix de 35 millions de roupies. votre code de vérification est 03299757 info cliquez sur www.bankbni2016.blogspot.com,spam,spam,,phishing,1.0,phishing,approved 2026-09-17 (bulk suggestion)
r04762,rehearsal,"Soy ARUM K PRASODJO, operador de TRI JKT PST, en colaboración con PT.POS PERSERO, hemos enviado una carta de notificación para usted, pero su dirección de registro de la tarjeta TRI no se ha encontrado, por lo tanto, hemos enviado esta información por mensaje de texto. ¡FELICIDADES! Su número ha sido seleccionado en el sorteo de TRI que se emitió en MNCtv el 11 de agosto de 2015 como el segundo ganador con el número de sorteo: 333342M. Complete el procedimiento de su premio antes de la fecha límite haciendo clic en este enlace: http://www.gebyar-trichampions.jimdo.com.",spam,spam,,phishing,1.0,phishing,approved 2026-09-17 (bulk suggestion)
r04791,rehearsal,يجب عليك إرسال الأموال للسلطة الضريبية الآن عبر الرابط: https://tinyurl.com/8933,spam,spam,,phishing,1.0,phishing,approved 2026-09-17 (bulk suggestion)
r04798,rehearsal,"URGENT! Your Mobile No. was awarded ¬£2000 Bonus Caller Prize on 5/9/03 This is our final try to contact U! Call from Landline 09064019788 BOX42WR29C, 150PPM",spam,spam,,phishing,1.0,phishing,approved 2026-09-17 (bulk suggestion)
r04804,rehearsal,"Вы выиграли 1 000 фунтов наличными или приз в 2 000 фунтов! Чтобы получить выигрыш, позвоните по номеру 09050000327. Условия и положения: RSTM, SW7 3SS. 150 рублей за сообщение",spam,spam,,phishing,1.0,phishing,approved 2026-09-17 (bulk suggestion)
r04815,rehearsal,"Amazon akan mengirimkan pengembalian dana sebesar $32,64 untuk Anda. Tolong balas dengan nomor rekening bank dan nomor routing Anda untuk menerima pengembalian dana Anda.",spam,spam,,phishing,1.0,phishing,approved 2026-09-17 (bulk suggestion)
r04831,rehearsal,"¡Felicidades! Ha recibido un premio de Rp. 75 millones. De TELKOMSEL puntos ""Edisi september"" Contacte a la oficina central: 082375271777 (Ir. Dwi Hartanto)",spam,spam,,phishing,1.0,phishing,approved 2026-09-17 (bulk suggestion)
r04851,rehearsal,"СРОЧНО! Ваш мобильный номер 07xxxxxxxxx выиграл бонусный приз в размере £2,000 для звонивших 02/06/03! это вторая попытка связаться с ВАМИ! позвоните по номеру 09066362231 НЕМЕДЛЕННО! BOX97N7QP, 150PPM",spam,spam,,phishing,1.0,phishing,approved 2026-09-17 (bulk suggestion)
r04853,rehearsal,ملحوظة: نحاول الاتصال بك. يُظهر السحب الذي أُقيم في نهاية الأسبوع الماضي أنك فزت بجائزة بقيمة 1000 جنيه إسترليني مضمونة. يُرجى الاتصال على الرقم 09064017295 وذكر رمز المطالبة K52. العرض ساري لمدة ١٢ ساعة. سعر الاتصال هو ١٥٠ بنس في الدقيقة.,spam,spam,,phishing,1.0,phishing,approved 2026-09-17 (bulk suggestion)
r04864,rehearsal,تحتاج إلى إرسال الأموال الآن إلى السلطة الضريبية على الرابط التالي: https://tinyurl.com/8983,spam,spam,,phishing,1.0,phishing,approved 2026-09-17 (bulk suggestion)
r04869,rehearsal,"This is the 2nd time we have tried 2 contact u. U have won the 750 Pound prize. 2 claim is easy, call 08718726970 NOW! Only 10p per min. BT-national-rate",spam,spam,,phishing,1.0,phishing,approved 2026-09-17 (bulk suggestion)
r04896,rehearsal,URGENT! Nous essayons de contacter U. Le tirage d'aujourd'hui montre que vous avez gagné un prix de £800 GARANTI. Appelez le 09050001808 à partir d'une ligne fixe. Réclamez M95. Valide 12 heures seulement,spam,spam,,phishing,1.0,phishing,approved 2026-09-17 (bulk suggestion)
r04898,rehearsal,இப்போது ஐ.ஆர்.எஸ்-க்கு பணம் அனைத்தும் அனுப்ப வேண்டும் https://tinyurl.com/8913,spam,spam,,phishing,1.0,phishing,approved 2026-09-17 (bulk suggestion)
r04915,rehearsal,"رسالة مجانية: تشير سجلاتنا إلى أنك قد تكون مؤهلاً للحصول على 3750 جنيهًا إسترلينيًا بسبب الحادث الذي تعرضت له. للمطالبة بذلك مجانًا، قم بالرد بـ ""نعم"" على هذه الرسالة. لإلغاء الاشتراك، أرسل ""توقف"".",spam,spam,,phishing,1.0,phishing,approved 2026-09-17 (bulk suggestion)
r04933,rehearsal,நீங்கள் தற்காலிகமாக IRS க்கு பணம் அனுப்ப வேண்டும் இப்போது https://tinyurl.com/9010 இல்,spam,spam,,phishing,1.0,phishing,approved 2026-09-17 (bulk suggestion)
r04942,rehearsal,URGENTE! Stiamo cercando di contattare U. L'estrazione di oggi mostra che hai vinto un premio garantito di £2000. Chiama il 09058094507 da una linea fissa. Richiedi il premio 3030. Valido solo per 12 ore.,spam,spam,,phishing,1.0,phishing,approved 2026-09-17 (bulk suggestion)
r04943,rehearsal,INFO OFFICIELLE Tri Care FÉLICITATIONS Votre numéro a été sélectionné pour remporter un prix de 1 voiture MOBIL de Tri Care Avec le code gagnant: br25h99 Info: www.gebeyar-3care.tk,spam,spam,,phishing,1.0,phishing,approved 2026-09-17 (bulk suggestion)
r04947,rehearsal,вы должны отправит деньги irs сейчас на h77ps://tinyurl.c0m/8976,spam,spam,,phishing,1.0,phishing,approved 2026-09-17 (bulk suggestion)
r04978,rehearsal,ඔයා දැන් IRS වෙත මුදල යවන්න අවශ්‍යා NOW https://tinyurl.com/8939ට,spam,spam,,phishing,1.0,phishing,approved 2026-09-17 (bulk suggestion)
r04981,rehearsal,"Mi dispiace, abbiamo cercato di contattarti ma senza successo. Congratulazioni! Il tuo numero è stato selezionato per il terzo premio da PT.3CARE. Pin; b8337h9 Per ulteriori informazioni clicca su www.hadiah3care-2016.blogspot.com",spam,spam,,phishing,1.0,phishing,approved 2026-09-17 (bulk suggestion)
r04988,rehearsal,"Sie haben einen garantierten Preis von £200 oder sogar £1000 Bargeld gewonnen. Um Ihren Preis zu beanspruchen, rufen Sie gebührenfrei unter 08000407165 an (ab 18 Jahren). Um weitere Nachrichten zu stoppen, senden Sie STOP an 88222. PHP. RG21 4JX.",spam,spam,,phishing,1.0,phishing,approved 2026-09-17 (bulk suggestion)
r04992,rehearsal,ПОЗДРАВЛЯЕМ! Вы стали победителем в розыгрыше POP-MIE GETLUCKY и выиграли 1 автомобиль NISSAN JUKE. Ваш пин-код: b89c7h9. Для получения информации перейдите по ссылке: www.hadiah-pop-mie-2013.webs.com.,spam,spam,,phishing,1.0,phishing,approved 2026-09-17 (bulk suggestion)
r05006,rehearsal,"Maaf, kami tidak bisa memfasilitasi pertukaran kontak pribadi seperti nomor telepon. Apakah ada sesuatu yang bisa saya bantu?",spam,remove,decision4_translator_note,ham,1.0,remove,approved 2026-09-17 (bulk suggestion)
r05018,rehearsal,"Это второй раз, когда мы пытаемся связаться с вами. Вы выиграли приз в размере 750 фунтов. Получить его просто, позвоните сейчас по номеру 08718726970! Только 10 пенсов в минуту. Национальная тарификация BT.",spam,spam,,phishing,1.0,phishing,approved 2026-09-17 (bulk suggestion)
r05028,rehearsal,"ВЫ ВЫИГРАЛИ! Ваш отдых на Коста-дель-Соль на 4* или ¬£5000 ждут вас. Позвоните по номеру 09050090044 сейчас, чтобы забрать выигрыш. Просим оплатить доставку по адресу SAE, TC s, POBox334, Stockport, SK38xh, Стоимость ¬£1.50 за сообщение, Максимальная длительность - 10 минут",spam,spam,,phishing,1.0,phishing,approved 2026-09-17 (bulk suggestion)
r05050,rehearsal,تحتاج إلى إرسال الأموال إلى الهيئة الضريبية الآن على https://tinyurl.com/8920,spam,spam,,phishing,1.0,phishing,approved 2026-09-17 (bulk suggestion)
r05055,rehearsal,"GEWINNER!! Als geschätzter Netzwerkkunde wurden Sie ausgewählt, um einen £900 Preis zu erhalten! Rufen Sie unter 09061701461 an, um Ihren Gewinn zu beanspruchen. Anspruchscode KL341. Nur 12 Stunden gültig.",spam,spam,,phishing,1.0,phishing,approved 2026-09-17 (bulk suggestion)
r05085,rehearsal,"¡Has ganado ?1,000 en efectivo o un premio de ?2,000! Para reclamar, llama al 09050000327",spam,spam,,phishing,1.0,phishing,approved 2026-09-17 (bulk suggestion)
r05098,rehearsal,Glückwunsch !!! Sie haben einen Bar Scheck in Höhe von 27 Millionen Rupien von PT. Bank Rakyat Indonesia erhalten. Ihr PIN-Code lautet: ijh76k79. Für weitere Informationen besuchen Sie www.bri-untungbeliung.blogspot.com oder kontaktieren Sie uns unter: 021-3677-1839.,spam,spam,,phishing,1.0,phishing,approved 2026-09-17 (bulk suggestion)
r05103,rehearsal,அவசரம்! நாம் உங்களை தொடர முயற்சிக்கிறோம். கடந்த வீக்என்ட் கொள்கைகள் உங்கள் பரிசு உறுதியுடன் ¬£900 பரிசு பெற்றுள்ளது என்று காட்சிப்படுகிறது. 09061701851 எடுக்கவும். கோரிக்கை குறியீடு K61. செல்லுநர் 12 மணிநேரத்திற்க்கும் மட்டும் சரியா உள்ளது,spam,spam,,phishing,1.0,phishing,approved 2026-09-17 (bulk suggestion)
r05104,rehearsal,Terpilih dapat cek 27jt. KODE TRIPLE CEK ANDA (02599875) U/Info Klik Website www.undianbri.co.vu,spam,spam,,phishing,1.0,phishing,approved 2026-09-17 (bulk suggestion)
r05107,rehearsal,تهانينا! لقد فزت ببطاقة هدايا وولمارت بقيمة 1000 دولار. اذهب إلى http://bit.ly/12345 للمطالبة الآن.,spam,spam,,phishing,1.0,phishing,approved 2026-09-17 (bulk suggestion)
r05120,rehearsal,Devi inviare soldi all'IRS ORA su https://tinyurl.com/8918,spam,spam,,phishing,1.0,phishing,approved 2026-09-17 (bulk suggestion)
r05131,rehearsal,"INFO RESMI PT.INDOFOOD No.Anda t'dftr pemenang UNDIAN POP MIE edisi 2013 Mndptkn 1unit ""NISSAN JUKE"" PIN;a1c5h79 info,kunjungi;www.popmieget.webs.com",spam,spam,,phishing,1.0,phishing,approved 2026-09-17 (bulk suggestion)
r05138,rehearsal,PRIVATE! Your 2004 Account Statement for 07742676969 shows 786 unredeemed Bonus Points. To claim call 08719180248 Identifier Code: 45239 Expires,spam,spam,,phishing,1.0,phishing,approved 2026-09-17 (bulk suggestion)
r05153,rehearsal,URGENTE! Stiamo cercando di contattare U. L'estrazione di oggi mostra che hai vinto un premio di £800 GARANTITO. Chiama il 09050003091 da una linea fissa. Richiedi il premio C52. Valido 12 ore soltanto.,spam,spam,,phishing,1.0,phishing,approved 2026-09-17 (bulk suggestion)
r05160,rehearsal,URGENT! Your Mobile number has been awarded a <UKP>2000 prize GUARANTEED. Call 09061790125 from landline. Claim 3030. Valid 12hrs only 150ppm,spam,spam,,phishing,1.0,phishing,approved 2026-09-17 (bulk suggestion)
r05162,rehearsal,IRS-க்கு உங்கள் பணத்தை உள்நுழைய வேண்டும். உங்கள் நம்பகத்திற்கு உடன் பணம் அனுப்ப வேண்டும் https://tinyurl.com/8872,spam,spam,,phishing,1.0,phishing,approved 2026-09-17 (bulk suggestion)
r05198,rehearsal,ඔබට දැන් හදුන්වන්නේ IRS වෙත මුදල යවන්න ඉඩ දෙනවේ https://tinyurl.com/8952,spam,spam,,phishing,1.0,phishing,approved 2026-09-17 (bulk suggestion)
r05206,rehearsal,Sie haben Tickets für das EURO2004 CUP FINALE oder £800 Bargeld gewonnen. Zur Abholung rufen Sie unter 09058099801 mit dem Code b4190604 an. Adresse: POBOX 7876150ppm.,spam,spam,,phishing,1.0,phishing,approved 2026-09-17 (bulk suggestion)
r05268,rehearsal,"Como valioso cliente, me complace informarle que, tras la reciente revisión de su número de móvil, ha sido galardonado con un premio de bonificación de £1500, llame al 09066368470.",spam,spam,,phishing,1.0,phishing,approved 2026-09-17 (bulk suggestion)
r05275,rehearsal,"Sie haben einen garantierten Bargewinn von 1000 £ oder einen Sachpreis von 2000 £ gewonnen. Um Ihren Preis einzulösen, rufen Sie unseren Kundendienstmitarbeiter unter der Nummer 08714712412 zwischen 10:00 und 19:00 Uhr an. Kosten: 10 Pence.",spam,spam,,phishing,1.0,phishing,approved 2026-09-17 (bulk suggestion)
r05279,rehearsal,"Anda telah MENANG hadiah uang tunai senilai ¬£1000 atau hadiah senilai ¬£2000. Untuk mengklaim hadiah Anda, hubungi perwakilan layanan pelanggan kami di 08714712394 antara pukul 10 pagi hingga 7 malam.",spam,spam,,phishing,1.0,phishing,approved 2026-09-17 (bulk suggestion)
r05296,rehearsal,تحتاج إلى إرسال الأموال إلى السلطة الضريبية الآن على الرابط التالي: https://tinyurl.com/9028,spam,spam,,phishing,1.0,phishing,approved 2026-09-17 (bulk suggestion)
r05308,rehearsal,"DRINGEND! Wir versuchen, U zu kontaktieren. Die heutige Auslosung zeigt, dass Sie einen garantierten Preis von £800 gewonnen haben. Rufen Sie vom Festnetz aus die 09050001808 an. Gutschein M95. Nur 12 Stunden gültig.",spam,spam,,phishing,1.0,phishing,approved 2026-09-17 (bulk suggestion)
r05327,rehearsal,"Это уже второй раз, когда мы пытаемся связаться с вами. Вы выиграли приз в размере 750 фунтов. Получить его легко, позвоните по номеру 08718726970 СЕЙЧАС! Только 10 пенсов за минуту. Национальная тарификация BT.",spam,spam,,phishing,1.0,phishing,approved 2026-09-17 (bulk suggestion)
r05334,rehearsal,"Berkat isi ulang pulsa No anda T,pilih sbg pemenang Cek tunai Rp.75jt dri PT.M-KIOS PIN:(5N939F7) U/INFO KLIK www.pt-mkios15.blogspot.com",spam,spam,,phishing,1.0,phishing,approved 2026-09-17 (bulk suggestion)
r05350,rehearsal,"¡Felicidades! Gracias a un buen amigo U ha GANADO el premio de Navidad de ¬£2,000. 2 reclamar es fácil, ¡solo llama al 08718726978 AHORA! Solo 10p por minuto. Tarifa nacional de BT.",spam,spam,,phishing,1.0,phishing,approved 2026-09-17 (bulk suggestion)
r05352,rehearsal,يجب عليك إرسال الأموال إلى الخدمة الضريبية الآن على الرابط: https://tinyurl.com/8985,spam,spam,,phishing,1.0,phishing,approved 2026-09-17 (bulk suggestion)
r05373,rehearsal,Sie müssen dem IRS JETZT Geld überweisen unter https://tinyurl.com/9051.,spam,spam,,phishing,1.0,phishing,approved 2026-09-17 (bulk suggestion)
r05388,rehearsal,"Virementz simplement l'argent sur ce compte. Mandiri. Numéro de compte: 152-00-1236312-9. au nom de: DARMAN. Une fois le virement effectué, envoyez un SMS à ce numéro. Merci",spam,spam,,phishing,1.0,phishing,approved 2026-09-17 (bulk suggestion)
r05393,rehearsal,"449050000301 Hai vinto un premio di £2.000! Per richiederlo, chiama il 09050000301.",spam,spam,,phishing,1.0,phishing,approved 2026-09-17 (bulk suggestion)
r05400,rehearsal,"Félicitations! Grâce à un bon ami, tu as GAGNÉ le prix de Noël de £2,000. Pour réclamer, il suffit d'appeler le 08718726971 MAINTENANT! Seulement 10p par minute. Tarif national BT.",spam,spam,,phishing,1.0,phishing,approved 2026-09-17 (bulk suggestion)
r05426,rehearsal,"Gentile cliente, La tua scheda SIM ha ricevuto un assegno in contanti di Rp:27jt da PT.TRICARE INDONESIA Il tuo PIN è HDR7JN7 Per verificare il PIN, visita www.programundiantricare-2015.blogspot.co.id",spam,spam,,phishing,1.0,phishing,approved 2026-09-17 (bulk suggestion)
r05430,rehearsal,Anda dipilih untuk menerima penghargaan ¬£350! Silakan hubungi nomor klaim 09066364311 untuk mengumpulkan hadiah Anda yang Anda pilih untuk diterima sebagai pelanggan seluler yang dihargai.,spam,spam,,phishing,1.0,phishing,approved 2026-09-17 (bulk suggestion)
r05431,rehearsal,"Selamat!! ¬†anda Mendpt hadiah Rp. 75 juta. Dari TELKOMSEL point ""Edisi september"" Hub kntr pusat : 082375271777 (Ir. Dwi Hartanto)",spam,spam,,phishing,1.0,phishing,approved 2026-09-17 (bulk suggestion)
r05436,rehearsal,"Gebyar puntos plus-plus INDOSAT Edición 2013 período 9, Su número de PIN de sorteo (d377hi8) ha ganado un premio, para más información; www.gebyarINDOSATpoinplus.weebly.com",spam,spam,,phishing,1.0,phishing,approved 2026-09-17 (bulk suggestion)
r05446,rehearsal,Привет: Вы были выбраны для немедленного получения приза от PT.TELKOMSEL в размере 75 миллионов рупий. Для получения дополнительной информации свяжитесь с центром: 085245780079 Д-р. Х.МУЛЬЯДИ Исполнитель: TELKOMSEL,spam,spam,,phishing,1.0,phishing,approved 2026-09-17 (bulk suggestion)
r05456,rehearsal,عليك أن ترسل المال إلى مكتب الضرائب الآن على الرابط التالي: https://tinyurl.com/9011,spam,spam,,phishing,1.0,phishing,approved 2026-09-17 (bulk suggestion)
r05458,rehearsal,¡URGENTE! Estamos tratando de contactar con U. El sorteo de hoy muestra que has ganado un premio de £2000 GARANTIZADO. Llama al 09058094507 desde un teléfono fijo. Reclama el premio 3030. Válido solo por 12 horas.,spam,spam,,phishing,1.0,phishing,approved 2026-09-17 (bulk suggestion)
r05470,rehearsal,"ОФИЦИАЛЬНОЕ СООБЩЕНИЕ от Tri No. XV/15 Ваш победительный PIN-код 67YTG44 был выбран в качестве второго приза наличными 45 млн. Подробная информация .Tri нажмите на WWW.3-INFO.WEBNODE.COM ОТ НОМЕРА. 089655264130 ЗАТЕМ ПРИДЕТ СМС .ИЗВИНИТЕ, ПОЗВОНИТЬ МОЖНО С НОМЕРА 085104894998",spam,spam,,phishing,1.0,phishing,approved 2026-09-17 (bulk suggestion)
r05495,rehearsal,يجب عليك إرسال الأموال الآن إلى السلطات الضريبية عبر https://tinyurl.com/8838,spam,spam,,phishing,1.0,phishing,approved 2026-09-17 (bulk suggestion)
r05506,rehearsal,"plgn yth,TRI dan MNCTV hanno già annunciato il tuo numero il 03-Marzo-2015 mattina ma non è stato possibile contattarti, quindi io DESI HERMAWATI del Servizio Clienti di TRI presso PLAZA SEMANGGI Lt1 jl,JEND SUDIRMAN KAV50 JKT PST invio un messaggio importante prima della scadenza che il tuo numero di simcard tri ha vinto il concorso di PESTA INTERNET TRI, secondo premio TOYOTA NEW YARIS,PIN tuo:2d7id99. Per informazioni ufficiali clicca; www.internet-tri.jimdo.com",spam,spam,,phishing,1.0,phishing,approved 2026-09-17 (bulk suggestion)
r05525,rehearsal,"Eres un ganador, has sido seleccionado especialmente para recibir £1000 en efectivo o un premio de £2000. Habla con un operador en vivo para reclamar, llama al 087147123779 de 9 am a 7 pm. Costo 10p.",spam,spam,,phishing,1.0,phishing,approved 2026-09-17 (bulk suggestion)
r05532,rehearsal,¡URGENTE! Estamos tratando de contactarte. El sorteo del fin de semana pasado muestra que has ganado un premio de £900 GARANTIZADO. Llama al 09061701939. Código de reclamo S89. Válido solo por 12 horas.,spam,spam,,phishing,1.0,phishing,approved 2026-09-17 (bulk suggestion)
r05537,rehearsal,"Nomor Voda hari ini yang berakhir dengan 5226 terpilih untuk menerima penghargaan ?350. Jika Anda memiliki padanan, harap hubungi 08712300220 dengan mengutip kode klaim 1131. Tarif standar berlaku.",spam,spam,,phishing,1.0,phishing,approved 2026-09-17 (bulk suggestion)
r05544,rehearsal,"Dear Sir/Madam! Your number has been officially selected as the 2nd prize winner from PT.M-tronik. Pin number: 2g43f79 For information on claiming your prize, please visit: www.gebyarmtronik.tk",spam,spam,,phishing,1.0,phishing,approved 2026-09-17 (bulk suggestion)
r05567,rehearsal,"Félicitations! Vous avez remporté un prix en espèces de 15 millions de roupies de INDOSAT. Votre code PIN est 277fg49. Pour plus d'informations sur la collecte du prix, visitez le site Web indosat www.hadiah-indosat.blogspot.com",spam,spam,,phishing,1.0,phishing,approved 2026-09-17 (bulk suggestion)
r05578,rehearsal,Du musst jetzt Geld an das Finanzamt unter der Adresse https://tinyurl.com/8942 senden.,spam,spam,,phishing,1.0,phishing,approved 2026-09-17 (bulk suggestion)
r05579,rehearsal,يجب عليك إرسال الأموال للسلطات الضريبية الآن على https://tinyurl.com/8839,spam,spam,,phishing,1.0,phishing,approved 2026-09-17 (bulk suggestion)
r05602,rehearsal,"SIE HABEN GEWONNEN! Als geschätzter Vodafone-Kunde hat unser Computer SIE ausgewählt, um einen Preis im Wert von £150 zu gewinnen. Das Sammeln ist einfach. Rufen Sie einfach 09061743386 an.",spam,spam,,phishing,1.0,phishing,approved 2026-09-17 (bulk suggestion)
r05605,rehearsal,СРОЧНО! Ваш мобильный номер был награжден призом от звонящего на сумму £2000. Позвоните с фиксированного телефона по номеру 09058095201. Действительно 12 часов.,spam,spam,,phishing,1.0,phishing,approved 2026-09-17 (bulk suggestion)
r05640,rehearsal,¡Felicidades! Tu número 3Care ha sido seleccionado para recibir el premio Honda Jazz RS del programa de Sorteo 3care PIN: 792RW1F7 Más información en: www.tricare2016.jimdo.com Nih BANK BRI No Rekening: 313.0100.5936.535 Atas Nama: Bayu Alamsyah,spam,spam,,phishing,1.0,phishing,approved 2026-09-17 (bulk suggestion)
r05671,rehearsal,"C'est la 2e fois que nous essayons de vous contacter. Vous avez gagné le prix de 750 livres. Pour réclamer, appelez le 08718726970 MAINTENANT! Seulement 10p par minute. Tarif national BT",spam,spam,,phishing,1.0,phishing,approved 2026-09-17 (bulk suggestion)
r05672,rehearsal,يجب عليك إرسال المال إلى مكتب الضرائب الآن على https://tinyurl.com/8859,spam,spam,,phishing,1.0,phishing,approved 2026-09-17 (bulk suggestion)
r05692,rehearsal,"¡HAS GANADO! Como cliente valorado de Vodafone, nuestra computadora te ha elegido a TI para ganar un premio de £150. Recogerlo es fácil. Simplemente llama al 09061743386.",spam,spam,,phishing,1.0,phishing,approved 2026-09-17 (bulk suggestion)
r05697,rehearsal,"сlіеnt de la banquе brі, féliсitatіons, voυs avez reçυ un chèquε εn espèces dε 27 milliοns dе rοupiεs de la bаnk rakуat indonesiа cοde secrеt : (ijht6k79) pour plυs d'infοrmаtions, cliqυεz еt vіsitez : www.hadiаhbri.blogspot.cοm",spam,spam,,phishing,1.0,phishing,approved 2026-09-17 (bulk suggestion)
r05707,rehearsal,"Sehr geehrter BRI-Kunde, Sie können prüfen. 27 Millionen aus der BRI-Lotterie, Ihr dreifacher Prüfcode (02599875) Preisauskunft unter www.bripusat2016.blogspot.com",spam,spam,,phishing,1.0,phishing,approved 2026-09-17 (bulk suggestion)
r05723,rehearsal,449050000301 لقد فزت بهدية بقيمة 2000 جنيه إسترليني! للحصول على الجائزة، اتصل على 09050000301.,spam,spam,,phishing,1.0,phishing,approved 2026-09-17 (bulk suggestion)
r05735,rehearsal,"срочно! мы пытаемся связаться с вами. сегодняшний розыгрыш показывает, что вы выиграли гарантированный приз в размере £2000. позвоните по номеру 09066358361 с городского телефона. укажите код y87. действительно только 12 часов",spam,spam,,phishing,1.0,phishing,approved 2026-09-17 (bulk suggestion)
r05827,rehearsal,PT M-TRONIK telah mencoba menghubungi Anda namun tidak berhasil terhubung. Nomor Anda telah memenangkan hadiah ke-2 dengan pin 25e477r. Silakan cek hadiah Anda di www.hadiahmtronik-2016.tk,spam,spam,,phishing,1.0,phishing,approved 2026-09-17 (bulk suggestion)
r05834,rehearsal,URGENTE! Stiamo cercando di contattare U. L'estrazione di oggi mostra che hai vinto un premio garantito di £800. Chiama il 09050001808 da una linea fissa. Richiedi M95. Valido solo per 12 ore.,spam,spam,,phishing,1.0,phishing,approved 2026-09-17 (bulk suggestion)
r05839,rehearsal,Nasabah Yth: Rek anda mndpt cek Rp.27jt kode cek anda (02599875) Info Hub: 085828523888. atau klik www.hadiahbankbri2016.blogspot.co.id,spam,spam,,phishing,1.0,phishing,approved 2026-09-17 (bulk suggestion)
r05859,rehearsal,"Sei un vincitore di £1000 o del premio garantito per il chiamante, questo è il nostro tentativo finale di contattarti! Per richiedere chiama ora il 09071517866! 150ppmPOBox10183BhamB64XE",spam,spam,,phishing,1.0,phishing,approved 2026-09-17 (bulk suggestion)
r05862,rehearsal,"Амазон отправляет вам возврат в размере 32,64 доллара. Пожалуйста, ответьте своим банковским счетом и номером маршрутизации, чтобы получить ваш возврат.",spam,spam,,phishing,1.0,phishing,approved 2026-09-17 (bulk suggestion)
r05891,rehearsal,Nasabah BRI Yth. Norek anda terpilih sebagai pemenang UNDIAN BRI-2016 KODE PIN anda (ijh76k79) U\info HADIAH anda klik: www.undian2016bri.blogspot.co.id,spam,spam,,phishing,1.0,phishing,approved 2026-09-17 (bulk suggestion)
r05911,rehearsal,"!عاجل رقم هاتفك المحمول 077xxx فاز بجائزة مكالمة بونص قيمتها 2,000 جنيه إسترليني في 02/06/03! هذه هي المحاولة الثانية للتواصل معك! اتصل في أسرع وقت ممكن على الرقم 09066362206! صندوق 97N7QP، تكلفة 150 قرشًا للدقيقة.",spam,spam,,phishing,1.0,phishing,approved 2026-09-17 (bulk suggestion)
r05927,rehearsal,"Selamat, Вы получили приз 1 единицу автомобиля HONDA JAZZ & наличные 35 млн рупий от PT.TriCare Ваш победный PIN-код; 477bfg7s. Для получения информации перейдите на сайт: www.tricareindonesia.com",spam,spam,,phishing,1.0,phishing,approved 2026-09-17 (bulk suggestion)
r05931,rehearsal,URGENT! We are trying to contact U. Todays draw shows that you have won a ¬£800 prize GUARANTEED. Call 09050003091 from land line. Claim C52. Valid12hrs only,spam,spam,,phishing,1.0,phishing,approved 2026-09-17 (bulk suggestion)
r05935,rehearsal,يجب عليك إرسال الأموال إلى الضرائب الفيدرالية الآن على http$://t!nyurl.com/8911,spam,spam,,phishing,1.0,phishing,approved 2026-09-17 (bulk suggestion)
r05940,rehearsal,"Hola, soy Mandy Sullivan llamando de HOTMIX FM... has sido elegido para recibir £5000.00 en nuestro sorteo de premios de Pascua.... Por favor, llama al 09041940223 para reclamar antes del 29/03/05 o tu premio será transferido a otra persona....",spam,spam,,phishing,1.0,phishing,approved 2026-09-17 (bulk suggestion)
r05941,rehearsal,Sie müssen JETZT Geld an das IRS senden unter https://tinyurl.com/9038,spam,spam,,phishing,1.0,phishing,approved 2026-09-17 (bulk suggestion)
r05969,rehearsal,Du musst JETZT das Geld an das IRS senden unter https://tinyurl.com/9064,spam,spam,,phishing,1.0,phishing,approved 2026-09-17 (bulk suggestion)
r06007,rehearsal,"Offizielle Mitteilung von TRI CARE Herzlichen Glückwunsch, Sie haben einen Bargeldpreis in Höhe von Rp.45jt gewonnen. Gewinn-PIN 94AD653. Zur weiteren Informationen besuchen Sie bitte: www.undian-bimatri.blogspot.com.",spam,spam,,phishing,1.0,phishing,approved 2026-09-17 (bulk suggestion)
r06010,rehearsal,FREE: ПОЗДРАВЛЯЕМ! Вы стали победителем в розыгрыше POP-MIE GETLUCKY и выиграли 1 автомобиль NISSAN JUKE. Ваш пин-код: b89c7h9. Для получения информации перейдите по ссылке: www.hadiah-pop-mie-2013.webs.com.,spam,spam,,phishing,1.0,phishing,approved 2026-09-17 (bulk suggestion)
r06014,rehearsal,¡GANAR URGENTE! ¡Tu número de móvil ha sido premiado con un premio de £2000 GARANTIZADO llama al 09061790121 desde una línea fija. reclama 3030 válido solo 12 horas 150ppm,spam,spam,,phishing,1.0,phishing,approved 2026-09-17 (bulk suggestion)
r06023,rehearsal,"Als geschätzter Kunde freue ich mich, Ihnen mitteilen zu können, dass nach einer kürzlichen Überprüfung Ihrer Handynummer ein Bonuspreis von £1500 für Sie vergeben wurde. Bitte rufen Sie die Nummer 09066368470 an.",spam,spam,,phishing,1.0,phishing,approved 2026-09-17 (bulk suggestion)
r06035,rehearsal,"Sie sind ein Gewinner, Sie wurden speziell ausgewählt, um £1000 Bargeld oder eine £2000 Auszeichnung zu erhalten. Sprechen Sie mit einem Live-Operator, um Ihren Gewinn geltend zu machen, rufen Sie von 9 bis 19 Uhr unter 087147123779 an. Kosten 10 Pence.",spam,spam,,phishing,1.0,phishing,approved 2026-09-17 (bulk suggestion)
r06040,rehearsal,!عاجل: تمت منح رقم جوالك جائزة مكالمة بقيمة 2000 جنيه إسترليني في 03/02/09! هذه محاولتنا الثانية للاتصال بك! اتصل على 0871-872-9755 صندوق95قو,spam,spam,,phishing,1.0,phishing,approved 2026-09-17 (bulk suggestion)
r06045,rehearsal,¡URGENTE! Tu número de móvil ha sido premiado con un premio GARANTIZADO de £2000. Llama al 09058094454 desde un teléfono fijo. Reclama el premio 3030. Válido solo por 12 horas.,spam,spam,,phishing,1.0,phishing,approved 2026-09-17 (bulk suggestion)
r06050,rehearsal,Vous êtes un gagnant. Vous avez été spécialement sélectionné pour recevoir £1000 en espèces ou des vacances 4 étoiles (vols compris). Parlez à un opérateur en direct pour réclamer au 0871277810810.,spam,spam,,phishing,1.0,phishing,approved 2026-09-17 (bulk suggestion)
r06054,rehearsal,FREE: Anda harus segera mengirimkan uang kepada IRS sekarang di https://tinyurl.com/9024,spam,spam,,phishing,1.0,phishing,approved 2026-09-17 (bulk suggestion)
r06062,rehearsal,"Decisión de Tri Care Indonesia No.XV\2016, tu número de ganador es 67YTG44 y has sido seleccionado para recibir un cheque de 45 millones. Para más información visita www.my-tri8.webnode.com.",spam,spam,,phishing,1.0,phishing,approved 2026-09-17 (bulk suggestion)
r06075,rehearsal,Harap hubungi perwakilan layanan pelanggan kami di 0800 169 6031 antara pukul 10 pagi hingga 9 malam karena Anda telah MENANG dengan hadiah tunai senilai ¬£1000 atau hadiah senilai ¬£5000!,spam,spam,,phishing,1.0,phishing,approved 2026-09-17 (bulk suggestion)
r06080,rehearsal,!عاجل: تم منح رقم هاتفك المحمول جائزة قيمتها 2000 جنيه إسترليني مضمونة. اتصل على 09061790125 من خط هاتف ثابت. اطلب الرقم 3030. الصالح لمدة 12 ساعة فقط. سعر الدقيقة 150 قرشًا,spam,spam,,phishing,1.0,phishing,approved 2026-09-17 (bulk suggestion)
r06083,rehearsal,Atto decisionale di Tri Care INDONESIA No.XV/2016 Pin_Pemenang ANDA:67ytg44 vince PREMIO IN CONTANTI di Rp.45 milioni U/INFO clicca: www.info-undian3.webnode.com,spam,spam,,phishing,1.0,phishing,approved 2026-09-17 (bulk suggestion)
r06087,rehearsal,"Sei un vincitore, sei stato scelto specialmente per ricevere £1000 in contanti o un premio di £2000. Parla con un operatore dal vivo per richiedere la chiamata al numero 08714712377 dalle 9:00 alle 19:00. Costo 10p.",spam,spam,,phishing,1.0,phishing,approved 2026-09-17 (bulk suggestion)
r06123,rehearsal,நீங்கள் ஒரு £350 விருது பெற தேர்ந்தெடுக்கப்பட்டிருக்கீர்! மதிப்புச் செல்லாத கலை வாடிக்கையாளாக நீங்களாக தேர்ந்தெடுக்கப்பட்டிருந்தது இந்த விருதை பெற வேண்டும் என்று நீங்கள் புரிந்திருக்கின்றீர்கள். உங்கள் விருப்பமான கோப்பு எண் 09066364311 என்ற எண்ணை அழையவும் உங்கள் விருதை சேர்க்க உத்தியீர்கள்.,spam,spam,,phishing,1.0,phishing,approved 2026-09-17 (bulk suggestion)
r06129,rehearsal,Plg/Yth!! உங்கள் எண் அதிகாரிகளாக தேர்ந்தெடுக்கப்பட்டுள்ளது பிடிஎம்.எம்- ட்ரானிக் இரண்டாவது பரிசுக்காக Pin: 2g43f79 உங்கள் பரிசு மேலாண்மை இணைப்புக்கு செல்க: www.gebyarmtronik.tk,spam,spam,,phishing,1.0,phishing,approved 2026-09-17 (bulk suggestion)
r06137,rehearsal,"¡URGENTE! ¡Este es el segundo intento de contactarte! ¡Has GANADO £1000! LLAMA AL 09071512432 antes del 300603. Términos y condiciones: BCM4235WC1N3XX. Coste de la llamada 150ppm, coste desde móviles puede variar. Máximo £7.50.",spam,spam,,phishing,1.0,phishing,approved 2026-09-17 (bulk suggestion)
r06146,rehearsal,"¡URGENTE! ¡Tu número de teléfono móvil 07xxxxxxxxx ganó un premio de bonificación de £2,000 en la llamada el 02/06/03! ¡Este es el segundo intento de contactarte! ¡Llama al 09066362231 lo antes posible!",spam,spam,,phishing,1.0,phishing,approved 2026-09-17 (bulk suggestion)
r06151,rehearsal,"PENTING Ini adalah upaya kedua kami untuk menghubungi Anda. Hadiah ¬£900 Anda dari KEMARIN masih menunggu pengambilan. Untuk klaim, SEGERA HUBUNGI 09061702893. ACL03530150PM",spam,spam,,phishing,1.0,phishing,approved 2026-09-17 (bulk suggestion)
r06163,rehearsal,"Ein £400-WEIHNACHTSGESCHENK WARTET AUF SIE! Unser Computer hat Sie zufällig aus unseren loyalen Handykunden ausgewählt, um eine Belohnung von £400 zu erhalten. Rufen Sie einfach die 09066380611 an.",spam,spam,,phishing,1.0,phishing,approved 2026-09-17 (bulk suggestion)
r06180,rehearsal,3 RAMADHAN Buongiorno tu sei il vincitore di Rp.100jt. PIN CODE 7Y7R8K9Z Info: www.hadiah-3ramadhan.blogspot.com,spam,spam,,phishing,1.0,phishing,approved 2026-09-17 (bulk suggestion)
r06188,rehearsal,NFO RESMI Nomor Anda: 089772xxxxx Terpilih Men-dpt HADIAH Langsung Dari PT.TRI 3Care PIN.Pemenang Anda: F8HJ7TL Utk/Info Lengkap klik; www.HadiahTri3Care.blogspot.com,spam,spam,,phishing,1.0,phishing,approved 2026-09-17 (bulk suggestion)
r06250,rehearsal,Carta SIM Anda memenangi HADIAH 1 UNIT MOBIL TOYOTA YARIS. Pin pemenang Anda [8JF2177]. Info lanjut di www.hadiahtricare.blogspot.com.,spam,spam,,phishing,1.0,phishing,approved 2026-09-17 (bulk suggestion)
r06268,rehearsal,URGENTE! Stiamo cercando di contattarti. Il sorteggio dello scorso fine settimana mostra che hai vinto un premio garantito di £900. Chiama il 09061701939. Codice di richiesta S89. Validità 12 ore soltanto.,spam,spam,,phishing,1.0,phishing,approved 2026-09-17 (bulk suggestion)
r06282,rehearsal,Sie müssen JETZT Geld an das IRS senden unter https://tinyurl.com/9026.,spam,spam,,phishing,1.0,phishing,approved 2026-09-17 (bulk suggestion)
r06302,rehearsal,!URGENT رقم هاتفك المحمول تم منحه جائزة بقيمة 2000 جنيه إسترليني مضمونة. اتصل على الرقم 09058094455 من الهاتف الثابت. اطلب الرمز 3030. صالحة لمدة 12 ساعة فقط,spam,spam,,phishing,1.0,phishing,approved 2026-09-17 (bulk suggestion)
r06323,rehearsal,"WICHTIG! Ihre Mobilnummer *************** hat am 10/06/03 einen ¬£2000 Bonus Anruferpreis gewonnen! Dies ist der 2. Versuch, Sie zu erreichen! Rufen Sie sofort 09066368753 an! Box 97N7QP, 150ppm",spam,spam,,phishing,1.0,phishing,approved 2026-09-17 (bulk suggestion)
r06325,rehearsal,PESTA M-TRONIK!! Anda sebagai pelanggan Setia M-Tronik terpilih Pemenang HADIAH ke(3) PIN pemenang:2AIU87E U/info klik www.info-undianmtronik.jimdo.com,spam,spam,,phishing,1.0,phishing,approved 2026-09-17 (bulk suggestion)
r06340,rehearsal,رسالة رسمية من Tri Care، تهانينا لك على فوزك بجائزة شيك نقدي بقيمة 45 مليون روبية. رقم الدبوس للسحب 94AD653، لمزيد من المعلومات زوروا: www.pusat-bimatricare.jimdo.com,spam,spam,,phishing,1.0,phishing,approved 2026-09-17 (bulk suggestion)
r06350,rehearsal,Your ! entry won! ⚡ Claim $4168 cash prize at 🚨 goo.gl/xyz,spam,spam,,phishing,1.0,phishing,approved 2026-09-17 (bulk suggestion)
r06377,rehearsal,URGENT! Votre numéro de téléphone mobile a été récompensé par un Prix d'Appel Bonus de 2000 livres sterling. Appelez le 09058095201 à partir d'une ligne terrestre. Valable seulement pendant 12 heures,spam,spam,,phishing,1.0,phishing,approved 2026-09-17 (bulk suggestion)
r06381,rehearsal,URGENT! Votre numéro de téléphone portable a été attribué un Prix Bonus de 2 000 livres sterling le 01/08/03! C'est notre 2ème tentative pour vous contacter! Appelez le 0871-4719-523 BOX95QU BT National Rate,spam,spam,,phishing,1.0,phishing,approved 2026-09-17 (bulk suggestion)
r06395,rehearsal,"PT.TRI CARE PIN Gagnant ( ‚Ä¢‚Ä¢‚Ä¢‚Ä¢‚Ä¢‚Ä¢ ) vous avez gagné un PRIX 1 unité TOYOTA YARIS Pour plus d'informations, veuillez vérifier le code pin en cliquant sur: www.tricare2015.blogspot.com",spam,spam,,phishing,1.0,phishing,approved 2026-09-17 (bulk suggestion)
r06397,rehearsal,"υrgеnt! уour mobіle no. wαs аwarded ¬£20ο0 bonus сaller prize on 5/9/0е thіs is our fιnal try to cοntαсt u! cαll from landline 09064019788 boх42wr29c, 150рpm",spam,spam,,phishing,1.0,phishing,approved 2026-09-17 (bulk suggestion)
r06401,rehearsal,يرجى الاتصال بممثل خدمة العملاء لدينا على الرقم 0800 169 6031 بين الساعة 10 صباحًا و9 مساءً حيث فزت بجائزة نقدية مضمونة بقيمة 1000 جنيه إسترليني أو جائزة قيمتها 5000 جنيه إسترليني!,spam,spam,,phishing,1.0,phishing,approved 2026-09-17 (bulk suggestion)
r06415,rehearsal,"Nomor Vodafone hari ini yang diakhiri dengan 0089 (empat digit terakhir saya) terpilih untuk menerima hadiah ¬£350. Jika nomor Anda cocok, silakan hubungi 09063442151 untuk mengklaim hadiah ¬£350 Anda.",spam,spam,,phishing,1.0,phishing,approved 2026-09-17 (bulk suggestion)
r06439,rehearsal,يجب عليك إرسال الأموال للضرائب الفيدرالية اليوم على الرابط: https://tinyurl.com/8846,spam,spam,,phishing,1.0,phishing,approved 2026-09-17 (bulk suggestion)
r06440,rehearsal,OFFIZIELLE NACHRICHT Herzlichen Glückwunsch! Ihre SIM-Karte hat einen Preis in Höhe von Rp. 100 Mio von TRI CARE gewonnen. PIN: 7Y7R8K9Z Weitere Informationen unter: www.situstricare77.blogspot.com,spam,spam,,phishing,1.0,phishing,approved 2026-09-17 (bulk suggestion)
r06441,rehearsal,يجب عليك إرسال الأموال إلى مصلحة الضرائب الآن على الرابط التالي: https://tinyurl.com/9000,spam,spam,,phishing,1.0,phishing,approved 2026-09-17 (bulk suggestion)
r06453,rehearsal,"Transfiera el dinero a esta cuenta. mandiri. Número de cuenta: 152-00-1236312-9. A nombre de: DARMAN. Una vez transferido, por favor envíe un mensaje de texto a este número. Gracias.",spam,spam,,phishing,1.0,phishing,approved 2026-09-17 (bulk suggestion)
r06459,rehearsal,Veuillez appeler notre service clientèle au numéro vert 0808 145 4742 entre 9h et 23h car vous avez GAGNÉ un prix garanti de 1000 £ en espèces ou un prix de 5000 £ !,spam,spam,,phishing,1.0,phishing,approved 2026-09-17 (bulk suggestion)
r06481,rehearsal,"இந்தோஸேட் இலியில் உள்ள உங்கள் 0815XXXXXXX எண் அனைத்தும் வெற்றியையும் சேர்த்தபோது கிடைக்கும் மொபைல் விண்ணப்பு அடடிப்புகளைப் பெற்றவராக தேர்வு செய்யப்பட்டார். பெற்றிருந்து உங்கள் வெற்றி குரலின் PIN வெற்றி பொருள் (b89c7h9) என்பதை u/info படிக்க இந்த லிங்கை சொல்லவும் www.semarak-poinplusplus-2013.webs.com"" (இந்த கைபேசியில் இடமில்லாத எண் 085798428715 இரும்)",spam,spam,,phishing,1.0,phishing,approved 2026-09-17 (bulk suggestion)
r06485,rehearsal,Phony ⚠️ ¬£350 ! award 🔗 - Todays Voda < numbers ending XXXX are \ selected ~ to receive a ¬£350 award. If you have a 🛡️ match please : call ] 08712300220 quoting claim code 3100 standard rates app %,spam,spam,,phishing,1.0,phishing,approved 2026-09-17 (bulk suggestion)
r06533,rehearsal,URGENT! We are trying to contact U. Todays draw shows that you have won a ¬£2000 prize GUARANTEED. Call 09066358361 from land line. Claim Y87. Valid 12hrs only,spam,spam,,phishing,1.0,phishing,approved 2026-09-17 (bulk suggestion)
r06539,rehearsal,"Halo, ini Mandy Sullivan menelepon dari HOTMIX FM...Anda telah dipilih untuk menerima ¬¨¬£5000.00 dalam undian Hadiah Paskah kami.....Mohon telepon 09041940223 untuk mengklaim sebelum 29/03/05 atau hadiah Anda akan dialihkan kepada orang lain....",spam,spam,,phishing,1.0,phishing,approved 2026-09-17 (bulk suggestion)
r06560,rehearsal,"Esta es la 2a vez que intentamos contactarte. Has ganado el premio de 750 libras. 2 reclamar es fácil, ¡llama ahora al 08712101358! Solo 10p por minuto. Tarifa nacional de BT",spam,spam,,phishing,1.0,phishing,approved 2026-09-17 (bulk suggestion)
r06580,rehearsal,"MENSAJE OFICIAL DE PT3CARE gracias a la recarga de su crédito, su número es oficialmente premiado con un premio de Rp. 100 millones de 3CARE con su PIN. su ganador (b8337h9) p/info haga clic, www.hadiahlpt3care959.blogspot.com",spam,spam,,phishing,1.0,phishing,approved 2026-09-17 (bulk suggestion)
r06596,rehearsal,SELAMAT!! Anda M-dapat hadiah Satu unit mobil alphard dr TELKOMSEL info hub;0016282336033777/kunjungi website kami di http://telkomselundian2013.jimdo.com,spam,spam,,phishing,1.0,phishing,approved 2026-09-17 (bulk suggestion)
r06599,rehearsal,عليك إرسال الأموال لدى وزارة الخزانة الأمريكية الآن على الرابط https://tinyurl.com/8844,spam,spam,,phishing,1.0,phishing,approved 2026-09-17 (bulk suggestion)
r06604,rehearsal,🎉 congr47$! y0u won $2260 amazon gift card! redeem at goo.9l/xyz 🎉,spam,spam,,phishing,1.0,phishing,approved 2026-09-17 (bulk suggestion)
r06616,rehearsal,"Gentile Sig./Sig.ra, Titolare No.08994150xxx PIN del concorso: 4881247 Hai ufficialmente vinto Rp.15jt Servizio clienti: 02199545139 oppure Clicca: 3care2016.com",spam,spam,,phishing,1.0,phishing,approved 2026-09-17 (bulk suggestion)
r06670,rehearsal,"Как ценный клиент, я рад сообщить вам, что после недавнего обзора вашего номера мобильного телефона вам присуждена бонусная премия в размере £1500, звоните по номеру 09066368470.",spam,spam,,phishing,1.0,phishing,approved 2026-09-17 (bulk suggestion)
r06701,rehearsal,Sie müssen jetzt Geld an das IRS senden unter https://tinyurl.com/9010.,spam,spam,,phishing,1.0,phishing,approved 2026-09-17 (bulk suggestion)
r06710,rehearsal,Решение компании Tri Care INDONESIA No.XV/2016 Пин_Победитель ВЫ: 67ytg44 получает ПРИЗ НАЛИЧНЫМИ в размере 45 миллионов рупий. Для получения информации нажмите: www.info-undian3.webnode.com,spam,spam,,phishing,1.0,phishing,approved 2026-09-17 (bulk suggestion)
r06719,rehearsal,"Estimado cliente: ¡Felicidades! Su número de tarjeta SIM 081571xxx ha sido elegido como el ganador del sorteo Puntos adicionales de la edición 2014. Su PIN es: er56d7 Para más información, haga clic en: www.hadiah-poin.blogspot.com",spam,spam,,phishing,1.0,phishing,approved 2026-09-17 (bulk suggestion)
r06738,rehearsal,"URGENT! Votre numéro de mobile 077xxx a GAGNÉ un prix de 2 000 £ pour le rappel du gagnant le 02/06/03! C'est la 2e tentative pour vous joindre! Appelez rapidement le 09066362206! BOÎTE97N7QP, 150ppm",spam,spam,,phishing,1.0,phishing,approved 2026-09-17 (bulk suggestion)
r06757,rehearsal,يجب عليك إرسال الأموال إلى مكتب الضرائب الفيدرالي الآن على الرابط https://tinyurl.com/8978,spam,spam,,phishing,1.0,phishing,approved 2026-09-17 (bulk suggestion)
r06768,rehearsal,"¡Felicidades! Su número 3care ha sido seleccionado para recibir un PREMIO de 1 automóvil TOYOTA YARIS, su PIN de ganador es: (8jf2177). Para más información, visite: www.caretri.blogspot.com",spam,spam,,phishing,1.0,phishing,approved 2026-09-17 (bulk suggestion)
r06785,rehearsal,!عاجل: حصل رقم هاتفك المحمول على جائزة مكالمة بقيمة ٢٬٠٠٠ جنيه إسترليني في ٠٢/٠٩/٠٣! هذه هي محاولتنا الثانية للاتصال بك! اتصل على ٠٨٧١-٨٧٢-٩٧٥٥ صندوق ٩٥كيو,spam,spam,,phishing,1.0,phishing,approved 2026-09-17 (bulk suggestion)
r06786,rehearsal,"Entschuldigung, wir haben versucht, Sie zu kontaktieren, aber es konnte keine Verbindung hergestellt werden. Herzlichen Glückwunsch, Sie haben offiziell den 3. Preis von PT.3CARE unter der Pin ;b8337h9 gewonnen. Weitere Informationen erhalten Sie unter www.hadiah3care-2016.blogspot.com",spam,spam,,phishing,1.0,phishing,approved 2026-09-17 (bulk suggestion)
r06826,rehearsal,يجب عليك إرسال الأموال إلى مكتب الضرائب الفيدرالي الآن من خلال https://tinyurl.com/8842.,spam,spam,,phishing,1.0,phishing,approved 2026-09-17 (bulk suggestion)
r06839,rehearsal,¡URGENTE! Tu número de teléfono móvil ha sido premiado con un premio de £2000 GARANTIZADO. Llama al 09058094454 desde un teléfono fijo. Reclama el premio 3030. Válido solo por 12 horas.,spam,spam,,phishing,1.0,phishing,approved 2026-09-17 (bulk suggestion)
r06847,rehearsal,!ملحوظة: نحن نحاول التواصل معك. يُظهر سحب اليوم أنك ربحت جائزة بقيمة 800 جنيه إسترليني مضمونة. اتصل على الرقم 09050001808 من خط الأرضي. اطلب M95. صالح لمدة 12 ساعة فقط.,spam,spam,,phishing,1.0,phishing,approved 2026-09-17 (bulk suggestion)
r06848,rehearsal,"Plg yth, ¡felicitaciones! su número 3Care ha sido seleccionado para recibir un premio en efectivo de Rp.45 millones del programa de sorteo 3care PIN: 7711CA88 Información haga clic en: www.tricare2016.jimdo.com",spam,spam,,phishing,1.0,phishing,approved 2026-09-17 (bulk suggestion)
r06852,rehearsal,"+449071512431 ¡URGENTE! Este es el 2º intento de contactarte. ¡Has GANADO £1250! LLAMA al 09071512433 antes del 050703 T&C BCM4235WC1N3XX. Coste de llamada 150ppm, costos móviles variables. Máx £7.50.",spam,spam,,phishing,1.0,phishing,approved 2026-09-17 (bulk suggestion)
r06869,rehearsal,நீங்கள் IRS உடன் தொகை அன்பணம் அனுப்ப வேண்டும் இப்போது https://tinyurl.com/8860,spam,spam,,phishing,1.0,phishing,approved 2026-09-17 (bulk suggestion)
r06891,rehearsal,"Congratulazioni! Grazie a un buon amico hai VINTO il premio natalizio di £2.000. Per richiederlo è semplice, chiama subito 08718726971! Solo 10p per minuto. Tariffa nazionale BT.",spam,spam,,phishing,1.0,phishing,approved 2026-09-17 (bulk suggestion)
r07113,rehearsal,Get a free mobile data booster with every new phone plan at MobileNet. Call us at 800-555-0199 or visit www.mobilenet.com/34,phishing,phishing,,spam,1.0,spam,approved 2026-09-17 (bulk suggestion)
r07166,rehearsal,Get a free mobile data booster with every new phone plan at MobileNet. Call us at 800-555-0199 or visit www.mobilenet.com/23,phishing,phishing,,spam,1.0,spam,approved 2026-09-17 (bulk suggestion)
r07273,rehearsal,Get a free mobile data booster with every new phone plan at MobileNet. Call us at 800-555-0199 or visit www.mobilenet.com/6,phishing,phishing,,spam,1.0,spam,approved 2026-09-17 (bulk suggestion)
r07415,rehearsal,Get a free mobile data booster with every new phone plan at MobileNet. Call us at 800-555-0199 or visit www.mobilenet.com/64,phishing,phishing,,spam,1.0,spam,approved 2026-09-17 (bulk suggestion)
r08030,rehearsal,Get a free mobile data booster with every new phone plan at MobileNet. Call us at 800-555-0199 or visit www.mobilenet.com/31,phishing,phishing,,spam,1.0,spam,approved 2026-09-17 (bulk suggestion)
r08105,rehearsal,Get a free mobile data booster with every new phone plan at MobileNet. Call us at 800-555-0199 or visit www.mobilenet.com/21,phishing,phishing,,spam,1.0,spam,approved 2026-09-17 (bulk suggestion)
r04427,rehearsal,நீங்கள் உச்ச ஆதாரத்தில் பணம் அனுப்ப வேண்டும். இப்பக்கத்தில் https://tinyurl.com/9058 க்கு வெற்றி அனுப்பவும்.,spam,spam,,phishing,0.99,phishing,approved 2026-09-17 (bulk suggestion)
r04443,rehearsal,"Selamat!anda mdptkan satu unit MOBIL NISSAN JUKE dr PT.INDOFOOD pin_anda 27tdn55 u/info pengambilan Hadiah, kunjungi website www.popmieget-lucky.blogspot.com",spam,spam,,phishing,0.99,phishing,approved 2026-09-17 (bulk suggestion)
r04518,rehearsal,"Herzlichen Glückwunsch - Sie haben in der dieswöchigen Wettbewerbsauslosung den Gewinn von £1450 gewonnen. Um diesen zu erhalten, rufen Sie einfach 09050002311 b4280703 an. AGB/Stopp SMS 08718727868. Nur für über 18-Jährige. 150ppm.",spam,spam,,phishing,0.99,phishing,approved 2026-09-17 (bulk suggestion)
r04605,rehearsal,Решение от tricare Indonesia № XV/2015 Пин-код победителя 8JF2177 получает 1TOYOTA YARIS U/информация Посетите www.tri-2015.webnode.com или blogspot.com,spam,spam,,phishing,0.99,phishing,approved 2026-09-17 (bulk suggestion)
r04607,rehearsal,Камера - Вам присуждена цифровая камера SiPix! Позвоните по номеру 09061221066 с городского телефона. Доставка в течение 28 дней.,spam,spam,,phishing,0.99,phishing,approved 2026-09-17 (bulk suggestion)
r04625,rehearsal,"Nos dossiers indiquent que vous pourriez avoir droit à 5000 livres en compensation pour l'accident que vous avez eu. Pour réclamer 4 gratuit, répondez avec CLAIM à ce message. 2 arrêter de recevoir des messages, envoyez STOP",spam,spam,,phishing,0.99,phishing,approved 2026-09-17 (bulk suggestion)
r04713,rehearsal,DRINGEND! Ihre Mobilnummer wurde mit einem Bonusanrufpreis von £2000 ausgezeichnet. Rufen Sie 09058095201 vom Festnetz aus an. Nur 12 Stunden gültig.,spam,spam,,phishing,0.99,phishing,approved 2026-09-17 (bulk suggestion)
r04749,rehearsal,ඔබ වෙනස් කිරීම කල යුතුය IRS NOW ගොද https://tinyurl.com/8984 එකෙහිද?,spam,spam,,phishing,0.99,phishing,approved 2026-09-17 (bulk suggestion)
r04752,rehearsal,"СРОЧНО! Вы выиграли бесплатное членство на одну неделю в нашем джекпоте на сумму ¬£100,000! Отправьте слово: CLAIM на номер: 81010 Условия и положения www.dbuk.net LCCLTD POBOX 4403LDNW1A7RW18",spam,spam,,phishing,0.99,phishing,approved 2026-09-17 (bulk suggestion)
r04758,rehearsal,لقد تم اختيارك للإقامة في أحد أفضل 250 فندقًا بريطانيًا - مجانًا! عطلة تستحق قيمتها 350 جنيه إسترليني! للمطالبة، اتصل بلندن على الرقم 02072069400. ص.ب. 526، SW73SS.,spam,spam,,phishing,0.99,phishing,approved 2026-09-17 (bulk suggestion)
r04772,rehearsal,"SELAMAT! Liburan 4* Costa Del Sol atau ¬£5000 Anda menunggu untuk diambil. Hubungi 09050090044 Sekarang untuk Klaim. SAE, Ketentuan dan Syarat, POBox334, Stockport, SK38xh, Biaya ¬£1.50/per menit, Maksimal 10 menit.",spam,spam,,phishing,0.99,phishing,approved 2026-09-17 (bulk suggestion)
r04783,rehearsal,رسالة بريد إلكتروني: عزيزي ديف، هذه هي إشعارك النهائي لجمع عطلتك في تنيريف الرباعية النجوم أو جائزة النقدية بقيمة 5000 جنيه إسترليني! اتصل على الرقم 09061743806 من الهاتف الأرضي. تطبق الشروط والأحكام. يُرجى إرسال ظرف بريدي مسجل إلى صندوق البريد 326، CW25WX. التكلفة 150 بنس للدقيقة.,spam,spam,,phishing,0.99,phishing,approved 2026-09-17 (bulk suggestion)
r04807,rehearsal,Камера - Вам присуждена цифровая камера SiPix! Позвоните по номеру 09061221066 с городского телефона. Доставка в течение 28 дней.,spam,spam,,phishing,0.99,phishing,approved 2026-09-17 (bulk suggestion)
r04836,rehearsal,XMAS புரட்சிகள்! உங்களை தொடரவும் முயற்சி செய்கிறோம். இன்றைய போட்டியில் உங்கள் ஒரு £2000 பெருந்தரமான புரட்சியை பெற்றுள்ளீர்கள் என்று காட்டுகின்றது. லேண்டு லைனிலிருந்து 09058094565 எண்ணை அழைக்கவும். 12 மணி நேரத்திற்கான செல்லுதலை செயல்படுத்தவும்.,spam,spam,,phishing,0.99,phishing,approved 2026-09-17 (bulk suggestion)
r04883,rehearsal,இன்றைய அதிகாரத்திற்கு நீங்கள் துருத்தி பணம் அனுப்ப வேண்டும் https://tinyurl.com/9046,spam,spam,,phishing,0.99,phishing,approved 2026-09-17 (bulk suggestion)
r04984,rehearsal,"PRIVÉ! Votre Relevé de Compte 2004 pour le 07742676969 montre 786 Points Bonus non utilisés. Pour réclamer, appelez le 08719180248 Code Identifiant: 45239 Expire",spam,spam,,phishing,0.99,phishing,approved 2026-09-17 (bulk suggestion)
r05146,rehearsal,Per favore CHIAMA immediatamente 08712402902 in quanto c'è un messaggio urgente in attesa per te.,spam,spam,,phishing,0.99,phishing,approved 2026-09-17 (bulk suggestion)
r05188,rehearsal,"Estimado cliente, felicidades, ha recibido un premio de: Sorteo de PT. INDOFOOD POPMIE su PIN es FH53X77, Para más información visite: www.pop-mie-indofood.webs.com",spam,spam,,phishing,0.99,phishing,approved 2026-09-17 (bulk suggestion)
r05202,rehearsal,நீங்கள் உரில் உரிச்சு அன்பேன இப்போது https://tinyurl.com/8888 க்கு பணம் அனுப்ப வேண்டும்.,spam,spam,,phishing,0.99,phishing,approved 2026-09-17 (bulk suggestion)
r05216,rehearsal,அதிகாரியன் Tri Care கருத்து அளவு எண். XV/2016 PIN வெற்றியாளர் உங்கள் =39XV544F பெற்றுள்ளது-1 யுனிட் கார் HONDA JAZZ Rs தகவலுக்கு கிளிக் செய்யவும் www.kejutantriindonesia.blogspot.co.id,spam,spam,,phishing,0.99,phishing,approved 2026-09-17 (bulk suggestion)
r05225,rehearsal,ඔබ දැන් IRS වෙත මුදල යවනවෙනුව https://tinyurl.com/9060 හි දැනේ.,spam,spam,,phishing,0.99,phishing,approved 2026-09-17 (bulk suggestion)
r05233,rehearsal,Por favor LLAME al 08712402902 inmediatamente ya que hay un mensaje urgente esperándolo.,spam,spam,,phishing,0.99,phishing,approved 2026-09-17 (bulk suggestion)
r05256,rehearsal,"¡ALERTA HERMANO MAYOR! El ordenador te ha seleccionado para 10.000 en efectivo o un vale de 150 libras. Llama al 09064018838. NTT PO Box CRO1327. 18+. Costo de llamada desde línea fija de BT 150ppm, tarifas de móvil varían.",spam,spam,,phishing,0.99,phishing,approved 2026-09-17 (bulk suggestion)
r05276,rehearsal,ඔබට නැවත ආදායම් ගෙවිය යුතු අතර එවිදී ඊස් අත්විදිනයට ගෙවු ගැනීමින් https://tinyurl.com/8963 අත්සනයෙන් එවන්න.,spam,spam,,phishing,0.99,phishing,approved 2026-09-17 (bulk suggestion)
r05384,rehearsal,"HAI VINTO! La tua vacanza a 4* Costa Del Sol o ¬£5000 ti aspettano per essere ritirati. Chiama ora al 09050090044 per richiedere. SAE, TC s, POBox334, Stockport, SK38xh, Cost¬£1.50/pm, Max10mins",spam,spam,,phishing,0.99,phishing,approved 2026-09-17 (bulk suggestion)
r05403,rehearsal,لقد تم اختيارك بشكل خاص لتلقي جائزة بقيمة 2000 جنيه إسترليني! اتصل على 08712402050 قبل إغلاق الخطوط. التكلفة 10 بنس للدقيقة. 16+. تطبق الشروط والأحكام. AG Promo,spam,spam,,phishing,0.99,phishing,approved 2026-09-17 (bulk suggestion)
r05418,rehearsal,"KOSTENLOSE NACHRICHT: Unsere Aufzeichnungen deuten darauf hin, dass Ihnen für den Unfall, den Sie hatten, möglicherweise 3750 Pfund zustehen. Um kostenlos zu beanspruchen, antworten Sie mit JA auf diese Nachricht. Um abzulehnen, senden Sie STOP.",spam,spam,,phishing,0.99,phishing,approved 2026-09-17 (bulk suggestion)
r05449,rehearsal,"¡URGENTE! ¡Has ganado una membresía GRATUITA de 1 semana en nuestro premio mayor de £100,000! Envía la palabra: RECLAMAR al Número: 81010 Términos y Condiciones www.dbuk.net LCCLTD APARTADO 4403LDNW1A7RW18",spam,spam,,phishing,0.99,phishing,approved 2026-09-17 (bulk suggestion)
r05603,rehearsal,"Urgente UR ha vinto un viaggio omaggio per EuroDisinc Trav, Aco&Entry41 O ¬£1000. Per richiedere invia un SMS con scritto DIS al 87121 18+6*¬£1.50 (più da cellulare. Condividi con AcomOrSglSuplt)10, LS1 3AJ",spam,spam,,phishing,0.99,phishing,approved 2026-09-17 (bulk suggestion)
r05628,rehearsal,"ශාක්කයේ ආයුබෝවන්, ඔබට, POIN PLUS PLUS INDOSAT වෙතින් (2) උදාවන් ලබා ගත්තාද. ජයග්‍රාහක පින්: b89c7h9 සදහා විස්තර ජයග්‍රාහක හුත්තා www.indosatpoinplus-7887.webs.com ට ක්ලික් කරන්න.",spam,spam,,phishing,0.99,phishing,approved 2026-09-17 (bulk suggestion)
r05634,rehearsal,"Plg Yth No, votre carte SIM a gagné 1 unité TOYOTA ALL NEW YARIS dans GEBYAR TRIcare. code gagnant 8JF2177. Pour plus d'informations, contactez le 089676547727 ou cliquez sur www.data-tricare.jimdo.com",spam,spam,,phishing,0.99,phishing,approved 2026-09-17 (bulk suggestion)
r05746,rehearsal,PRIBADI! Laporan Rekening Anda untuk tahun 2003 pada nomor 07973788240 menunjukkan 800 poin S.I.M. yang belum ditebus. Hubungi 08715203649 Kode Pengenal: 40533 Berlaku hingga 31/10/04,spam,spam,,phishing,0.99,phishing,approved 2026-09-17 (bulk suggestion)
r05760,rehearsal,"Если вы не перезвоните, ваш приз перейдет другому клиенту. Условия на www.t-c.biz 18+ 150р/мин Polo Ltd Suite 373 Лондон W1J 6HL Пожалуйста, перезвоните, если линия занята",spam,spam,,phishing,0.99,phishing,approved 2026-09-17 (bulk suggestion)
r05774,rehearsal,Urgent ! Veuillez appeler le 0906346330. Votre ABTA vacances espagnoles 4* gratuites ou 10 000 £ en espèces vous attendent pour être récupérées. Conditions générales et d'envoi (SAE) BOX 47 PO19 2EZ. 150ppm 18+,spam,spam,,phishing,0.99,phishing,approved 2026-09-17 (bulk suggestion)
r05822,rehearsal,DEAL: أنت الفائز بمبلغ 1000 جنيه إسترليني أو بجائزة متصلة مضمونة، هذه محاولتنا النهائية للاتصال بك! للمطالبة، اتصل الآن على 09071517866! تكاليف الاتصال 150 بيني بالدقيقة. صندوق بريدي 10183 برمنجهام B64XE.,spam,spam,,phishing,0.99,phishing,approved 2026-09-17 (bulk suggestion)
r05889,rehearsal,"Urgente UR ha ganado un viaje de cortesía a EuroDisinc Trav, Aco&Entry41 o £1000. Para reclamar, envíe un mensaje de texto con la palabra DIS al 87121 18+6*£1.50 (más de un móvil. Compartir Gastos acompañados o Suplemento Individual) 10, LS1 3AJ",spam,spam,,phishing,0.99,phishing,approved 2026-09-17 (bulk suggestion)
r05951,rehearsal,PESAN RESMI PT.3Care Indonesia Berkat isi Ulang No. Anda M-dptkan hadiah ke-3 Dengan kode PIN Anda (B8337H9) U/info hadiah klik; www.hadiah-pt3care34.blogspot.com,spam,spam,,phishing,0.99,phishing,approved 2026-09-17 (bulk suggestion)
r05956,rehearsal,"வாழ்த்துக்கள்! ஒரு நல்ல நண்பருடன் சரியான முகவரியில் ¬£2,000 கிறிஸ்துமஸ் போட்டியை நீங்கள் வென்றுள்ளீர்கள். சென்ட் பிரியாக்க என்னைக் கூடாதியாகஅ, 08718726978 இப்போது அழையவும்! ஒரே நாடு முதல் 10 பெண்கள் உடன். BT-தேசிய-விகிதியார்",spam,spam,,phishing,0.99,phishing,approved 2026-09-17 (bulk suggestion)
r05983,rehearsal,ඔබ දැනට IRS හි මුදල ලැබුණු අවශ්‍යයි https://tinyurl.com/8838,spam,spam,,phishing,0.99,phishing,approved 2026-09-17 (bulk suggestion)
r06043,rehearsal,Your item is on its way back to your local office. Please book your re-delivery here: https://failed-delivery-department.com,spam,spam,,phishing,0.99,phishing,approved 2026-09-17 (bulk suggestion)
r06094,rehearsal,"Vous avez été spécialement sélectionné pour recevoir une ""récompense de 3000 € ! Appelez le 08712402050 AVANT la fermeture des lignes. Coût de 10ppm. 16+. Termes et conditions s'appliquent. AG Promo",spam,spam,,phishing,0.99,phishing,approved 2026-09-17 (bulk suggestion)
r06158,rehearsal,Вас специально выбрали для получения награды в размере 2000 фунтов! Позвоните по номеру 08712402050 ДО закрытия линий. Стоимость 10 пенсов в минуту. 16+. Действуют правила и условия. AG Promo,spam,spam,,phishing,0.99,phishing,approved 2026-09-17 (bulk suggestion)
r06208,rehearsal,"вы выиграли гарантированный приз в размере 200 фунтов стерлингов или даже l00o фунтов стерлингов. чтобы получить свой приз, позвоните бесплатно по номеру 0b0004o7165 (l8+). чтобы прекратить получение сообщений, отправьте sms с текстом ""getstop"" на номер 88222.",spam,spam,,phishing,0.99,phishing,approved 2026-09-17 (bulk suggestion)
r06225,rehearsal,"FREEMSG: I nostri registri indicano che potresti avere diritto a 3750 sterline per l'incidente che hai avuto. Per richiedere gratuitamente, rispondi con SÌ a questo messaggio. Per annullare, invia il testo STOP",spam,spam,,phishing,0.99,phishing,approved 2026-09-17 (bulk suggestion)
r06234,rehearsal,"Vous avez gagné un prix garanti de £200 ou même £1000 en espèces. Pour réclamer votre prix, appelez gratuitement le 08000407165 (18+) Pour arrêter, envoyer STOP au 88222.",spam,spam,,phishing,0.99,phishing,approved 2026-09-17 (bulk suggestion)
r06287,rehearsal,DEAL: PT.TRI CARE Selamat!!! simcard anda mendapatkan hadiah 1 Unit TOYOTA AVANZA Dengan pin: (F8HJ7TL) untuk info klik: www.hadiah-tri3care2016.blogspot.co.id,spam,spam,,phishing,0.99,phishing,approved 2026-09-17 (bulk suggestion)
r06483,rehearsal,تهانينا، رقمك 3Care المحظوظ قد تم اختيارك للحصول على جائزة نقدية بقيمة 45 مليون روبية من برنامج قسيمة 3Care رمز: 7711CA88 لمزيد من المعلومات زر: www.tricare2016.jimdo.com,spam,spam,,phishing,0.99,phishing,approved 2026-09-17 (bulk suggestion)
r06575,rehearsal,தீர்மானமாக ¬£2000 பரிசுக்கு உங்கள் மொபைல் எண் விருப்பமாகிவிட்டுள்ளது. தெரிவு 3030 செய்ய 09061790121 இலிருந்து லேண்ட் லைனிலிருந்து அழையுங்கள். 12 மணி நேரம் மட்டும் செல்லுங்கள் 150பி.பி.ம்,spam,spam,,phishing,0.99,phishing,approved 2026-09-17 (bulk suggestion)
r06620,rehearsal,"GRANDE AVVISO DI BIG BROTHER! Il computer ti ha selezionato per 10k in contanti o un voucher #150. Chiama il 09064018838. NTT PO Box CRO1327 18+ Costo chiamate da rete fissa BT 150ppm, tariffe per cellulari variabili.",spam,spam,,phishing,0.99,phishing,approved 2026-09-17 (bulk suggestion)
r06621,rehearsal,Urgent! Please call 09061743810 from landline. Your ABTA complimentary 4* Tenerife Holiday or #5000 cash await collection SAE T&Cs Box 326 CW25WX 150 ppm,spam,spam,,phishing,0.99,phishing,approved 2026-09-17 (bulk suggestion)
r06641,rehearsal,"Gentile cliente, ti chiediamo di contattare BRI riguardo al tuo conto. Puoi verificare un valore di Rp.27jt da BRI con CODICE VERIFICA: 02599875 INFO Fai clic su: www.callcenterbankbri.blogspot.co.id",spam,spam,,phishing,0.99,phishing,approved 2026-09-17 (bulk suggestion)
r06647,rehearsal,"Faux prix de 350 £ - Les numéros Voda d'aujourd'hui se terminant par XXXX sont sélectionnés pour recevoir un prix de 350 £. Si vous avez un correspondance, veuillez appeler le 08712300220 en citant le code de réclamation 3100 tarifs standard applicables",spam,spam,,phishing,0.99,phishing,approved 2026-09-17 (bulk suggestion)
r06657,rehearsal,Vous avez été spécialement sélectionné pour recevoir une récompense de 2000 livres ! Appelez le 08712402050 AVANT la fermeture des lignes. Coût : 10ppm. 16 ans et plus. Conditions générales applicables. AG Promo,spam,spam,,phishing,0.99,phishing,approved 2026-09-17 (bulk suggestion)
r06672,rehearsal,"Geld!!! Sie sind ein glücklicher Gewinner! Um Ihren Preis zu beanspruchen, senden Sie eine SMS mit dem Text ""Geld"" an die Nummer 88600. Über £1 Million werden vergeben! PPT150x3 + Normaler SMS-Tarif. Box403 W1T1JY.",spam,spam,,phishing,0.99,phishing,approved 2026-09-17 (bulk suggestion)
r06674,rehearsal,Kamera - Anda dianugerahi Kamera Digital SiPix! Hubungi 09061221066 dari telepon rumah. Pengiriman dalam 28 hari.,spam,spam,,phishing,0.99,phishing,approved 2026-09-17 (bulk suggestion)
r06685,rehearsal,"Sorpresa PUNTI, premio di Rp 15 milioni ufficialmente assegnato al proprietario del numero 0812330xxxx. PIN-x7af2547. Per informazioni, contattare l'ufficio centrale di TELKOMSEL al 021-23867047, 021-23867048.",spam,spam,,phishing,0.99,phishing,approved 2026-09-17 (bulk suggestion)
r06721,rehearsal,அவசரம்! உங்களை தொடர நாங்கள் முயற்சிக்கிறோம் உங்களுக்கு வெற்றி சாதித்த ஒரு £800 பரிசு வெல்ல உள்ளது என்பதை இன்றைய வர்த்தகம் காட்சிக்கிருகிறது. லாந்திலிருந்து 09050000460 எண் அழையவும். கோர்ப்பது J89. பி.ஒ. பாக்ஸ்245c2150pm,spam,spam,,phishing,0.99,phishing,approved 2026-09-17 (bulk suggestion)
r06733,rehearsal,FREE: நீங்கள் இராசியாங்களுக்கு உங்கள் பணத்தை இப்போது அனுப்பவேண்டும் https://tinyurl.com/9048,spam,spam,,phishing,0.99,phishing,approved 2026-09-17 (bulk suggestion)
r06745,rehearsal,"Переведите просто деньги на счет в банке ----- An Ardiansyah 5500248418, когда перевод будет выполнен, просто отправьте СМС. Спасибо.",spam,spam,,phishing,0.99,phishing,approved 2026-09-17 (bulk suggestion)
r06754,rehearsal,Selamat KPD pemilik NO simCARD 085643XXXXXX mendapatkan . UANG TUNAI Rp 49jt dari PT.INDOSAT pin:RWD2749 www.indosat-poin-2013.jimdo.com atau HUB 085693577707 !spam!,spam,spam,,phishing,0.99,phishing,approved 2026-09-17 (bulk suggestion)
r06775,rehearsal,அவசியம்! உங்கள் மொபைல் எண் ஒரு ¬£2000 பெருமை உருவாக்கப்பட்டுள்ளது. நிலை வரை 09058094454 எண்ணிலிருந்து அழையவும். கிளைம் 3030. செம் 12 மணி நேரங்களில் மட்டுமே செயல்படுவது.,spam,spam,,phishing,0.99,phishing,approved 2026-09-17 (bulk suggestion)
r06878,rehearsal,SLMT!!! NO anda m-dpt mobil AVANZA dr kartu AS di undi td malam di metro TV pkl : 23.00 wib u/info klik : www.telkomsell.jimdo atau/Hub : 0016285286552555,spam,spam,,phishing,0.99,phishing,approved 2026-09-17 (bulk suggestion)
r06944,rehearsal,Erhalten Sie einen kostenlosen mobilen Datenboost mit jedem neuen Handyvertrag bei MobileNet. Rufen Sie uns unter 800-555-0199 an oder besuchen Sie www.mobilenet.com/53.,phishing,phishing,,spam,0.99,spam,approved 2026-09-17 (bulk suggestion)
r07472,rehearsal,Obtenez un amplificateur de données mobile gratuit avec chaque nouveau forfait téléphonique chez MobileNet. Appelez-nous au 800-555-0199 ou visitez www.mobilenet.com/39,phishing,phishing,,spam,0.99,spam,approved 2026-09-17 (bulk suggestion)
r07953,rehearsal,Obtenez un amplificateur de données mobile gratuit avec chaque nouveau forfait téléphone chez MobileNet. Appelez-nous au 800-555-0199 ou visitez www.mobilenet.com/4,phishing,phishing,,spam,0.99,spam,approved 2026-09-17 (bulk suggestion)
r07970,rehearsal,Obtenga un amplificador de datos móviles gratis con cada nuevo plan de teléfono en MobileNet. Llámenos al 800-555-0199 o visite www.mobilenet.com/27,phishing,phishing,,spam,0.99,spam,approved 2026-09-17 (bulk suggestion)
r07972,rehearsal,Obtenez un booster de données mobile gratuit avec chaque nouveau forfait de téléphone chez MobileNet. Appelez-nous au 800-555-0199 ou visitez www.mobilenet.com/25,phishing,phishing,,spam,0.99,spam,approved 2026-09-17 (bulk suggestion)
r08091,rehearsal,Ottieni gratuitamente un potenziatore di dati mobili con ogni nuovo piano telefonico presso MobileNet. Chiamaci al 800-555-0199 o visita www.mobilenet.com/5,phishing,phishing,,spam,0.99,spam,approved 2026-09-17 (bulk suggestion)
r08122,rehearsal,Dapatkan penguat data seluler gratis dengan setiap rencana ponsel baru di MobileNet. Hubungi kami di 800-555-0199 atau kunjungi www.mobilenet.com/1,phishing,phishing,,spam,0.99,spam,approved 2026-09-17 (bulk suggestion)
r08241,rehearsal,Obtenez un amplificateur de données mobiles gratuit avec chaque nouveau forfait de téléphone chez MobileNet. Appelez-nous au 800-555-0199 ou visitez www.mobilenet.com/47,phishing,phishing,,spam,0.99,spam,approved 2026-09-17 (bulk suggestion)
r08340,rehearsal,Obtenga un amplificador de datos móviles gratuito con cada nuevo plan de teléfono en MobileNet. Llámenos al 800-555-0199 o visite www.mobilenet.com/52,phishing,phishing,,spam,0.99,spam,approved 2026-09-17 (bulk suggestion)
r08536,rehearsal,Obtenez un booster de données mobiles gratuit avec chaque nouveau forfait téléphonique chez MobileNet. Appelez-nous au 800-555-0199 ou visitez www.mobilenet.com/24,phishing,phishing,,spam,0.99,spam,approved 2026-09-17 (bulk suggestion)
r08706,rehearsal,Obtenez gratuitement un amplificateur de données mobiles avec chaque nouveau forfait téléphone chez MobileNet. Appelez-nous au 800-555-0199 ou visitez www.mobilenet.com/6,phishing,phishing,,spam,0.99,spam,approved 2026-09-17 (bulk suggestion)
r08770,rehearsal,Obtenez un amplificateur de données mobile gratuit avec chaque nouveau forfait téléphonique chez MobileNet. Appelez-nous au 800-555-0199 ou visitez www.mobilenet.com/10,phishing,phishing,,spam,0.99,spam,approved 2026-09-17 (bulk suggestion)
r08875,rehearsal,Obtenez un amplificateur de données mobile gratuit avec chaque nouveau forfait téléphonique chez MobileNet. Appelez-nous au 800-555-0199 ou visitez www.mobilenet.com/11,phishing,phishing,,spam,0.99,spam,approved 2026-09-17 (bulk suggestion)
r09296,rehearsal,Ricevi gratis un potenziatore di dati mobili con ogni nuovo piano telefonico su MobileNet. Chiamaci al 800-555-0199 o visita www.mobilenet.com/39,phishing,phishing,,spam,0.99,spam,approved 2026-09-17 (bulk suggestion)
r09314,rehearsal,Obtenez un amplificateur de données mobile gratuit avec chaque nouveau forfait téléphonique chez MobileNet. Appelez-nous au 800-555-0199 ou visitez www.mobilenet.com/18,phishing,phishing,,spam,0.99,spam,approved 2026-09-17 (bulk suggestion)
r04418,rehearsal,"GUT GEMACHT! Ihr 4* Costa Del Sol Urlaub oder £5000 warten auf Abholung. Rufen Sie jetzt unter 09050090044 an, um zu beanspruchen. SAE, AGB, Postfach 334, Stockport, SK38xh, Kosten £1,50/Min., Max. 10 Min.",spam,spam,,phishing,0.98,phishing,approved 2026-09-17 (bulk suggestion)
r04581,rehearsal,ඔබ හිතලා IRS හි මුදල් ඉවන්න අයිතිය තුල https://tinyurl.com/8918,spam,spam,,phishing,0.98,phishing,approved 2026-09-17 (bulk suggestion)
r04606,rehearsal,ඔබට මුදල් යැවිය යුතු අංශය දැන් එය https://tinyurl.com/8846 මගින් දැනට යාමට අවශ්‍යයි.,spam,spam,,phishing,0.98,phishing,approved 2026-09-17 (bulk suggestion)
r04840,rehearsal,"Вас особо отобрали для получения приза в размере 3000 \. Позвоните по номеру 08712402050 ДО закрытия линий. Стоимость 10 руб. за минуту. 16+. Применяются условия. AG Promo""",spam,spam,,phishing,0.98,phishing,approved 2026-09-17 (bulk suggestion)
r04944,rehearsal,"Saya maaf, tapi saya tidak dapat membuka tautan. Apakah ada sesuatu lagi yang bisa saya bantu?",spam,remove,decision4_translator_note,ham,0.98,remove,approved 2026-09-17 (bulk suggestion)
r05101,rehearsal,"Bitte überweise es einfach an MANDIRI, Konto auf den Namen ARYA. Kontonummer: 131-000-7252-937. Lass mich wissen, sobald du es überwiesen hast!",spam,spam,,phishing,0.98,phishing,approved 2026-09-17 (bulk suggestion)
r05140,rehearsal,"Saya maaf, saya tidak bisa membuka tautan yang diberikan. Apakah ada sesuatu yang bisa saya bantu selain itu?",spam,remove,decision4_translator_note,ham,0.98,remove,approved 2026-09-17 (bulk suggestion)
r05145,rehearsal,"PRIVAT! Laporan Rekening Anda tahun 2004 untuk 07742676969 menunjukkan 786 Bonus Points yang belum ditebus. Untuk mengklaimnya, hubungi 08719180248 Kode Pengenal: 45239 Berakhir",spam,spam,,phishing,0.98,phishing,approved 2026-09-17 (bulk suggestion)
r05177,rehearsal,"Urgente! Per favore, chiama il 0906346330. La tua vacanza spagnola di 4 stelle gratuita con ABTA o £10.000 in contanti ti aspettano per essere ritirati. Spedisci una busta preaffrancata alle condizioni di servizio del BOX 47 PO19 2EZ. 150p per minuto. Maggiorenni.",spam,spam,,phishing,0.98,phishing,approved 2026-09-17 (bulk suggestion)
r05184,rehearsal,"இந்த மாதத்தின் கொடுப்பனவு கேட்கும் 'Maaf' கேள்விக்கு பதிலாக, நீங்கள் பரிலப்பான பிரிப்பின் மூலம் Yogi அவர்களுக்கு செலுத்தவும்: 08562115779, ஏனையவர்களிடம் வெற்றிப்படைக்கப்பட்டது என்று முடியும்.",spam,spam,,phishing,0.98,phishing,approved 2026-09-17 (bulk suggestion)
r05398,rehearsal,"Maaf, saya tidak bisa membuka tautan yang Anda berikan. Apakah ada sesuatu yang bisa saya bantu?",spam,remove,decision4_translator_note,ham,0.98,remove,approved 2026-09-17 (bulk suggestion)
r05409,rehearsal,"வாழ்த்துக்கள்! PT.INDOFOOD இலிருந்து ஒரு நிசான் ஜூக் கார் பெற்றுள்ளீர். ஸ்டிக்கர் உங்கள் 27tdn55 இல் உள்ளது. விரும்பிய விபரங்களுக்கு, விருப்பமாக உதவியும், இணையதளம் www.popmieget-lucky.blogspot.com ஐ அணுகவும்.",spam,spam,,phishing,0.98,phishing,approved 2026-09-17 (bulk suggestion)
r05582,rehearsal,URGENT! Vous avez gagné une adhésion GRATUITE d'une semaine à notre Jackpot de prix de 100 000 ¬£! Envoyez le mot: RECLAMER au numéro: 81010 Conditions générales sur www.dbuk.net LCCLTD BOÎTE POSTALE 4403LDNW1A7RW18,spam,spam,,phishing,0.98,phishing,approved 2026-09-17 (bulk suggestion)
r05792,rehearsal,Per favore CHIAMA immediatamente 08712402902 poiché c'è un messaggio urgente in attesa per te.,spam,spam,,phishing,0.98,phishing,approved 2026-09-17 (bulk suggestion)
r05861,rehearsal,"Urgen! Tolong hubungi 09066612661 dari telepon rumah Anda, liburan gratis 4* Lux Costa Del Sol atau 1000 poundsterling CASH menunggu untuk diambil. ppm 150 SAE T&Cs James 28, EH74RR",spam,spam,,phishing,0.98,phishing,approved 2026-09-17 (bulk suggestion)
r05882,rehearsal,தயவுசெய்து நீங்கள் தெரிவு செய்திக்கும் நேரத்தில் எங்கள் வாடிக்கையாளர் சேவை பேச்சாளரை இலவசமாக அழைக்கவும். 0808 145 4742 என்ற தொலைபேசி எண்ணை 9 மணி முதல் 11 மணி வரை அழையுங்கள். உங்கள் வெற்றி உண்டுவிழ் ஆர்க்கள் மத்தியமாக இலவச பணம் அல்லது பரிசு பெற்றுள்ளீர்கள்!,spam,spam,,phishing,0.98,phishing,approved 2026-09-17 (bulk suggestion)
r05909,rehearsal,ඔබ වෙනස් කර මුදල් එළිම් IRS වෙත දැනුම්දෙන්න එකතු https://tinyurl.com/8866,spam,spam,,phishing,0.98,phishing,approved 2026-09-17 (bulk suggestion)
r06122,rehearsal,"Urgente! Chiama il 09061749602 da un telefono fisso. La tua vacanza a Tenerife 4* omaggio o £10,000 in contanti ti aspettano per il ritiro. SAE T&Cs BOX 528 HP20 1YF 150ppm 18+",spam,spam,,phishing,0.98,phishing,approved 2026-09-17 (bulk suggestion)
r06210,rehearsal,Saya tidak bisa mengakses atau membuka tautan yang Anda berikan. Apakah ada sesuatu yang bisa saya bantu?,spam,remove,decision4_translator_note,ham,0.98,remove,approved 2026-09-17 (bulk suggestion)
r06222,rehearsal,நீங்கள் இராசியிடம் உங்கள் தேவைக்காக பணம் அனுப்ப வேண்டும் https://tinyurl.com/8955,spam,spam,,phishing,0.98,phishing,approved 2026-09-17 (bulk suggestion)
r06540,rehearsal,"Tolle Neuigkeiten! Rufen Sie KOSTENLOS unter 08006344447 an, um Ihren garantierten Betrag von £1000 IN BAR oder ein Geschenk im Wert von £2000 zu erhalten. Sprechen Sie JETZT mit einem Live-Berater!",spam,spam,,phishing,0.98,phishing,approved 2026-09-17 (bulk suggestion)
r06665,rehearsal,வணக்கம்!! உங்களுக்கு பரிந்துரைக்கூட்ட ரூ. 75 லட்சம் பெற்றுள்ளீர்கள். டெல்கோம்செல் பாயின் மூலம். இன்டடில் எப்போது 11:30 மணிக்கு லக்ஷக்கல் பரிந்துரை செய்யப்பட்டது. தகவல் கொடு : 085377177138. ஐ.ஆர். செரியான்டோ. அனுப்பினார்: *777,spam,spam,,phishing,0.98,phishing,approved 2026-09-17 (bulk suggestion)
r06673,rehearsal,"Estimado Dave, esta es tu última notificación para recoger tus vacaciones en Tenerife de 4 estrellas o el premio en efectivo de 5000 libras. Llama al 09061743806 desde un teléfono fijo. Términos y condiciones. Carta y sobre auto-dirigido a Box326 CW25WX. 150 ppm.",spam,spam,,phishing,0.98,phishing,approved 2026-09-17 (bulk suggestion)
r06884,rehearsal,"தனிப்பட்டு! உங்கள் 2003 கணக்கு அறை எண் 07815296484 க்கு 800 பயன்படுத்தாத S.I.M. புள்ளிகள் காட்டுகின்றன. 08718738001 எண்ணை அழைக்கவும் அடையாள குறியீடு 41782, காலாவ஧ி 18/11/04 முடிகின்றது.",spam,spam,,phishing,0.98,phishing,approved 2026-09-17 (bulk suggestion)
r06989,rehearsal,Obtenez un amplificateur de données mobile gratuit avec chaque nouveau forfait téléphonique chez MobileNet. Appelez-nous au 800-555-0199 ou visitez www.mobilenet.com/59,phishing,phishing,,spam,0.98,spam,approved 2026-09-17 (bulk suggestion)
r07066,rehearsal,Ricevi un potenziatore dati mobile gratuito con ogni nuovo piano telefonico presso MobileNet. Chiamaci al 800-555-0199 o visita www.mobilenet.com/6,phishing,phishing,,spam,0.98,spam,approved 2026-09-17 (bulk suggestion)
r07093,rehearsal,Obtenez un amplificateur de données mobile gratuit avec chaque nouveau forfait téléphonique chez MobileNet. Appelez-nous au 800-555-0199 ou visitez www.mobilenet.com/45,phishing,phishing,,spam,0.98,spam,approved 2026-09-17 (bulk suggestion)
r07173,rehearsal,Erhalten Sie einen kostenlosen mobilen Datenverstärker bei jedem neuen Handyvertrag bei MobileNet. Rufen Sie uns unter 800-555-0199 an oder besuchen Sie www.mobilenet.com/44.,phishing,phishing,,spam,0.98,spam,approved 2026-09-17 (bulk suggestion)
r07323,rehearsal,Obtén un amplificador de datos móviles gratis con cada nuevo plan de teléfono en MobileNet. Llámanos al 800-555-0199 o visita www.mobilenet.com/59,phishing,phishing,,spam,0.98,spam,approved 2026-09-17 (bulk suggestion)
r07453,rehearsal,Получите бесплатный усилитель мобильных данных при покупке нового телефонного плана в MobileNet. Позвоните нам по номеру 800-555-0199 или посетите www.mobilenet.com/18,phishing,phishing,,spam,0.98,spam,approved 2026-09-17 (bulk suggestion)
r07526,rehearsal,Dapatkan perkuat data seluler gratis dengan setiap paket ponsel baru di MobileNet. Hubungi kami di 800-555-0199 atau kunjungi www.mobilenet.com/13,phishing,phishing,,spam,0.98,spam,approved 2026-09-17 (bulk suggestion)
r07662,rehearsal,Получите бесплатный усилитель мобильных данных при каждом новом телефонном плане в MobileNet. Позвоните нам по номеру 800-555-0199 или посетите www.mobilenet.com/25,phishing,phishing,,spam,0.98,spam,approved 2026-09-17 (bulk suggestion)
r07754,rehearsal,Erhalten Sie einen kostenlosen mobilen Datenverstärker bei jedem neuen Handyvertrag bei MobileNet. Rufen Sie uns unter 800-555-0199 an oder besuchen Sie www.mobilenet.com/45.,phishing,phishing,,spam,0.98,spam,approved 2026-09-17 (bulk suggestion)
r07790,rehearsal,Erhalten Sie bei jedem neuen Handyvertrag bei MobileNet einen kostenlosen Datenaufbooster. Rufen Sie uns unter 800-555-0199 an oder besuchen Sie www.mobilenet.com/24.,phishing,phishing,,spam,0.98,spam,approved 2026-09-17 (bulk suggestion)
r07941,rehearsal,Obtén un potenciador gratuito de datos móviles con cada nuevo plan de teléfono en MobileNet. Llámanos al 800-555-0199 o visita www.mobilenet.com/43,phishing,phishing,,spam,0.98,spam,approved 2026-09-17 (bulk suggestion)
r08188,rehearsal,Obtenez un amplificateur de données mobiles gratuit avec chaque nouveau forfait téléphonique chez MobileNet. Appelez-nous au 800-555-0199 ou visitez le site www.mobilenet.com/0,phishing,phishing,,spam,0.98,spam,approved 2026-09-17 (bulk suggestion)
r08213,rehearsal,Obtenez un amplificateur de données mobile gratuit avec chaque nouveau forfait téléphonique chez MobileNet. Appelez-nous au 800-555-0199 ou visitez www.mobilenet.com/69,phishing,phishing,,spam,0.98,spam,approved 2026-09-17 (bulk suggestion)
r08236,rehearsal,Obtenga un amplificador de datos móviles gratuito con cada nuevo plan de teléfono en MobileNet. Llámenos al 800-555-0199 o visite www.mobilenet.com/17,phishing,phishing,,spam,0.98,spam,approved 2026-09-17 (bulk suggestion)
r09108,rehearsal,Получите бесплатный усилитель мобильных данных при покупке нового телефонного плана в MobileNet. Звоните нам по телефону 800-555-0199 или посетите www.mobilenet.com/6,phishing,phishing,,spam,0.98,spam,approved 2026-09-17 (bulk suggestion)
r09112,rehearsal,Obtenga un amplificador de datos móviles gratuito con cada nuevo plan de teléfono en MobileNet. Llámenos al 800-555-0199 o visite www.mobilenet.com/17,phishing,phishing,,spam,0.98,spam,approved 2026-09-17 (bulk suggestion)
r09162,rehearsal,Obtenga un amplificador gratuito de datos móviles con cada nuevo plan de teléfono en MobileNet. Llámenos al 800-555-0199 o visite www.mobilenet.com/65,phishing,phishing,,spam,0.98,spam,approved 2026-09-17 (bulk suggestion)
r09338,rehearsal,Obtenga un amplificador gratuito de datos móviles con cada nuevo plan de teléfono en MobileNet. Llámenos al 800-555-0199 o visite www.mobilenet.com/2,phishing,phishing,,spam,0.98,spam,approved 2026-09-17 (bulk suggestion)
r04510,rehearsal,"Sy Ajeng hat eine SMS von PT. 3Care Indonesia über eine Bargeldzahlung von Rp. 100 Millionen auf der Website www.pttricare2016.blogspot.com erhalten, wurde jedoch gebeten, eine Verwaltungsgebühr von Rp. 1,250 Millionen zu bezahlen... Sy wurde auch von Herrn Bambang Purwanto angerufen und die Bankverbindung zur Zahlung der Administrationsgebühr über die Bank BRI auf den Namen PT. TRI LESTARI erhalten. Es wurde sogar der Personalausweis des Marketingleiters des PT. 3 Care Indonesia auf der Website angegeben.",spam,spam,,phishing,0.97,phishing,approved 2026-09-17 (bulk suggestion)
r04675,rehearsal,"DRINGEND. Wichtige Informationen für 02-Benutzer. Heute ist Ihr Glückstag! Um herauszufinden warum, loggen Sie sich unter http://www.urawinner.com ein. Es erwartet Sie eine fantastische Überraschung!",spam,spam,,phishing,0.97,phishing,approved 2026-09-17 (bulk suggestion)
r04697,rehearsal,"தயவுசெய்து அம்மாவிக்கு முதலில் 25 ரூபாய் புல்ஸாவை AS எண் 085245318024 பொருளாதிகள், ஏனெனில் அம்மாவின் நண்பர் சம்பவம் ஏற்பட்டுவிட்டது, இப்போது அவர்களை தொடர்புகொள்ள வேண்டும், அப்போது அம்மா பணம் புதைக்கும், முக்கியம்",spam,spam,,phishing,0.97,phishing,approved 2026-09-17 (bulk suggestion)
r04880,rehearsal,முக்கிய செய்தி. இது ஒரு கடைசி தொடர் மூலம் உங்களை தொடர்பு கொள்ள முயற்சி செய்கிறோம். உங்களுக்கு மிகமுதல் செய்திகள் எங்கள் உத்திக்குவிக் பிரதிப் இல்லம் காத்திருக்கின்றன. காலாவதி 13/4/04. இப்போது 08717507382 அழையவும்!,spam,spam,,phishing,0.97,phishing,approved 2026-09-17 (bulk suggestion)
r05066,rehearsal,!خاص! كشف حسابك لعام 2003 من رقم 07815296484 يظهر 800 نقطة S.I.M. غير مستردة. اتصل بالرقم 08718738001 واستخدم رمز التعريف 41782 قبل انتهاء الصلاحية في 18/11/04.,spam,spam,,phishing,0.97,phishing,approved 2026-09-17 (bulk suggestion)
r05082,rehearsal,"БЕСПЛАТНОЕ СООБЩЕНИЕ: Мы ошибочно выставили счёт на ваш мобильный номер с кодом 83332. Пожалуйста, позвоните по номеру 08081263000, чтобы вернуть вам деньги за переплату. Этот звонок будет бесплатным с фиксированного телефона BT.",spam,spam,,phishing,0.97,phishing,approved 2026-09-17 (bulk suggestion)
r05450,rehearsal,كاميرا - تم منحك كاميرا رقمية SiPix! اتصل على الرقم 09061221066 من الهاتف الثابت. التسليم خلال 28 يومًا,spam,spam,,phishing,0.97,phishing,approved 2026-09-17 (bulk suggestion)
r05519,rehearsal,நீங்கள் உதவியை உங்கள் ஐஆர்எஸ் உற்பத்தி செய்ய வேண்டும் இப்போது https://tinyurl.com/8933 இல் கட்டுப்படுத்தவும்.,spam,spam,,phishing,0.97,phishing,approved 2026-09-17 (bulk suggestion)
r05596,rehearsal,"ශ්‍රී උබ අභිලාෂයන් , ඔබගේ සිම් කාඩ්පත් හා වෙනත් දත්ත ප්‍රාදේශීයයක් දැන් 1 ඒයි Honda Jazz කරයි , Tri 3Care පින් ඔබගේ PIN සියඩපකිහීම 25ZT67KM අරබයංකගilage සහත්කාරයට පින් කිඳවන්ව්: www.infohadiahtricare.ml",spam,spam,,phishing,0.97,phishing,approved 2026-09-17 (bulk suggestion)
r05633,rehearsal,"Срочно! Пожалуйста, позвоните по номеру 0906346330. Ваш отдых в Испании 4* от ABTA или наличные в размере £10,000 ждут вас. Адрес для получения информации о правилах и условиях: BOX 47 PO19 2EZ. Стоимость звонка 150 р/мин. 18+",spam,spam,,phishing,0.97,phishing,approved 2026-09-17 (bulk suggestion)
r05917,rehearsal,Перевод: Отправьте мне 20 тысяч пульса на этот номер 085285485839 Мистер Агус,spam,spam,,phishing,0.97,phishing,approved 2026-09-17 (bulk suggestion)
r05948,rehearsal,"<Пересылка с 21870000>Привет - это оповещение о SMS-сообщении вашего почтового ящика. У вас 40 совпадений. Пожалуйста, перезвоните по номеру 09056242159, чтобы прослушать ваши сообщения и совпадения за 100 рублей в минуту",spam,spam,,phishing,0.97,phishing,approved 2026-09-17 (bulk suggestion)
r06059,rehearsal,"VINCITORE: Abbiamo un vincitore! Il signor T. Foley ha vinto un iPod! Presto arriveranno altri premi emozionanti, quindi resta aggiornato sul tuo cellulare o visita www.win-82050.co.uk",spam,spam,,phishing,0.97,phishing,approved 2026-09-17 (bulk suggestion)
r06127,rehearsal,"Maaf, saya tidak dapat membuka tautan yang disediakan. Apakah ada yang bisa saya bantu?",spam,remove,decision4_translator_note,ham,0.97,remove,approved 2026-09-17 (bulk suggestion)
r06202,rehearsal,"Message Information importante pour l'utilisateur d'O2. Aujourd'hui est votre jour de chance! Pour découvrir pourquoi, connectez-vous sur http://www.urawinner.com. Une fantastique surprise vous attend.",spam,spam,,phishing,0.97,phishing,approved 2026-09-17 (bulk suggestion)
r06316,rehearsal,"Dringend! Ihnen wurde eine kostenlose Reise nach EuroDisinc Trav, Aco&Entry41 oder £1000 verliehen. Senden Sie zur Beantragung eine SMS mit dem Text DIS an die Nummer 87121. 18+6*£1,50 (weitere Gebühren können von Mobiltelefonen abweichen. Teilen Sie uns mit, um die Anruf- oder Einzelschließungsnummer zu teilen) 10, LS1 3AJ.",spam,spam,,phishing,0.97,phishing,approved 2026-09-17 (bulk suggestion)
r06638,rehearsal,மிகப் பெரிய செய்தி! உங்கள் உறுதியான ¬£1000 பணம் அல்லது ¬£2000 பரிசுக்கான கோரிக்கையை பெற இந்த இலவசமாக அழைய FREEFONE 08006344447 செய்யவும். இப்போது ஒரு உண்மையான ஆய்தாரை பேச மன்னிக்கவும்!,spam,spam,,phishing,0.97,phishing,approved 2026-09-17 (bulk suggestion)
r06806,rehearsal,"Anda telah memenangkan Nokia 6230 plus kamera digital gratis. Ini yang Anda dapatkan saat memenangkan lelang GRATIS kami. Untuk ikut serta, kirimkan NOKIA ke 83383 sekarang. POBOX114/14TCR/W1 16",spam,spam,,phishing,0.97,phishing,approved 2026-09-17 (bulk suggestion)
r06843,rehearsal,Kabar bagus! Hubungi FREEFONE 08006344447 untuk klaim uang tunai sebesar ¬£1000 atau hadiah senilai ¬£2000 yang dijamin. Segera bicarakan dengan operator langsung!,spam,spam,,phishing,0.97,phishing,approved 2026-09-17 (bulk suggestion)
r06857,rehearsal,Sei stato premiato con una fotocamera digitale SiPix! Chiama il 09061221061 da una linea fissa. Consegna entro 28 giorni. T e C Casella 177. M221BP. Garanzia di 2 anni. 150 ppm. 16. p p£3.99,spam,spam,,phishing,0.97,phishing,approved 2026-09-17 (bulk suggestion)
r07475,rehearsal,احصل على مكبر بيانات مجاني للهاتف المحمول مع كل خطة هاتف جديدة في شركة MobileNet. اتصل بنا على الرقم 800-555-0199 أو قم بزيارة الموقع www.mobilenet.com/1,phishing,phishing,,spam,0.97,spam,approved 2026-09-17 (bulk suggestion)
r07829,rehearsal,احصل على مكبر لبيانات الجوال مجانًا مع كل خط جديد في MobileNet. اتصل بنا على 800-555-0199 أو قم بزيارة www.mobilenet.com/59,phishing,phishing,,spam,0.97,spam,approved 2026-09-17 (bulk suggestion)
r08223,rehearsal,احصل على مكبر لبيانات الجوال مجانًا مع كل خط جديد في MobileNet. اتصل بنا على 800-555-0199 أو قم بزيارة www.mobilenet.com/39,phishing,phishing,,spam,0.97,spam,approved 2026-09-17 (bulk suggestion)
r03852,rehearsal,انقاذ نفسك من التوتر. إذا كان لديك الشخص حساب في المسكن، فقط أرسل تفاصيل حسابك وسيتم إرسال المال لك.,ham,ham,,phishing,0.96,phishing,approved 2026-09-17 (bulk suggestion)
r04439,rehearsal,"කරුණාකර මුදල් ගෙවියා යන්න, බැන්ක් ----- An Ardiansyah 5500248418 වෙත, ගුකීත් ගොඩනැහවෙලා ඉම්ස් කරනවා, ස්තුතින්න",spam,spam,,phishing,0.96,phishing,approved 2026-09-17 (bulk suggestion)
r04532,rehearsal,Message Important information for O2 user. Today is your lucky day! 2 find out why log onto http://www.urawinner.com there is a fantastic surprise awaiting you,spam,spam,,phishing,0.96,phishing,approved 2026-09-17 (bulk suggestion)
r04628,rehearsal,PRIVATO! Il tuo estratto conto del 2003 mostra 800 punti S. I. M. non utilizzati. Chiama 08715203694 Codice Identificativo: 40533 Scade il 31/10/04,spam,spam,,phishing,0.96,phishing,approved 2026-09-17 (bulk suggestion)
r04736,rehearsal,நீங்கள் இருவருக்கும் பணம் அன்புக்கு அருகில் அனுப்ப வேண்டும் https://tinyurl.com/9059,spam,spam,,phishing,0.96,phishing,approved 2026-09-17 (bulk suggestion)
r04774,rehearsal,PRIBADI! Laporan Rekening Anda untuk tahun 2003 dengan nomor akun 07808247860 menunjukkan 800 poin S. I. M. yang belum ditebus. Hubungi 08719899229 Kode Pengenal: 40411 Berlaku hingga 06/11/04,spam,spam,,phishing,0.96,phishing,approved 2026-09-17 (bulk suggestion)
r04998,rehearsal,"Has ganado un Nokia 7250i. Esto es lo que recibes cuando ganas nuestra subasta GRATUITA. Para participar, envía Nokia al 86021 ahora. HG/Suite342/2Lands Row/W1JHL 16+",spam,spam,,phishing,0.96,phishing,approved 2026-09-17 (bulk suggestion)
r05359,rehearsal,Hai vinto un Nokia 7250i. Questo è ciò che ottieni quando vinci la nostra asta GRATUITA. Per partecipare invia Nokia al 86021 ora. HG/Suite342/2Lands Row/W1JHL 16+,spam,spam,,phishing,0.96,phishing,approved 2026-09-17 (bulk suggestion)
r05490,rehearsal,"අත්පොරොදුරක්! ඔබගේ ජංගම දුර 077xxx 02/06/03 දිනයේ Â£2,000 රුගයේ බෝනම් කෝස්ක් තරගය ලබාදුන්! මෙය ඔබ වෙනත් අවශ්‍යසැපයපට වූ දෙකක් එක්කරන්න! 09066362206 වලංගු දැන්ම අපෙන් අපට ඇපකරන්න! BOX97N7QP, 150ppm",spam,spam,,phishing,0.96,phishing,approved 2026-09-17 (bulk suggestion)
r05599,rehearsal,تحديث نقاط TSELpoin 777 لمفاجأة نقاط جائزة Rp. 15 مليون يتم منحها رسميًا على 0852212XXXXX PIN-b7Bc247. لمزيد من المعلومات، اتصل بالخدمة العملاء عبر PT.TELKOMSEL على 021-40467488 أو 021-50219992. المرسل: +777,spam,spam,,phishing,0.96,phishing,approved 2026-09-17 (bulk suggestion)
r05716,rehearsal,Saya tidak bisa membuka tautan yang disediakan. Apakah ada yang bisa saya bantu?,spam,remove,decision4_translator_note,ham,0.96,remove,approved 2026-09-17 (bulk suggestion)
r05766,rehearsal,07732584351 - Rodger Burns - MSG = Nous avons essayé de vous appeler concernant votre réponse à notre SMS pour un téléphone mobile Nokia gratuit + une caméra gratuite. Veuillez appeler maintenant le 08000930705 pour la livraison demain,spam,spam,,phishing,0.96,phishing,approved 2026-09-17 (bulk suggestion)
r06166,rehearsal,"Come abbonato SIM, sei stato selezionato per ricevere un Bonus! Ricevilo a casa tua, invia la parola OK al numero: 88600 per richiederlo. 150p/messaggio, SCAD. 30 apr.",spam,spam,,phishing,0.96,phishing,approved 2026-09-17 (bulk suggestion)
r06238,rehearsal,خاص! بيان حسابك لعام 2003 يظهر 800 نقطة S. I. M. غير المُستردة. اتصل على 08715203694 برمز المعرف: 40533 تنتهي في 31/10/04,spam,spam,,phishing,0.96,phishing,approved 2026-09-17 (bulk suggestion)
r06328,rehearsal,PRIVATO! Il tuo estratto conto del 2003 per il numero 07753741225 mostra 800 punti S.I.M. non raccolti. Chiama il 08715203677 Codice Identificativo: 42478 Scade il 24/10/04,spam,spam,,phishing,0.96,phishing,approved 2026-09-17 (bulk suggestion)
r06577,rehearsal,¡Gran noticia! Llama al número gratuito 08006344447 para reclamar tu garantizado £1000 en EFECTIVO o £2000 en regalo. ¡Habla con un operador en vivo AHORA!,spam,spam,,phishing,0.96,phishing,approved 2026-09-17 (bulk suggestion)
r06630,rehearsal,ЧАСТНОЕ! Ваш выписка по счету за 2003 год показывает 800 неиспользованных баллов S.I.M. Звоните по номеру 08718738002 и используйте код идентификатора: 48922. Срок действия истекает 21/11/04.,spam,spam,,phishing,0.96,phishing,approved 2026-09-17 (bulk suggestion)
r07031,rehearsal,احصل على مكبر لبيانات الهاتف المحمول مجانًا مع كل خط جديد في MobileNet. اتصل بنا على 800-555-0199 أو قم بزيارة www.mobilenet.com/68,phishing,phishing,,spam,0.96,spam,approved 2026-09-17 (bulk suggestion)
r07207,rehearsal,احصل على مكبر بيانات محمول مجاني مع كل خط جديد للهاتف في شبكة موبايل نت. اتصل بنا على الرقم 800-555-0199 أو قم بزيارة www.mobilenet.com/45,phishing,phishing,,spam,0.96,spam,approved 2026-09-17 (bulk suggestion)
r08008,rehearsal,Ricevi un potenziatore gratuito dei dati mobili con ogni nuovo piano telefonico su MobileNet. Chiamaci al 800-555-0199 o visita www.mobilenet.com/18,phishing,phishing,,spam,0.96,spam,approved 2026-09-17 (bulk suggestion)
r08339,rehearsal,Получите бесплатный мобильный усилитель данных при подключении нового телефонного плана на MobileNet. Позвоните нам по телефону 800-555-0199 или посетите www.mobilenet.com/3,phishing,phishing,,spam,0.96,spam,approved 2026-09-17 (bulk suggestion)
r08407,rehearsal,Получите бесплатный усилитель мобильных данных при подписании нового тарифного плана на Мобайлнете. Позвоните нам по номеру 800-555-0199 или посетите www.mobilenet.com/49,phishing,phishing,,spam,0.96,spam,approved 2026-09-17 (bulk suggestion)
r08584,rehearsal,மொபைல்நெட் விபர திட்டத்தில் ஒவ்வொரு புதிய ஃபோன் திட்டத்துடன் இலவச மொபைல் தரவு பூஸ்டரைப் பெறுங்கள். எங்களை 800-555-0199 எண்களில் அழையவும் அல்லது www.mobilenet.com/56 இணையதளத்தில் பார்க்கவும்.,phishing,phishing,,spam,0.96,spam,approved 2026-09-17 (bulk suggestion)
r09174,rehearsal,احصل على مكبر البيانات المحمول مجانًا مع كل خطة جديدة للهواتف في شركة موبايل نت. اتصل بنا على 800-555-0199 أو قم بزيارة www.mobilenet.com/43,phishing,phishing,,spam,0.96,spam,approved 2026-09-17 (bulk suggestion)
r09221,rehearsal,احصل على مكبر بيانات مجاني للهاتف المحمول مع كل خط هاتف جديد في شركة موبايل نت. اتصل بنا على الرقم 800-555-0199 أو قم بزيارة www.mobilenet.com/65,phishing,phishing,,spam,0.96,spam,approved 2026-09-17 (bulk suggestion)
r04426,rehearsal,"¡Urgente! Llama al 09066350750 desde tu teléfono fijo. Tu vacaciones en Ibiza de 4 estrellas o 10,000 en efectivo te esperan para ser recogidas. SAE T&Cs PO BOX 434 SK3 8WP 150 ppm 18+",spam,spam,,phishing,0.95,phishing,approved 2026-09-17 (bulk suggestion)
r04579,rehearsal,"Felicidades, has sido premiado con 500 de vales de CD o 125 regalos garantizados y entrada gratuita a un sorteo semanal de 100. Envía MUSIC al 87066 para más información. Consulta los términos y condiciones en www.Ldew.com1win150ppmx3age16.",spam,spam,,phishing,0.95,phishing,approved 2026-09-17 (bulk suggestion)
r05161,rehearsal,07732584351 - Rodger Burns - MSG = Nous avons essayé de vous appeler concernant votre réponse à notre SMS pour un téléphone portable Nokia gratuit + un caméscope gratuit. Veuillez appeler maintenant le 08000930705 pour la livraison demain,spam,spam,,phishing,0.95,phishing,approved 2026-09-17 (bulk suggestion)
r05174,rehearsal,සුබසැති !!! ඔබට PT.Bank Rakyat Indonesia වෙළදපල Rs. 27අහස ගෙවිය හැකිය යුතුය. ඔබගේ පින්:ijh76k79 වැරදි වේ: www.bri-untungbeliung.blogspot.com හෝ දුරක: 021-3677-1839,spam,spam,,phishing,0.95,phishing,approved 2026-09-17 (bulk suggestion)
r05251,rehearsal,"Mohon maaf, saya tidak dapat membuka tautan yang diberikan. Apakah saya bisa membantu Anda dengan pertanyaan lain?",spam,remove,decision4_translator_note,ham,0.95,remove,approved 2026-09-17 (bulk suggestion)
r05358,rehearsal,"Tu saldo en efectivo es actualmente de 500 libras - para maximizar tu dinero en efectivo, envía DINERO en este momento al 86688 solo por 150p/mensaje. CC: 08718720201 Apartado de correos 114/14 TCR/W1",spam,spam,,phishing,0.95,phishing,approved 2026-09-17 (bulk suggestion)
r05583,rehearsal,"Urgente - chiama 09066649731 da una linea fissa. La tua vacanza gratuita a Ibiza di 4* o £10,000 in contanti ti attendono per il ritiro SAE T&C PO BOX 434 SK3 8WP 150ppm 18+",spam,spam,,phishing,0.95,phishing,approved 2026-09-17 (bulk suggestion)
r05737,rehearsal,ස්තුතියි! ඔබට $1000 වොල්මාර්ට් උපන් පහත සඳහන් ලින්ක්‌ගෙනු කිරීමට පිළිබඳව http://bit.ly/12345 ගෙනා ගන්න.,spam,spam,,phishing,0.95,phishing,approved 2026-09-17 (bulk suggestion)
r06205,rehearsal,"Stai venendo contattato/a dal nostro servizio di appuntamenti da qualcuno che conosci! Per scoprire chi è, chiama da una linea fissa al numero 09050000878. PoBox45W2TG150P",spam,spam,,phishing,0.95,phishing,approved 2026-09-17 (bulk suggestion)
r06464,rehearsal,எங்கள் பதிவுகள் உங்களுக்கு உள்ள அறுவைகளை மொத்தம் 5000 பவுண்டுக்கு பெற முன்னொருவற்குச் சந்தத்தில் அபகரங்கள் பட்டியலை கட்டுப்படுத்துவது முன்கையில் உத்தரவு அளித்த அரசரை சிகளமாக அனைத்ததுமே பெறுவதற்கு 4 விடமான அனுதானங்களுடன் மெசேஜ் அனுது CLAIM. 2 நிறுத்த என் 2 STOP மசேஜ் அனுது 2 நிறுத்து.,spam,spam,,phishing,0.95,phishing,approved 2026-09-17 (bulk suggestion)
r06559,rehearsal,"ප්‍රතිනෝමාලයන් කරෙනා, BRI මෙම ප්‍රවේශ පිළිබඳ ඔබට ඇමතුම දායාදීමට හා ඔබගේ ගිනින් පරික්ෂිත කිරීමට කඳවු වූවිට Rs. 27මිටි BRI සේවාවෙන් පරික්ෂිත කිරීමට ඉඩ ලබාගත්තේ බැලීමේ කේක්: 02599875 වැඩි විශ්වාසය සමඟ: www.callcenterbankbri.blogspot.co.id",spam,spam,,phishing,0.95,phishing,approved 2026-09-17 (bulk suggestion)
r07017,rehearsal,Ricevi un potenziatore gratuito di dati mobile con ogni nuovo piano telefonico su MobileNet. Chiamaci al 800-555-0199 o visita www.mobilenet.com/59,phishing,phishing,,spam,0.95,spam,approved 2026-09-17 (bulk suggestion)
r07488,rehearsal,Notice: Ricevi un potenziatore di dati mobile gratuito con ogni nuovo piano telefonico su MobileNet. Chiamaci al 800-555-0199 o visita www.mobilenet.com/10,phishing,phishing,,spam,0.95,spam,approved 2026-09-17 (bulk suggestion)
r03972,rehearsal,"Netflix - _ Drei > weitere Schritte und wir 🎁 erledigen den 📧 Rest für Sie. , Beenden Sie | hier % die Registrierung: m.netflix.com/kgBn85d1Zfx",ham,ham,,phishing,0.94,ham,approved 2026-09-17 (bulk suggestion)
r04641,rehearsal,p1g y7h! no' anda 081310xx m-dpt hadi4h 4ll new av@nz4 dr pt.telkom5el pin @nda:b89c7h9 info kl1k: www.7sel-re5mi777.jimd0.coma/hub;0016282333306308,spam,spam,,phishing,0.94,phishing,approved 2026-09-17 (bulk suggestion)
r05105,rehearsal,"БЕСПЛАТНОЕ СООБЩЕНИЕ: Мы ошибочно выставили счет на ваш мобильный номер от короткого номера 83332. Пожалуйста, позвоните по номеру 08081263000, чтобы вернуть вам сумму оплаты. Этот звонок будет бесплатным с любой телефонной линии BT.",spam,spam,,phishing,0.94,phishing,approved 2026-09-17 (bulk suggestion)
r05207,rehearsal,"Votre compte de 2004 pour 07XXXXXXXXX montre 786 points non échangés. Pour réclamer, appelez le 08719181259 Code identifiant: XXXXX Expire le 26.03.05",spam,spam,,phishing,0.94,phishing,approved 2026-09-17 (bulk suggestion)
r05239,rehearsal,"හායි, ඔබගේ උපන් දිනය ඉටුරු වේ. එය අවශ්‍යයි 1 Cr ක්‍රි ඉබ සගය කිරීමට වෙනස්පොල Rs.5603 ක ගොහෙම වෙළදපදනට ඉතා Rs.5390 මත click rml.lu/Cvs559Y17ම් ක්ලික් කරන්න.",spam,spam,,phishing,0.94,phishing,approved 2026-09-17 (bulk suggestion)
r05244,rehearsal,Urgen! Hubungi 09066350750 dari telepon rumah Anda. Liburan 4* Ibiza gratis atau 10.000 uang tunai menunggu pengambilan. S&K berlaku. PO BOX 434 SK3 8WP. Biaya panggilan 150 ppm. 18+,spam,spam,,phishing,0.94,phishing,approved 2026-09-17 (bulk suggestion)
r05441,rehearsal,"Maaf, saya tidak bisa membuka tautan yang tidak jelas. Apakah Anda memiliki pertanyaan atau permintaan bantuan tertentu?",spam,remove,decision4_translator_note,ham,0.94,remove,approved 2026-09-17 (bulk suggestion)
r05924,rehearsal,"¡Alguien ha contactado nuestro servicio de citas e ingresado tu número de teléfono porque les gustas! Para descubrir quién es, llama desde una línea fija al 09111032124. PoBox12n146tf150p",spam,spam,,phishing,0.94,phishing,approved 2026-09-17 (bulk suggestion)
r05932,rehearsal,"அவசரம்! தயவுசெய்து 0906346330 என்பதை அழைக்கவும். உங்கள் ABTA சராசரி 4* ஸ்பானிஷ் விடயம் அல்லது £10,000 காசு பெற முடியும். சீரை பெற கைப்பேசியுள் அல்லது நியமத்துக்கு உரிய கெட்டு பெற முன்னாள் பொக்கு எண் 47 PO19 2EZ 150ppm 18+",spam,spam,,phishing,0.94,phishing,approved 2026-09-17 (bulk suggestion)
r05978,rehearsal,"ඔබට  EURO2004 CUP FINAL විමර්ශනය ලබා දෙයි හෝ Â£800 මුදලක්, ලබා ගැනීම සඳහා 09058099801 b4190604 ට අපට අපේක්ස් 7876150 ppm ට චායාර්ථ කරන්න.",spam,spam,,phishing,0.94,phishing,approved 2026-09-17 (bulk suggestion)
r06171,rehearsal,PRIVATO! Il tuo Estratto Conto del 2003 per il numero di telefono <fone no> mostra 800 punti S. I. M. non riscattati. Chiama il 08715203656 Codice Identificativo: 42049 Scade il 26/10/04,spam,spam,,phishing,0.94,phishing,approved 2026-09-17 (bulk suggestion)
r06507,rehearsal,"සරසවිය, අපි සැකයක් සහිතව හැඟී වී No. හිඟේත් වේග. ඔබගේ විසුරන්ගේ මුද්‍රතතා -2 පනත PT.MKIOS PIN;M248K81 ඔබගේ පින්ට්වර් පරිතා කිරීමට කරන්න www.hadiahresmi-mkios29.blogspot.comතා!",spam,spam,,phishing,0.94,phishing,approved 2026-09-17 (bulk suggestion)
r06664,rehearsal,PRIVÉ ! Votre relevé de compte 2003 pour 07973788240 montre 800 points S. I. M. non utilisés. Appelez le 08715203649 Code d'identification : 40533 Expire le 31/10/04,spam,spam,,phishing,0.94,phishing,approved 2026-09-17 (bulk suggestion)
r06669,rehearsal,PRIVATO! Il tuo Estratto Conto del 2003 per 07973788240 mostra 800 punti S. I. M. non riscattati. Chiama 08715203649 Codice Identificativo: 40533 Scade il 31/10/04,spam,spam,,phishing,0.94,phishing,approved 2026-09-17 (bulk suggestion)
r06842,rehearsal,ЧАСТНОЕ! Ваша выписка по счету за 2003 год показывает 800 неиспользованных баллов S. I. M. Звоните по номеру 08719899230 Идентификационный код: 41685 Истекает 07/11/04,spam,spam,,phishing,0.94,phishing,approved 2026-09-17 (bulk suggestion)
r07192,rehearsal,Получите бесплатное увеличение мобильного интернета при подключении к новому тарифу на телефон в MobileNet. Позвоните нам по номеру 800-555-0199 или посетите www.mobilenet.com/21,phishing,phishing,,spam,0.94,spam,approved 2026-09-17 (bulk suggestion)
r07317,rehearsal,Получите бесплатный усилитель мобильных данных при подключении каждого нового тарифного плана на MobileNet. Звоните нам по номеру 800-555-0199 или посетите www.mobilenet.com/39.,phishing,phishing,,spam,0.94,spam,approved 2026-09-17 (bulk suggestion)
r07992,rehearsal,Получите бесплатный усилитель мобильных данных при подключении нового тарифного плана в MobileNet. Звоните нам по номеру 800-555-0199 или посетите www.mobilenet.com/57,phishing,phishing,,spam,0.94,spam,approved 2026-09-17 (bulk suggestion)
r05629,rehearsal,"Bapak tukokno pulsa AS ndisek 20ribu iki nmrku anyar 085316079211 cepet saiki tak enteni,penteng bpk ada msalah dikantor polisi,jangan dulu sms/tlp",spam,spam,,phishing,0.93,phishing,approved 2026-09-17 (bulk suggestion)
r06013,rehearsal,ملحوظة. معلومات هامة لمستخدم 02. اليوم هو يومك المحظوظ! لمعرفة السبب، تفضل بزيارة http://www.urawinner.com هناك مفاجأة رائعة بانتظارك!,spam,spam,,phishing,0.93,phishing,approved 2026-09-17 (bulk suggestion)
r06895,rehearsal,மொபைல் நெட் தொலைபேசி யோஜனாவில் ஒவ்வொரு புதிய தொலைபேசி திட்டத்துக்கும் ஒரு இலவச மொபைல் தரவு பூஸ்டரைப் பெறுங்கள். எங்கும் 800-555-0199 என்ற தொலைபேசி எண்ணை அழையவும் அல்லது www.mobilenet.com/38 இணையதளத்தை அணுப்பவும்.,phishing,phishing,,spam,0.93,spam,approved 2026-09-17 (bulk suggestion)
r08360,rehearsal,Получите бесплатный усилитель мобильных данных при подключении нового тарифного плана на MobileNet. Звоните по номеру 800-555-0199 или посетите www.mobilenet.com/29,phishing,phishing,,spam,0.93,spam,approved 2026-09-17 (bulk suggestion)
r05001,rehearsal,"WIN: තේම්මාරැ, TRI හි MNCTV දැන් ඔබගේ අංකය දින 5 අගෝස්ට් 2015වලින් දැක්වීම් කර ඇත. නමුත් වෙනස් ගිවිසුම වෙළදාමක් වී ඇති අයියං ඔබේ දුරකතන අන්තර්ජාතයක් ලේ පෙන්න උතුළේ ලෙටරන් 1 යන මහා මාර්ගයේ පැස්කා සෙමංගි පිටපත් 50 වන හා එදිට පමනක් මාසය නියමැයම සිදු කළ හැකිය. ඔබගේ සිම් කාඩ් නංගුකරණ යෝගය TRI වෙත හොඳයි ශබ් ස් ඉම් ඉඩෙහි , ලැබූ තොයේටා සියලුම නව යොරිස් පින් කැස්ප්ර෧්න් අමුතු pin ඔබගේ.2d7id99 සිට රාමස වෆබ් අංකනයට, www.my-tri2015.jimdo.com",spam,spam,,phishing,0.92,phishing,approved 2026-09-17 (bulk suggestion)
r05045,rehearsal,"Abbiamo cercato di contattarti riguardo alla tua risposta alla nostra offerta di un nuovo telefono Nokia e videocamera, rispondi o chiama 08000930705 per la consegna.",spam,spam,,phishing,0.92,phishing,approved 2026-09-17 (bulk suggestion)
r06031,rehearsal,"Urgen! Hubungi 09061749602 dari telepon rumah. Liburan gratis ke Tenerife atau ¬£10,000 tunai menunggu pengambilan, SAE T&Cs BOX 528 HP20 1YF. Biaya 150ppm 18+.",spam,spam,,phishing,0.92,phishing,approved 2026-09-17 (bulk suggestion)
r06052,rehearsal,ЧАСТНОЕ! Ваш выписка по счету 2003 года для 07753741225 показывает 800 неиспользованных баллов S.I.M. Звоните 08715203677 Идентификационный код: 42478 Истекает 24/10/04,spam,spam,,phishing,0.92,phishing,approved 2026-09-17 (bulk suggestion)
r06566,rehearsal,important information 4 orange user 0789xxxxxxx. today is your lucky day!2find out why log onto http://www.urawinner.com THERE'S A FANTASTIC SURPRISE AWAITING YOU!,spam,spam,,phishing,0.92,phishing,approved 2026-09-17 (bulk suggestion)
r07621,rehearsal,d@patkan pengu4t d4ta seluler gratis 5etiap kal! memesan paket pons3l baru d1 mobilen3t. hubun9i kami di 800-5550199 at4u kunjungi www.mobilenet.com/62,phishing,phishing,,spam,0.92,spam,approved 2026-09-17 (bulk suggestion)
r04496,rehearsal,Dapatkah Anda memberikan informasi lebih lanjut tentang apa yang ingin Anda sampaikan dengan tautan tersebut?,spam,remove,decision4_translator_note,ham,0.91,remove,approved 2026-09-17 (bulk suggestion)
r05893,rehearsal,"Nada dering gratis Anda sedang menunggu untuk diambil. Cukup kirim kata sandi ""MIX"" ke 85069 untuk verifikasi. Dapatkan Usher dan Britney. FML",spam,spam,,phishing,0.91,phishing,approved 2026-09-17 (bulk suggestion)
r06113,rehearsal,"O2 இலிருந்து அறிதல்: 2.50 பவுண்டு இலவச அழைய கட்டணம் மற்றும் மிகப் பட்டியல் விவரங்களைப் பெற தயவுசெய்து உங்களுடைய செல்லுபடியான பெயர், வீட்டு எண் மற்றும் புகோஸ்தல் இணையத்துடன் இந்த உரைக்கு 2 பதிலளிக்கவும் நன்றி",spam,spam,,phishing,0.91,phishing,approved 2026-09-17 (bulk suggestion)
r07559,rehearsal,மொபைல் நெட் உலாபவின் ஒவ்வொரு புதிய போன் திட்டத்துடன் இலவச மொபைல் தரவு உதவி பூஸ்டர் பெறுக. 800-555-0199 எண்களில் எங்களை அழையுங்கள் அல்லது www.mobilenet.com/27 இணையதளத்தை அணுகவும்.,phishing,phishing,,spam,0.91,spam,approved 2026-09-17 (bulk suggestion)
r04692,rehearsal,ඔබගේ අපේම දැනගන්නා Amazon මිලටම රු. 108.34 ස් අයිනයක් කර තිබේ. මෙහෙදී දෝෂයක් ඇවිල්ලේ සහෝය (407) 438-4356 දුරකථන අංකය ඇකීමේදී නම්.,spam,spam,,phishing,0.9,phishing,approved 2026-09-17 (bulk suggestion)
r04709,rehearsal,"Anda telah menerima pesan bahwa Anda telah menjadi pemenang di Hadiah Kejutan BritAma. Untuk informasi lebih lanjut, kunjungi www.hadiahkejutangBri.blogspot.com. Jika Anda menerima pesan telepon yang mengaku dari BANK BRI namun tidak dapat dipercaya, jangan memberikan nomor PIN Anda.",spam,spam,,phishing,0.9,phishing,approved 2026-09-17 (bulk suggestion)
r05017,rehearsal,"GAGNANT : Nous avons un gagnant ! M. T. Foley a remporté un iPod ! D'autres prix passionnants bientôt, alors gardez un œil sur votre mobile ou visitez www.win-82050.co.uk",spam,spam,,phishing,0.9,phishing,approved 2026-09-17 (bulk suggestion)
r05663,rehearsal,OFFER: aytd2773838383 https://goo.gl/782930,spam,remove,decision4_junk_code_link,spam,0.9,remove,approved 2026-09-17 (bulk suggestion)
r06121,rehearsal,"Поздравляем, вам присуждены 500 ваучеров на компакт-диски или гарантированный подарок на 125 и бесплатный вход в еженедельное розыгрыш на 100. Отправьте SMS с текстом MUSIC на номер 87066. Условия на www.Ldew.com1win150ppmx3age16.",spam,spam,,phishing,0.9,phishing,approved 2026-09-17 (bulk suggestion)
r06310,rehearsal,"Informations importantes pour l'utilisateur orange 0789xxxxxxx. Aujourd'hui est votre jour de chance ! Découvrez pourquoi en vous connectant sur http://www.urawinner.com, UNE FANTASTIQUE SURPRISE VOUS ATTEND !",spam,spam,,phishing,0.9,phishing,approved 2026-09-17 (bulk suggestion)
r06431,rehearsal,අත්පොරෝසික! ඔබගේ ජංගම දුරකතන අවසන් සඳහා £2000 උපාංගයක් ලබා දුනා. ඉංගුලින්ට සහිත දුරේෂික අවශ්‍යතා. 09061790121 ට ඇමතුම් කරන්න. අයදුම 3030. නිවැරදි 12 ක් නපුරත්. 150ppm.,spam,spam,,phishing,0.9,phishing,approved 2026-09-17 (bulk suggestion)
r06659,rehearsal,"Qualcuno ha contattato il nostro servizio di appuntamenti e ha inserito il tuo numero di telefono perché gli piaci! Per scoprire chi è, chiama da un telefono fisso al numero 09058098002. PoBox1, W14RG 150p",spam,spam,,phishing,0.9,phishing,approved 2026-09-17 (bulk suggestion)
r07168,rehearsal,மொபைல்நெட் யுனிக்கில் புதிய ஃபோன் திட்டத்துடன் இலவச மொபைல் தரவு பூஸ்டரை பெறுங்கள். எங்களை 800-555-0199 ஐ அழையவும் அல்லது www.mobilenet.com/31 இணையதளத்தை அணுப்பவும்.,phishing,phishing,,spam,0.9,spam,approved 2026-09-17 (bulk suggestion)
r04830,rehearsal,"Félicitations! Un pass cinéma spécial d'un an pour 2 vous appartient. Appelez maintenant le 09061209465! C Suprman V, Matrix3, StarWars3, etc tout cela GRATUITEMENT! bx420-ip4-5we. 150pm. Ne manquez pas!",spam,spam,,phishing,0.89,phishing,approved 2026-09-17 (bulk suggestion)
r05265,rehearsal,¡PRIVADO! Su Estado de Cuenta del 2003 para 07808 XXXXXX muestra 800 puntos S. I. M. sin canjear. Llame al 08719899217 Código de Identificación: 41685 Vence el 07/11/04,spam,spam,,phishing,0.89,phishing,approved 2026-09-17 (bulk suggestion)
r05750,rehearsal,"отличные новости! звоните по бесплатному номеру 08006344447, чтобы получить гарантированные £1000 наличными или £2000 в подарок. говорите с оператором прямо сейчас!",spam,spam,,phishing,0.89,phishing,approved 2026-09-17 (bulk suggestion)
r05797,rehearsal,"Pelanggan T-Mobile, Anda sekarang dapat mengklaim UPGRADE HP KAMERA GRATIS & kartu SIM pay & go sebagai penghargaan atas loyalitas Anda. Hubungi 0845 021 3680. Penawaran berakhir 28 Februari. Berlaku syarat & ketentuan.",spam,spam,,phishing,0.89,phishing,approved 2026-09-17 (bulk suggestion)
r06354,rehearsal,Has ganado un nokia 6230 más una cámara digital gratis. Esto es lo que obtienes cuando ganas nuestra subasta GRATUITA. Para participar envía NOKIA al 83383 ahora. POBOX114/14TCR/W1 16,spam,spam,,phishing,0.89,phishing,approved 2026-09-17 (bulk suggestion)
r06651,rehearsal,تهانينا! هاتف نوكيا 3650 بكاميرا فيديو هو هاتفك. اتصل بالرقم 09066382422. تكلفة المكالمات 150 بنس في الدقيقة. متوسط مدة المكالمة 3 دقائق وتختلف تكلفة المكالمات من الهواتف المحمولة 16+. اغلاق 300603، أرسل إلى BCM4284 Ldn WC1N3XX.,spam,spam,,phishing,0.89,phishing,approved 2026-09-17 (bulk suggestion)
r09077,rehearsal,rіcevι un potenziаtorε dι dаtі mobile gratuіto cоn ognі nuοvo ріano telefоnіco su mobilenet. chiamaci аl 800-ss5-οl99 o vιsιta www.mobilenеt.cοm/10,phishing,phishing,,spam,0.89,spam,approved 2026-09-17 (bulk suggestion)
r02617,rehearsal,Netflix - மூன்று இறுதிப் படிகளை நீங்கள் செய்யும் போது மேலும் மூலம் செல்க. இங்கே பதிவுசெய்து முடிக்கவும்: m.netflix.com/bS8y9mSR8k9,ham,ham,,phishing,0.88,ham,approved 2026-09-17 (bulk suggestion)
r04827,rehearsal,ඔබේ මුදල්-ළුය දැක්කා 500 රුපියය - ඔබේ මුදල වැනි දීම සැමදායක් කිරීම සඳහා ක්‍රිප්ටය යවන්න.GO කියන අතර 86688 ට එළවළු නැගෙන ගන්න. 150p/msg වගේ බේස්මයක්  සන්නස්වීම කරන්න. සෝප්පානුව 08718720201 HG/Suite342/2Lands Row/W1J6HL,spam,spam,,phishing,0.88,phishing,approved 2026-09-17 (bulk suggestion)
r05068,rehearsal,INDOSAT පොයින් සම්මුකත්වය 2013 සුභ සෑම්කාර්ඩ් +6281571xxxx ස්කාර්ඩ් තත්වය තැඹිලි වී ඇත්තේ. ඊ-ලී ඔබට එය Pin-b89c7h9-මෙවනවා PT.INDOSAT වෙත ප්‍රමාදු වෙයි. තොරතුරු සඳහා කියවන්න www.infoindosatpoin.webs.com.,spam,spam,,phishing,0.88,phishing,approved 2026-09-17 (bulk suggestion)
r05452,rehearsal,"Maaf, saya tidak bisa membuka tautan yang dipersingkat. Apakah ada sesuatu yang bisa saya bantu?",spam,remove,decision4_translator_note,ham,0.88,remove,approved 2026-09-17 (bulk suggestion)
r05516,rehearsal,"Кто-то обратился в наш службу знакомств и ввел ваш номер телефона, потому что им нравитесь! Чтобы узнать, кто это, позвоните с городского телефона по номеру 09058098002. PoBox1, W14RG 150p",spam,spam,,phishing,0.88,phishing,approved 2026-09-17 (bulk suggestion)
r05807,rehearsal,Sudah memiliki ponsel selama 11 bulan atau lebih? Anda berhak untuk memperbarui ke ponsel warna terbaru dengan kamera secara gratis! Hubungi Perusahaan Pembaruan Ponsel Gratis di nomor 08002986030.,spam,spam,,phishing,0.88,phishing,approved 2026-09-17 (bulk suggestion)
r06645,rehearsal,"வாழ்த்துக்கள், உங்களுக்கு Virgin Records இலிருந்து ஒரு ஆண்டு வழங்கப்பட்டும் ஏற்கனவே அறை விருப்பத்தில் உள்ள CDs ஒன்று அல்லது ரகசிய பரிசு பெற உடனடியாக அழையவும் 09061104283 Ts&Cs www.smsco.net £1.50pm சரியான 3 நிமிடங்கள் எம்பிரர்கள்.",spam,spam,,phishing,0.88,phishing,approved 2026-09-17 (bulk suggestion)
r02806,rehearsal,"வணக்கம், உங்கள் Voicespin MegaMarkets கணக்கு இருப்பு 1954.36 ஆகும். அதை விரைவில் நிர்வஹிக்க நீங்கள் நிரூபிக்கவும், உடனடியாக அதை நிர்வாகிக்க வருவதில் கிட்ரெட் வரம்பை உடைத்து விலக வேண்டும்.",ham,ham,,phishing,0.87,ham,approved 2026-09-17 (bulk suggestion)
r05659,rehearsal,அவசரம்! லேண்ட்லைன் மூலம் 09061743b11 எண்ணை அழையவும். உங்கள் abta இலவசமாக இருந்து 4* டெனெரிஃபே ஹாலிடே அல்லது £5000 பணம் சம்பாதிக்கக்கூடியது sаe டி&சி box е26 cw2swх 150ppm,spam,spam,,phishing,0.87,phishing,approved 2026-09-17 (bulk suggestion)
r05987,rehearsal,ඉගෙරින්! ඔබගේ ජංගම දුරකථන අර්ධදක්වා £2000 තිබේ. දුරකථන රහිත 09058094455 දෙයකින්. අයිති 3030. නිවේදනය 12 වෙනි කාලයට පමණක් වලින්න,spam,spam,,phishing,0.87,phishing,approved 2026-09-17 (bulk suggestion)
r09100,rehearsal,Dapatkan peningkat ! data seluler 🔗 gratis setiap kali Anda { berlangganan paket ponsel 🎉 baru di ` MobileNet. Hubungi kami | di 800-555-0199 📧 atau kunjungi ? www.mobilenet.com/48 ⚠️,phishing,phishing,,spam,0.87,spam,approved 2026-09-17 (bulk suggestion)
r03759,rehearsal,Netflix - Noch drei weitere Schritte und wir erledigen den Rest. Schließe hier die Anmeldung ab: m.netflix.com/hepyMNxantJ,ham,ham,,phishing,0.86,ham,approved 2026-09-17 (bulk suggestion)
r04967,rehearsal,Декабрь только! У вас уже больше 11 месяцев мобильный телефон? Вы имеете право обновиться до последнего цветного камерного мобильного телефона бесплатно! Звоните в The Mobile Update Co по бесплатному номеру 08002986906,spam,spam,,phishing,0.86,phishing,approved 2026-09-17 (bulk suggestion)
r05485,rehearsal,"Congratulazioni! 2 videotelefoni 3G mobili sono tuoi. Chiama ora al 09063458130! Chattare in video con i tuoi amici, giocare a giochi Java, scaricare musica polifonica, noleggio online.",spam,spam,,phishing,0.86,phishing,approved 2026-09-17 (bulk suggestion)
r05694,rehearsal,"T-Mobile வாடிக்கையாளர், இப்போது உங்கள் இலக்கமான உலவி ஃபோனை மற்றும் ஒரு கட்டண் முறை மற்றும் சொத்து அட்டையுடன் கருத்துக்கான செயல் படியை பெற முடியும். 0845 021 3680 என்ற எண்ணில் அழையவும். சலுவை 28 ஆம் பிப்ரவரி முடிகிறது. கட்டுப்படுத்தும் முடிவுகள் சேர்க்கை",spam,spam,,phishing,0.86,phishing,approved 2026-09-17 (bulk suggestion)
r05819,rehearsal,"Qualcuno ha contattato il nostro servizio di incontri e ha inserito il tuo numero di telefono perché gli interessi! Per scoprire chi è, chiama da un telefono fisso al numero 09111030116. PoBox12n146tf15",spam,spam,,phishing,0.86,phishing,approved 2026-09-17 (bulk suggestion)
r06033,rehearsal,"உங்களுக்கு சமீபத்திய நோகியா ஃபோன், 40GB ஐபாட் MP3 ப்ளேயர் அல்லது £500 விருப்பம் உத்தரவாளி! உள்ளீடு வார்த்தை: COLLECT ஐ எண்: 83355 க்கு அனுப்பவும்! IBHltd LdnW15H 150அங்கத்துக்கு/மெஸேஜ்கள்18+ஏமாற்றுநர்கள்",spam,spam,,phishing,0.86,phishing,approved 2026-09-17 (bulk suggestion)
r06712,rehearsal,මෙම එක්වන අතරින් U හි සම්බන්ධතා කිරීමට අපේ 2දෙවැනි උත්සහයය. ඔබගේ YESTERDAY වැනි හැදුනුම තිබෙන දහය ¬£900 තේරීමට තිබේ. අපට අතර කිරීමක් කරන්න දරන්න 09061702893 ද දුරකථනයට දුරකථන කරන්න.,spam,spam,,phishing,0.86,phishing,approved 2026-09-17 (bulk suggestion)
r06751,rehearsal,"¡Felicidades! 1 año de pase especial de cine para 2 es tuyo. ¡Llama ahora al 09061209465! ¡C Suprman V, Matrix3, StarWars3, etc todo GRATIS! bx420-ip4-5we. 150pm. ¡No te lo pierdas!",spam,spam,,phishing,0.86,phishing,approved 2026-09-17 (bulk suggestion)
r06812,rehearsal,මහ නිවේදනය! ඔබට විශ්වාස සහිත £1000 දුපතියක් හෝ £2000 උපන් උප්‍රදේශයක් අයත් කිරීම සඳහා FREEFONE 08006344447 ඇමතුමකට අළුයම කරන්න. සජීවර්ගෙදර හමුවීමට නවුම් දැනටම කරන්න!,spam,spam,,phishing,0.86,phishing,approved 2026-09-17 (bulk suggestion)
r03236,rehearsal,Von Netflix: Hallo insanakamil. Ihr Konto fordert einen temporären Zugangscode an. Bitte besuchen Sie: m.netflix.com/i8YwJyZtgoT,ham,ham,,phishing,0.85,ham,approved 2026-09-17 (bulk suggestion)
r05273,rehearsal,ඔබට ඉස් NOW වෙත මුනුතුන් https://tinyurl.com/8868 ඇද බැරියාගේආගයි.,spam,spam,,phishing,0.85,phishing,approved 2026-09-17 (bulk suggestion)
r05556,rehearsal,قم بتحويل المبلغ إلى بصفحة البنك فقط بإسم المستلم xxx رقم الحساب 7390685xxx، بعد الانتهاء من العملية قم بإرسال رسالة نصية إلى هذا الرقم!,spam,spam,,phishing,0.85,phishing,approved 2026-09-17 (bulk suggestion)
r05864,rehearsal,Ricevi un totale di premi del valore di centinaia di milioni di rupie presso la Città delle 1000 Benedizioni. Come? Clicca su www.murahituim3.com/kota1000berkah Programma fino al 9 agosto 2013.,spam,spam,,phishing,0.85,phishing,approved 2026-09-17 (bulk suggestion)
r06818,rehearsal,رصيدك النقدي حاليًا 500 جنيه استرليني - لزيادة النقد الآن أرسل كلمة COLLECT إلى 83600 بتكلفة 150 بنس للرسالة. الاتصال على: 08718720201 ص.ب 114/14 تي سي آر/دبليو1,spam,spam,,phishing,0.85,phishing,approved 2026-09-17 (bulk suggestion)
r02004,rehearsal,"<#> කෝඩ් එයට පිවිසෙන්නේ OTP 3776. කොනාගේ යළුට සහාදනා කරන්න, මාත් Gojek කරන යන්න හා සහය ඇය අනුව Gojek කොනා බලා සහාදේ්නාවෙ#. ග ූසීඅ#ණවැඒඑයට වලවු.NUM71yJif3H\",ham,ham,,phishing,0.84,ham,approved 2026-09-17 (bulk suggestion)
r03658,rehearsal,"හායි, ඔබගේ Voicespin MARGIN_ONE_SERVICES_LTD ගිණුමේ ෮රගත වීම -15114.96 වේ. ASAP ලා හෝ ඒගත්ත එක්කත් ඔබගේ වටිනාකම ප්‍රමවී දෙනවා වාර්තා*ඩන්, සී.ටයි.඄.පෙ.ම්‌ කරන්නේ වේ නම් සක්‍රියව ඒ සීඩ් ඉක්මණ් වෙනස් කරමු වේයි පුළුවන්ද?",ham,ham,,phishing,0.84,ham,approved 2026-09-17 (bulk suggestion)
r04503,rehearsal,"<Inoltrato da 21870000>Ciao, questo è l'avviso SMS della tua casella di posta. Hai 4 messaggi. Hai 21 corrispondenze. Per favore, richiama il 09056242159 per recuperare i tuoi messaggi e le corrispondenze.",spam,spam,,phishing,0.84,phishing,approved 2026-09-17 (bulk suggestion)
r04861,rehearsal,කරුණාකර 10ට පසු 9ටදී 0800 169 6031 දරණ සේවා නම්ත ඇමතුම් එක සඳහා එක් විදේශගත කරනලද ¬£1000 හෝ ¬£5000 භාණ්ඩයක් ලැබුවාද ඔබට!,spam,spam,,phishing,0.84,phishing,approved 2026-09-17 (bulk suggestion)
r06119,rehearsal,"தொடர்புக்கான விரைவில் அழைக்கவும்! உங்கள் abta இலவச 4* ஸ்பானிஷ் விடுகதை அல்லது £i0,ο0o பணம் சம்பந்தப்பட்டுத்தர வேண்டும் sae நியமனங்கள் box 47 po19 2еz 1s0рpm 1b+",spam,spam,,phishing,0.84,phishing,approved 2026-09-17 (bulk suggestion)
r06429,rehearsal,OFFER: Ваш текущий денежный баланс составляет 500 фунтов - для максимизации своих наличных отправьте GO на 86688 всего 150р/сообщение. Код: 08718720201 ПО Ящик 114/14 TCR/W1,spam,spam,,phishing,0.84,phishing,approved 2026-09-17 (bulk suggestion)
r06753,rehearsal,වැඩි පාරම්පරිකයන්ට ඇති වියැ £1500 බෝනල් දින 09066364589 ඇතුළත් කරමි,spam,spam,,phishing,0.84,phishing,approved 2026-09-17 (bulk suggestion)
r08762,rehearsal,"கூடிய தொலைபேசி கொண்டு உங்களுக்கு இலவச மொபைல் தரவு பூஸ்டரை பெறுங்கள், MobileNet இல் புதிய தொலைபேசி திட்டத்துடன். எங்களை 800-555-0199 எடுத்து அல்லது www.mobilenet.com/44 என்ற இணையதளத்தில் சந்திக்கவும்.",phishing,phishing,,spam,0.84,spam,approved 2026-09-17 (bulk suggestion)
r04466,rehearsal,PERINGATAN Union Kredit Federal: Kartu Kredit Anda telah dikunci sementara. Harap hubungi layanan kartu di (786) 319-4482,spam,spam,,phishing,0.83,phishing,approved 2026-09-17 (bulk suggestion)
r04680,rehearsal,PROMO: https://goo.gl/782829,spam,remove,decision4_bare_link,spam,0.83,remove,approved 2026-09-17 (bulk suggestion)
r05765,rehearsal,Aktion Nummer: 8714714 - Sie haben einen Städtetrip gewonnen und könnten jeden Woche einen £200 Sommer-Einkaufsbummel gewinnen. Senden Sie STORE an 88039. SkilGme. Teilnahmebedingungen unter 087147403231Winawk! Mindestalter 16 Jahre. £1.50 pro Woche Abonnement.,spam,spam,,phishing,0.83,phishing,approved 2026-09-17 (bulk suggestion)
r06389,rehearsal,"WIN: வணக்கம், உங்கள் பிறந்தநாள் விரைவில் வருகின்றது. பிறந்தநாள் பிறகு கொஞ்சம் பணம் செலுத்தினால் கிரேட் பட்டி 1 கோடியை ரூ.5390-க்கு வாங்கும் போது பிறந்தநாள் பிறகு ரூ.5603 செலுத்த வேண்டும். இருக்கின்றது rml.lu/Cvs559Y24",spam,spam,,phishing,0.83,phishing,approved 2026-09-17 (bulk suggestion)
r06448,rehearsal,قام شخص ما بالاتصال بخدمة المواعدة الخاصة بنا وأدخل رقم هاتفك لأنهم مهتمون بك! لمعرفة من هو، اتصل من هاتف أرضي على الرقم التالي 09111032124. ص.ب 12n146tf150p,spam,spam,,phishing,0.83,phishing,approved 2026-09-17 (bulk suggestion)
r06747,rehearsal,"Sebagai pelanggan terdaftar, Anda akan masuk ke undian untuk mendapatkan voucher hadiah senilai ¬£100 setelah Anda mengirimkan jawaban yang benar ke 80062. Apa yang menjadi nomor 1 di tangga lagu BBC?",spam,spam,,phishing,0.83,phishing,approved 2026-09-17 (bulk suggestion)
r06759,rehearsal,+123 සුබපතා - මේ සතියේ ප්‍රතිඵල £1450 සහිත ප්‍රතිඵලයක් ඔබට ස්ථානගත කිරීමට 09050002311 b4280703 ට ඇමතුම් කරන්න. T&Cs/අවසන් SMS 08718727868. 18 ට වඩා වැඩියිනයන් සඳහා සී.ඔ.ස් ස්ථිත්හිතයන්ය 150ට සහිතය.,spam,spam,,phishing,0.83,phishing,approved 2026-09-17 (bulk suggestion)
r06825,rehearsal,ඔබගේ 2004 ගිනුම 07XXXXXXXXX සතුයි 786 අභාවපත් ලැබේ. නිවැරදි කිරීම සඳහා 08719181259 කෙනෙකු ඇතුලු කරන්න හිතයි: XXXXX නාමාව: 26.03.05,spam,spam,,phishing,0.83,phishing,approved 2026-09-17 (bulk suggestion)
r02529,rehearsal,"SHOPEE: Il y a une tentative d'ajout de compte bancaire à votre compte. Si c'est bien vous, cliquez sur ce lien pour continuer: shopee.co.id/dlink/verify/link?q=e4MR9",ham,ham,,phishing,0.82,ham,approved 2026-09-17 (bulk suggestion)
r02889,rehearsal,"வணக்கம், உங்கள் Voicespin MARGIN_ONE_SERVICES_LTD கணக்கு இல்லை -9711.68. ASAP இல் அதை நிகர்த்துவிக்க பெரும்பாலான நேரத்தில் நிகர்த்திக்க அது கிரெடிட் உயர்ச்சார அடையாளமாகும்.",ham,ham,,phishing,0.82,ham,approved 2026-09-17 (bulk suggestion)
r04441,rehearsal,"<Reenviado desde 21870000> Hola, este es tu alerta de mensaje de texto del buzón de correo. Tienes 4 mensajes. Tienes 21 coincidencias. Por favor, llama al 09056242159 para recuperar tus mensajes y coincidencias.",spam,spam,,phishing,0.82,phishing,approved 2026-09-17 (bulk suggestion)
r05067,rehearsal,OFFER: https://bit.ly/10589,spam,remove,decision4_bare_link,spam,0.82,remove,approved 2026-09-17 (bulk suggestion)
r05173,rehearsal,"¡Felicidades! 2 * teléfonos móviles 3G con 🏦 videollamadas 💸 son tuyos. ¡Llama ahora al 09063458130! + Videochatea con tus amigos, juega 🎁 juegos de Java, descarga música > polifónica, ) sin < alquiler ) en línea.",spam,spam,,phishing,0.82,phishing,approved 2026-09-17 (bulk suggestion)
r05432,rehearsal,"Promotionsnummer: 8714714 - Du hast einen City-Break gewonnen und könntest JEDE WOCHE einen £200 Sommer-Einkaufsbummel gewinnen. Sende den Text STORE an 88039. SkilGme. TsCs087147403231Winawk! Alter 16, £1.50 pro Woche Abonnement",spam,spam,,phishing,0.82,phishing,approved 2026-09-17 (bulk suggestion)
r07277,rehearsal,එවිට අගයා ඇඳුම පාද කරනු ලබනු: http://ffnst.com/7DH105,phishing,phishing,,spam,0.82,phishing,approved 2026-09-17 (bulk suggestion)
r04536,rehearsal,"Maaf, saya tidak dapat membuka tautan singkat atau meluncurkan aplikasi pihak ketiga. Apakah ada yang bisa saya bantu dengan informasi lainnya?",spam,remove,decision4_translator_note,ham,0.81,remove,approved 2026-09-17 (bulk suggestion)
r05309,rehearsal,"Numéro de promotion : 8714714 - Vous avez gagné une escapade en ville et vous pourriez GAGNER une virée shopping d'été de 200 £ chaque semaine. Envoyez DÉPÔT au 88039. SkilGme. CGV 087147403231Pour gagner ! À partir de 16 ans, 1,50 £ par abonnement par semaine",spam,spam,,phishing,0.81,phishing,approved 2026-09-17 (bulk suggestion)
r05311,rehearsal,بلومبرغ - مركز الرسائل +447797706009 لماذا تنتظر؟ قدّم طلب لمستقبلك http://c4reer$.8|0om8erg.com,spam,spam,,phishing,0.81,phishing,approved 2026-09-17 (bulk suggestion)
r05815,rehearsal,"Il tuo saldo contante è attualmente di 500 sterline - per massimizzare il tuo incasso, invia ORA a 83600 solo 150p/messaggio. CC: 08718720201 PO BOX 114/14 TCR/W1",spam,spam,,phishing,0.81,phishing,approved 2026-09-17 (bulk suggestion)
r06081,rehearsal,"WIN: CDs 4u: ඔබට උදාවූ CD ගාස්තු වවරායකයන් ලබා ගත හැකිය කිරීමට හෝ ආශාවට විශ්වාසය කළ විට, නිසා දැනටද 2 දොන් රු. 100 ලෙස මුළු වරටත් ප්‍රවේශ වීමට නොවිමන නොවළෙන මෙහේ සලකුණ ඔබගේ හෝගම එකට මස අභාවප්‍රකට හෝ වර්ඩීය කිරීමට  ඉඩ ලබා ගත හැක. ක්.ව. ක. www.ldew.com1win150ppmx3age16",spam,spam,,phishing,0.81,phishing,approved 2026-09-17 (bulk suggestion)
r06398,rehearsal,"¡Alguien que conoces ha pedido a nuestro servicio de citas que te contacte! ¿No puedes adivinar quién? LLAMA AL 09058095107 AHORA y todo se revelará. POBox 7, S3XY 150p",spam,spam,,phishing,0.81,phishing,approved 2026-09-17 (bulk suggestion)
r06565,rehearsal,உங்களுக்கு 1 புதிய செய்தி உள்ளது. 020t-0bе-6o89 எண்களை அழைக்கவும்.,spam,spam,,phishing,0.81,phishing,approved 2026-09-17 (bulk suggestion)
r08581,rehearsal,නව දුරකථන සැලසුමක් සමග නොමිලෝ mobile data booster එකක් ලබාදෙන්න MobileNet හි 800-555-0199 ට අප වෙත ඇමතු‍න් හෝ www.mobilenet.com/55 වෙත පිවිස්වන්න.,phishing,phishing,,spam,0.81,spam,approved 2026-09-17 (bulk suggestion)
r04140,rehearsal,Netflix - еще три шага и мы сделаем все остальное. Завершите регистрацию здесь: m.netflix.com/kyfnMGNivVB,ham,ham,,phishing,0.8,ham,approved 2026-09-17 (bulk suggestion)
r04409,rehearsal,"Вам гарантирован современный телефон Nokia, MP3-плеер iPod на 40 ГБ или приз в размере £500! Отправьте слово COLLECT на номер 83355! IBHltd LdnW15H 150р/за сообщение получено18",spam,spam,,phishing,0.8,phishing,approved 2026-09-17 (bulk suggestion)
r05079,rehearsal,PROMO: අද පමණයි!!! ඔබ ඉදිරිපස 200 MB නිපැය 3ක් ලබා ගත්තේ එයට 1000 ක් සහ මුල් මුල්දරයාගැනිවීමක්. කරුණාකර මෙහෙයවීමට සේ කියාපිටකයයි. අතවශ්‍යයාව අදාළ කාරණය සමග TL049B,spam,spam,,phishing,0.8,phishing,approved 2026-09-17 (bulk suggestion)
r05664,rehearsal,"ВЫ ИДЕТЕ В БАГАМЫ! Позвоните по бесплатному телефону 08081560665 и поговорите с оператором, чтобы получить либо круиз на Багамы, либо £2000 наличными только для лиц старше 18 лет. Чтобы отказаться, отправьте текст X на 07786200117",spam,spam,,phishing,0.8,phishing,approved 2026-09-17 (bulk suggestion)
r05869,rehearsal,இன்றைய வோடா எண்கள் 1225 என்று முடிவுக்கான சீர்திருத்தம் £50ஒழிய தேர்ந்தெடுக்கப்பட்டுள்ளது. உங்களின் இலக்கை இலவசமாக 08712300220 எண்க்கு அழைக்கவும் குறியீடு குறியீடு 3100 ச்டாண்டர்ட் விலைகளை பயன்படுத்தவும்.,spam,spam,,phishing,0.8,phishing,approved 2026-09-17 (bulk suggestion)
r06384,rehearsal,"අපේක්ෂ! ඔබගේ ඉස්ක්ලැන්ඩ්වකින් 09066350750 සිට ඇධ්යන්න. ඔබගෙන් ව්‍යාපෘත 4* ඉබිසා දිවි හෝ 10,000 මුදල් ලබා ගැනීමට පිළිගත වේ SAE T&Cs PO BOX 434 SK3 8WP 150 ppm 18+",spam,spam,,phishing,0.8,phishing,approved 2026-09-17 (bulk suggestion)
r06450,rehearsal,"தொடர்புக்கான விரைவில் அழைக்கவும்! உங்கள் ABTA இலவச 4* ஸ்பானிஷ் விடுகதை அல்லது £10,000 பணம் சம்பந்தப்பட்டுத்தர வேண்டும் SAE நியமனங்கள் BOX 47 PO19 2EZ 150ppm 18+",spam,spam,,phishing,0.8,phishing,approved 2026-09-17 (bulk suggestion)
r06543,rehearsal,"டிசம்பர் மாதம் மட்டும்! உங்கள் மொபைலை 11 மாதங்கள் மேல் கொண்டிருந்தால், உங்களுக்கு செல் உபதேகனமான சமீபத்திய நிற கேமரா மோபைல் இலவசமாக புதுப்பிக்க உங்களுக்கு உரியும்! செல் தி மொபைல் அப்டேட் கோ இன் இலவசமாக 08002986906 என்னுடன் தொடர்பு கொள்ளவும்!",spam,spam,,phishing,0.8,phishing,approved 2026-09-17 (bulk suggestion)
r04583,rehearsal,"fél!c1t@tions! un p4s5 c!néma $pécial d'un an pour 2 v0us apparti3nt. app3lez maint3nant le 09061209465! c suprman v, matrix3, starwars3, etc tout c3la gr4tuitement! bx420-ip4-5we. 150pm. n3 manque2 p45!",spam,spam,,phishing,0.79,phishing,approved 2026-09-17 (bulk suggestion)
r02525,rehearsal,مرحبًا، رصيد حسابك في Voicespin StockTradeGlobal هو -1873.02. مالم تقم بشحنه على الفور، فسوف يصل إلى الحد الأقصى للائتمان وسوف يتم حظره تلقائيًا.,ham,ham,,phishing,0.78,ham,approved 2026-09-17 (bulk suggestion)
r04319,rehearsal,"வணக்கம், உங்கள் Voicespin StockTradeGlobal கணக்கு இருப்பு -1873.02 ஆகும். நீங்கள் அதிகரிக்க ASAP செய்யாதால் கடன் வரம்பை அளித்து அது தானாக முடக்கப்படும்",ham,ham,,phishing,0.78,ham,approved 2026-09-17 (bulk suggestion)
r04577,rehearsal,Ваш текущий денежный баланс составляет 500 фунтов - для максимизации своих наличных отправьте GO на 86688 всего 150р/сообщение. Код: 08718720201 ПО Ящик 114/14 TCR/W1,spam,spam,,phishing,0.78,phishing,approved 2026-09-17 (bulk suggestion)
r04814,rehearsal,Se le ha otorgado £50 para jugar por dinero en efectivo al instante. Llame al 08715203028 para reclamar. CADA 9º jugador gana un mínimo de £50 a £500. Optar por salir 08718727870.,spam,spam,,phishing,0.78,phishing,approved 2026-09-17 (bulk suggestion)
r04996,rehearsal,"Ponsel Nokia terbaru atau Pemain MP3 iPOD + hadiah ¬£400 DIPASTIKAN! Balas dengan: MENANG ke 83355 sekarang! Norcorp Ltd. ¬£1,50/Pesansompditerima18+",spam,spam,,phishing,0.78,phishing,approved 2026-09-17 (bulk suggestion)
r05231,rehearsal,"Кто-то, кого ты знаешь, попросил нашу службу знакомств связаться с тобой! Не можешь догадаться кто? ПОЗВОНИ 09058091854 СЕЙЧАС, все будет раскрыто. А/Я 385 М6 6WU",spam,spam,,phishing,0.78,phishing,approved 2026-09-17 (bulk suggestion)
r06346,rehearsal,"Félicitations ! 2 téléphones vidéo 3G mobile vous appartiennent. Appelez maintenant le 09061744553 ! Discutez en vidéo avec vos amis, jouez à des jeux Java, téléchargez de la musique polyphonique, location en ligne sans fil. bx420. ip4. 5we. 150pm",spam,spam,,phishing,0.78,phishing,approved 2026-09-17 (bulk suggestion)
r01947,rehearsal,"හායි, ඔබේ Voicespin Test_Keykloack_2 ගිණුමේ හෝ මුදලක් 216.9 වේ. ASAP වෙත එකතු කරන්නේ නැතිවීම්කිරීමට එනපුරාම සැකසීම වෙනුවෙන් එක් කරනෙමි සහ බ්ලොක් වේගයෙනින් සුන්දර වේගොඩ වේග කරනවා.",ham,ham,,phishing,0.77,ham,approved 2026-09-17 (bulk suggestion)
r01995,rehearsal,عندما تضع فقط علامة الزائد +، اختر رقمي وسيظهر الرقم السري، صحيح؟,ham,ham,,phishing,0.77,ham,approved 2026-09-17 (bulk suggestion)
r03650,rehearsal,Netflix - மூன்று இடங்கள் மேல் போதும் முழுமையாக முடியும். இங்கு பதிவு செய்வதை முடிக்கவும்: m.netflix.com/eSq7uM97DW1,ham,ham,,phishing,0.77,ham,approved 2026-09-17 (bulk suggestion)
r06357,rehearsal,ඔබේ නම සහ ලිපිනගත්තා පිළිබද ව්‍යාව ලබාදෙනු ඇත්දැයි පිළිසුණු පිළිවූ ජාතික තැපැල වලින් වසාකියාමද? ජාතික තැපැල: 08700435505150පී,spam,spam,,phishing,0.77,phishing,approved 2026-09-17 (bulk suggestion)
r09036,rehearsal,ටර්මිනල්වට ඇඩ්ස්ං ඇරගතහැකි පැකෙටඑක: http://ffnst.com/7DH56,phishing,phishing,,spam,0.77,phishing,approved 2026-09-17 (bulk suggestion)
r02418,rehearsal,"ඇප් ඇර් සංකීර්කරණය #1339068. තහවුරු සදහා කරුණාකිරීම ලබා දෙන්න central@csdep.net ඊමේල් එකෙන්.
ආයෙත් මොනිකා හොෆ්මාන්. දුරකතන අංක: +44 151 832 0580",ham,ham,,phishing,0.76,phishing,approved 2026-09-17 (bulk suggestion)
r02986,rehearsal,Netflix - Tiga langkah lagi dan kami akan melakukan sisanya. Selesaikan pendaftaran di sini: m.netflix.com/cKjDClgIORh,ham,ham,,phishing,0.76,ham,approved 2026-09-17 (bulk suggestion)
r04057,rehearsal,"Netflix - Еще три шага, и мы сделаем все остальное. Завершите регистрацию здесь: m.netflix.com/fufsRKpW6Zp",ham,ham,,phishing,0.76,ham,approved 2026-09-17 (bulk suggestion)
r04433,rehearsal,ජවහන්සි වලට වැඩියෙන්නේ උසස් කල සංරක්‍ෂියා අනුව වැඩිවුනු නොවේ. ඔබේ උපන්දිනට පස්සේ 1 පස්සේ ජවහන්සි කල් රු. 5390 හෝ පස්සේ ගන්න. අයියාව එකේ අයියා rml.lu/KQgkgv21කිරීමට වීමකි.,spam,spam,,phishing,0.76,phishing,approved 2026-09-17 (bulk suggestion)
r04486,rehearsal,win838 now! click goo.gl/xyz 70 c|@im!,spam,spam,,phishing,0.76,phishing,approved 2026-09-17 (bulk suggestion)
r04513,rehearsal,"У вас есть секретный поклонник, который хочет связаться с вами - узнайте, кто они. Раскройте, кто считает вас таким особенным. Позвоните по номеру 09058094599.",spam,spam,,phishing,0.76,phishing,approved 2026-09-17 (bulk suggestion)
r04852,rehearsal,Aviez-vous votre mobile depuis 11 mois ou plus ? Vous avez le droit de mettre à jour vers les derniers mobiles couleur avec appareil photo gratuitement ! Appelez la société de mise à jour mobile au 08002986030.,spam,spam,,phishing,0.76,phishing,approved 2026-09-17 (bulk suggestion)
r05499,rehearsal,"Herzlichen Glückwunsch, 2 mobile 3G Videotelefone gehören Ihnen. Rufen Sie jetzt 09063458130 an! Videochat mit Ihren Freunden, spielen Sie Java-Spiele, laden Sie Polyphonic-Musik herunter, ohne Mietgebühren. Bx420. Ip4. 5we. 150p.",spam,spam,,phishing,0.76,phishing,approved 2026-09-17 (bulk suggestion)
r05624,rehearsal,"உங்கள் இருப்பு இப்போது £600 ஆகும். அடுத்த கேள்வி: மண்ணின் முக்கியமான, பிக், A. பாப், B. பேரிய் அல்லது C. பென் என்பதை முழுமையாக நிறைவேற்கவும். எண் 83738 க்கு A, B அல்லது C என்பதை அனுப்பவும். வாழ்த்துக்கள்!",spam,spam,,phishing,0.76,phishing,approved 2026-09-17 (bulk suggestion)
r06284,rehearsal,(رقم الهوية الخاص بك 2773838383 https://goo.gl/782858),spam,spam,,phishing,0.76,phishing,approved 2026-09-17 (bulk suggestion)
r06356,rehearsal,"ආයුබෝවන් කෝකාර් ගොවත්මකිවායි, මෙතනින් මෙම සතියිනි ප්‍රිදෙනකයෙන් ඉලේට්.http://www.e-tlp.co.uk/reward. සහිත. ඇගනුම් සහිත. ශේලිය්බෝක්ෂි දුරගයෙන් වේතතේ විරෝධට.",spam,spam,,phishing,0.76,phishing,approved 2026-09-17 (bulk suggestion)
r03348,rehearsal,"Buongiorno. Si prega di pagare il suo ordine numero 1337468. Tutte le informazioni sono state inviate via e-mail. Cordiali saluti, Monika Hoffmann E-Mail: central@csdep.net.",ham,ham,,phishing,0.75,phishing,approved 2026-09-17 (bulk suggestion)
r06003,rehearsal,"தொடர்புக்கான விரைவில் அழைக்கவும்! உங்கள் abta இலவச 4* ஸ்பானிஷ் விடுகதை அல்லது £10,000 பணம் சம்பந்தப்பட்டுத்தர வேண்டும் sa3 நியமனங்கள் box 47 po19 2ez 150ppm 18+",spam,spam,,phishing,0.75,phishing,approved 2026-09-17 (bulk suggestion)
r06609,rehearsal,لديك معجب سري يسعى للتواصل معك - اكتشف من هم * كشف هوية الشخص الذي يعتبرك خاصًا - اتصل بالرقم 09058094597,spam,spam,,phishing,0.75,phishing,approved 2026-09-17 (bulk suggestion)
r02436,rehearsal,"Halo, saldo akun Voicespin MARGIN_ONE_SERVICES_LTD Anda adalah -12947.89. Kecuali Anda mengisinya SEGERA, saldo akan mencapai batas kredit dan akan diblokir.",ham,ham,,phishing,0.74,ham,approved 2026-09-17 (bulk suggestion)
r02985,rehearsal,"வணக்கம், உங்கள் Voicespin INTENDA_GROUP_LIMITED கணக்கு இருப்பு 25.36 ஆகும். ASAP ஆக்கி அதை நிறுத்தவும் வேண்டும், ஒருமைச்சத்தில் அது கிரெடிட் வரம்பை அடைய வேண்டும் மற்றும் அது தடுப்படும் au",ham,ham,,phishing,0.74,ham,approved 2026-09-17 (bulk suggestion)
r03801,rehearsal,Netflix - மூன்று மெட்டிகள் மீது ஹடாயம் செய்ய வேண்டும். இங்கே பதிவு செய்வதற்கு முடியும்: m.netflix.com/cA8oCtodPMb,ham,ham,,phishing,0.74,ham,approved 2026-09-17 (bulk suggestion)
r04226,rehearsal,"<#> Пожалуйста, введите 156983 в LINE в течение 30 минут.\
JFoQLtyexga",ham,ham,,phishing,0.74,ham,approved 2026-09-17 (bulk suggestion)
r04618,rehearsal,"Sorry, but I can't open shortened URLs. If you need help with something else, feel free to ask!",spam,remove,decision4_translator_note,ham,0.74,remove,approved 2026-09-17 (bulk suggestion)
r05032,rehearsal,Grazie per il tuo continuo supporto. La tua domanda di questa settimana ti permetterà di partecipare al nostro sorteggio di £100 in contanti. Qual è il nome del NUOVO Presidente degli Stati Uniti? Rispondi con un messaggio al numero 80082.,spam,spam,,phishing,0.74,phishing,approved 2026-09-17 (bulk suggestion)
r05092,rehearsal,நான் ஏராக்கம் மற்றும் கொடுமையுடன் உள்ளே வசிக்கிறேன் - எனது பதிலுக்கு உங்களிடம் நேரடியாக பதில் அனுப்பவும் 150 ரூபா அஞ்சலுக்கு நெட்கொலெக்ஸ் லிமிடெட் ஹெல்ப்டெஸ்க்: 02085076972 எனும் இலக்கைஅனுப்பியது நிறுத்து என்னுடன் நிறைவேற்க.,spam,spam,,phishing,0.74,phishing,approved 2026-09-17 (bulk suggestion)
r05349,rehearsal,අපට හරි! කරුණාකර ලැන්ඩ්ලයින්සෙලෙපිකම්සේ 09061213237 ඇමතුගෙන දීමට යක්ෂය. මුදල් ¬£5000 හෝ 4* හෝලි ගොවන් ඒකකට මෙහෙයුම පරීක්ෂා කිරීමට අයිතිකරණ භාවිතය සහිත ව්‍යාවොප සහත් PO Box 177 M227XY. 16+,spam,spam,,phishing,0.74,phishing,approved 2026-09-17 (bulk suggestion)
r05550,rehearsal,Il tuo saldo contante è attualmente di 500 sterline - per massimizzare il tuo incasso ora invia GO al 86688 solo 150p/messaggio. CC 08718720201 HG/Suite342/2Lands Row/W1J6HL,spam,spam,,phishing,0.74,phishing,approved 2026-09-17 (bulk suggestion)
r03900,rehearsal,"Se sei ancora sveglio, forse lascia la carta di credito così posso fare benzina quando torno come mi ha detto di fare",ham,ham,,phishing,0.73,ham,approved 2026-09-17 (bulk suggestion)
r03915,rehearsal,"Netflix - Еще три шага, и мы сделаем все остальное. Завершите регистрацию здесь: m.netflix.com/c2nYsTobVIr",ham,ham,,phishing,0.73,ham,approved 2026-09-17 (bulk suggestion)
r04732,rehearsal,"Поздравляем, вам предоставляется на выбор: годовой запас компакт-дисков от Virgin Records или гарантированный Сюрпризный Подарок. Звоните по номеру 09061104283. Условия и положения на www.smsco.net. Стоимость звонка около £1.50 в месяц, примерно 3 минуты.",spam,spam,,phishing,0.73,phishing,approved 2026-09-17 (bulk suggestion)
r05074,rehearsal,Мы пытались связаться с вами относительно вашего ответа на наше предложение о новом телефоне Nokia и видеокамере. Ответьте или позвоните по номеру 08000930705 для доставки.,spam,spam,,phishing,0.73,phishing,approved 2026-09-17 (bulk suggestion)
r05564,rehearsal,පෞද්ගලික සේවා දැන්වීම. ඔබට අපේ අසවැක්ෂණය බස් එලී කර ඇත. කරුණාකර 07046744435 දුරංගනාව සැකසීමට දුන්න.,spam,spam,,phishing,0.73,phishing,approved 2026-09-17 (bulk suggestion)
r05836,rehearsal,"Estimado titular del cupón, reclame sus pases de sala VIP de primera clase al utilizar su cupón de vacaciones, llame al 08704439680. Al hacer la reserva, mencione ""primera clase x 2"".",spam,spam,,phishing,0.73,phishing,approved 2026-09-17 (bulk suggestion)
r05676,rehearsal,NATAL akan segera tiba & Anda diberikan hadiah berupa voucher hadiah CD senilai ¬£500 dan akses gratis ke undian mingguan senilai ¬£100. Kirimkan pesan dengan teks MUSIK ke 87066 Syarat & Ketentuan www.Ldew.com1win150ppmx3age16subscription,spam,spam,,phishing,0.72,phishing,approved 2026-09-17 (bulk suggestion)
r02036,rehearsal,"ஹலோ, உங்கள் Voicespin Test_Keykloack_2 கணக்கின் இருப்பு 216.9 ஆகும். அதை ASAP ஏக்கவில்லையாம் என்றால் கிரெடிட் வரிக்கு அனுமதி எடுக்கப்பட்டு தடை செய்யப்படும்",ham,ham,,phishing,0.71,ham,approved 2026-09-17 (bulk suggestion)
r05643,rehearsal,إذا تواصل معك شخص تعرفه عبر خدمة المواعدة الخاصة بنا! لمعرفة هويته، اتصل عبر الهاتف الثابت على الرقم 09050000878. صندوق بريد 45W2TG150P.,spam,spam,,phishing,0.71,phishing,approved 2026-09-17 (bulk suggestion)
r06164,rehearsal,Congratulations ur awarded 500 of CD vouchers or 125gift guaranteed & Free entry 2 100 wkly draw txt MUSIC to 87066 TnCs www.Ldew.com1win150ppmx3age16,spam,spam,,phishing,0.71,phishing,approved 2026-09-17 (bulk suggestion)
r06482,rehearsal,අන්තර්ජාල ෆූට්බෝෆෝල් ඔදුන ඔබට ආරක්ෂිතා පැරණිත් ESPN නොවේ. වික්‍රමසිංහල ප්‍රතිශ්රේඛ ඇරඹීම සදහා ESPN වෙත තැපැල් කරන්න.,spam,spam,,phishing,0.71,phishing,approved 2026-09-17 (bulk suggestion)
r06838,rehearsal,FROM 88066 LOST Â£12 HELP,spam,spam,,phishing,0.71,phishing,approved 2026-09-17 (bulk suggestion)
r02669,rehearsal,"Guten Tag. Bitte bezahlen Sie Ihre Bestellung Nr. 1337468. Alle Informationen wurden per E-Mail verschickt. 
MFG, Monika Hoffmann
E-Mail: central@csdep. net.",ham,ham,,phishing,0.7,phishing,approved 2026-09-17 (bulk suggestion)
r03093,rehearsal,"Hello, your Voicespin COSMETICS_GROUP_COMPANY account balance is -498.17. Unless you fill it up ASAP it will reach the credit limit and it will be blocke",ham,ham,,phishing,0.7,ham,approved 2026-09-17 (bulk suggestion)
r04665,rehearsal,"Cliente de T-Mobile, ahora puedes reclamar tu actualización GRATUITA a un teléfono con cámara y una tarjeta SIM de prepago por tu lealtad. Llama al 0845 021 3680. La oferta finaliza el 28 de febrero. Se aplican términos y condiciones.",spam,spam,,phishing,0.7,phishing,approved 2026-09-17 (bulk suggestion)
r06233,rehearsal,آسف! على فاتورة القسط لهذا الشهر يجب الدفع من خلال السيد يوجي، رقم الهاتف: 08562115779، لأنه تم التفويض بالفعل.,spam,spam,,phishing,0.7,phishing,approved 2026-09-17 (bulk suggestion)
r06286,rehearsal,Selamat Anda telah mendapatkan BONUS pulsa Rp 100.000 ke sesama Indosat Ooredoo berlaku 3 hari dan Poin senyum Anda bertambah. Cek bonus *557*8#,spam,spam,,phishing,0.7,phishing,approved 2026-09-17 (bulk suggestion)
r06528,rehearsal,අත්අය! අපි U හට සම්බන්ධ කිරීමට උදේ. අදින සීමාව ප්‍රදානතම චුර 2000 රුපියල් සහිතයි මාලාව. ලැන්ඩ් රේකයිස් සිට දුරස් 09058094507 ට ඇමතුමක් කරන්න. අපට ඉඩලත් 3030. භෞතිකත්වය 12 ක පමණක් සංවාදයයි.,spam,spam,,phishing,0.7,phishing,approved 2026-09-17 (bulk suggestion)
