id,pool,text,label
n00000,notice_pair_lure,Ninja Xpress: paket 670308609966 gagal dikirim karena alamat tidak lengkap. Konfirmasi di sini: ninjaxpress-portal-login.cc,phishing
n00001,notice_pair_legit,Ninja Xpress: paket 670308609966 gagal dikirim dan menunggu di gerai selama 7 hari.,ham
n00002,notice_pair_lure,"Banca Sella: per bloccare il bonifico appena fermato, rispondi con il codice 71072.",phishing
n00003,notice_pair_legit,Banca Sella: 71072 è il tuo codice di accesso. Non te lo chiederemo mai.,ham
n00004,notice_pair_lure,"Spotify: Ihr Abo verlängert sich heute für 1.99 €, wenn Sie nicht kündigen. Abbuchung stoppen: shorturl.at/9vubeq",phishing
n00005,notice_pair_legit,Spotify: Ihr Abo verlängert sich am 28. für 1.99 €. Verwalten Sie es in der App oder auf spotify.de.,ham
n00006,notice_pair_lure,"Совкомбанк: не удалось подтвердить ваши данные, интернет-банк заблокирован. Восстановите доступ за 24 часа: service-portal-login.cc",phishing
n00007,notice_pair_legit,Совкомбанк: в воскресенье с 02:00 до 05:00 интернет-банк будет недоступен из-за техработ.,ham
n00008,notice_pair_lure,Denizbank: 9394 ile biten kartınızdan yeni bir üye iş yerine 67 TL ödeme onaylandı. Buradan iptal edin: is.gd/9ceqmz,phishing
n00009,notice_pair_legit,Denizbank: 9394 ile biten kartınızdan 67 TL tutarında işlem yapıldı. Tanımıyorsanız kartınızın arkasındaki numarayı arayın.,ham
n00010,notice_pair_lure,سمسا: الطرد 0647390579 محتجز بسبب رسوم جمركية 19.99 ريال. ادفع للإفراج عنه: service-portal-login.cc,phishing
n00011,notice_pair_legit,سمسا: سيتم تسليم طردك 0647390579 اليوم بين الساعة 14:00 و18:00.,ham
n00012,notice_pair_lure,"Şekerbank: bilgileriniz doğrulanamadı, internet bankacılığınız askıya alındı. 24 saat içinde erişimi açın: cutt.ly/nevt2m",phishing
n00013,notice_pair_legit,Şekerbank: Pazar günü 02:00-05:00 arası internet bankacılığı bakımda olacaktır. İşlem yapmanıza gerek yok.,ham
n00014,notice_pair_lure,AnterAja: paket 872229213800 gagal dikirim karena alamat tidak lengkap. Konfirmasi di sini: anteraja-portal-login.cc,phishing
n00015,notice_pair_legit,AnterAja: paket 872229213800 gagal dikirim dan menunggu di gerai selama 7 hari.,ham
n00016,notice_pair_lure,GLS: pacco 537014082106 non consegnato per indirizzo incompleto. Confermalo qui: shorturl.at/tbh3t8,phishing
n00017,notice_pair_legit,GLS: pacco 537014082106 non consegnato. Resta 7 giorni presso il punto di ritiro.,ham
n00018,notice_pair_lure,"Боксберри: посылка 4180565833 задержана, таможенный сбор 2205 ₽ не оплачен. Оплатите для выдачи: service-id-confirm.site",phishing
n00019,notice_pair_legit,Боксберри: посылка 4180565833 будет доставлена сегодня с 14:00 до 18:00.,ham
n00020,notice_pair_lure,Iberdrola: Ihr Strom wird heute wegen einer offenen Rechnung über 2.45 € abgestellt. Jetzt begleichen: is.gd/wt5ukn,phishing
n00021,notice_pair_legit,Iberdrola: Ihre Stromrechnung über 2.45 € ist am 28. fällig. Zahlung in der App oder auf iberdrola.de.,ham
n00022,notice_pair_lure,"BPER: per bloccare il bonifico appena fermato, rispondi con il codice 565884.",phishing
n00023,notice_pair_legit,BPER: 565884 è il tuo codice di accesso. Non te lo chiederemo mai.,ham
n00024,notice_pair_lure,EDF: your electricity will be cut off today over an unpaid bill of £1.99. Settle now: edf-portal-login.cc,phishing
n00025,notice_pair_legit,EDF: your electricity bill of £1.99 is due on the 28th. Pay in the app or at edf.com.,ham
n00026,notice_pair_lure,"Banque Populaire : pour annuler le virement que nous avons bloqué, répondez avec le code 570666.",phishing
n00027,notice_pair_legit,Banque Populaire : 570666 est votre code de connexion. Nous ne vous le demanderons jamais.,ham
n00028,notice_pair_lure,EDF: 83 TL tutarındaki ödenmemiş fatura nedeniyle elektriğiniz bugün kesilecek. Şimdi ödeyin: cutt.ly/5frzpg,phishing
n00029,notice_pair_legit,EDF: 83 TL tutarındaki elektrik faturanızın son ödeme günü ayın 28'i. Uygulamadan ödeyebilirsiniz.,ham
n00030,notice_pair_lure,MRW: el paquete 829778488677 está retenido por una tasa aduanera de 24.5€. Pague para liberarlo: t.ly/mxutp9,phishing
n00031,notice_pair_legit,MRW: su paquete 829778488677 sale hoy a reparto entre las 14:00 y las 18:00.,ham
n00032,notice_pair_lure,"Bankinter: para detener la transferencia que hemos bloqueado, responda con el código 546967 que le enviamos.",phishing
n00033,notice_pair_legit,Bankinter: 546967 es su código de acceso. Nunca le pediremos que lo comparta.,ham
n00034,notice_pair_lure,Hermes: Paket 553265272020 konnte wegen unvollständiger Adresse nicht zugestellt werden. Hier bestätigen: hermes-billing-update.online,phishing
n00035,notice_pair_legit,Hermes: Paket 553265272020 konnte nicht zugestellt werden und liegt 7 Tage in Ihrer Filiale bereit.,ham
n00036,notice_pair_lure,DPD: pakket 9861642051 is niet bezorgd omdat het adres onvolledig is. Bevestig het hier: dpd-customer-verify.live,phishing
n00037,notice_pair_legit,DPD: pakket 9861642051 is niet bezorgd en ligt 7 dagen klaar in het depot.,ham
n00038,notice_pair_lure,"GLS : le colis 267612295616 est bloqué, frais de douane de 12.4 € impayés. Payez pour le libérer : rb.gy/wnrgm2",phishing
n00039,notice_pair_legit,GLS : votre colis 267612295616 sera livré aujourd'hui entre 14h00 et 18h00.,ham
n00040,notice_pair_lure,Abanca: se aprobó un pago de 24.5€ a un comercio nuevo con la tarjeta terminada en 5228. Cancélelo aquí: abanca-verify-now.top,phishing
n00041,notice_pair_legit,"Abanca: cargo de 24.5€ en su tarjeta terminada en 5228. Si no lo reconoce, llame al número del reverso.",ham
n00042,notice_pair_lure,Audible : votre abonnement se renouvelle aujourd'hui pour 9.9 € sauf annulation. Arrêtez le prélèvement : audible-portal-login.cc,phishing
n00043,notice_pair_legit,Audible : votre abonnement se renouvelle le 28 pour 9.9 €. Gérez-le dans l'application ou sur audible.fr.,ham
n00044,notice_pair_lure,أرامكس: الطرد 820120845353 محتجز بسبب رسوم جمركية 2.45 ريال. ادفع للإفراج عنه: service-portal-login.cc,phishing
n00045,notice_pair_legit,أرامكس: سيتم تسليم طردك 820120845353 اليوم بين الساعة 14:00 و18:00.,ham
n00046,notice_pair_lure,E.ON: سيتم قطع الكهرباء اليوم بسبب فاتورة غير مدفوعة بقيمة 19.99 ريال. سدد الآن: rb.gy/9nfgqk,phishing
n00047,notice_pair_legit,E.ON: فاتورة الكهرباء بقيمة 19.99 ريال تستحق في الـ28. ادفع عبر التطبيق أو eon.com.,ham
n00048,notice_pair_lure,"OCBC NISP: data Anda tidak dapat diverifikasi, internet banking diblokir. Pulihkan akses dalam 24 jam: ocbcnisp-id-confirm.site",phishing
n00049,notice_pair_legit,OCBC NISP: internet banking dalam pemeliharaan Minggu pukul 02.00-05.00. Tidak ada tindakan yang diperlukan.,ham
n00050,notice_pair_lure,Strava : votre abonnement se renouvelle aujourd'hui pour 129.9 € sauf annulation. Arrêtez le prélèvement : strava-id-confirm.site,phishing
n00051,notice_pair_legit,Strava : votre abonnement se renouvelle le 28 pour 129.9 €. Gérez-le dans l'application ou sur strava.fr.,ham
n00052,notice_pair_lure,زاجل: الطرد 0888027044 محتجز بسبب رسوم جمركية 1.99 ريال. ادفع للإفراج عنه: shorturl.at/te4kkc,phishing
n00053,notice_pair_legit,زاجل: سيتم تسليم طردك 0888027044 اليوم بين الساعة 14:00 و18:00.,ham
n00054,notice_pair_lure,Spotify : votre abonnement se renouvelle aujourd'hui pour 3.5 € sauf annulation. Arrêtez le prélèvement : rb.gy/gzm8uz,phishing
n00055,notice_pair_legit,Spotify : votre abonnement se renouvelle le 28 pour 3.5 €. Gérez-le dans l'application ou sur spotify.fr.,ham
n00056,notice_pair_lure,E.ON : votre électricité sera coupée aujourd'hui pour une facture impayée de 3.5 €. Régularisez : eon-portal-login.cc,phishing
n00057,notice_pair_legit,E.ON : votre facture d'électricité de 3.5 € est due le 28. Payez dans l'application ou sur eon.fr.,ham
n00058,notice_pair_lure,"Halifax: to stop the transfer we just blocked, reply with the 278209 code we sent you.",phishing
n00059,notice_pair_legit,Halifax: 278209 is your login code. We will never ask you to share it.,ham
n00060,notice_pair_lure,"SDA: il pacco 051431290777 è fermo, tassa doganale di 9.9 € non pagata. Paga per liberarlo: sda-id-confirm.site",phishing
n00061,notice_pair_legit,SDA: il pacco 051431290777 è in consegna oggi tra le 14:00 e le 18:00.,ham
n00062,notice_pair_lure,Etsy: pengembalian dana Rp39200 menunggu Anda. Masukkan data kartu untuk menerimanya: shorturl.at/869z6n,phishing
n00063,notice_pair_legit,Etsy: dana Rp39200 telah dikembalikan ke kartu 9617. Proses hingga 5 hari kerja.,ham
n00064,notice_pair_lure,AliExpress: un rimborso di 24.5 € ti aspetta. Inserisci i dati della carta per riceverlo: aliexpress-id-confirm.site,phishing
n00065,notice_pair_legit,AliExpress: il rimborso di 24.5 € è stato inviato sulla carta 3009. Possono servire 5 giorni lavorativi.,ham
n00066,notice_pair_lure,"GLS : colis 834189261801 non livré, adresse incomplète. Confirmez-la ici : t.ly/dyjzsk",phishing
n00067,notice_pair_legit,GLS : colis 834189261801 non livré. Il reste 7 jours à votre point relais.,ham
n00068,notice_pair_lure,"Duolingo: Ihr Abo verlängert sich heute für 129.9 €, wenn Sie nicht kündigen. Abbuchung stoppen: duolingo-secure-id.info",phishing
n00069,notice_pair_legit,Duolingo: Ihr Abo verlängert sich am 28. für 129.9 €. Verwalten Sie es in der App oder auf duolingo.de.,ham
n00070,notice_pair_lure,"Bank Permata: data Anda tidak dapat diverifikasi, internet banking diblokir. Pulihkan akses dalam 24 jam: bankpermata-secure-id.info",phishing
n00071,notice_pair_legit,Bank Permata: internet banking dalam pemeliharaan Minggu pukul 02.00-05.00. Tidak ada tindakan yang diperlukan.,ham
n00072,notice_pair_lure,Duolingo : votre abonnement se renouvelle aujourd'hui pour 249.0 € sauf annulation. Arrêtez le prélèvement : t.ly/4z32sx,phishing
n00073,notice_pair_legit,Duolingo : votre abonnement se renouvelle le 28 pour 249.0 €. Gérez-le dans l'application ou sur duolingo.fr.,ham
n00074,notice_pair_lure,"Боксберри: посылка 3467917617 задержана, таможенный сбор 4320 ₽ не оплачен. Оплатите для выдачи: service-customer-verify.live",phishing
n00075,notice_pair_legit,Боксберри: посылка 3467917617 будет доставлена сегодня с 14:00 до 18:00.,ham
n00076,notice_pair_lure,"Banca Sella: per bloccare il bonifico appena fermato, rispondi con il codice 928380.",phishing
n00077,notice_pair_legit,Banca Sella: 928380 è il tuo codice di accesso. Non te lo chiederemo mai.,ham
n00078,notice_pair_lure,Trans-o-flex: Paket 0296575562 konnte wegen unvollständiger Adresse nicht zugestellt werden. Hier bestätigen: transoflex-billing-update.online,phishing
n00079,notice_pair_legit,Trans-o-flex: Paket 0296575562 konnte nicht zugestellt werden und liegt 7 Tage in Ihrer Filiale bereit.,ham
n00080,notice_pair_lure,Vakıfbank: 5951 ile biten kartınızdan yeni bir üye iş yerine 67 TL ödeme onaylandı. Buradan iptal edin: t.ly/ve52ra,phishing
n00081,notice_pair_legit,Vakıfbank: 5951 ile biten kartınızdan 67 TL tutarında işlem yapıldı. Tanımıyorsanız kartınızın arkasındaki numarayı arayın.,ham
n00082,notice_pair_lure,"Spotify: подписка продлится сегодня за 1799 ₽, если не отменить. Остановить списание: spotify-account-check.xyz",phishing
n00083,notice_pair_legit,Spotify: подписка продлится 28-го за 1799 ₽. Управление в приложении или на spotify.ru.,ham
n00084,notice_pair_lure,"Vakıfbank: bilgileriniz doğrulanamadı, internet bankacılığınız askıya alındı. 24 saat içinde erişimi açın: is.gd/ppj46n",phishing
n00085,notice_pair_legit,Vakıfbank: Pazar günü 02:00-05:00 arası internet bankacılığı bakımda olacaktır. İşlem yapmanıza gerek yok.,ham
n00086,notice_pair_lure,AliExpress: a refund of £12.4 is waiting for you. Enter your card details to receive it: aliexpress-secure-id.info,phishing
n00087,notice_pair_legit,AliExpress: your refund of £12.4 was sent back to the card ending 9110. It can take 5 working days.,ham
n00088,notice_pair_lure,AliExpress: вам положен возврат 315 ₽. Введите данные карты для получения: aliexpress-account-check.xyz,phishing
n00089,notice_pair_legit,AliExpress: возврат 315 ₽ отправлен на карту 6456. Зачисление занимает до 5 рабочих дней.,ham
n00090,notice_pair_lure,Duolingo : votre abonnement se renouvelle aujourd'hui pour 12.4 € sauf annulation. Arrêtez le prélèvement : duolingo-customer-verify.live,phishing
n00091,notice_pair_legit,Duolingo : votre abonnement se renouvelle le 28 pour 12.4 €. Gérez-le dans l'application ou sur duolingo.fr.,ham
n00092,notice_pair_lure,AliExpress : un remboursement de 2.45 € vous attend. Saisissez vos coordonnées bancaires : aliexpress-billing-update.online,phishing
n00093,notice_pair_legit,AliExpress : votre remboursement de 2.45 € a été envoyé sur la carte 1694. Comptez 5 jours ouvrés.,ham
n00094,notice_pair_lure,Nacex: el paquete 825243025510 está retenido por una tasa aduanera de 2.45€. Pague para liberarlo: is.gd/pbuxwj,phishing
n00095,notice_pair_legit,Nacex: su paquete 825243025510 sale hoy a reparto entre las 14:00 y las 18:00.,ham
n00096,notice_pair_lure,Disney+: paket Anda diperpanjang hari ini seharga Rp31840 kecuali dibatalkan. Hentikan tagihan: disney-id-confirm.site,phishing
n00097,notice_pair_legit,Disney+: paket Anda diperpanjang tanggal 28 seharga Rp31840. Kelola di aplikasi atau disney.co.id.,ham
n00098,notice_pair_lure,OCBC NISP: pembayaran Rp198400 ke merchant baru dari kartu 1384 disetujui. Batalkan di sini: rb.gy/emqasp,phishing
n00099,notice_pair_legit,"OCBC NISP: transaksi Rp198400 pada kartu 1384 berhasil. Jika bukan Anda, hubungi nomor di belakang kartu.",ham
n00100,notice_pair_lure,EDF: 679 TL tutarındaki ödenmemiş fatura nedeniyle elektriğiniz bugün kesilecek. Şimdi ödeyin: edf-account-check.xyz,phishing
n00101,notice_pair_legit,EDF: 679 TL tutarındaki elektrik faturanızın son ödeme günü ayın 28'i. Uygulamadan ödeyebilirsiniz.,ham
n00102,notice_pair_lure,"Боксберри: посылку 643265506455 не доставили, адрес неполный. Подтвердите его здесь: service-secure-id.info",phishing
n00103,notice_pair_legit,Боксберри: посылку 643265506455 не доставили. Она ждёт вас в отделении 7 дней.,ham
n00104,notice_pair_lure,GLS: no pudimos entregar el paquete 5908728458 porque la dirección está incompleta. Confírmela aquí: gls-id-confirm.site,phishing
n00105,notice_pair_legit,GLS: no pudimos entregar el paquete 5908728458. Queda 7 días en su oficina local.,ham
n00106,notice_pair_lure,Targobank: Zahlung über 19.99 € an einen neuen Händler mit Karte 1602 freigegeben. Hier stornieren: rb.gy/fdyred,phishing
n00107,notice_pair_legit,Targobank: 19.99 € wurden heute von Karte 1602 abgebucht. Bei Fragen nutzen Sie die Nummer auf Ihrer Karte.,ham
n00108,notice_pair_lure,PLN: 336 TL tutarındaki ödenmemiş fatura nedeniyle elektriğiniz bugün kesilecek. Şimdi ödeyin: cutt.ly/xr7p2v,phishing
n00109,notice_pair_legit,PLN: 336 TL tutarındaki elektrik faturanızın son ödeme günü ayın 28'i. Uygulamadan ödeyebilirsiniz.,ham
n00110,notice_pair_lure,Nacex: no pudimos entregar el paquete 266241824388 porque la dirección está incompleta. Confírmela aquí: cutt.ly/xecfsr,phishing
n00111,notice_pair_legit,Nacex: no pudimos entregar el paquete 266241824388. Queda 7 días en su oficina local.,ham
n00112,notice_pair_lure,"Caisse d'Epargne : vos informations n'ont pas pu être vérifiées, votre banque en ligne est suspendue. Rétablissez l'accès sous 24h : caissedeparg-id-confirm.site",phishing
n00113,notice_pair_legit,Caisse d'Epargne : maintenance de la banque en ligne dimanche de 02h00 à 05h00. Aucune action de votre part.,ham
n00114,notice_pair_lure,Denizbank: 6999 ile biten kartınızdan yeni bir üye iş yerine 679 TL ödeme onaylandı. Buradan iptal edin: cutt.ly/r5d5e9,phishing
n00115,notice_pair_legit,Denizbank: 6999 ile biten kartınızdan 679 TL tutarında işlem yapıldı. Tanımıyorsanız kartınızın arkasındaki numarayı arayın.,ham
n00116,notice_pair_lure,"Почта: посылка 2717326449 задержана, таможенный сбор 220 ₽ не оплачен. Оплатите для выдачи: service-portal-login.cc",phishing
n00117,notice_pair_legit,Почта: посылка 2717326449 будет доставлена сегодня с 14:00 до 18:00.,ham
n00118,notice_pair_lure,سمسا: الطرد 207363135133 محتجز بسبب رسوم جمركية 12.4 ريال. ادفع للإفراج عنه: is.gd/8av8nv,phishing
n00119,notice_pair_legit,سمسا: سيتم تسليم طردك 207363135133 اليوم بين الساعة 14:00 و18:00.,ham
n00120,notice_pair_lure,Enel: سيتم قطع الكهرباء اليوم بسبب فاتورة غير مدفوعة بقيمة 249.0 ريال. سدد الآن: shorturl.at/bwu7wa,phishing
n00121,notice_pair_legit,Enel: فاتورة الكهرباء بقيمة 249.0 ريال تستحق في الـ28. ادفع عبر التطبيق أو enel.com.,ham
n00122,notice_pair_lure,"Citizens Bank: to stop the transfer we just blocked, reply with the 875530 code we sent you.",phishing
n00123,notice_pair_legit,Citizens Bank: 875530 is your login code. We will never ask you to share it.,ham
n00124,notice_pair_lure,AliExpress : un remboursement de 24.5 € vous attend. Saisissez vos coordonnées bancaires : aliexpress-portal-login.cc,phishing
n00125,notice_pair_legit,AliExpress : votre remboursement de 24.5 € a été envoyé sur la carte 7356. Comptez 5 jours ouvrés.,ham
n00126,notice_pair_lure,"BPER: non siamo riusciti a verificare i tuoi dati, l'home banking è sospeso. Ripristina l'accesso entro 24h: bper-secure-id.info",phishing
n00127,notice_pair_legit,BPER: domenica dalle 02:00 alle 05:00 l'home banking sarà in manutenzione. Nessuna azione richiesta.,ham
n00128,notice_pair_lure,"Уралсиб: чтобы отменить заблокированный перевод, отправьте в ответ код 308271.",phishing
n00129,notice_pair_legit,Уралсиб: 308271 — ваш код для входа. Мы никогда не просим его сообщить.,ham
n00130,notice_pair_lure,"Spotify: Ihr Abo verlängert sich heute für 129.9 €, wenn Sie nicht kündigen. Abbuchung stoppen: spotify-verify-now.top",phishing
n00131,notice_pair_legit,Spotify: Ihr Abo verlängert sich am 28. für 129.9 €. Verwalten Sie es in der App oder auf spotify.de.,ham
n00132,notice_pair_lure,"Evri: parcel 4606698111 is held, a customs fee of £129.9 is unpaid. Pay to release: is.gd/8757as",phishing
n00133,notice_pair_legit,Evri: parcel 4606698111 is out for delivery today between 14:00 and 18:00.,ham
n00134,notice_pair_lure,Iberdrola: hoy se cortará la luz por una factura impagada de 2.45€. Regularice ahora: iberdrola-portal-login.cc,phishing
n00135,notice_pair_legit,Iberdrola: su factura de luz de 2.45€ vence el día 28. Pague en la app o en iberdrola.es.,ham
n00136,notice_pair_lure,Enel: 336 TL tutarındaki ödenmemiş fatura nedeniyle elektriğiniz bugün kesilecek. Şimdi ödeyin: is.gd/hgp9nn,phishing
n00137,notice_pair_legit,Enel: 336 TL tutarındaki elektrik faturanızın son ödeme günü ayın 28'i. Uygulamadan ödeyebilirsiniz.,ham
n00138,notice_pair_lure,Vakıfbank: 6540 ile biten kartınızdan yeni bir üye iş yerine 336 TL ödeme onaylandı. Buradan iptal edin: vakfbank-verify-now.top,phishing
n00139,notice_pair_legit,Vakıfbank: 6540 ile biten kartınızdan 336 TL tutarında işlem yapıldı. Tanımıyorsanız kartınızın arkasındaki numarayı arayın.,ham
n00140,notice_pair_lure,"Banque Populaire : pour annuler le virement que nous avons bloqué, répondez avec le code 856733.",phishing
n00141,notice_pair_legit,Banque Populaire : 856733 est votre code de connexion. Nous ne vous le demanderons jamais.,ham
n00142,notice_pair_lure,"Hermes: Paket 684199074011 wird zurückgehalten, Zollgebühr von 48.0 € offen. Zum Freigeben zahlen: cutt.ly/m5uyh2",phishing
n00143,notice_pair_legit,Hermes: Paket 684199074011 wird heute zwischen 14:00 und 18:00 Uhr zugestellt.,ham
n00144,notice_pair_lure,"DPD: pakket 543929881592 is vastgehouden, douanekosten van €249.0 openstaand. Betaal om vrij te geven: dpd-billing-update.online",phishing
n00145,notice_pair_legit,DPD: uw pakket 543929881592 wordt vandaag tussen 14:00 en 18:00 bezorgd.,ham
n00146,notice_pair_lure,Zalando: вам положен возврат 2205 ₽. Введите данные карты для получения: zalando-billing-update.online,phishing
n00147,notice_pair_legit,Zalando: возврат 2205 ₽ отправлен на карту 5408. Зачисление занимает до 5 рабочих дней.,ham
n00148,notice_pair_lure,"SDA: il pacco 996778818329 è fermo, tassa doganale di 9.9 € non pagata. Paga per liberarlo: t.ly/96kfy2",phishing
n00149,notice_pair_legit,SDA: il pacco 996778818329 è in consegna oggi tra le 14:00 e le 18:00.,ham
n00150,notice_pair_lure,"Yodel: parcel 643301726765 is held, a customs fee of £1.99 is unpaid. Pay to release: is.gd/w82mjt",phishing
n00151,notice_pair_legit,Yodel: parcel 643301726765 is out for delivery today between 14:00 and 18:00.,ham
n00152,notice_pair_lure,GLS: no pudimos entregar el paquete 752934339288 porque la dirección está incompleta. Confírmela aquí: gls-id-confirm.site,phishing
n00153,notice_pair_legit,GLS: no pudimos entregar el paquete 752934339288. Queda 7 días en su oficina local.,ham
n00154,notice_pair_lure,Duolingo: il tuo piano si rinnova oggi a 129.9 € se non lo annulli. Blocca l'addebito: is.gd/qdqu2p,phishing
n00155,notice_pair_legit,Duolingo: il tuo piano si rinnova il 28 a 129.9 €. Gestiscilo nell'app o su duolingo.it.,ham
n00156,notice_pair_lure,"Bank Mega: untuk membatalkan transfer yang kami blokir, balas dengan kode 617335.",phishing
n00157,notice_pair_legit,Bank Mega: 617335 adalah kode masuk Anda. Kami tidak pernah meminta kode ini.,ham
n00158,notice_pair_lure,Spotify: your plan renews today for £9.9 unless you cancel. Stop the charge: t.ly/h2t9mz,phishing
n00159,notice_pair_legit,Spotify: your plan renews on the 28th for £9.9. Manage it in the app or at spotify.com.,ham
n00160,notice_pair_lure,"Banco Desio: non siamo riusciti a verificare i tuoi dati, l'home banking è sospeso. Ripristina l'accesso entro 24h: t.ly/pp3w4v",phishing
n00161,notice_pair_legit,Banco Desio: domenica dalle 02:00 alle 05:00 l'home banking sarà in manutenzione. Nessuna azione richiesta.,ham
n00162,notice_pair_lure,"Volksbank: um die soeben gestoppte Überweisung zu stornieren, antworten Sie mit dem Code 736344.",phishing
n00163,notice_pair_legit,Volksbank: 736344 ist Ihr Anmeldecode. Wir fragen Sie nie nach diesem Code.,ham
n00164,notice_pair_lure,GLS: pacco 046877690357 non consegnato per indirizzo incompleto. Confermalo qui: t.ly/b3gaha,phishing
n00165,notice_pair_legit,GLS: pacco 046877690357 non consegnato. Resta 7 giorni presso il punto di ritiro.,ham
n00166,notice_pair_lure,"Audible: Ihr Abo verlängert sich heute für 19.99 €, wenn Sie nicht kündigen. Abbuchung stoppen: cutt.ly/kpxbrt",phishing
n00167,notice_pair_legit,Audible: Ihr Abo verlängert sich am 28. für 19.99 €. Verwalten Sie es in der App oder auf audible.de.,ham
n00168,notice_pair_lure,PLN: سيتم قطع الكهرباء اليوم بسبب فاتورة غير مدفوعة بقيمة 19.99 ريال. سدد الآن: cutt.ly/q96vtb,phishing
n00169,notice_pair_legit,PLN: فاتورة الكهرباء بقيمة 19.99 ريال تستحق في الـ28. ادفع عبر التطبيق أو pln.com.,ham
n00170,notice_pair_lure,GLS: el paquete 689960796231 está retenido por una tasa aduanera de 48.0€. Pague para liberarlo: gls-customer-verify.live,phishing
n00171,notice_pair_legit,GLS: su paquete 689960796231 sale hoy a reparto entre las 14:00 y las 18:00.,ham
n00172,notice_pair_lure,"Mondial Relay : le colis 3106838636 est bloqué, frais de douane de 19.99 € impayés. Payez pour le libérer : cutt.ly/9xwnzs",phishing
n00173,notice_pair_legit,Mondial Relay : votre colis 3106838636 sera livré aujourd'hui entre 14h00 et 18h00.,ham
n00174,notice_pair_lure,"GLS: pakket 100830086901 is vastgehouden, douanekosten van €2.45 openstaand. Betaal om vrij te geven: is.gd/2cak9a",phishing
n00175,notice_pair_legit,GLS: uw pakket 100830086901 wordt vandaag tussen 14:00 en 18:00 bezorgd.,ham
n00176,notice_pair_lure,E.ON: your electricity will be cut off today over an unpaid bill of £12.4. Settle now: eon-customer-verify.live,phishing
n00177,notice_pair_legit,E.ON: your electricity bill of £12.4 is due on the 28th. Pay in the app or at eon.com.,ham
n00178,notice_pair_lure,Strava: su plan se renueva hoy por 3.5€ si no lo cancela. Detenga el cobro: cutt.ly/wwrsaq,phishing
n00179,notice_pair_legit,Strava: su plan se renovará el día 28 por 3.5€. Gestiónelo en la app o en strava.es.,ham
n00180,notice_pair_lure,بنك دبي: لإيقاف التحويل الذي حجبناه، أرسل الرمز 38042 الذي وصلك.,phishing
n00181,notice_pair_legit,بنك دبي: 38042 هو رمز الدخول الخاص بك. لن نطلب منك مشاركته أبدًا.,ham
n00182,notice_pair_lure,"TSB: we could not verify your details, so online banking is suspended. Restore access within 24h: tsb-id-confirm.site",phishing
n00183,notice_pair_legit,TSB: online banking will be unavailable on Sunday 02:00-05:00 for maintenance. No action needed.,ham
n00184,notice_pair_lure,زاجل: الطرد 633970111187 محتجز بسبب رسوم جمركية 9.9 ريال. ادفع للإفراج عنه: cutt.ly/9mp724,phishing
n00185,notice_pair_legit,زاجل: سيتم تسليم طردك 633970111187 اليوم بين الساعة 14:00 و18:00.,ham
n00186,notice_pair_lure,"MNG Kargo: 4141049982 numaralı kargo gümrükte, 833 TL tutarında ödeme bekleniyor. Serbest bırakmak için ödeyin: shorturl.at/58gbsh",phishing
n00187,notice_pair_legit,MNG Kargo: 4141049982 numaralı kargonuz bugün 14:00-18:00 arasında teslim edilecek.,ham
n00188,notice_pair_lure,"OCBC NISP: untuk membatalkan transfer yang kami blokir, balas dengan kode 248838.",phishing
n00189,notice_pair_legit,OCBC NISP: 248838 adalah kode masuk Anda. Kami tidak pernah meminta kode ini.,ham
n00190,notice_pair_lure,Strava: il tuo piano si rinnova oggi a 3.5 € se non lo annulli. Blocca l'addebito: strava-verify-now.top,phishing
n00191,notice_pair_legit,Strava: il tuo piano si rinnova il 28 a 3.5 €. Gestiscilo nell'app o su strava.it.,ham
n00192,notice_pair_lure,بنك دبي: لإيقاف التحويل الذي حجبناه، أرسل الرمز 185820 الذي وصلك.,phishing
n00193,notice_pair_legit,بنك دبي: 185820 هو رمز الدخول الخاص بك. لن نطلب منك مشاركته أبدًا.,ham
n00194,notice_pair_lure,Shein: pengembalian dana Rp3984000 menunggu Anda. Masukkan data kartu untuk menerimanya: shein-customer-verify.live,phishing
n00195,notice_pair_legit,Shein: dana Rp3984000 telah dikembalikan ke kartu 8288. Proses hingga 5 hari kerja.,ham
n00196,notice_pair_lure,"Почта: посылка 004555549266 задержана, таможенный сбор 891 ₽ не оплачен. Оплатите для выдачи: service-verify-now.top",phishing
n00197,notice_pair_legit,Почта: посылка 004555549266 будет доставлена сегодня с 14:00 до 18:00.,ham
n00198,notice_pair_lure,GLS: Paket 444346735103 konnte wegen unvollständiger Adresse nicht zugestellt werden. Hier bestätigen: gls-verify-now.top,phishing
n00199,notice_pair_legit,GLS: Paket 444346735103 konnte nicht zugestellt werden und liegt 7 Tage in Ihrer Filiale bereit.,ham
n00200,notice_pair_lure,AliExpress: eine Rückerstattung von 19.99 € wartet auf Sie. Kartendaten eingeben zum Erhalt: aliexpress-secure-id.info,phishing
n00201,notice_pair_legit,AliExpress: Ihre Rückerstattung über 19.99 € ging an die Karte 1248. Die Gutschrift dauert bis zu 5 Werktage.,ham
n00202,notice_pair_lure,"Unicaja: para detener la transferencia que hemos bloqueado, responda con el código 436809 que le enviamos.",phishing
n00203,notice_pair_legit,Unicaja: 436809 es su código de acceso. Nunca le pediremos que lo comparta.,ham
n00204,notice_pair_lure,Banca Sella: pagamento di 12.4 € autorizzato presso un nuovo esercente con la carta 3574. Annulla qui: t.ly/rtut45,phishing
n00205,notice_pair_legit,"Banca Sella: addebito di 12.4 € sulla carta 3574. Se non lo riconosci, chiama il numero sul retro della carta.",ham
n00206,notice_pair_lure,بنك دبي: تعذر التحقق من بياناتك وتم تعليق الخدمة المصرفية. استعد الوصول خلال 24 ساعة: is.gd/cqhfun,phishing
n00207,notice_pair_legit,بنك دبي: ستكون الخدمة المصرفية عبر الإنترنت تحت الصيانة يوم الأحد من 02:00 حتى 05:00.,ham
n00208,notice_pair_lure,Nacex: no pudimos entregar el paquete 1355130785 porque la dirección está incompleta. Confírmela aquí: nacex-customer-verify.live,phishing
n00209,notice_pair_legit,Nacex: no pudimos entregar el paquete 1355130785. Queda 7 días en su oficina local.,ham
n00210,notice_pair_lure,"Banque Populaire : vos informations n'ont pas pu être vérifiées, votre banque en ligne est suspendue. Rétablissez l'accès sous 24h : banquepopula-billing-update.online",phishing
n00211,notice_pair_legit,Banque Populaire : maintenance de la banque en ligne dimanche de 02h00 à 05h00. Aucune action de votre part.,ham
n00212,notice_pair_lure,Iberdrola: 67 TL tutarındaki ödenmemiş fatura nedeniyle elektriğiniz bugün kesilecek. Şimdi ödeyin: shorturl.at/74e94v,phishing
n00213,notice_pair_legit,Iberdrola: 67 TL tutarındaki elektrik faturanızın son ödeme günü ayın 28'i. Uygulamadan ödeyebilirsiniz.,ham
n00214,notice_pair_lure,"OnTrac: parcel 063985044098 is held, a customs fee of £12.4 is unpaid. Pay to release: shorturl.at/9v529r",phishing
n00215,notice_pair_legit,OnTrac: parcel 063985044098 is out for delivery today between 14:00 and 18:00.,ham
n00216,notice_pair_lure,Zalando: вам положен возврат 1799 ₽. Введите данные карты для получения: zalando-account-check.xyz,phishing
n00217,notice_pair_legit,Zalando: возврат 1799 ₽ отправлен на карту 1992. Зачисление занимает до 5 рабочих дней.,ham
n00218,notice_pair_lure,Vakıfbank: 3184 ile biten kartınızdan yeni bir üye iş yerine 8466 TL ödeme onaylandı. Buradan iptal edin: vakfbank-billing-update.online,phishing
n00219,notice_pair_legit,Vakıfbank: 3184 ile biten kartınızdan 8466 TL tutarında işlem yapıldı. Tanımıyorsanız kartınızın arkasındaki numarayı arayın.,ham
n00220,notice_pair_lure,PLN: سيتم قطع الكهرباء اليوم بسبب فاتورة غير مدفوعة بقيمة 12.4 ريال. سدد الآن: rb.gy/ym2upt,phishing
n00221,notice_pair_legit,PLN: فاتورة الكهرباء بقيمة 12.4 ريال تستحق في الـ28. ادفع عبر التطبيق أو pln.com.,ham
n00222,notice_pair_lure,Audible: paket Anda diperpanjang hari ini seharga Rp319840 kecuali dibatalkan. Hentikan tagihan: rb.gy/tdav6b,phishing
n00223,notice_pair_legit,Audible: paket Anda diperpanjang tanggal 28 seharga Rp319840. Kelola di aplikasi atau audible.co.id.,ham
n00224,notice_pair_lure,"Colissimo : le colis 995039020830 est bloqué, frais de douane de 12.4 € impayés. Payez pour le libérer : colissimo-account-check.xyz",phishing
n00225,notice_pair_legit,Colissimo : votre colis 995039020830 sera livré aujourd'hui entre 14h00 et 18h00.,ham
n00226,notice_pair_lure,Nacex: no pudimos entregar el paquete 579621425064 porque la dirección está incompleta. Confírmela aquí: nacex-secure-id.info,phishing
n00227,notice_pair_legit,Nacex: no pudimos entregar el paquete 579621425064. Queda 7 días en su oficina local.,ham
n00228,notice_pair_lure,Disney+: paket Anda diperpanjang hari ini seharga Rp3984000 kecuali dibatalkan. Hentikan tagihan: disney-verify-now.top,phishing
n00229,notice_pair_legit,Disney+: paket Anda diperpanjang tanggal 28 seharga Rp3984000. Kelola di aplikasi atau disney.co.id.,ham
n00230,notice_pair_lure,Nacex: el paquete 969550307101 está retenido por una tasa aduanera de 129.9€. Pague para liberarlo: nacex-customer-verify.live,phishing
n00231,notice_pair_legit,Nacex: su paquete 969550307101 sale hoy a reparto entre las 14:00 y las 18:00.,ham
n00232,notice_pair_lure,EDF: your electricity will be cut off today over an unpaid bill of £9.9. Settle now: cutt.ly/8kutrf,phishing
n00233,notice_pair_lure,Banque Populaire : paiement de 9.9 € autorisé chez un nouveau commerçant avec la carte 2306. Annulez ici : banquepopula-customer-verify.live,phishing
n00234,notice_pair_legit,"Banque Populaire : 9.9 € débités aujourd'hui de la carte 2306. En cas de doute, appelez le numéro au dos de la carte.",ham
n00235,notice_pair_lure,"GLS: pakket 3005767476 is vastgehouden, douanekosten van €129.9 openstaand. Betaal om vrij te geven: gls-billing-update.online",phishing
n00236,notice_pair_legit,GLS: uw pakket 3005767476 wordt vandaag tussen 14:00 en 18:00 bezorgd.,ham
n00237,notice_pair_lure,EDF: Ihr Strom wird heute wegen einer offenen Rechnung über 3.5 € abgestellt. Jetzt begleichen: edf-secure-id.info,phishing
n00238,notice_pair_legit,EDF: Ihre Stromrechnung über 3.5 € ist am 28. fällig. Zahlung in der App oder auf edf.de.,ham
n00239,notice_pair_lure,"Duolingo: Ihr Abo verlängert sich heute für 9.9 €, wenn Sie nicht kündigen. Abbuchung stoppen: shorturl.at/pqe7qh",phishing
n00240,notice_pair_legit,Duolingo: Ihr Abo verlängert sich am 28. für 9.9 €. Verwalten Sie es in der App oder auf duolingo.de.,ham
n00241,notice_pair_lure,"Colissimo : le colis 8997914936 est bloqué, frais de douane de 1.99 € impayés. Payez pour le libérer : colissimo-account-check.xyz",phishing
n00242,notice_pair_legit,Colissimo : votre colis 8997914936 sera livré aujourd'hui entre 14h00 et 18h00.,ham
n00243,notice_pair_lure,Nacex: no pudimos entregar el paquete 4825021562 porque la dirección está incompleta. Confírmela aquí: nacex-verify-now.top,phishing
n00244,notice_pair_legit,Nacex: no pudimos entregar el paquete 4825021562. Queda 7 días en su oficina local.,ham
n00245,notice_pair_lure,Bankinter: no hemos podido verificar sus datos y su banca online queda suspendida. Restablezca el acceso en 24h: bankinter-customer-verify.live,phishing
n00246,notice_pair_legit,Bankinter: su banca online estará en mantenimiento el domingo de 02:00 a 05:00. No necesita hacer nada.,ham
n00247,notice_pair_lure,GLS: pakket 696353370451 is niet bezorgd omdat het adres onvolledig is. Bevestig het hier: gls-verify-now.top,phishing
n00248,notice_pair_legit,GLS: pakket 696353370451 is niet bezorgd en ligt 7 dagen klaar in het depot.,ham
n00249,notice_pair_lure,AnterAja: paket 7161210993 gagal dikirim karena alamat tidak lengkap. Konfirmasi di sini: anteraja-id-confirm.site,phishing
n00250,notice_pair_legit,AnterAja: paket 7161210993 gagal dikirim dan menunggu di gerai selama 7 hari.,ham
n00251,notice_pair_lure,"SiCepat: paket 554656485898 tertahan, biaya bea masuk Rp39200 belum dibayar. Bayar untuk melepaskan: sicepat-secure-id.info",phishing
n00252,notice_pair_legit,SiCepat: paket 554656485898 dalam pengiriman hari ini pukul 14.00-18.00.,ham
n00253,notice_pair_lure,"Spotify: подписка продлится сегодня за 4320 ₽, если не отменить. Остановить списание: cutt.ly/3ja6ck",phishing
n00254,notice_pair_legit,Spotify: подписка продлится 28-го за 4320 ₽. Управление в приложении или на spotify.ru.,ham
n00255,notice_pair_lure,"SiCepat: paket 694796654305 tertahan, biaya bea masuk Rp768000 belum dibayar. Bayar untuk melepaskan: is.gd/w5uhrr",phishing
n00256,notice_pair_legit,SiCepat: paket 694796654305 dalam pengiriman hari ini pukul 14.00-18.00.,ham
n00257,notice_pair_lure,PLN: 421 TL tutarındaki ödenmemiş fatura nedeniyle elektriğiniz bugün kesilecek. Şimdi ödeyin: rb.gy/epc3mz,phishing
n00258,notice_pair_legit,PLN: 421 TL tutarındaki elektrik faturanızın son ödeme günü ayın 28'i. Uygulamadan ödeyebilirsiniz.,ham
n00259,notice_pair_lure,Zalando: tiene un reembolso de 24.5€ pendiente. Introduzca los datos de su tarjeta para recibirlo: zalando-account-check.xyz,phishing
n00260,notice_pair_legit,Zalando: su reembolso de 24.5€ se ha enviado a la tarjeta terminada en 8421. Puede tardar 5 días hábiles.,ham
n00261,notice_pair_lure,EDF: Ihr Strom wird heute wegen einer offenen Rechnung über 2.45 € abgestellt. Jetzt begleichen: edf-account-check.xyz,phishing
n00262,notice_pair_legit,EDF: Ihre Stromrechnung über 2.45 € ist am 28. fällig. Zahlung in der App oder auf edf.de.,ham
n00263,notice_pair_lure,Iberdrola: Ihr Strom wird heute wegen einer offenen Rechnung über 9.9 € abgestellt. Jetzt begleichen: t.ly/mrnyn3,phishing
n00264,notice_pair_legit,Iberdrola: Ihre Stromrechnung über 9.9 € ist am 28. fällig. Zahlung in der App oder auf iberdrola.de.,ham
n00265,notice_pair_lure,Spotify: il tuo piano si rinnova oggi a 24.5 € se non lo annulli. Blocca l'addebito: spotify-customer-verify.live,phishing
n00266,notice_pair_legit,Spotify: il tuo piano si rinnova il 28 a 24.5 €. Gestiscilo nell'app o su spotify.it.,ham
n00267,notice_pair_lure,GLS: Paket 8087208394 konnte wegen unvollständiger Adresse nicht zugestellt werden. Hier bestätigen: gls-billing-update.online,phishing
n00268,notice_pair_legit,GLS: Paket 8087208394 konnte nicht zugestellt werden und liegt 7 Tage in Ihrer Filiale bereit.,ham
n00269,notice_pair_lure,"Trans-o-flex: Paket 769115968920 wird zurückgehalten, Zollgebühr von 1.99 € offen. Zum Freigeben zahlen: transoflex-portal-login.cc",phishing
n00270,notice_pair_legit,Trans-o-flex: Paket 769115968920 wird heute zwischen 14:00 und 18:00 Uhr zugestellt.,ham
n00271,notice_pair_lure,Citizens Bank: a payment of £9.9 to a new merchant was approved on card ending 5225. Cancel it here: citizensbank-portal-login.cc,phishing
n00272,notice_pair_legit,"Citizens Bank: £9.9 was debited from card ending 5225 today. If you do not recognise it, call the number on your card.",ham
n00273,notice_pair_lure,AnterAja: paket 592883066957 gagal dikirim karena alamat tidak lengkap. Konfirmasi di sini: cutt.ly/7x7e5x,phishing
n00274,notice_pair_legit,AnterAja: paket 592883066957 gagal dikirim dan menunggu di gerai selama 7 hari.,ham
n00275,notice_pair_lure,Evri: we could not deliver parcel 426659440155 because the address is incomplete. Confirm it here: evri-billing-update.online,phishing
n00276,notice_pair_legit,Evri: parcel 426659440155 could not be delivered. It is waiting at your local depot for 7 days.,ham
n00277,notice_pair_lure,Audible: paket Anda diperpanjang hari ini seharga Rp198400 kecuali dibatalkan. Hentikan tagihan: audible-verify-now.top,phishing
n00278,notice_pair_legit,Audible: paket Anda diperpanjang tanggal 28 seharga Rp198400. Kelola di aplikasi atau audible.co.id.,ham
n00279,notice_pair_lure,Spotify : votre abonnement se renouvelle aujourd'hui pour 19.99 € sauf annulation. Arrêtez le prélèvement : spotify-verify-now.top,phishing
n00280,notice_pair_legit,Spotify : votre abonnement se renouvelle le 28 pour 19.99 €. Gérez-le dans l'application ou sur spotify.fr.,ham
n00281,notice_pair_lure,Banco Falabella: se aprobó un pago de 9.9€ a un comercio nuevo con la tarjeta terminada en 4542. Cancélelo aquí: bancofalabel-billing-update.online,phishing
n00282,notice_pair_legit,"Banco Falabella: cargo de 9.9€ en su tarjeta terminada en 4542. Si no lo reconoce, llame al número del reverso.",ham
n00283,notice_pair_lure,"Duolingo: подписка продлится сегодня за 11691 ₽, если не отменить. Остановить списание: shorturl.at/6s3m23",phishing
n00284,notice_pair_legit,Duolingo: подписка продлится 28-го за 11691 ₽. Управление в приложении или на duolingo.ru.,ham
n00285,notice_pair_lure,EDF: hoy se cortará la luz por una factura impagada de 24.5€. Regularice ahora: t.ly/wagwpy,phishing
n00286,notice_pair_legit,EDF: su factura de luz de 24.5€ vence el día 28. Pague en la app o en edf.es.,ham
n00287,notice_pair_lure,GLS: pacco 665598486890 non consegnato per indirizzo incompleto. Confermalo qui: gls-customer-verify.live,phishing
n00288,notice_pair_legit,GLS: pacco 665598486890 non consegnato. Resta 7 giorni presso il punto di ritiro.,ham
n00289,notice_pair_lure,Unicaja: se aprobó un pago de 249.0€ a un comercio nuevo con la tarjeta terminada en 1428. Cancélelo aquí: unicaja-account-check.xyz,phishing
n00290,notice_pair_legit,"Unicaja: cargo de 249.0€ en su tarjeta terminada en 1428. Si no lo reconoce, llame al número del reverso.",ham
n00291,notice_pair_lure,PLN: your electricity will be cut off today over an unpaid bill of £129.9. Settle now: pln-account-check.xyz,phishing
n00292,notice_pair_legit,PLN: your electricity bill of £129.9 is due on the 28th. Pay in the app or at pln.com.,ham
n00293,notice_pair_lure,زاجل: الطرد 178816229908 محتجز بسبب رسوم جمركية 2.45 ريال. ادفع للإفراج عنه: service-billing-update.online,phishing
n00294,notice_pair_legit,زاجل: سيتم تسليم طردك 178816229908 اليوم بين الساعة 14:00 و18:00.,ham
n00295,notice_pair_lure,Nacex: el paquete 693327321484 está retenido por una tasa aduanera de 48.0€. Pague para liberarlo: t.ly/amng5y,phishing
n00296,notice_pair_legit,Nacex: su paquete 693327321484 sale hoy a reparto entre las 14:00 y las 18:00.,ham
n00297,notice_pair_lure,"Evri: parcel 888003403182 is held, a customs fee of £1.99 is unpaid. Pay to release: evri-account-check.xyz",phishing
n00298,notice_pair_legit,Evri: parcel 888003403182 is out for delivery today between 14:00 and 18:00.,ham
n00299,notice_pair_lure,Caisse d'Epargne : paiement de 2.45 € autorisé chez un nouveau commerçant avec la carte 8969. Annulez ici : t.ly/zz3wzq,phishing
n00300,notice_pair_legit,"Caisse d'Epargne : 2.45 € débités aujourd'hui de la carte 8969. En cas de doute, appelez le numéro au dos de la carte.",ham
n00301,notice_pair_lure,Hermes: Paket 965837486572 konnte wegen unvollständiger Adresse nicht zugestellt werden. Hier bestätigen: hermes-billing-update.online,phishing
n00302,notice_pair_legit,Hermes: Paket 965837486572 konnte nicht zugestellt werden und liegt 7 Tage in Ihrer Filiale bereit.,ham
n00303,notice_pair_lure,Enel: Ihr Strom wird heute wegen einer offenen Rechnung über 249.0 € abgestellt. Jetzt begleichen: enel-account-check.xyz,phishing
n00304,notice_pair_legit,Enel: Ihre Stromrechnung über 249.0 € ist am 28. fällig. Zahlung in der App oder auf enel.de.,ham
n00305,notice_pair_lure,Zalando: вам положен возврат 179 ₽. Введите данные карты для получения: zalando-id-confirm.site,phishing
n00306,notice_pair_legit,Zalando: возврат 179 ₽ отправлен на карту 9014. Зачисление занимает до 5 рабочих дней.,ham
n00307,notice_pair_lure,Enel: سيتم قطع الكهرباء اليوم بسبب فاتورة غير مدفوعة بقيمة 12.4 ريال. سدد الآن: is.gd/yrkwzy,phishing
n00308,notice_pair_legit,Enel: فاتورة الكهرباء بقيمة 12.4 ريال تستحق في الـ28. ادفع عبر التطبيق أو enel.com.,ham
n00309,notice_pair_lure,Etsy: a refund of £19.99 is waiting for you. Enter your card details to receive it: t.ly/bt8uz4,phishing
n00310,notice_pair_legit,Etsy: your refund of £19.99 was sent back to the card ending 6611. It can take 5 working days.,ham
n00311,notice_pair_lure,OCBC NISP: pembayaran Rp392000 ke merchant baru dari kartu 5129 disetujui. Batalkan di sini: cutt.ly/897eg6,phishing
n00312,notice_pair_legit,"OCBC NISP: transaksi Rp392000 pada kartu 5129 berhasil. Jika bukan Anda, hubungi nomor di belakang kartu.",ham
n00313,notice_pair_lure,"Norisbank: Ihre Daten konnten nicht bestätigt werden, das Online-Banking ist gesperrt. Zugang in 24 Std. freischalten: norisbank-id-confirm.site",phishing
n00314,notice_pair_legit,Norisbank: Am Sonntag von 02:00 bis 05:00 Uhr ist das Online-Banking wegen Wartung nicht erreichbar.,ham
n00315,notice_pair_lure,Nationwide: a payment of £12.4 to a new merchant was approved on card ending 4381. Cancel it here: rb.gy/f52fex,phishing
n00316,notice_pair_legit,"Nationwide: £12.4 was debited from card ending 4381 today. If you do not recognise it, call the number on your card.",ham
n00317,notice_pair_lure,"Sürat Kargo: 759442839080 numaralı kargo gümrükte, 67 TL tutarında ödeme bekleniyor. Serbest bırakmak için ödeyin: rb.gy/aemrdw",phishing
n00318,notice_pair_legit,Sürat Kargo: 759442839080 numaralı kargonuz bugün 14:00-18:00 arasında teslim edilecek.,ham
n00319,notice_pair_lure,LCL : paiement de 24.5 € autorisé chez un nouveau commerçant avec la carte 2150. Annulez ici : lcl-portal-login.cc,phishing
n00320,notice_pair_legit,"LCL : 24.5 € débités aujourd'hui de la carte 2150. En cas de doute, appelez le numéro au dos de la carte.",ham
n00321,notice_pair_lure,زاجل: الطرد 059228212444 محتجز بسبب رسوم جمركية 249.0 ريال. ادفع للإفراج عنه: service-billing-update.online,phishing
n00322,notice_pair_legit,زاجل: سيتم تسليم طردك 059228212444 اليوم بين الساعة 14:00 و18:00.,ham
n00323,notice_pair_lure,Spotify: il tuo piano si rinnova oggi a 48.0 € se non lo annulli. Blocca l'addebito: spotify-billing-update.online,phishing
n00324,notice_pair_legit,Spotify: il tuo piano si rinnova il 28 a 48.0 €. Gestiscilo nell'app o su spotify.it.,ham
n00325,notice_pair_lure,OnTrac: we could not deliver parcel 3470639690 because the address is incomplete. Confirm it here: shorturl.at/n2qysw,phishing
n00326,notice_pair_legit,OnTrac: parcel 3470639690 could not be delivered. It is waiting at your local depot for 7 days.,ham
n00327,notice_pair_lure,"Strava: Ihr Abo verlängert sich heute für 2.45 €, wenn Sie nicht kündigen. Abbuchung stoppen: is.gd/gewmfv",phishing
n00328,notice_pair_legit,Strava: Ihr Abo verlängert sich am 28. für 2.45 €. Verwalten Sie es in der App oder auf strava.de.,ham
n00329,notice_pair_lure,Duolingo: il tuo piano si rinnova oggi a 48.0 € se non lo annulli. Blocca l'addebito: duolingo-account-check.xyz,phishing
n00330,notice_pair_legit,Duolingo: il tuo piano si rinnova il 28 a 48.0 €. Gestiscilo nell'app o su duolingo.it.,ham
n00331,notice_pair_lure,Abanca: se aprobó un pago de 9.9€ a un comercio nuevo con la tarjeta terminada en 8191. Cancélelo aquí: abanca-billing-update.online,phishing
n00332,notice_pair_legit,"Abanca: cargo de 9.9€ en su tarjeta terminada en 8191. Si no lo reconoce, llame al número del reverso.",ham
n00333,notice_pair_lure,Strava: paket Anda diperpanjang hari ini seharga Rp158400 kecuali dibatalkan. Hentikan tagihan: strava-id-confirm.site,phishing
n00334,notice_pair_legit,Strava: paket Anda diperpanjang tanggal 28 seharga Rp158400. Kelola di aplikasi atau strava.co.id.,ham
n00335,notice_pair_lure,Disney+: paket Anda diperpanjang hari ini seharga Rp2078400 kecuali dibatalkan. Hentikan tagihan: disney-account-check.xyz,phishing
n00336,notice_pair_legit,Disney+: paket Anda diperpanjang tanggal 28 seharga Rp2078400. Kelola di aplikasi atau disney.co.id.,ham
n00337,notice_pair_lure,E.ON: Ihr Strom wird heute wegen einer offenen Rechnung über 249.0 € abgestellt. Jetzt begleichen: eon-secure-id.info,phishing
n00338,notice_pair_legit,E.ON: Ihre Stromrechnung über 249.0 € ist am 28. fällig. Zahlung in der App oder auf eon.de.,ham
n00339,notice_pair_lure,GLS: pakket 961608179227 is niet bezorgd omdat het adres onvolledig is. Bevestig het hier: cutt.ly/e8aqdm,phishing
n00340,notice_pair_legit,GLS: pakket 961608179227 is niet bezorgd en ligt 7 dagen klaar in het depot.,ham
n00341,notice_pair_lure,"BPER: per bloccare il bonifico appena fermato, rispondi con il codice 676228.",phishing
n00342,notice_pair_legit,BPER: 676228 è il tuo codice di accesso. Non te lo chiederemo mai.,ham
n00343,notice_pair_lure,Caisse d'Epargne : paiement de 129.9 € autorisé chez un nouveau commerçant avec la carte 7688. Annulez ici : caissedeparg-id-confirm.site,phishing
n00344,notice_pair_legit,"Caisse d'Epargne : 129.9 € débités aujourd'hui de la carte 7688. En cas de doute, appelez le numéro au dos de la carte.",ham
n00345,notice_pair_lure,زاجل: الطرد 1850309870 محتجز بسبب رسوم جمركية 24.5 ريال. ادفع للإفراج عنه: t.ly/pexm3n,phishing
n00346,notice_pair_legit,زاجل: سيتم تسليم طردك 1850309870 اليوم بين الساعة 14:00 و18:00.,ham
n00347,notice_pair_lure,Hermes: Paket 9360996164 konnte wegen unvollständiger Adresse nicht zugestellt werden. Hier bestätigen: is.gd/q3kncb,phishing
n00348,notice_pair_legit,Hermes: Paket 9360996164 konnte nicht zugestellt werden und liegt 7 Tage in Ihrer Filiale bereit.,ham
n00349,notice_pair_lure,"Bank Permata: untuk membatalkan transfer yang kami blokir, balas dengan kode 807589.",phishing
n00350,notice_pair_legit,Bank Permata: 807589 adalah kode masuk Anda. Kami tidak pernah meminta kode ini.,ham
n00351,notice_pair_lure,EDF : votre électricité sera coupée aujourd'hui pour une facture impayée de 48.0 €. Régularisez : edf-portal-login.cc,phishing
n00352,notice_pair_legit,EDF : votre facture d'électricité de 48.0 € est due le 28. Payez dans l'application ou sur edf.fr.,ham
n00353,notice_pair_lure,"Disney+: подписка продлится сегодня за 220 ₽, если не отменить. Остановить списание: disney-billing-update.online",phishing
n00354,notice_pair_legit,Disney+: подписка продлится 28-го за 220 ₽. Управление в приложении или на disney.ru.,ham
n00355,notice_pair_lure,Enel: سيتم قطع الكهرباء اليوم بسبب فاتورة غير مدفوعة بقيمة 9.9 ريال. سدد الآن: enel-verify-now.top,phishing
n00356,notice_pair_legit,Enel: فاتورة الكهرباء بقيمة 9.9 ريال تستحق في الـ28. ادفع عبر التطبيق أو enel.com.,ham
n00357,notice_pair_lure,"Postbank: um die soeben gestoppte Überweisung zu stornieren, antworten Sie mit dem Code 846678.",phishing
n00358,notice_pair_legit,Postbank: 846678 ist Ihr Anmeldecode. Wir fragen Sie nie nach diesem Code.,ham
n00359,notice_pair_lure,"GLS : le colis 3230253106 est bloqué, frais de douane de 249.0 € impayés. Payez pour le libérer : gls-secure-id.info",phishing
n00360,notice_pair_legit,GLS : votre colis 3230253106 sera livré aujourd'hui entre 14h00 et 18h00.,ham
n00361,notice_pair_lure,بنك الرياض: تعذر التحقق من بياناتك وتم تعليق الخدمة المصرفية. استعد الوصول خلال 24 ساعة: service-account-check.xyz,phishing
n00362,notice_pair_legit,بنك الرياض: ستكون الخدمة المصرفية عبر الإنترنت تحت الصيانة يوم الأحد من 02:00 حتى 05:00.,ham
n00363,notice_pair_lure,GLS: no pudimos entregar el paquete 883527816366 porque la dirección está incompleta. Confírmela aquí: gls-secure-id.info,phishing
n00364,notice_pair_legit,GLS: no pudimos entregar el paquete 883527816366. Queda 7 días en su oficina local.,ham
n00365,notice_pair_lure,Banco Desio: pagamento di 129.9 € autorizzato presso un nuovo esercente con la carta 6844. Annulla qui: t.ly/v6nv96,phishing
n00366,notice_pair_legit,"Banco Desio: addebito di 129.9 € sulla carta 6844. Se non lo riconosci, chiama il numero sul retro della carta.",ham
n00367,notice_pair_lure,Booking: eine Rückerstattung von 19.99 € wartet auf Sie. Kartendaten eingeben zum Erhalt: booking-account-check.xyz,phishing
n00368,notice_pair_legit,Booking: Ihre Rückerstattung über 19.99 € ging an die Karte 2144. Die Gutschrift dauert bis zu 5 Werktage.,ham
n00369,notice_pair_lure,"Disney+: подписка продлится сегодня за 179 ₽, если не отменить. Остановить списание: disney-id-confirm.site",phishing
n00370,notice_pair_legit,Disney+: подписка продлится 28-го за 179 ₽. Управление в приложении или на disney.ru.,ham
n00371,notice_pair_lure,"Poste Delivery: il pacco 751402712391 è fermo, tassa doganale di 9.9 € non pagata. Paga per liberarlo: t.ly/epqqrq",phishing
n00372,notice_pair_legit,Poste Delivery: il pacco 751402712391 è in consegna oggi tra le 14:00 e le 18:00.,ham
n00373,notice_pair_lure,"LCL : vos informations n'ont pas pu être vérifiées, votre banque en ligne est suspendue. Rétablissez l'accès sous 24h : lcl-customer-verify.live",phishing
n00374,notice_pair_legit,LCL : maintenance de la banque en ligne dimanche de 02h00 à 05h00. Aucune action de votre part.,ham
n00375,notice_pair_lure,Audible: your plan renews today for £129.9 unless you cancel. Stop the charge: audible-verify-now.top,phishing
n00376,notice_pair_legit,Audible: your plan renews on the 28th for £129.9. Manage it in the app or at audible.com.,ham
n00377,notice_pair_lure,Enel: Ihr Strom wird heute wegen einer offenen Rechnung über 9.9 € abgestellt. Jetzt begleichen: enel-account-check.xyz,phishing
n00378,notice_pair_legit,Enel: Ihre Stromrechnung über 9.9 € ist am 28. fällig. Zahlung in der App oder auf enel.de.,ham
n00379,notice_pair_lure,EDF: listrik Anda akan diputus hari ini karena tagihan Rp392000 belum dibayar. Bayar sekarang: edf-id-confirm.site,phishing
n00380,notice_pair_legit,EDF: tagihan listrik Rp392000 jatuh tempo tanggal 28. Bayar di aplikasi atau edf.co.id.,ham
n00381,notice_pair_lure,"Volksbank: um die soeben gestoppte Überweisung zu stornieren, antworten Sie mit dem Code 374483.",phishing
n00382,notice_pair_legit,Volksbank: 374483 ist Ihr Anmeldecode. Wir fragen Sie nie nach diesem Code.,ham
n00383,notice_pair_lure,"Hermes: Paket 5407851701 wird zurückgehalten, Zollgebühr von 48.0 € offen. Zum Freigeben zahlen: hermes-account-check.xyz",phishing
n00384,notice_pair_legit,Hermes: Paket 5407851701 wird heute zwischen 14:00 und 18:00 Uhr zugestellt.,ham
n00385,notice_pair_lure,BPER: pagamento di 9.9 € autorizzato presso un nuovo esercente con la carta 7863. Annulla qui: t.ly/a6t52c,phishing
n00386,notice_pair_legit,"BPER: addebito di 9.9 € sulla carta 7863. Se non lo riconosci, chiama il numero sul retro della carta.",ham
n00387,notice_pair_lure,OCBC NISP: pembayaran Rp3984000 ke merchant baru dari kartu 8288 disetujui. Batalkan di sini: ocbcnisp-billing-update.online,phishing
n00388,notice_pair_legit,"OCBC NISP: transaksi Rp3984000 pada kartu 8288 berhasil. Jika bukan Anda, hubungi nomor di belakang kartu.",ham
n00389,notice_pair_lure,Совкомбанк: платёж 220 ₽ новому получателю по карте 9538 одобрен. Отмените здесь: service-billing-update.online,phishing
n00390,notice_pair_legit,"Совкомбанк: списание 220 ₽ по карте 9538. Если это не вы, позвоните по номеру на обороте карты.",ham
n00391,notice_pair_lure,Strava: paket Anda diperpanjang hari ini seharga Rp31840 kecuali dibatalkan. Hentikan tagihan: t.ly/8hkpbc,phishing
n00392,notice_pair_legit,Strava: paket Anda diperpanjang tanggal 28 seharga Rp31840. Kelola di aplikasi atau strava.co.id.,ham
n00393,notice_pair_lure,GLS: pakket 9360263595 is niet bezorgd omdat het adres onvolledig is. Bevestig het hier: gls-verify-now.top,phishing
n00394,notice_pair_legit,GLS: pakket 9360263595 is niet bezorgd en ligt 7 dagen klaar in het depot.,ham
n00395,notice_pair_lure,Bank Permata: pembayaran Rp2078400 ke merchant baru dari kartu 1694 disetujui. Batalkan di sini: bankpermata-customer-verify.live,phishing
n00396,notice_pair_legit,"Bank Permata: transaksi Rp2078400 pada kartu 1694 berhasil. Jika bukan Anda, hubungi nomor di belakang kartu.",ham
n00397,notice_pair_lure,Strava: your plan renews today for £2.45 unless you cancel. Stop the charge: shorturl.at/spty7k,phishing
n00398,notice_pair_legit,Strava: your plan renews on the 28th for £2.45. Manage it in the app or at strava.com.,ham
n00399,notice_pair_lure,BPER: pagamento di 48.0 € autorizzato presso un nuovo esercente con la carta 1232. Annulla qui: bper-customer-verify.live,phishing
n00400,notice_pair_legit,"BPER: addebito di 48.0 € sulla carta 1232. Se non lo riconosci, chiama il numero sul retro della carta.",ham
n00401,notice_pair_lure,SDA: pacco 044214002327 non consegnato per indirizzo incompleto. Confermalo qui: sda-portal-login.cc,phishing
n00402,notice_pair_legit,SDA: pacco 044214002327 non consegnato. Resta 7 giorni presso il punto di ritiro.,ham
n00403,notice_pair_lure,"Regions Bank: we could not verify your details, so online banking is suspended. Restore access within 24h: is.gd/2wzva3",phishing
n00404,notice_pair_legit,Regions Bank: online banking will be unavailable on Sunday 02:00-05:00 for maintenance. No action needed.,ham
n00405,notice_pair_lure,E.ON: hoy se cortará la luz por una factura impagada de 2.45€. Regularice ahora: is.gd/e8u898,phishing
n00406,notice_pair_legit,E.ON: su factura de luz de 2.45€ vence el día 28. Pague en la app o en eon.es.,ham
n00407,notice_pair_lure,PLN: سيتم قطع الكهرباء اليوم بسبب فاتورة غير مدفوعة بقيمة 3.5 ريال. سدد الآن: pln-customer-verify.live,phishing
n00408,notice_pair_legit,PLN: فاتورة الكهرباء بقيمة 3.5 ريال تستحق في الـ28. ادفع عبر التطبيق أو pln.com.,ham
n00409,notice_pair_lure,"СДЭК: посылку 6645829044 не доставили, адрес неполный. Подтвердите его здесь: service-account-check.xyz",phishing
n00410,notice_pair_legit,СДЭК: посылку 6645829044 не доставили. Она ждёт вас в отделении 7 дней.,ham
n00411,notice_pair_lure,"Denizbank: bilgileriniz doğrulanamadı, internet bankacılığınız askıya alındı. 24 saat içinde erişimi açın: denizbank-portal-login.cc",phishing
n00412,notice_pair_legit,Denizbank: Pazar günü 02:00-05:00 arası internet bankacılığı bakımda olacaktır. İşlem yapmanıza gerek yok.,ham
n00413,notice_pair_lure,Etsy: a refund of £129.9 is waiting for you. Enter your card details to receive it: etsy-account-check.xyz,phishing
n00414,notice_pair_legit,Etsy: your refund of £129.9 was sent back to the card ending 2130. It can take 5 working days.,ham
n00415,notice_pair_lure,"Regions Bank: to stop the transfer we just blocked, reply with the 755802 code we sent you.",phishing
n00416,notice_pair_legit,Regions Bank: 755802 is your login code. We will never ask you to share it.,ham
n00417,notice_pair_lure,"Postbank: Ihre Daten konnten nicht bestätigt werden, das Online-Banking ist gesperrt. Zugang in 24 Std. freischalten: postbank-verify-now.top",phishing
n00418,notice_pair_legit,Postbank: Am Sonntag von 02:00 bis 05:00 Uhr ist das Online-Banking wegen Wartung nicht erreichbar.,ham
n00419,notice_pair_lure,بنك الرياض: لإيقاف التحويل الذي حجبناه، أرسل الرمز 741516 الذي وصلك.,phishing
n00420,notice_pair_legit,بنك الرياض: 741516 هو رمز الدخول الخاص بك. لن نطلب منك مشاركته أبدًا.,ham
n00421,notice_pair_lure,Duolingo: su plan se renueva hoy por 129.9€ si no lo cancela. Detenga el cobro: duolingo-id-confirm.site,phishing
n00422,notice_pair_legit,Duolingo: su plan se renovará el día 28 por 129.9€. Gestiónelo en la app o en duolingo.es.,ham
n00423,notice_pair_lure,E.ON: your electricity will be cut off today over an unpaid bill of £2.45. Settle now: eon-id-confirm.site,phishing
n00424,notice_pair_legit,E.ON: your electricity bill of £2.45 is due on the 28th. Pay in the app or at eon.com.,ham
n00425,notice_pair_lure,"Audible: Ihr Abo verlängert sich heute für 249.0 €, wenn Sie nicht kündigen. Abbuchung stoppen: audible-billing-update.online",phishing
n00426,notice_pair_legit,Audible: Ihr Abo verlängert sich am 28. für 249.0 €. Verwalten Sie es in der App oder auf audible.de.,ham
n00427,notice_pair_lure,"Совкомбанк: чтобы отменить заблокированный перевод, отправьте в ответ код 695010.",phishing
n00428,notice_pair_legit,Совкомбанк: 695010 — ваш код для входа. Мы никогда не просим его сообщить.,ham
n00429,notice_pair_lure,"GLS: il pacco 9243742070 è fermo, tassa doganale di 3.5 € non pagata. Paga per liberarlo: gls-secure-id.info",phishing
n00430,notice_pair_legit,GLS: il pacco 9243742070 è in consegna oggi tra le 14:00 e le 18:00.,ham
n00431,notice_pair_lure,"Боксберри: посылку 1306647877 не доставили, адрес неполный. Подтвердите его здесь: service-id-confirm.site",phishing
n00432,notice_pair_legit,Боксберри: посылку 1306647877 не доставили. Она ждёт вас в отделении 7 дней.,ham
n00433,notice_pair_lure,"Боксберри: посылку 9633378157 не доставили, адрес неполный. Подтвердите его здесь: rb.gy/2tg95e",phishing
n00434,notice_pair_legit,Боксберри: посылку 9633378157 не доставили. Она ждёт вас в отделении 7 дней.,ham
n00435,notice_pair_lure,بنك الجزيرة: تمت الموافقة على دفعة 1.99 ريال لتاجر جديد من البطاقة 1974. ألغها هنا: rb.gy/b99rqu,phishing
n00436,notice_pair_legit,بنك الجزيرة: تم خصم 1.99 ريال من بطاقتك 1974. إذا لم تتعرف على العملية اتصل بالرقم خلف البطاقة.,ham
n00437,notice_pair_lure,Zalando : un remboursement de 249.0 € vous attend. Saisissez vos coordonnées bancaires : is.gd/kh46fs,phishing
n00438,notice_pair_legit,Zalando : votre remboursement de 249.0 € a été envoyé sur la carte 5983. Comptez 5 jours ouvrés.,ham
n00439,notice_pair_lure,LCL : paiement de 3.5 € autorisé chez un nouveau commerçant avec la carte 6518. Annulez ici : lcl-portal-login.cc,phishing
n00440,notice_pair_legit,"LCL : 3.5 € débités aujourd'hui de la carte 6518. En cas de doute, appelez le numéro au dos de la carte.",ham
n00441,notice_pair_lure,Audible: su plan se renueva hoy por 249.0€ si no lo cancela. Detenga el cobro: audible-verify-now.top,phishing
n00442,notice_pair_legit,Audible: su plan se renovará el día 28 por 249.0€. Gestiónelo en la app o en audible.es.,ham
n00443,notice_pair_lure,"Hermes: Paket 958464777726 wird zurückgehalten, Zollgebühr von 48.0 € offen. Zum Freigeben zahlen: is.gd/uueesp",phishing
n00444,notice_pair_legit,Hermes: Paket 958464777726 wird heute zwischen 14:00 und 18:00 Uhr zugestellt.,ham
n00445,notice_pair_lure,"SDA: il pacco 0776137214 è fermo, tassa doganale di 9.9 € non pagata. Paga per liberarlo: sda-verify-now.top",phishing
n00446,notice_pair_legit,SDA: il pacco 0776137214 è in consegna oggi tra le 14:00 e le 18:00.,ham
n00447,notice_pair_lure,"Spotify: подписка продлится сегодня за 220 ₽, если не отменить. Остановить списание: spotify-customer-verify.live",phishing
n00448,notice_pair_legit,Spotify: подписка продлится 28-го за 220 ₽. Управление в приложении или на spotify.ru.,ham
n00449,notice_pair_lure,AliExpress: pengembalian dana Rp31840 menunggu Anda. Masukkan data kartu untuk menerimanya: aliexpress-id-confirm.site,phishing
n00450,notice_pair_legit,AliExpress: dana Rp31840 telah dikembalikan ke kartu 6620. Proses hingga 5 hari kerja.,ham
n00451,notice_pair_lure,"Mondial Relay : le colis 4064182152 est bloqué, frais de douane de 19.99 € impayés. Payez pour le libérer : mondialrelay-portal-login.cc",phishing
n00452,notice_pair_legit,Mondial Relay : votre colis 4064182152 sera livré aujourd'hui entre 14h00 et 18h00.,ham
n00453,notice_pair_lure,"Strava: подписка продлится сегодня за 891 ₽, если не отменить. Остановить списание: rb.gy/q92a8q",phishing
n00454,notice_pair_legit,Strava: подписка продлится 28-го за 891 ₽. Управление в приложении или на strava.ru.,ham
n00455,notice_pair_lure,Etsy: вам положен возврат 1799 ₽. Введите данные карты для получения: t.ly/p4vy9y,phishing
n00456,notice_pair_legit,Etsy: возврат 1799 ₽ отправлен на карту 5484. Зачисление занимает до 5 рабочих дней.,ham
n00457,notice_pair_lure,PLN : votre électricité sera coupée aujourd'hui pour une facture impayée de 249.0 €. Régularisez : is.gd/z3wjah,phishing
n00458,notice_pair_legit,PLN : votre facture d'électricité de 249.0 € est due le 28. Payez dans l'application ou sur pln.fr.,ham
n00459,notice_pair_lure,Shein: un rimborso di 249.0 € ti aspetta. Inserisci i dati della carta per riceverlo: shein-id-confirm.site,phishing
n00460,notice_pair_legit,Shein: il rimborso di 249.0 € è stato inviato sulla carta 8770. Possono servire 5 giorni lavorativi.,ham
n00461,notice_pair_lure,Spotify: your plan renews today for £1.99 unless you cancel. Stop the charge: spotify-account-check.xyz,phishing
n00462,notice_pair_legit,Spotify: your plan renews on the 28th for £1.99. Manage it in the app or at spotify.com.,ham
n00463,notice_pair_lure,"LCL : pour annuler le virement que nous avons bloqué, répondez avec le code 899063.",phishing
n00464,notice_pair_legit,LCL : 899063 est votre code de connexion. Nous ne vous le demanderons jamais.,ham
n00465,notice_pair_lure,"Почта: посылка 468475781153 задержана, таможенный сбор 1116 ₽ не оплачен. Оплатите для выдачи: service-verify-now.top",phishing
n00466,notice_pair_legit,Почта: посылка 468475781153 будет доставлена сегодня с 14:00 до 18:00.,ham
n00467,notice_pair_lure,E.ON : votre électricité sera coupée aujourd'hui pour une facture impayée de 2.45 €. Régularisez : shorturl.at/4km8bq,phishing
n00468,notice_pair_legit,E.ON : votre facture d'électricité de 2.45 € est due le 28. Payez dans l'application ou sur eon.fr.,ham
n00469,notice_pair_lure,Iberdrola : votre électricité sera coupée aujourd'hui pour une facture impayée de 24.5 €. Régularisez : iberdrola-portal-login.cc,phishing
n00470,notice_pair_legit,Iberdrola : votre facture d'électricité de 24.5 € est due le 28. Payez dans l'application ou sur iberdrola.fr.,ham
n00471,notice_pair_lure,EDF: Ihr Strom wird heute wegen einer offenen Rechnung über 9.9 € abgestellt. Jetzt begleichen: edf-billing-update.online,phishing
n00472,notice_pair_legit,EDF: Ihre Stromrechnung über 9.9 € ist am 28. fällig. Zahlung in der App oder auf edf.de.,ham
n00473,notice_pair_lure,Strava: su plan se renueva hoy por 249.0€ si no lo cancela. Detenga el cobro: rb.gy/mqmkp3,phishing
n00474,notice_pair_legit,Strava: su plan se renovará el día 28 por 249.0€. Gestiónelo en la app o en strava.es.,ham
n00475,notice_pair_lure,"Боксберри: посылку 4221753933 не доставили, адрес неполный. Подтвердите его здесь: service-billing-update.online",phishing
n00476,notice_pair_legit,Боксберри: посылку 4221753933 не доставили. Она ждёт вас в отделении 7 дней.,ham
n00477,notice_pair_lure,"Уралсиб: не удалось подтвердить ваши данные, интернет-банк заблокирован. Восстановите доступ за 24 часа: service-customer-verify.live",phishing
n00478,notice_pair_legit,Уралсиб: в воскресенье с 02:00 до 05:00 интернет-банк будет недоступен из-за техработ.,ham
n00479,notice_pair_lure,Credem: pagamento di 129.9 € autorizzato presso un nuovo esercente con la carta 8519. Annulla qui: shorturl.at/5tz8gf,phishing
n00480,notice_pair_legit,"Credem: addebito di 129.9 € sulla carta 8519. Se non lo riconosci, chiama il numero sul retro della carta.",ham
n00481,notice_pair_lure,"Colissimo : colis 4256339782 non livré, adresse incomplète. Confirmez-la ici : is.gd/zdsxa4",phishing
n00482,notice_pair_legit,Colissimo : colis 4256339782 non livré. Il reste 7 jours à votre point relais.,ham
n00483,notice_pair_lure,Disney+: su plan se renueva hoy por 249.0€ si no lo cancela. Detenga el cobro: cutt.ly/q7es3s,phishing
n00484,notice_pair_legit,Disney+: su plan se renovará el día 28 por 249.0€. Gestiónelo en la app o en disney.es.,ham
n00485,notice_pair_lure,Audible: paket Anda diperpanjang hari ini seharga Rp2078400 kecuali dibatalkan. Hentikan tagihan: audible-billing-update.online,phishing
n00486,notice_pair_legit,Audible: paket Anda diperpanjang tanggal 28 seharga Rp2078400. Kelola di aplikasi atau audible.co.id.,ham
n00487,notice_pair_lure,"Caisse d'Epargne : pour annuler le virement que nous avons bloqué, répondez avec le code 144344.",phishing
n00488,notice_pair_legit,Caisse d'Epargne : 144344 est votre code de connexion. Nous ne vous le demanderons jamais.,ham
n00489,notice_pair_lure,Şekerbank: 5407 ile biten kartınızdan yeni bir üye iş yerine 67 TL ödeme onaylandı. Buradan iptal edin: is.gd/bxfrxf,phishing
n00490,notice_pair_legit,Şekerbank: 5407 ile biten kartınızdan 67 TL tutarında işlem yapıldı. Tanımıyorsanız kartınızın arkasındaki numarayı arayın.,ham
n00491,notice_pair_lure,"Duolingo: Ihr Abo verlängert sich heute für 19.99 €, wenn Sie nicht kündigen. Abbuchung stoppen: duolingo-verify-now.top",phishing
n00492,notice_pair_legit,Duolingo: Ihr Abo verlängert sich am 28. für 19.99 €. Verwalten Sie es in der App oder auf duolingo.de.,ham
n00493,notice_pair_lure,Denizbank: 5911 ile biten kartınızdan yeni bir üye iş yerine 336 TL ödeme onaylandı. Buradan iptal edin: denizbank-account-check.xyz,phishing
n00494,notice_pair_legit,Denizbank: 5911 ile biten kartınızdan 336 TL tutarında işlem yapıldı. Tanımıyorsanız kartınızın arkasındaki numarayı arayın.,ham
n00495,notice_pair_lure,Volksbank: Zahlung über 12.4 € an einen neuen Händler mit Karte 9358 freigegeben. Hier stornieren: rb.gy/bsagsr,phishing
n00496,notice_pair_legit,Volksbank: 12.4 € wurden heute von Karte 9358 abgebucht. Bei Fragen nutzen Sie die Nummer auf Ihrer Karte.,ham
n00497,notice_pair_lure,Strava: su plan se renueva hoy por 1.99€ si no lo cancela. Detenga el cobro: rb.gy/2fzrp2,phishing
n00498,notice_pair_legit,Strava: su plan se renovará el día 28 por 1.99€. Gestiónelo en la app o en strava.es.,ham
n00499,notice_pair_lure,"Боксберри: посылку 103130255879 не доставили, адрес неполный. Подтвердите его здесь: service-billing-update.online",phishing
n00500,notice_pair_legit,Боксберри: посылку 103130255879 не доставили. Она ждёт вас в отделении 7 дней.,ham
n00501,notice_pair_lure,SDA: pacco 017906869810 non consegnato per indirizzo incompleto. Confermalo qui: sda-secure-id.info,phishing
n00502,notice_pair_legit,SDA: pacco 017906869810 non consegnato. Resta 7 giorni presso il punto di ritiro.,ham
n00503,notice_pair_lure,Denizbank: 3454 ile biten kartınızdan yeni bir üye iş yerine 8466 TL ödeme onaylandı. Buradan iptal edin: shorturl.at/8mr8th,phishing
n00504,notice_pair_legit,Denizbank: 3454 ile biten kartınızdan 8466 TL tutarında işlem yapıldı. Tanımıyorsanız kartınızın arkasındaki numarayı arayın.,ham
n00505,notice_pair_lure,DHL Parcel: pakket 6373207372 is niet bezorgd omdat het adres onvolledig is. Bevestig het hier: dhlparcel-id-confirm.site,phishing
n00506,notice_pair_legit,DHL Parcel: pakket 6373207372 is niet bezorgd en ligt 7 dagen klaar in het depot.,ham
n00507,notice_pair_lure,"LCL : pour annuler le virement que nous avons bloqué, répondez avec le code 8610.",phishing
n00508,notice_pair_legit,LCL : 8610 est votre code de connexion. Nous ne vous le demanderons jamais.,ham
n00509,notice_pair_lure,"СДЭК: посылку 306598478536 не доставили, адрес неполный. Подтвердите его здесь: service-secure-id.info",phishing
n00510,notice_pair_legit,СДЭК: посылку 306598478536 не доставили. Она ждёт вас в отделении 7 дней.,ham
n00511,notice_pair_lure,"Strava: Ihr Abo verlängert sich heute für 12.4 €, wenn Sie nicht kündigen. Abbuchung stoppen: shorturl.at/uy5dra",phishing
n00512,notice_pair_legit,Strava: Ihr Abo verlängert sich am 28. für 12.4 €. Verwalten Sie es in der App oder auf strava.de.,ham
n00513,notice_pair_lure,MRW: no pudimos entregar el paquete 025065736369 porque la dirección está incompleta. Confírmela aquí: rb.gy/p8yj27,phishing
n00514,notice_pair_legit,MRW: no pudimos entregar el paquete 025065736369. Queda 7 días en su oficina local.,ham
n00515,notice_pair_lure,AliExpress : un remboursement de 24.5 € vous attend. Saisissez vos coordonnées bancaires : aliexpress-id-confirm.site,phishing
n00516,notice_pair_legit,AliExpress : votre remboursement de 24.5 € a été envoyé sur la carte 3659. Comptez 5 jours ouvrés.,ham
n00517,notice_pair_lure,Crédit Mutuel : paiement de 3.5 € autorisé chez un nouveau commerçant avec la carte 5236. Annulez ici : crditmutuel-portal-login.cc,phishing
n00518,notice_pair_legit,"Crédit Mutuel : 3.5 € débités aujourd'hui de la carte 5236. En cas de doute, appelez le numéro au dos de la carte.",ham
n00519,notice_pair_lure,"DHL Parcel: pakket 962324705267 is vastgehouden, douanekosten van €129.9 openstaand. Betaal om vrij te geven: cutt.ly/grggg6",phishing
n00520,notice_pair_legit,DHL Parcel: uw pakket 962324705267 wordt vandaag tussen 14:00 en 18:00 bezorgd.,ham
n00521,notice_pair_lure,Nacex: el paquete 0954143133 está retenido por una tasa aduanera de 19.99€. Pague para liberarlo: nacex-billing-update.online,phishing
n00522,notice_pair_legit,Nacex: su paquete 0954143133 sale hoy a reparto entre las 14:00 y las 18:00.,ham
n00523,notice_pair_lure,Iberdrola : votre électricité sera coupée aujourd'hui pour une facture impayée de 48.0 €. Régularisez : iberdrola-portal-login.cc,phishing
n00524,notice_pair_legit,Iberdrola : votre facture d'électricité de 48.0 € est due le 28. Payez dans l'application ou sur iberdrola.fr.,ham
n00525,notice_pair_lure,GLS: pacco 527763119055 non consegnato per indirizzo incompleto. Confermalo qui: gls-customer-verify.live,phishing
n00526,notice_pair_legit,GLS: pacco 527763119055 non consegnato. Resta 7 giorni presso il punto di ritiro.,ham
n00527,notice_pair_lure,بنك الرياض: لإيقاف التحويل الذي حجبناه، أرسل الرمز 499418 الذي وصلك.,phishing
n00528,notice_pair_legit,بنك الرياض: 499418 هو رمز الدخول الخاص بك. لن نطلب منك مشاركته أبدًا.,ham
n00529,notice_pair_lure,Enel: listrik Anda akan diputus hari ini karena tagihan Rp39200 belum dibayar. Bayar sekarang: enel-secure-id.info,phishing
n00530,notice_pair_legit,Enel: tagihan listrik Rp39200 jatuh tempo tanggal 28. Bayar di aplikasi atau enel.co.id.,ham
n00531,notice_pair_lure,Shein: un rimborso di 19.99 € ti aspetta. Inserisci i dati della carta per riceverlo: shein-verify-now.top,phishing
n00532,notice_pair_legit,Shein: il rimborso di 19.99 € è stato inviato sulla carta 7198. Possono servire 5 giorni lavorativi.,ham
n00533,notice_pair_lure,Duolingo: paket Anda diperpanjang hari ini seharga Rp56000 kecuali dibatalkan. Hentikan tagihan: t.ly/6g5ghm,phishing
n00534,notice_pair_legit,Duolingo: paket Anda diperpanjang tanggal 28 seharga Rp56000. Kelola di aplikasi atau duolingo.co.id.,ham
n00535,notice_pair_lure,Zalando : un remboursement de 3.5 € vous attend. Saisissez vos coordonnées bancaires : zalando-verify-now.top,phishing
n00536,notice_pair_legit,Zalando : votre remboursement de 3.5 € a été envoyé sur la carte 5233. Comptez 5 jours ouvrés.,ham
n00537,notice_pair_lure,Enel: Ihr Strom wird heute wegen einer offenen Rechnung über 48.0 € abgestellt. Jetzt begleichen: rb.gy/ynukr5,phishing
n00538,notice_pair_legit,Enel: Ihre Stromrechnung über 48.0 € ist am 28. fällig. Zahlung in der App oder auf enel.de.,ham
n00539,notice_pair_lure,"AnterAja: paket 323678686012 tertahan, biaya bea masuk Rp158400 belum dibayar. Bayar untuk melepaskan: is.gd/knk3dy",phishing
n00540,notice_pair_legit,AnterAja: paket 323678686012 dalam pengiriman hari ini pukul 14.00-18.00.,ham
n00541,notice_pair_lure,PLN: listrik Anda akan diputus hari ini karena tagihan Rp56000 belum dibayar. Bayar sekarang: pln-billing-update.online,phishing
n00542,notice_pair_legit,PLN: tagihan listrik Rp56000 jatuh tempo tanggal 28. Bayar di aplikasi atau pln.co.id.,ham
n00543,notice_pair_lure,Spotify: il tuo piano si rinnova oggi a 19.99 € se non lo annulli. Blocca l'addebito: spotify-billing-update.online,phishing
n00544,notice_pair_legit,Spotify: il tuo piano si rinnova il 28 a 19.99 €. Gestiscilo nell'app o su spotify.it.,ham
n00545,notice_pair_lure,Iberdrola: hoy se cortará la luz por una factura impagada de 1.99€. Regularice ahora: is.gd/gv8nq7,phishing
n00546,notice_pair_legit,Iberdrola: su factura de luz de 1.99€ vence el día 28. Pague en la app o en iberdrola.es.,ham
n00547,notice_pair_lure,"Poste Delivery: il pacco 454060810301 è fermo, tassa doganale di 12.4 € non pagata. Paga per liberarlo: postedeliver-portal-login.cc",phishing
n00548,notice_pair_legit,Poste Delivery: il pacco 454060810301 è in consegna oggi tra le 14:00 e le 18:00.,ham
n00549,notice_pair_lure,LCL : paiement de 249.0 € autorisé chez un nouveau commerçant avec la carte 3485. Annulez ici : is.gd/c34z88,phishing
n00550,notice_pair_legit,"LCL : 249.0 € débités aujourd'hui de la carte 3485. En cas de doute, appelez le numéro au dos de la carte.",ham
n00551,notice_pair_lure,"Targobank: Ihre Daten konnten nicht bestätigt werden, das Online-Banking ist gesperrt. Zugang in 24 Std. freischalten: is.gd/avuezp",phishing
n00552,notice_pair_legit,Targobank: Am Sonntag von 02:00 bis 05:00 Uhr ist das Online-Banking wegen Wartung nicht erreichbar.,ham
n00553,notice_pair_lure,"AnterAja: paket 820437023158 tertahan, biaya bea masuk Rp158400 belum dibayar. Bayar untuk melepaskan: cutt.ly/67nexr",phishing
n00554,notice_pair_legit,AnterAja: paket 820437023158 dalam pengiriman hari ini pukul 14.00-18.00.,ham
n00555,notice_pair_lure,"Росбанк: не удалось подтвердить ваши данные, интернет-банк заблокирован. Восстановите доступ за 24 часа: is.gd/yapqds",phishing
n00556,notice_pair_legit,Росбанк: в воскресенье с 02:00 до 05:00 интернет-банк будет недоступен из-за техработ.,ham
n00557,notice_pair_lure,AliExpress: eine Rückerstattung von 1.99 € wartet auf Sie. Kartendaten eingeben zum Erhalt: is.gd/sn9u7p,phishing
n00558,notice_pair_legit,AliExpress: Ihre Rückerstattung über 1.99 € ging an die Karte 8036. Die Gutschrift dauert bis zu 5 Werktage.,ham
n00559,notice_pair_lure,Iberdrola: 8466 TL tutarındaki ödenmemiş fatura nedeniyle elektriğiniz bugün kesilecek. Şimdi ödeyin: cutt.ly/ty2ny6,phishing
n00560,notice_pair_legit,Iberdrola: 8466 TL tutarındaki elektrik faturanızın son ödeme günü ayın 28'i. Uygulamadan ödeyebilirsiniz.,ham
n00561,notice_pair_lure,"Боксберри: посылку 256178819913 не доставили, адрес неполный. Подтвердите его здесь: service-billing-update.online",phishing
n00562,notice_pair_legit,Боксберри: посылку 256178819913 не доставили. Она ждёт вас в отделении 7 дней.,ham
n00563,notice_pair_lure,Banca Sella: pagamento di 249.0 € autorizzato presso un nuovo esercente con la carta 8327. Annulla qui: shorturl.at/uekhh3,phishing
n00564,notice_pair_legit,"Banca Sella: addebito di 249.0 € sulla carta 8327. Se non lo riconosci, chiama il numero sul retro della carta.",ham
n00565,notice_pair_lure,EDF: 4416 TL tutarındaki ödenmemiş fatura nedeniyle elektriğiniz bugün kesilecek. Şimdi ödeyin: edf-customer-verify.live,phishing
n00566,notice_pair_legit,EDF: 4416 TL tutarındaki elektrik faturanızın son ödeme günü ayın 28'i. Uygulamadan ödeyebilirsiniz.,ham
n00567,notice_pair_lure,"Bank Permata: untuk membatalkan transfer yang kami blokir, balas dengan kode 440394.",phishing
n00568,notice_pair_legit,Bank Permata: 440394 adalah kode masuk Anda. Kami tidak pernah meminta kode ini.,ham
n00569,notice_pair_lure,Shein: un rimborso di 3.5 € ti aspetta. Inserisci i dati della carta per riceverlo: is.gd/r3bjbk,phishing
n00570,notice_pair_legit,Shein: il rimborso di 3.5 € è stato inviato sulla carta 8122. Possono servire 5 giorni lavorativi.,ham
n00571,notice_pair_lure,Abanca: no hemos podido verificar sus datos y su banca online queda suspendida. Restablezca el acceso en 24h: is.gd/cf6627,phishing
n00572,notice_pair_legit,Abanca: su banca online estará en mantenimiento el domingo de 02:00 a 05:00. No necesita hacer nada.,ham
n00573,notice_pair_lure,"Совкомбанк: чтобы отменить заблокированный перевод, отправьте в ответ код 799089.",phishing
n00574,notice_pair_legit,Совкомбанк: 799089 — ваш код для входа. Мы никогда не просим его сообщить.,ham
n00575,notice_pair_lure,"Halifax: to stop the transfer we just blocked, reply with the 256377 code we sent you.",phishing
n00576,notice_pair_legit,Halifax: 256377 is your login code. We will never ask you to share it.,ham
n00577,notice_pair_lure,Shein: pengembalian dana Rp39200 menunggu Anda. Masukkan data kartu untuk menerimanya: shein-id-confirm.site,phishing
n00578,notice_pair_legit,Shein: dana Rp39200 telah dikembalikan ke kartu 7472. Proses hingga 5 hari kerja.,ham
n00579,notice_pair_lure,"Боксберри: посылка 2349742769 задержана, таможенный сбор 11691 ₽ не оплачен. Оплатите для выдачи: service-account-check.xyz",phishing
n00580,notice_pair_legit,Боксберри: посылка 2349742769 будет доставлена сегодня с 14:00 до 18:00.,ham
n00581,notice_pair_lure,"Halifax: to stop the transfer we just blocked, reply with the 761215 code we sent you.",phishing
n00582,notice_pair_legit,Halifax: 761215 is your login code. We will never ask you to share it.,ham
n00583,notice_pair_lure,"Targobank: um die soeben gestoppte Überweisung zu stornieren, antworten Sie mit dem Code 53734.",phishing
n00584,notice_pair_legit,Targobank: 53734 ist Ihr Anmeldecode. Wir fragen Sie nie nach diesem Code.,ham
n00585,notice_pair_lure,Halifax: a payment of £3.5 to a new merchant was approved on card ending 7280. Cancel it here: halifax-verify-now.top,phishing
n00586,notice_pair_legit,"Halifax: £3.5 was debited from card ending 7280 today. If you do not recognise it, call the number on your card.",ham
n00587,notice_pair_lure,Poste Delivery: pacco 3767726391 non consegnato per indirizzo incompleto. Confermalo qui: shorturl.at/jtm5rg,phishing
n00588,notice_pair_legit,Poste Delivery: pacco 3767726391 non consegnato. Resta 7 giorni presso il punto di ritiro.,ham
n00589,notice_pair_lure,Etsy : un remboursement de 2.45 € vous attend. Saisissez vos coordonnées bancaires : etsy-account-check.xyz,phishing
n00590,notice_pair_legit,Etsy : votre remboursement de 2.45 € a été envoyé sur la carte 6638. Comptez 5 jours ouvrés.,ham
n00591,notice_pair_lure,"Volksbank: Ihre Daten konnten nicht bestätigt werden, das Online-Banking ist gesperrt. Zugang in 24 Std. freischalten: volksbank-account-check.xyz",phishing
n00592,notice_pair_legit,Volksbank: Am Sonntag von 02:00 bis 05:00 Uhr ist das Online-Banking wegen Wartung nicht erreichbar.,ham
n00593,notice_pair_lure,"Spotify: Ihr Abo verlängert sich heute für 48.0 €, wenn Sie nicht kündigen. Abbuchung stoppen: spotify-account-check.xyz",phishing
n00594,notice_pair_legit,Spotify: Ihr Abo verlängert sich am 28. für 48.0 €. Verwalten Sie es in der App oder auf spotify.de.,ham
n00595,notice_pair_lure,"Strava: Ihr Abo verlängert sich heute für 24.5 €, wenn Sie nicht kündigen. Abbuchung stoppen: cutt.ly/vqnqvf",phishing
n00596,notice_pair_legit,Strava: Ihr Abo verlängert sich am 28. für 24.5 €. Verwalten Sie es in der App oder auf strava.de.,ham
n00597,notice_pair_lure,"Bankinter: para detener la transferencia que hemos bloqueado, responda con el código 944792 que le enviamos.",phishing
n00598,notice_pair_legit,Bankinter: 944792 es su código de acceso. Nunca le pediremos que lo comparta.,ham
n00599,notice_pair_lure,AliExpress: pengembalian dana Rp392000 menunggu Anda. Masukkan data kartu untuk menerimanya: aliexpress-id-confirm.site,phishing
n00600,notice_pair_legit,AliExpress: dana Rp392000 telah dikembalikan ke kartu 7125. Proses hingga 5 hari kerja.,ham
n00601,notice_pair_lure,PLN: hoy se cortará la luz por una factura impagada de 9.9€. Regularice ahora: is.gd/mdrfh7,phishing
n00602,notice_pair_legit,PLN: su factura de luz de 9.9€ vence el día 28. Pague en la app o en pln.es.,ham
n00603,notice_pair_lure,Yodel: we could not deliver parcel 6684905985 because the address is incomplete. Confirm it here: yodel-customer-verify.live,phishing
n00604,notice_pair_legit,Yodel: parcel 6684905985 could not be delivered. It is waiting at your local depot for 7 days.,ham
n00605,notice_pair_lure,SDA: pacco 724887118524 non consegnato per indirizzo incompleto. Confermalo qui: sda-account-check.xyz,phishing
n00606,notice_pair_legit,SDA: pacco 724887118524 non consegnato. Resta 7 giorni presso il punto di ritiro.,ham
n00607,notice_pair_lure,Zalando : un remboursement de 2.45 € vous attend. Saisissez vos coordonnées bancaires : t.ly/npwufq,phishing
n00608,notice_pair_legit,Zalando : votre remboursement de 2.45 € a été envoyé sur la carte 1305. Comptez 5 jours ouvrés.,ham
n00609,notice_pair_lure,OCBC NISP: pembayaran Rp158400 ke merchant baru dari kartu 8946 disetujui. Batalkan di sini: ocbcnisp-id-confirm.site,phishing
n00610,notice_pair_legit,"OCBC NISP: transaksi Rp158400 pada kartu 8946 berhasil. Jika bukan Anda, hubungi nomor di belakang kartu.",ham
n00611,notice_pair_lure,Booking: eine Rückerstattung von 3.5 € wartet auf Sie. Kartendaten eingeben zum Erhalt: cutt.ly/73uvzz,phishing
n00612,notice_pair_legit,Booking: Ihre Rückerstattung über 3.5 € ging an die Karte 6789. Die Gutschrift dauert bis zu 5 Werktage.,ham
n00613,notice_pair_lure,Shein: pengembalian dana Rp392000 menunggu Anda. Masukkan data kartu untuk menerimanya: shein-billing-update.online,phishing
n00614,notice_pair_legit,Shein: dana Rp392000 telah dikembalikan ke kartu 6005. Proses hingga 5 hari kerja.,ham
n00615,notice_pair_lure,"Banque Populaire : pour annuler le virement que nous avons bloqué, répondez avec le code 126533.",phishing
n00616,notice_pair_legit,Banque Populaire : 126533 est votre code de connexion. Nous ne vous le demanderons jamais.,ham
n00617,notice_pair_lure,"Почта: посылку 373378033334 не доставили, адрес неполный. Подтвердите его здесь: cutt.ly/jub7y5",phishing
n00618,notice_pair_legit,Почта: посылку 373378033334 не доставили. Она ждёт вас в отделении 7 дней.,ham
n00619,notice_pair_lure,Nacex: no pudimos entregar el paquete 2864528575 porque la dirección está incompleta. Confírmela aquí: is.gd/ejgpqm,phishing
n00620,notice_pair_legit,Nacex: no pudimos entregar el paquete 2864528575. Queda 7 días en su oficina local.,ham
n00621,notice_pair_lure,Enel: your electricity will be cut off today over an unpaid bill of £129.9. Settle now: enel-billing-update.online,phishing
n00622,notice_pair_legit,Enel: your electricity bill of £129.9 is due on the 28th. Pay in the app or at enel.com.,ham
n00623,notice_pair_lure,DPD: pakket 1639597532 is niet bezorgd omdat het adres onvolledig is. Bevestig het hier: t.ly/bpq8uu,phishing
n00624,notice_pair_legit,DPD: pakket 1639597532 is niet bezorgd en ligt 7 dagen klaar in het depot.,ham
n00625,notice_pair_lure,Shein: a refund of £9.9 is waiting for you. Enter your card details to receive it: shein-id-confirm.site,phishing
n00626,notice_pair_legit,Shein: your refund of £9.9 was sent back to the card ending 8594. It can take 5 working days.,ham
n00627,notice_pair_lure,MRW: no pudimos entregar el paquete 973428674032 porque la dirección está incompleta. Confírmela aquí: mrw-account-check.xyz,phishing
n00628,notice_pair_legit,MRW: no pudimos entregar el paquete 973428674032. Queda 7 días en su oficina local.,ham
n00629,notice_pair_lure,Yodel: we could not deliver parcel 095519319068 because the address is incomplete. Confirm it here: yodel-account-check.xyz,phishing
n00630,notice_pair_legit,Yodel: parcel 095519319068 could not be delivered. It is waiting at your local depot for 7 days.,ham
n00631,notice_pair_lure,"Banco Desio: per bloccare il bonifico appena fermato, rispondi con il codice 969769.",phishing
n00632,notice_pair_legit,Banco Desio: 969769 è il tuo codice di accesso. Non te lo chiederemo mai.,ham
n00633,notice_pair_lure,Zalando: eine Rückerstattung von 249.0 € wartet auf Sie. Kartendaten eingeben zum Erhalt: is.gd/3kx85x,phishing
n00634,notice_pair_legit,Zalando: Ihre Rückerstattung über 249.0 € ging an die Karte 4328. Die Gutschrift dauert bis zu 5 Werktage.,ham
n00635,notice_pair_lure,PLN: your electricity will be cut off today over an unpaid bill of £249.0. Settle now: pln-secure-id.info,phishing
n00636,notice_pair_legit,PLN: your electricity bill of £249.0 is due on the 28th. Pay in the app or at pln.com.,ham
n00637,notice_pair_lure,"Colissimo : colis 696040871473 non livré, adresse incomplète. Confirmez-la ici : colissimo-customer-verify.live",phishing
n00638,notice_pair_legit,Colissimo : colis 696040871473 non livré. Il reste 7 jours à votre point relais.,ham
n00639,notice_pair_lure,Yodel: we could not deliver parcel 5362768463 because the address is incomplete. Confirm it here: yodel-verify-now.top,phishing
n00640,notice_pair_legit,Yodel: parcel 5362768463 could not be delivered. It is waiting at your local depot for 7 days.,ham
n00641,notice_pair_lure,"Colissimo : colis 5866522380 non livré, adresse incomplète. Confirmez-la ici : rb.gy/mzawm2",phishing
n00642,notice_pair_legit,Colissimo : colis 5866522380 non livré. Il reste 7 jours à votre point relais.,ham
n00643,notice_pair_lure,"Credem: per bloccare il bonifico appena fermato, rispondi con il codice 999201.",phishing
n00644,notice_pair_legit,Credem: 999201 è il tuo codice di accesso. Non te lo chiederemo mai.,ham
n00645,notice_pair_lure,DHL Parcel: pakket 6256592383 is niet bezorgd omdat het adres onvolledig is. Bevestig het hier: dhlparcel-verify-now.top,phishing
n00646,notice_pair_legit,DHL Parcel: pakket 6256592383 is niet bezorgd en ligt 7 dagen klaar in het depot.,ham
n00647,notice_pair_lure,Nationwide: a payment of £1.99 to a new merchant was approved on card ending 2781. Cancel it here: nationwide-customer-verify.live,phishing
n00648,notice_pair_legit,"Nationwide: £1.99 was debited from card ending 2781 today. If you do not recognise it, call the number on your card.",ham
n00649,notice_pair_lure,Enel: سيتم قطع الكهرباء اليوم بسبب فاتورة غير مدفوعة بقيمة 24.5 ريال. سدد الآن: enel-verify-now.top,phishing
n00650,notice_pair_legit,Enel: فاتورة الكهرباء بقيمة 24.5 ريال تستحق في الـ28. ادفع عبر التطبيق أو enel.com.,ham
n00651,notice_pair_lure,"GLS : le colis 3746211428 est bloqué, frais de douane de 24.5 € impayés. Payez pour le libérer : shorturl.at/3nnkt2",phishing
n00652,notice_pair_legit,GLS : votre colis 3746211428 sera livré aujourd'hui entre 14h00 et 18h00.,ham
n00653,notice_pair_lure,"GLS : colis 7109068091 non livré, adresse incomplète. Confirmez-la ici : t.ly/kqbnvm",phishing
n00654,notice_pair_legit,GLS : colis 7109068091 non livré. Il reste 7 jours à votre point relais.,ham
n00655,notice_pair_lure,PLN: your electricity will be cut off today over an unpaid bill of £1.99. Settle now: pln-portal-login.cc,phishing
n00656,notice_pair_legit,PLN: your electricity bill of £1.99 is due on the 28th. Pay in the app or at pln.com.,ham
n00657,notice_pair_lure,"Credem: per bloccare il bonifico appena fermato, rispondi con il codice 855441.",phishing
n00658,notice_pair_legit,Credem: 855441 è il tuo codice di accesso. Non te lo chiederemo mai.,ham
n00659,notice_pair_lure,E.ON : votre électricité sera coupée aujourd'hui pour une facture impayée de 1.99 €. Régularisez : eon-portal-login.cc,phishing
n00660,notice_pair_legit,E.ON : votre facture d'électricité de 1.99 € est due le 28. Payez dans l'application ou sur eon.fr.,ham
n00661,notice_pair_lure,"Banque Populaire : pour annuler le virement que nous avons bloqué, répondez avec le code 218666.",phishing
n00662,notice_pair_legit,Banque Populaire : 218666 est votre code de connexion. Nous ne vous le demanderons jamais.,ham
n00663,notice_pair_lure,Disney+ : votre abonnement se renouvelle aujourd'hui pour 19.99 € sauf annulation. Arrêtez le prélèvement : disney-id-confirm.site,phishing
n00664,notice_pair_legit,Disney+ : votre abonnement se renouvelle le 28 pour 19.99 €. Gérez-le dans l'application ou sur disney.fr.,ham
n00665,notice_pair_lure,"Боксберри: посылка 061835171754 задержана, таможенный сбор 1116 ₽ не оплачен. Оплатите для выдачи: t.ly/6jxzcd",phishing
n00666,notice_pair_legit,Боксберри: посылка 061835171754 будет доставлена сегодня с 14:00 до 18:00.,ham
n00667,notice_pair_lure,Zalando: pengembalian dana Rp56000 menunggu Anda. Masukkan data kartu untuk menerimanya: zalando-id-confirm.site,phishing
n00668,notice_pair_legit,Zalando: dana Rp56000 telah dikembalikan ke kartu 8767. Proses hingga 5 hari kerja.,ham
n00669,notice_pair_lure,"Bankinter: para detener la transferencia que hemos bloqueado, responda con el código 770310 que le enviamos.",phishing
n00670,notice_pair_legit,Bankinter: 770310 es su código de acceso. Nunca le pediremos que lo comparta.,ham
n00671,notice_pair_lure,"Nationwide: to stop the transfer we just blocked, reply with the 432971 code we sent you.",phishing
n00672,notice_pair_legit,Nationwide: 432971 is your login code. We will never ask you to share it.,ham
n00673,notice_pair_lure,"DHL Parcel: pakket 8199298695 is vastgehouden, douanekosten van €249.0 openstaand. Betaal om vrij te geven: dhlparcel-id-confirm.site",phishing
n00674,notice_pair_legit,DHL Parcel: uw pakket 8199298695 wordt vandaag tussen 14:00 en 18:00 bezorgd.,ham
n00675,notice_pair_lure,Disney+ : votre abonnement se renouvelle aujourd'hui pour 1.99 € sauf annulation. Arrêtez le prélèvement : shorturl.at/t286yf,phishing
n00676,notice_pair_legit,Disney+ : votre abonnement se renouvelle le 28 pour 1.99 €. Gérez-le dans l'application ou sur disney.fr.,ham
n00677,notice_pair_lure,Etsy: tiene un reembolso de 2.45€ pendiente. Introduzca los datos de su tarjeta para recibirlo: is.gd/3qkh8e,phishing
n00678,notice_pair_legit,Etsy: su reembolso de 2.45€ se ha enviado a la tarjeta terminada en 6635. Puede tardar 5 días hábiles.,ham
n00679,notice_pair_lure,Audible: paket Anda diperpanjang hari ini seharga Rp39200 kecuali dibatalkan. Hentikan tagihan: audible-verify-now.top,phishing
n00680,notice_pair_legit,Audible: paket Anda diperpanjang tanggal 28 seharga Rp39200. Kelola di aplikasi atau audible.co.id.,ham
n00681,notice_pair_lure,"Halifax: to stop the transfer we just blocked, reply with the 482630 code we sent you.",phishing
n00682,notice_pair_legit,Halifax: 482630 is your login code. We will never ask you to share it.,ham
n00683,notice_pair_lure,Volksbank: Zahlung über 12.4 € an einen neuen Händler mit Karte 5732 freigegeben. Hier stornieren: rb.gy/dtxuyr,phishing
n00684,notice_pair_legit,Volksbank: 12.4 € wurden heute von Karte 5732 abgebucht. Bei Fragen nutzen Sie die Nummer auf Ihrer Karte.,ham
n00685,notice_pair_lure,"Боксберри: посылку 842554381224 не доставили, адрес неполный. Подтвердите его здесь: t.ly/vbkng6",phishing
n00686,notice_pair_legit,Боксберри: посылку 842554381224 не доставили. Она ждёт вас в отделении 7 дней.,ham
n00687,notice_pair_lure,"Spotify: подписка продлится сегодня за 2205 ₽, если не отменить. Остановить списание: spotify-account-check.xyz",phishing
n00688,notice_pair_legit,Spotify: подписка продлится 28-го за 2205 ₽. Управление в приложении или на spotify.ru.,ham
n00689,notice_pair_lure,"Совкомбанк: чтобы отменить заблокированный перевод, отправьте в ответ код 694035.",phishing
n00690,notice_pair_legit,Совкомбанк: 694035 — ваш код для входа. Мы никогда не просим его сообщить.,ham
n00691,notice_pair_lure,"Nationwide: to stop the transfer we just blocked, reply with the 151321 code we sent you.",phishing
n00692,notice_pair_legit,Nationwide: 151321 is your login code. We will never ask you to share it.,ham
n00693,notice_pair_lure,Bankinter: se aprobó un pago de 19.99€ a un comercio nuevo con la tarjeta terminada en 4551. Cancélelo aquí: rb.gy/c6rhag,phishing
n00694,notice_pair_legit,"Bankinter: cargo de 19.99€ en su tarjeta terminada en 4551. Si no lo reconoce, llame al número del reverso.",ham
n00695,notice_pair_lure,Enel: your electricity will be cut off today over an unpaid bill of £1.99. Settle now: enel-billing-update.online,phishing
n00696,notice_pair_legit,Enel: your electricity bill of £1.99 is due on the 28th. Pay in the app or at enel.com.,ham
n00697,notice_pair_lure,Shein: pengembalian dana Rp158400 menunggu Anda. Masukkan data kartu untuk menerimanya: cutt.ly/cez49s,phishing
n00698,notice_pair_legit,Shein: dana Rp158400 telah dikembalikan ke kartu 4913. Proses hingga 5 hari kerja.,ham
n00699,notice_pair_lure,Volksbank: Zahlung über 3.5 € an einen neuen Händler mit Karte 4443 freigegeben. Hier stornieren: t.ly/nefrpg,phishing
n00700,notice_pair_legit,Volksbank: 3.5 € wurden heute von Karte 4443 abgebucht. Bei Fragen nutzen Sie die Nummer auf Ihrer Karte.,ham
n00701,notice_pair_lure,"GLS: pakket 8322315116 is vastgehouden, douanekosten van €24.5 openstaand. Betaal om vrij te geven: gls-billing-update.online",phishing
n00702,notice_pair_legit,GLS: uw pakket 8322315116 wordt vandaag tussen 14:00 en 18:00 bezorgd.,ham
n00703,notice_pair_lure,GLS: pacco 9790961785 non consegnato per indirizzo incompleto. Confermalo qui: t.ly/3hyuqs,phishing
n00704,notice_pair_legit,GLS: pacco 9790961785 non consegnato. Resta 7 giorni presso il punto di ritiro.,ham
n00705,notice_pair_lure,Unicaja: se aprobó un pago de 249.0€ a un comercio nuevo con la tarjeta terminada en 3204. Cancélelo aquí: unicaja-customer-verify.live,phishing
n00706,notice_pair_legit,"Unicaja: cargo de 249.0€ en su tarjeta terminada en 3204. Si no lo reconoce, llame al número del reverso.",ham
n00707,notice_pair_lure,Postbank: Zahlung über 1.99 € an einen neuen Händler mit Karte 2132 freigegeben. Hier stornieren: postbank-portal-login.cc,phishing
n00708,notice_pair_legit,Postbank: 1.99 € wurden heute von Karte 2132 abgebucht. Bei Fragen nutzen Sie die Nummer auf Ihrer Karte.,ham
n00709,notice_pair_lure,Shein: eine Rückerstattung von 12.4 € wartet auf Sie. Kartendaten eingeben zum Erhalt: rb.gy/tejccq,phishing
n00710,notice_pair_legit,Shein: Ihre Rückerstattung über 12.4 € ging an die Karte 6574. Die Gutschrift dauert bis zu 5 Werktage.,ham
n00711,notice_pair_lure,AliExpress: a refund of £24.5 is waiting for you. Enter your card details to receive it: cutt.ly/4v2p8y,phishing
n00712,notice_pair_legit,AliExpress: your refund of £24.5 was sent back to the card ending 7222. It can take 5 working days.,ham
n00713,notice_pair_lure,Volksbank: Zahlung über 48.0 € an einen neuen Händler mit Karte 3612 freigegeben. Hier stornieren: rb.gy/nuf33s,phishing
n00714,notice_pair_legit,Volksbank: 48.0 € wurden heute von Karte 3612 abgebucht. Bei Fragen nutzen Sie die Nummer auf Ihrer Karte.,ham
n00715,notice_pair_lure,"Norisbank: um die soeben gestoppte Überweisung zu stornieren, antworten Sie mit dem Code 449001.",phishing
n00716,notice_pair_legit,Norisbank: 449001 ist Ihr Anmeldecode. Wir fragen Sie nie nach diesem Code.,ham
n00717,notice_pair_lure,"Bankinter: para detener la transferencia que hemos bloqueado, responda con el código 946483 que le enviamos.",phishing
n00718,notice_pair_legit,Bankinter: 946483 es su código de acceso. Nunca le pediremos que lo comparta.,ham
n00719,notice_pair_lure,"Unicaja: para detener la transferencia que hemos bloqueado, responda con el código 329915 que le enviamos.",phishing
n00720,notice_pair_legit,Unicaja: 329915 es su código de acceso. Nunca le pediremos que lo comparta.,ham
n00721,notice_pair_lure,Shein: eine Rückerstattung von 2.45 € wartet auf Sie. Kartendaten eingeben zum Erhalt: cutt.ly/hguhrn,phishing
n00722,notice_pair_legit,Shein: Ihre Rückerstattung über 2.45 € ging an die Karte 2730. Die Gutschrift dauert bis zu 5 Werktage.,ham
n00723,notice_pair_lure,Booking: a refund of £24.5 is waiting for you. Enter your card details to receive it: t.ly/byzj8e,phishing
n00724,notice_pair_legit,Booking: your refund of £24.5 was sent back to the card ending 1649. It can take 5 working days.,ham
n00725,notice_pair_lure,بنك الرياض: لإيقاف التحويل الذي حجبناه، أرسل الرمز 761379 الذي وصلك.,phishing
n00726,notice_pair_legit,بنك الرياض: 761379 هو رمز الدخول الخاص بك. لن نطلب منك مشاركته أبدًا.,ham
n00727,notice_pair_lure,Şekerbank: 2827 ile biten kartınızdan yeni bir üye iş yerine 119 TL ödeme onaylandı. Buradan iptal edin: ekerbank-verify-now.top,phishing
n00728,notice_pair_legit,Şekerbank: 2827 ile biten kartınızdan 119 TL tutarında işlem yapıldı. Tanımıyorsanız kartınızın arkasındaki numarayı arayın.,ham
n00729,notice_pair_lure,"Disney+: Ihr Abo verlängert sich heute für 1.99 €, wenn Sie nicht kündigen. Abbuchung stoppen: disney-customer-verify.live",phishing
n00730,notice_pair_legit,Disney+: Ihr Abo verlängert sich am 28. für 1.99 €. Verwalten Sie es in der App oder auf disney.de.,ham
n00731,notice_pair_lure,EDF: hoy se cortará la luz por una factura impagada de 129.9€. Regularice ahora: is.gd/a92tht,phishing
n00732,notice_pair_legit,EDF: su factura de luz de 129.9€ vence el día 28. Pague en la app o en edf.es.,ham
n00733,notice_pair_lure,بنك الرياض: لإيقاف التحويل الذي حجبناه، أرسل الرمز 642768 الذي وصلك.,phishing
n00734,notice_pair_legit,بنك الرياض: 642768 هو رمز الدخول الخاص بك. لن نطلب منك مشاركته أبدًا.,ham
n00735,notice_pair_lure,Iberdrola: سيتم قطع الكهرباء اليوم بسبب فاتورة غير مدفوعة بقيمة 3.5 ريال. سدد الآن: rb.gy/hjafwp,phishing
n00736,notice_pair_legit,Iberdrola: فاتورة الكهرباء بقيمة 3.5 ريال تستحق في الـ28. ادفع عبر التطبيق أو iberdrola.com.,ham
n00737,notice_pair_lure,Disney+ : votre abonnement se renouvelle aujourd'hui pour 3.5 € sauf annulation. Arrêtez le prélèvement : cutt.ly/gt3khv,phishing
n00738,notice_pair_legit,Disney+ : votre abonnement se renouvelle le 28 pour 3.5 €. Gérez-le dans l'application ou sur disney.fr.,ham
n00739,notice_pair_lure,Booking: pengembalian dana Rp158400 menunggu Anda. Masukkan data kartu untuk menerimanya: booking-billing-update.online,phishing
n00740,notice_pair_legit,Booking: dana Rp158400 telah dikembalikan ke kartu 4479. Proses hingga 5 hari kerja.,ham
n00741,notice_pair_lure,"Unicaja: para detener la transferencia que hemos bloqueado, responda con el código 781442 que le enviamos.",phishing
n00742,notice_pair_legit,Unicaja: 781442 es su código de acceso. Nunca le pediremos que lo comparta.,ham
n00743,notice_pair_lure,"TSB: to stop the transfer we just blocked, reply with the 809827 code we sent you.",phishing
n00744,notice_pair_legit,TSB: 809827 is your login code. We will never ask you to share it.,ham
n00745,notice_pair_lure,"Росбанк: чтобы отменить заблокированный перевод, отправьте в ответ код 221478.",phishing
n00746,notice_pair_legit,Росбанк: 221478 — ваш код для входа. Мы никогда не просим его сообщить.,ham
n00747,notice_pair_lure,Hermes: Paket 111809180083 konnte wegen unvollständiger Adresse nicht zugestellt werden. Hier bestätigen: is.gd/2ejxfa,phishing
n00748,notice_pair_legit,Hermes: Paket 111809180083 konnte nicht zugestellt werden und liegt 7 Tage in Ihrer Filiale bereit.,ham
n00749,notice_pair_lure,"Unicaja: para detener la transferencia que hemos bloqueado, responda con el código 77552 que le enviamos.",phishing
n00750,notice_pair_legit,Unicaja: 77552 es su código de acceso. Nunca le pediremos que lo comparta.,ham
n00751,notice_pair_lure,"Banco Desio: per bloccare il bonifico appena fermato, rispondi con il codice 489001.",phishing
n00752,notice_pair_legit,Banco Desio: 489001 è il tuo codice di accesso. Non te lo chiederemo mai.,ham
n00753,notice_pair_lure,سمسا: الطرد 750573154238 محتجز بسبب رسوم جمركية 2.45 ريال. ادفع للإفراج عنه: service-customer-verify.live,phishing
n00754,notice_pair_legit,سمسا: سيتم تسليم طردك 750573154238 اليوم بين الساعة 14:00 و18:00.,ham
n00755,notice_pair_lure,Strava : votre abonnement se renouvelle aujourd'hui pour 1.99 € sauf annulation. Arrêtez le prélèvement : strava-billing-update.online,phishing
n00756,notice_pair_legit,Strava : votre abonnement se renouvelle le 28 pour 1.99 €. Gérez-le dans l'application ou sur strava.fr.,ham
n00757,notice_pair_lure,"Banco Desio: per bloccare il bonifico appena fermato, rispondi con il codice 818969.",phishing
n00758,notice_pair_legit,Banco Desio: 818969 è il tuo codice di accesso. Non te lo chiederemo mai.,ham
n00759,notice_pair_lure,بنك دبي: تمت الموافقة على دفعة 19.99 ريال لتاجر جديد من البطاقة 9185. ألغها هنا: service-billing-update.online,phishing
n00760,notice_pair_legit,بنك دبي: تم خصم 19.99 ريال من بطاقتك 9185. إذا لم تتعرف على العملية اتصل بالرقم خلف البطاقة.,ham
n00761,notice_pair_lure,"LCL : pour annuler le virement que nous avons bloqué, répondez avec le code 504898.",phishing
n00762,notice_pair_legit,LCL : 504898 est votre code de connexion. Nous ne vous le demanderons jamais.,ham
n00763,notice_pair_lure,"Nationwide: we could not verify your details, so online banking is suspended. Restore access within 24h: nationwide-portal-login.cc",phishing
n00764,notice_pair_legit,Nationwide: online banking will be unavailable on Sunday 02:00-05:00 for maintenance. No action needed.,ham
n00765,notice_pair_lure,"Strava: подписка продлится сегодня за 220 ₽, если не отменить. Остановить списание: t.ly/wwtju5",phishing
n00766,notice_pair_legit,Strava: подписка продлится 28-го за 220 ₽. Управление в приложении или на strava.ru.,ham
n00767,notice_pair_lure,بنك الجزيرة: تمت الموافقة على دفعة 19.99 ريال لتاجر جديد من البطاقة 8801. ألغها هنا: shorturl.at/w44q53,phishing
n00768,notice_pair_legit,بنك الجزيرة: تم خصم 19.99 ريال من بطاقتك 8801. إذا لم تتعرف على العملية اتصل بالرقم خلف البطاقة.,ham
n00769,notice_pair_lure,"Bank Mega: data Anda tidak dapat diverifikasi, internet banking diblokir. Pulihkan akses dalam 24 jam: shorturl.at/28x9pr",phishing
n00770,notice_pair_legit,Bank Mega: internet banking dalam pemeliharaan Minggu pukul 02.00-05.00. Tidak ada tindakan yang diperlukan.,ham
n00771,notice_pair_lure,بنك الرياض: تمت الموافقة على دفعة 249.0 ريال لتاجر جديد من البطاقة 7279. ألغها هنا: service-verify-now.top,phishing
n00772,notice_pair_legit,بنك الرياض: تم خصم 249.0 ريال من بطاقتك 7279. إذا لم تتعرف على العملية اتصل بالرقم خلف البطاقة.,ham
n00773,notice_pair_lure,"Abanca: para detener la transferencia que hemos bloqueado, responda con el código 334466 que le enviamos.",phishing
n00774,notice_pair_legit,Abanca: 334466 es su código de acceso. Nunca le pediremos que lo comparta.,ham
n00775,notice_pair_lure,Bank Permata: pembayaran Rp768000 ke merchant baru dari kartu 1294 disetujui. Batalkan di sini: shorturl.at/f7ecrk,phishing
n00776,notice_pair_legit,"Bank Permata: transaksi Rp768000 pada kartu 1294 berhasil. Jika bukan Anda, hubungi nomor di belakang kartu.",ham
n00777,notice_pair_lure,"Disney+: Ihr Abo verlängert sich heute für 3.5 €, wenn Sie nicht kündigen. Abbuchung stoppen: disney-account-check.xyz",phishing
n00778,notice_pair_legit,Disney+: Ihr Abo verlängert sich am 28. für 3.5 €. Verwalten Sie es in der App oder auf disney.de.,ham
n00779,notice_pair_lure,"AnterAja: paket 0623661641 tertahan, biaya bea masuk Rp2078400 belum dibayar. Bayar untuk melepaskan: is.gd/y9jqdy",phishing
n00780,notice_pair_legit,AnterAja: paket 0623661641 dalam pengiriman hari ini pukul 14.00-18.00.,ham
n00781,notice_pair_lure,"Unicaja: para detener la transferencia que hemos bloqueado, responda con el código 438894 que le enviamos.",phishing
n00782,notice_pair_legit,Unicaja: 438894 es su código de acceso. Nunca le pediremos que lo comparta.,ham
n00783,notice_pair_lure,Denizbank: 8374 ile biten kartınızdan yeni bir üye iş yerine 67 TL ödeme onaylandı. Buradan iptal edin: rb.gy/gb3958,phishing
n00784,notice_pair_legit,Denizbank: 8374 ile biten kartınızdan 67 TL tutarında işlem yapıldı. Tanımıyorsanız kartınızın arkasındaki numarayı arayın.,ham
n00785,notice_pair_lure,MRW: no pudimos entregar el paquete 323433206682 porque la dirección está incompleta. Confírmela aquí: mrw-id-confirm.site,phishing
n00786,notice_pair_legit,MRW: no pudimos entregar el paquete 323433206682. Queda 7 días en su oficina local.,ham
n00787,notice_pair_lure,Nacex: no pudimos entregar el paquete 2336338365 porque la dirección está incompleta. Confírmela aquí: nacex-billing-update.online,phishing
n00788,notice_pair_legit,Nacex: no pudimos entregar el paquete 2336338365. Queda 7 días en su oficina local.,ham
n00789,notice_pair_lure,بنك دبي: لإيقاف التحويل الذي حجبناه، أرسل الرمز 321384 الذي وصلك.,phishing
n00790,notice_pair_legit,بنك دبي: 321384 هو رمز الدخول الخاص بك. لن نطلب منك مشاركته أبدًا.,ham
n00791,notice_pair_lure,Совкомбанк: платёж 2205 ₽ новому получателю по карте 8480 одобрен. Отмените здесь: service-secure-id.info,phishing
n00792,notice_pair_legit,"Совкомбанк: списание 2205 ₽ по карте 8480. Если это не вы, позвоните по номеру на обороте карты.",ham
n00793,notice_pair_lure,بنك الرياض: لإيقاف التحويل الذي حجبناه، أرسل الرمز 353951 الذي وصلك.,phishing
n00794,notice_pair_legit,بنك الرياض: 353951 هو رمز الدخول الخاص بك. لن نطلب منك مشاركته أبدًا.,ham
n00795,notice_pair_lure,Citizens Bank: a payment of £2.45 to a new merchant was approved on card ending 9075. Cancel it here: citizensbank-customer-verify.live,phishing
n00796,notice_pair_legit,"Citizens Bank: £2.45 was debited from card ending 9075 today. If you do not recognise it, call the number on your card.",ham
n00797,notice_pair_lure,"BPER: per bloccare il bonifico appena fermato, rispondi con il codice 650584.",phishing
n00798,notice_pair_legit,BPER: 650584 è il tuo codice di accesso. Non te lo chiederemo mai.,ham
n00799,notice_pair_lure,Strava: il tuo piano si rinnova oggi a 1.99 € se non lo annulli. Blocca l'addebito: strava-verify-now.top,phishing
n00800,notice_pair_legit,Strava: il tuo piano si rinnova il 28 a 1.99 €. Gestiscilo nell'app o su strava.it.,ham
n00801,notice_pair_lure,"Targobank: um die soeben gestoppte Überweisung zu stornieren, antworten Sie mit dem Code 773675.",phishing
n00802,notice_pair_legit,Targobank: 773675 ist Ihr Anmeldecode. Wir fragen Sie nie nach diesem Code.,ham
n00803,notice_pair_lure,"Strava: Ihr Abo verlängert sich heute für 249.0 €, wenn Sie nicht kündigen. Abbuchung stoppen: cutt.ly/sgt9zw",phishing
n00804,notice_pair_legit,Strava: Ihr Abo verlängert sich am 28. für 249.0 €. Verwalten Sie es in der App oder auf strava.de.,ham
n00805,notice_pair_lure,"LCL : pour annuler le virement que nous avons bloqué, répondez avec le code 174706.",phishing
n00806,notice_pair_legit,LCL : 174706 est votre code de connexion. Nous ne vous le demanderons jamais.,ham
n00807,notice_pair_lure,Etsy: tiene un reembolso de 9.9€ pendiente. Introduzca los datos de su tarjeta para recibirlo: is.gd/t86m5p,phishing
n00808,notice_pair_legit,Etsy: su reembolso de 9.9€ se ha enviado a la tarjeta terminada en 2424. Puede tardar 5 días hábiles.,ham
n00809,notice_pair_lure,Volksbank: Zahlung über 129.9 € an einen neuen Händler mit Karte 2093 freigegeben. Hier stornieren: volksbank-account-check.xyz,phishing
n00810,notice_pair_legit,Volksbank: 129.9 € wurden heute von Karte 2093 abgebucht. Bei Fragen nutzen Sie die Nummer auf Ihrer Karte.,ham
n00811,notice_pair_lure,Poste Delivery: pacco 0241069142 non consegnato per indirizzo incompleto. Confermalo qui: postedeliver-account-check.xyz,phishing
n00812,notice_pair_legit,Poste Delivery: pacco 0241069142 non consegnato. Resta 7 giorni presso il punto di ritiro.,ham
n00813,notice_pair_lure,E.ON: سيتم قطع الكهرباء اليوم بسبب فاتورة غير مدفوعة بقيمة 12.4 ريال. سدد الآن: cutt.ly/6v8af2,phishing
n00814,notice_pair_legit,E.ON: فاتورة الكهرباء بقيمة 12.4 ريال تستحق في الـ28. ادفع عبر التطبيق أو eon.com.,ham
n00815,notice_pair_lure,Iberdrola : votre électricité sera coupée aujourd'hui pour une facture impayée de 12.4 €. Régularisez : iberdrola-secure-id.info,phishing
n00816,notice_pair_legit,Iberdrola : votre facture d'électricité de 12.4 € est due le 28. Payez dans l'application ou sur iberdrola.fr.,ham
n00817,notice_pair_lure,"Sürat Kargo: 3855181125 numaralı kargo gümrükte, 679 TL tutarında ödeme bekleniyor. Serbest bırakmak için ödeyin: sratkargo-id-confirm.site",phishing
n00818,notice_pair_legit,Sürat Kargo: 3855181125 numaralı kargonuz bugün 14:00-18:00 arasında teslim edilecek.,ham
n00819,notice_pair_lure,أرامكس: الطرد 1424799488 محتجز بسبب رسوم جمركية 48.0 ريال. ادفع للإفراج عنه: is.gd/tqkjha,phishing
n00820,notice_pair_legit,أرامكس: سيتم تسليم طردك 1424799488 اليوم بين الساعة 14:00 و18:00.,ham
n00821,notice_pair_lure,بنك دبي: تمت الموافقة على دفعة 48.0 ريال لتاجر جديد من البطاقة 6651. ألغها هنا: service-account-check.xyz,phishing
n00822,notice_pair_legit,بنك دبي: تم خصم 48.0 ريال من بطاقتك 6651. إذا لم تتعرف على العملية اتصل بالرقم خلف البطاقة.,ham
n00823,notice_pair_lure,"OCBC NISP: untuk membatalkan transfer yang kami blokir, balas dengan kode 325175.",phishing
n00824,notice_pair_legit,OCBC NISP: 325175 adalah kode masuk Anda. Kami tidak pernah meminta kode ini.,ham
n00825,notice_pair_lure,"Halifax: to stop the transfer we just blocked, reply with the 697302 code we sent you.",phishing
n00826,notice_pair_legit,Halifax: 697302 is your login code. We will never ask you to share it.,ham
n00827,notice_pair_lure,Zalando : un remboursement de 24.5 € vous attend. Saisissez vos coordonnées bancaires : rb.gy/45kt8v,phishing
n00828,notice_pair_legit,Zalando : votre remboursement de 24.5 € a été envoyé sur la carte 6233. Comptez 5 jours ouvrés.,ham
n00829,notice_pair_lure,بنك الرياض: تمت الموافقة على دفعة 48.0 ريال لتاجر جديد من البطاقة 3374. ألغها هنا: service-verify-now.top,phishing
n00830,notice_pair_legit,بنك الرياض: تم خصم 48.0 ريال من بطاقتك 3374. إذا لم تتعرف على العملية اتصل بالرقم خلف البطاقة.,ham
n00831,notice_pair_lure,PLN: your electricity will be cut off today over an unpaid bill of £2.45. Settle now: pln-secure-id.info,phishing
n00832,notice_pair_legit,PLN: your electricity bill of £2.45 is due on the 28th. Pay in the app or at pln.com.,ham
n00833,notice_pair_lure,Booking: eine Rückerstattung von 129.9 € wartet auf Sie. Kartendaten eingeben zum Erhalt: rb.gy/5ube4u,phishing
n00834,notice_pair_legit,Booking: Ihre Rückerstattung über 129.9 € ging an die Karte 1219. Die Gutschrift dauert bis zu 5 Werktage.,ham
n00835,notice_pair_lure,AliExpress: a refund of £249.0 is waiting for you. Enter your card details to receive it: aliexpress-secure-id.info,phishing
n00836,notice_pair_legit,AliExpress: your refund of £249.0 was sent back to the card ending 9095. It can take 5 working days.,ham
n00837,notice_pair_lure,بنك الجزيرة: تمت الموافقة على دفعة 12.4 ريال لتاجر جديد من البطاقة 5746. ألغها هنا: cutt.ly/dbeebt,phishing
n00838,notice_pair_legit,بنك الجزيرة: تم خصم 12.4 ريال من بطاقتك 5746. إذا لم تتعرف على العملية اتصل بالرقم خلف البطاقة.,ham
n00839,notice_pair_lure,Zalando: tiene un reembolso de 12.4€ pendiente. Introduzca los datos de su tarjeta para recibirlo: zalando-id-confirm.site,phishing
n00840,notice_pair_legit,Zalando: su reembolso de 12.4€ se ha enviado a la tarjeta terminada en 4727. Puede tardar 5 días hábiles.,ham
n00841,notice_pair_lure,Disney+: su plan se renueva hoy por 9.9€ si no lo cancela. Detenga el cobro: disney-billing-update.online,phishing
n00842,notice_pair_legit,Disney+: su plan se renovará el día 28 por 9.9€. Gestiónelo en la app o en disney.es.,ham
n00843,notice_pair_lure,"Colissimo : colis 2025295872 non livré, adresse incomplète. Confirmez-la ici : colissimo-billing-update.online",phishing
n00844,notice_pair_legit,Colissimo : colis 2025295872 non livré. Il reste 7 jours à votre point relais.,ham
n00845,notice_pair_lure,Evri: we could not deliver parcel 230698981319 because the address is incomplete. Confirm it here: shorturl.at/xny9sy,phishing
n00846,notice_pair_legit,Evri: parcel 230698981319 could not be delivered. It is waiting at your local depot for 7 days.,ham
n00847,notice_pair_lure,Shein: eine Rückerstattung von 129.9 € wartet auf Sie. Kartendaten eingeben zum Erhalt: shein-secure-id.info,phishing
n00848,notice_pair_legit,Shein: Ihre Rückerstattung über 129.9 € ging an die Karte 9205. Die Gutschrift dauert bis zu 5 Werktage.,ham
n00849,notice_pair_lure,زاجل: الطرد 1629810134 محتجز بسبب رسوم جمركية 2.45 ريال. ادفع للإفراج عنه: service-billing-update.online,phishing
n00850,notice_pair_legit,زاجل: سيتم تسليم طردك 1629810134 اليوم بين الساعة 14:00 و18:00.,ham
n00851,notice_pair_lure,Shein: a refund of £12.4 is waiting for you. Enter your card details to receive it: shein-id-confirm.site,phishing
n00852,notice_pair_legit,Shein: your refund of £12.4 was sent back to the card ending 7752. It can take 5 working days.,ham
n00853,notice_pair_lure,"OCBC NISP: untuk membatalkan transfer yang kami blokir, balas dengan kode 433697.",phishing
n00854,notice_pair_legit,OCBC NISP: 433697 adalah kode masuk Anda. Kami tidak pernah meminta kode ini.,ham
n00855,notice_pair_lure,"MNG Kargo: 7630686395 numaralı kargo gümrükte, 119 TL tutarında ödeme bekleniyor. Serbest bırakmak için ödeyin: cutt.ly/86qxdt",phishing
n00856,notice_pair_legit,MNG Kargo: 7630686395 numaralı kargonuz bugün 14:00-18:00 arasında teslim edilecek.,ham
n00857,notice_pair_lure,Iberdrola: listrik Anda akan diputus hari ini karena tagihan Rp2078400 belum dibayar. Bayar sekarang: iberdrola-billing-update.online,phishing
n00858,notice_pair_legit,Iberdrola: tagihan listrik Rp2078400 jatuh tempo tanggal 28. Bayar di aplikasi atau iberdrola.co.id.,ham
n00859,notice_pair_lure,E.ON: Ihr Strom wird heute wegen einer offenen Rechnung über 12.4 € abgestellt. Jetzt begleichen: eon-account-check.xyz,phishing
n00860,notice_pair_legit,E.ON: Ihre Stromrechnung über 12.4 € ist am 28. fällig. Zahlung in der App oder auf eon.de.,ham
n00861,notice_pair_lure,"OnTrac: parcel 0908635411 is held, a customs fee of £19.99 is unpaid. Pay to release: rb.gy/zavzc7",phishing
n00862,notice_pair_legit,OnTrac: parcel 0908635411 is out for delivery today between 14:00 and 18:00.,ham
n00863,notice_pair_lure,Disney+: il tuo piano si rinnova oggi a 1.99 € se non lo annulli. Blocca l'addebito: disney-account-check.xyz,phishing
n00864,notice_pair_legit,Disney+: il tuo piano si rinnova il 28 a 1.99 €. Gestiscilo nell'app o su disney.it.,ham
n00865,notice_pair_lure,Crédit Mutuel : paiement de 129.9 € autorisé chez un nouveau commerçant avec la carte 8619. Annulez ici : crditmutuel-account-check.xyz,phishing
n00866,notice_pair_legit,"Crédit Mutuel : 129.9 € débités aujourd'hui de la carte 8619. En cas de doute, appelez le numéro au dos de la carte.",ham
n00867,notice_pair_lure,"Ninja Xpress: paket 858015127725 tertahan, biaya bea masuk Rp2078400 belum dibayar. Bayar untuk melepaskan: ninjaxpress-verify-now.top",phishing
n00868,notice_pair_legit,Ninja Xpress: paket 858015127725 dalam pengiriman hari ini pukul 14.00-18.00.,ham
n00869,notice_pair_lure,GLS: el paquete 247499811754 está retenido por una tasa aduanera de 2.45€. Pague para liberarlo: gls-account-check.xyz,phishing
n00870,notice_pair_legit,GLS: su paquete 247499811754 sale hoy a reparto entre las 14:00 y las 18:00.,ham
n00871,notice_pair_lure,Disney+ : votre abonnement se renouvelle aujourd'hui pour 48.0 € sauf annulation. Arrêtez le prélèvement : disney-id-confirm.site,phishing
n00872,notice_pair_legit,Disney+ : votre abonnement se renouvelle le 28 pour 48.0 €. Gérez-le dans l'application ou sur disney.fr.,ham
n00873,notice_pair_lure,Zalando: eine Rückerstattung von 1.99 € wartet auf Sie. Kartendaten eingeben zum Erhalt: zalando-account-check.xyz,phishing
n00874,notice_pair_legit,Zalando: Ihre Rückerstattung über 1.99 € ging an die Karte 4986. Die Gutschrift dauert bis zu 5 Werktage.,ham
n00875,notice_pair_lure,Denizbank: 6120 ile biten kartınızdan yeni bir üye iş yerine 119 TL ödeme onaylandı. Buradan iptal edin: rb.gy/pze8yc,phishing
n00876,notice_pair_legit,Denizbank: 6120 ile biten kartınızdan 119 TL tutarında işlem yapıldı. Tanımıyorsanız kartınızın arkasındaki numarayı arayın.,ham
n00877,notice_pair_lure,Shein: a refund of £1.99 is waiting for you. Enter your card details to receive it: cutt.ly/hyrvgx,phishing
n00878,notice_pair_legit,Shein: your refund of £1.99 was sent back to the card ending 1382. It can take 5 working days.,ham
n00879,notice_pair_lure,"Уралсиб: чтобы отменить заблокированный перевод, отправьте в ответ код 997093.",phishing
n00880,notice_pair_legit,Уралсиб: 997093 — ваш код для входа. Мы никогда не просим его сообщить.,ham
n00881,notice_pair_lure,PLN: Ihr Strom wird heute wegen einer offenen Rechnung über 3.5 € abgestellt. Jetzt begleichen: pln-customer-verify.live,phishing
n00882,notice_pair_legit,PLN: Ihre Stromrechnung über 3.5 € ist am 28. fällig. Zahlung in der App oder auf pln.de.,ham
n00883,notice_pair_lure,"Mondial Relay : le colis 564931452388 est bloqué, frais de douane de 12.4 € impayés. Payez pour le libérer : mondialrelay-id-confirm.site",phishing
n00884,notice_pair_legit,Mondial Relay : votre colis 564931452388 sera livré aujourd'hui entre 14h00 et 18h00.,ham
n00885,notice_pair_lure,PLN : votre électricité sera coupée aujourd'hui pour une facture impayée de 12.4 €. Régularisez : is.gd/treuj5,phishing
n00886,notice_pair_legit,PLN : votre facture d'électricité de 12.4 € est due le 28. Payez dans l'application ou sur pln.fr.,ham
n00887,notice_pair_lure,"Targobank: um die soeben gestoppte Überweisung zu stornieren, antworten Sie mit dem Code 307277.",phishing
n00888,notice_pair_legit,Targobank: 307277 ist Ihr Anmeldecode. Wir fragen Sie nie nach diesem Code.,ham
n00889,notice_pair_lure,Совкомбанк: платёж 11691 ₽ новому получателю по карте 8668 одобрен. Отмените здесь: shorturl.at/fep9su,phishing
n00890,notice_pair_legit,"Совкомбанк: списание 11691 ₽ по карте 8668. Если это не вы, позвоните по номеру на обороте карты.",ham
n00891,notice_pair_lure,"Боксберри: посылку 753957594187 не доставили, адрес неполный. Подтвердите его здесь: service-verify-now.top",phishing
n00892,notice_pair_legit,Боксберри: посылку 753957594187 не доставили. Она ждёт вас в отделении 7 дней.,ham
n00893,notice_pair_lure,"Yodel: parcel 961028562827 is held, a customs fee of £249.0 is unpaid. Pay to release: yodel-id-confirm.site",phishing
n00894,notice_pair_legit,Yodel: parcel 961028562827 is out for delivery today between 14:00 and 18:00.,ham
n00895,notice_pair_lure,"Боксберри: посылку 4081126822 не доставили, адрес неполный. Подтвердите его здесь: is.gd/dm7wfj",phishing
n00896,notice_pair_legit,Боксберри: посылку 4081126822 не доставили. Она ждёт вас в отделении 7 дней.,ham
n00897,notice_pair_lure,Poste Delivery: pacco 5821147813 non consegnato per indirizzo incompleto. Confermalo qui: is.gd/neudy6,phishing
n00898,notice_pair_legit,Poste Delivery: pacco 5821147813 non consegnato. Resta 7 giorni presso il punto di ritiro.,ham
n00899,notice_pair_lure,Bank Permata: pembayaran Rp39200 ke merchant baru dari kartu 8962 disetujui. Batalkan di sini: bankpermata-customer-verify.live,phishing
n00900,notice_pair_legit,"Bank Permata: transaksi Rp39200 pada kartu 8962 berhasil. Jika bukan Anda, hubungi nomor di belakang kartu.",ham
n00901,notice_pair_lure,Duolingo: su plan se renueva hoy por 19.99€ si no lo cancela. Detenga el cobro: duolingo-account-check.xyz,phishing
n00902,notice_pair_legit,Duolingo: su plan se renovará el día 28 por 19.99€. Gestiónelo en la app o en duolingo.es.,ham
n00903,notice_pair_lure,"Hermes: Paket 1465555119 wird zurückgehalten, Zollgebühr von 249.0 € offen. Zum Freigeben zahlen: shorturl.at/grysdb",phishing
n00904,notice_pair_legit,Hermes: Paket 1465555119 wird heute zwischen 14:00 und 18:00 Uhr zugestellt.,ham
n00905,notice_pair_lure,OnTrac: we could not deliver parcel 414187263637 because the address is incomplete. Confirm it here: ontrac-account-check.xyz,phishing
n00906,notice_pair_legit,OnTrac: parcel 414187263637 could not be delivered. It is waiting at your local depot for 7 days.,ham
n00907,notice_pair_lure,"Colissimo : colis 0773917464 non livré, adresse incomplète. Confirmez-la ici : colissimo-portal-login.cc",phishing
n00908,notice_pair_legit,Colissimo : colis 0773917464 non livré. Il reste 7 jours à votre point relais.,ham
n00909,notice_pair_lure,"Regions Bank: to stop the transfer we just blocked, reply with the 234493 code we sent you.",phishing
n00910,notice_pair_legit,Regions Bank: 234493 is your login code. We will never ask you to share it.,ham
n00911,notice_pair_lure,"Credem: non siamo riusciti a verificare i tuoi dati, l'home banking è sospeso. Ripristina l'accesso entro 24h: credem-secure-id.info",phishing
n00912,notice_pair_legit,Credem: domenica dalle 02:00 alle 05:00 l'home banking sarà in manutenzione. Nessuna azione richiesta.,ham
n00913,notice_pair_lure,"Abanca: para detener la transferencia que hemos bloqueado, responda con el código 823154 que le enviamos.",phishing
n00914,notice_pair_legit,Abanca: 823154 es su código de acceso. Nunca le pediremos que lo comparta.,ham
n00915,notice_pair_lure,EDF: Ihr Strom wird heute wegen einer offenen Rechnung über 12.4 € abgestellt. Jetzt begleichen: edf-id-confirm.site,phishing
n00916,notice_pair_legit,EDF: Ihre Stromrechnung über 12.4 € ist am 28. fällig. Zahlung in der App oder auf edf.de.,ham
n00917,notice_pair_lure,"Mondial Relay : colis 992088193412 non livré, adresse incomplète. Confirmez-la ici : is.gd/rcan5q",phishing
n00918,notice_pair_legit,Mondial Relay : colis 992088193412 non livré. Il reste 7 jours à votre point relais.,ham
n00919,notice_pair_lure,AliExpress: a refund of £2.45 is waiting for you. Enter your card details to receive it: aliexpress-account-check.xyz,phishing
n00920,notice_pair_legit,AliExpress: your refund of £2.45 was sent back to the card ending 7199. It can take 5 working days.,ham
n00921,notice_pair_lure,Strava: su plan se renueva hoy por 129.9€ si no lo cancela. Detenga el cobro: t.ly/zz78pc,phishing
n00922,notice_pair_legit,Strava: su plan se renovará el día 28 por 129.9€. Gestiónelo en la app o en strava.es.,ham
n00923,notice_pair_lure,"Crédit Mutuel : pour annuler le virement que nous avons bloqué, répondez avec le code 667477.",phishing
n00924,notice_pair_legit,Crédit Mutuel : 667477 est votre code de connexion. Nous ne vous le demanderons jamais.,ham
n00925,notice_pair_lure,"Почта: посылку 843650305175 не доставили, адрес неполный. Подтвердите его здесь: cutt.ly/pn822t",phishing
n00926,notice_pair_legit,Почта: посылку 843650305175 не доставили. Она ждёт вас в отделении 7 дней.,ham
n00927,notice_pair_lure,زاجل: الطرد 4038187677 محتجز بسبب رسوم جمركية 249.0 ريال. ادفع للإفراج عنه: service-id-confirm.site,phishing
n00928,notice_pair_legit,زاجل: سيتم تسليم طردك 4038187677 اليوم بين الساعة 14:00 و18:00.,ham
n00929,notice_pair_lure,"Ninja Xpress: paket 3647046221 tertahan, biaya bea masuk Rp31840 belum dibayar. Bayar untuk melepaskan: shorturl.at/9h5nhd",phishing
n00930,notice_pair_legit,Ninja Xpress: paket 3647046221 dalam pengiriman hari ini pukul 14.00-18.00.,ham
n00931,notice_pair_lure,"Боксберри: посылку 0108618991 не доставили, адрес неполный. Подтвердите его здесь: rb.gy/ghhqsq",phishing
n00932,notice_pair_legit,Боксберри: посылку 0108618991 не доставили. Она ждёт вас в отделении 7 дней.,ham
n00933,notice_pair_lure,OCBC NISP: pembayaran Rp319840 ke merchant baru dari kartu 4890 disetujui. Batalkan di sini: rb.gy/vsp9m2,phishing
n00934,notice_pair_legit,"OCBC NISP: transaksi Rp319840 pada kartu 4890 berhasil. Jika bukan Anda, hubungi nomor di belakang kartu.",ham
n00935,notice_pair_lure,Shein: un rimborso di 1.99 € ti aspetta. Inserisci i dati della carta per riceverlo: shein-customer-verify.live,phishing
n00936,notice_pair_legit,Shein: il rimborso di 1.99 € è stato inviato sulla carta 2441. Possono servire 5 giorni lavorativi.,ham
n00937,notice_pair_lure,Ninja Xpress: paket 7097759455 gagal dikirim karena alamat tidak lengkap. Konfirmasi di sini: ninjaxpress-verify-now.top,phishing
n00938,notice_pair_legit,Ninja Xpress: paket 7097759455 gagal dikirim dan menunggu di gerai selama 7 hari.,ham
n00939,notice_pair_lure,Yodel: we could not deliver parcel 0724420524 because the address is incomplete. Confirm it here: yodel-secure-id.info,phishing
n00940,notice_pair_legit,Yodel: parcel 0724420524 could not be delivered. It is waiting at your local depot for 7 days.,ham
n00941,notice_pair_lure,PLN : votre électricité sera coupée aujourd'hui pour une facture impayée de 129.9 €. Régularisez : cutt.ly/u9vg2c,phishing
n00942,notice_pair_legit,PLN : votre facture d'électricité de 129.9 € est due le 28. Payez dans l'application ou sur pln.fr.,ham
n00943,notice_pair_lure,Booking: вам положен возврат 11691 ₽. Введите данные карты для получения: t.ly/w7mhsg,phishing
n00944,notice_pair_legit,Booking: возврат 11691 ₽ отправлен на карту 8646. Зачисление занимает до 5 рабочих дней.,ham
n00945,notice_pair_lure,"Trans-o-flex: Paket 254821444265 wird zurückgehalten, Zollgebühr von 19.99 € offen. Zum Freigeben zahlen: transoflex-account-check.xyz",phishing
n00946,notice_pair_legit,Trans-o-flex: Paket 254821444265 wird heute zwischen 14:00 und 18:00 Uhr zugestellt.,ham
n00947,notice_pair_lure,Enel: your electricity will be cut off today over an unpaid bill of £9.9. Settle now: enel-portal-login.cc,phishing
n00948,notice_pair_lure,Bankinter: se aprobó un pago de 1.99€ a un comercio nuevo con la tarjeta terminada en 3286. Cancélelo aquí: bankinter-portal-login.cc,phishing
n00949,notice_pair_legit,"Bankinter: cargo de 1.99€ en su tarjeta terminada en 3286. Si no lo reconoce, llame al número del reverso.",ham
n00950,notice_pair_lure,PLN: listrik Anda akan diputus hari ini karena tagihan Rp31840 belum dibayar. Bayar sekarang: pln-account-check.xyz,phishing
n00951,notice_pair_legit,PLN: tagihan listrik Rp31840 jatuh tempo tanggal 28. Bayar di aplikasi atau pln.co.id.,ham
n00952,notice_pair_lure,"OnTrac: parcel 1128200516 is held, a customs fee of £12.4 is unpaid. Pay to release: shorturl.at/vfj5nj",phishing
n00953,notice_pair_legit,OnTrac: parcel 1128200516 is out for delivery today between 14:00 and 18:00.,ham
n00954,notice_pair_lure,Enel: listrik Anda akan diputus hari ini karena tagihan Rp31840 belum dibayar. Bayar sekarang: enel-verify-now.top,phishing
n00955,notice_pair_legit,Enel: tagihan listrik Rp31840 jatuh tempo tanggal 28. Bayar di aplikasi atau enel.co.id.,ham
n00956,notice_pair_lure,"GLS : le colis 117382064270 est bloqué, frais de douane de 129.9 € impayés. Payez pour le libérer : shorturl.at/5z46vy",phishing
n00957,notice_pair_legit,GLS : votre colis 117382064270 sera livré aujourd'hui entre 14h00 et 18h00.,ham
n00958,notice_pair_lure,"Targobank: um die soeben gestoppte Überweisung zu stornieren, antworten Sie mit dem Code 156209.",phishing
n00959,notice_pair_legit,Targobank: 156209 ist Ihr Anmeldecode. Wir fragen Sie nie nach diesem Code.,ham
n00960,notice_pair_lure,Duolingo: paket Anda diperpanjang hari ini seharga Rp198400 kecuali dibatalkan. Hentikan tagihan: duolingo-billing-update.online,phishing
n00961,notice_pair_legit,Duolingo: paket Anda diperpanjang tanggal 28 seharga Rp198400. Kelola di aplikasi atau duolingo.co.id.,ham
n00962,notice_pair_lure,"Norisbank: um die soeben gestoppte Überweisung zu stornieren, antworten Sie mit dem Code 476120.",phishing
n00963,notice_pair_legit,Norisbank: 476120 ist Ihr Anmeldecode. Wir fragen Sie nie nach diesem Code.,ham
n00964,notice_pair_lure,"Уралсиб: чтобы отменить заблокированный перевод, отправьте в ответ код 145311.",phishing
n00965,notice_pair_legit,Уралсиб: 145311 — ваш код для входа. Мы никогда не просим его сообщить.,ham
n00966,notice_pair_lure,"Yurtiçi Kargo: 5415495310 numaralı kargo gümrükte, 679 TL tutarında ödeme bekleniyor. Serbest bırakmak için ödeyin: yurtiikargo-id-confirm.site",phishing
n00967,notice_pair_legit,Yurtiçi Kargo: 5415495310 numaralı kargonuz bugün 14:00-18:00 arasında teslim edilecek.,ham
n00968,notice_pair_lure,Audible: paket Anda diperpanjang hari ini seharga Rp768000 kecuali dibatalkan. Hentikan tagihan: t.ly/pr8kah,phishing
n00969,notice_pair_legit,Audible: paket Anda diperpanjang tanggal 28 seharga Rp768000. Kelola di aplikasi atau audible.co.id.,ham
n00970,notice_pair_lure,بنك الرياض: تمت الموافقة على دفعة 2.45 ريال لتاجر جديد من البطاقة 5782. ألغها هنا: cutt.ly/gh2nb6,phishing
n00971,notice_pair_legit,بنك الرياض: تم خصم 2.45 ريال من بطاقتك 5782. إذا لم تتعرف على العملية اتصل بالرقم خلف البطاقة.,ham
n00972,notice_pair_lure,Etsy: pengembalian dana Rp158400 menunggu Anda. Masukkan data kartu untuk menerimanya: etsy-portal-login.cc,phishing
n00973,notice_pair_legit,Etsy: dana Rp158400 telah dikembalikan ke kartu 3969. Proses hingga 5 hari kerja.,ham
n00974,notice_pair_lure,Bank Mega: pembayaran Rp768000 ke merchant baru dari kartu 2246 disetujui. Batalkan di sini: bankmega-customer-verify.live,phishing
n00975,notice_pair_legit,"Bank Mega: transaksi Rp768000 pada kartu 2246 berhasil. Jika bukan Anda, hubungi nomor di belakang kartu.",ham
n00976,notice_pair_lure,"SDA: il pacco 0740096998 è fermo, tassa doganale di 3.5 € non pagata. Paga per liberarlo: sda-portal-login.cc",phishing
n00977,notice_pair_legit,SDA: il pacco 0740096998 è in consegna oggi tra le 14:00 e le 18:00.,ham
n00978,notice_pair_lure,"Strava: подписка продлится сегодня за 179 ₽, если не отменить. Остановить списание: rb.gy/5qt87e",phishing
n00979,notice_pair_legit,Strava: подписка продлится 28-го за 179 ₽. Управление в приложении или на strava.ru.,ham
n00980,notice_pair_lure,"OCBC NISP: untuk membatalkan transfer yang kami blokir, balas dengan kode 985865.",phishing
n00981,notice_pair_legit,OCBC NISP: 985865 adalah kode masuk Anda. Kami tidak pernah meminta kode ini.,ham
n00982,notice_pair_lure,"Colissimo : colis 955724308544 non livré, adresse incomplète. Confirmez-la ici : colissimo-verify-now.top",phishing
n00983,notice_pair_legit,Colissimo : colis 955724308544 non livré. Il reste 7 jours à votre point relais.,ham
n00984,notice_pair_lure,"Боксберри: посылку 4382176539 не доставили, адрес неполный. Подтвердите его здесь: service-customer-verify.live",phishing
n00985,notice_pair_legit,Боксберри: посылку 4382176539 не доставили. Она ждёт вас в отделении 7 дней.,ham
n00986,notice_pair_lure,Norisbank: Zahlung über 48.0 € an einen neuen Händler mit Karte 6407 freigegeben. Hier stornieren: t.ly/qy6y5p,phishing
n00987,notice_pair_legit,Norisbank: 48.0 € wurden heute von Karte 6407 abgebucht. Bei Fragen nutzen Sie die Nummer auf Ihrer Karte.,ham
n00988,notice_pair_lure,Enel: hoy se cortará la luz por una factura impagada de 129.9€. Regularice ahora: is.gd/rzps7g,phishing
n00989,notice_pair_legit,Enel: su factura de luz de 129.9€ vence el día 28. Pague en la app o en enel.es.,ham
n00990,notice_pair_lure,Shein : un remboursement de 12.4 € vous attend. Saisissez vos coordonnées bancaires : shein-secure-id.info,phishing
n00991,notice_pair_legit,Shein : votre remboursement de 12.4 € a été envoyé sur la carte 9578. Comptez 5 jours ouvrés.,ham
n00992,notice_pair_lure,"Banque Populaire : pour annuler le virement que nous avons bloqué, répondez avec le code 871165.",phishing
n00993,notice_pair_legit,Banque Populaire : 871165 est votre code de connexion. Nous ne vous le demanderons jamais.,ham
n00994,notice_pair_lure,Strava: paket Anda diperpanjang hari ini seharga Rp392000 kecuali dibatalkan. Hentikan tagihan: cutt.ly/fvu2bf,phishing
n00995,notice_pair_legit,Strava: paket Anda diperpanjang tanggal 28 seharga Rp392000. Kelola di aplikasi atau strava.co.id.,ham
n00996,notice_pair_lure,Poste Delivery: pacco 417721259280 non consegnato per indirizzo incompleto. Confermalo qui: rb.gy/9nz9m9,phishing
n00997,notice_pair_legit,Poste Delivery: pacco 417721259280 non consegnato. Resta 7 giorni presso il punto di ritiro.,ham
