text,label,category
"Zara is hiring! Earn $69-AED 16 daily like videos. No experience, same-day pay. Ages 22+. WhatsApp me on +971 56 190 5552",phishing,job_scam
"Coinbase: a withdrawal of $2,796 is pending. Not you? Cancel it here: cancel79.site/id",phishing,account_problem_link
Carrefour: get a AED 94 gift card when you spend R$866.90 Friday only. In store and online. Terms apply. Reply STOP to opt out.,spam,giftcard_promo
Enter our back to school giveaway for a chance to win a €500 Tesco gift card. Enter at tesco.com/account/giveaway. No purchase necessary.,spam,giftcard_promo
Etisalat Alert: your account will be locked today. Update your details at https://rb.gy/e50256,phishing,account_problem_link
"Adobe receipt: ₹54 charged this weekend. If you did not authorize this, cancel at get-refund.click",phishing,fake_subscription_charge
"Now hiring: care assistants at IKEA, ₹2,721/hr. Apply at infojobs.net. Reply STOP to opt out.",spam,real_job_ad
AT&T: your bill of ₹46 is now available. View or pay at att.com/orders. Autopay will process on 3/1.,ham,real_telco_util_notice
Votre code de connexion PNC est 521306. Il expire dans 10 minutes.,ham,real_codes
"Aramex: sorry we missed you. Your parcel is at the Toronto depot, collect it with photo ID or rebook in the Aramex app.",ham,real_delivery_notice
"Heyy, long time no talk! How have you been? Sorry, is this the right number?",phishing,wrong_number_opener
"hey it's Anna from yoga, finally got a UK number, save me x",ham,friend_new_number
"Bet €56 get $4,902 in free bets at WinZone. 18+, T&Cs apply, new customers only.",spam,generic_ads
Venmo: a withdrawal of AED 750.80 is pending. Not you? Cancel it here: secure4.link,phishing,account_problem_link
Evri: your parcel #2471-59352 will be delivered Tuesday between 3pm and 7pm. No action needed.,ham,real_delivery_notice
"Hi there, long time no talk! How have you been? Apologies if I have the wrong number.",phishing,wrong_number_opener
Your HBO Max subscription renewed for AED 54.03. To cancel and get a refund call +1 622 608 6956 within 24h.,phishing,fake_subscription_charge
Al Rajhi: AED 35 was deposited into your account ending 5925. Available balance ₹680.87.,ham,real_bank_notice
Emirates: flight BE7906 to Jakarta now departs from gate D37. Boarding at 4:45pm.,ham,real_hr_and_appointments
DHL: we missed you Saturday. Reschedule delivery (€4.99) at http://dhl31.buzz/verify,phishing,delivery_fee
"Selected candidate: Shein needs 43 people to complete surveys, ₹2,157/day. Start today, reply YES.",phishing,job_scam
Final notice from IRS: a warrant will be issued unless you settle $156 today. Call (228) 252-3462 ref #20672701.,phishing,gov_callback
Heyy Sofía's interview went well. Will update everyone tonight.,ham,friend_favor
"مبروك! تم اختيارك للفوز بقسيمة €850,000 من Costco. اضغط للمطالبة: http://prize-nairobi.online/claim",phishing,prize_win_i18n
BBVA Alert: your account will be closed in 24 hours. Update your details at http://update14.info/id,phishing,account_problem_link
Scotiabank: a wire transfer of AED 42 is pending. Not you? Cancel it here: e-cancel.info,phishing,account_problem_link
Heyy what's the code in the message you just got? I put your number in by mistake x,phishing,code_relay
Amazon Prime: your payment of AED 795.61 was processed. Next billing date Friday. Manage your plan in Account settings.,ham,real_subscription_notice
"Hey quick one, forward me the text with the code that just came through, I used your number for my account please",phishing,code_relay
Reminder: your appointment with Dr. Beatriz is Monday at 8:30pm. Reply C to confirm or R to reschedule.,ham,real_hr_and_appointments
Your Fnac return for a phone case was received. Refund of $819.30 will appear on your card in 3-5 business days.,ham,real_order_notice
"Your Lyft driver Pedro is arriving in a silver Skoda, plate E85N612.",ham,real_hr_and_appointments
مبروك! تم اختيارك للفوز بقسيمة £500 من Shell. اضغط للمطالبة: prize-alert.xyz,phishing,prize_win_i18n
"Hi, this is Lena from the salon. Is this still the best number for appointment reminders?",ham,friend_wrong_number
"Hi, it's Léa, got a new number, save it! Old one stops working Sunday.",ham,friend_new_number
Amazon: Kindle Paperwhite is out for delivery today. Someone should be available to sign.,ham,real_order_notice
"Hi Sis it's me Please reply here so I know you got this. Something's come up, are you free to help with a payment?",phishing,new_number_family
"Yo it's Pierre, got a new number, save it! Old one stops working Tuesday.",ham,friend_new_number
"Hi,, long time no talk! How have you been? Hope this is still your number.",phishing,wrong_number_opener
"Hola, ¿te llegó un código de Bizum? Puse tu número por error, ¿me lo pasas?",phishing,code_relay_i18n
"WINNER: Your mobile won $10,000 in the Mobile Draw. Send your name, address and bank details to claim before tonight. Ref C230596",phishing,prize_win
Naturgy: your meter reading is due. Submit it in the app by Monday to avoid an estimated bill.,ham,real_telco_util_notice
Canada Post: we missed you Saturday. Reschedule delivery (€5.00) at https://tinyurl.com/u22702/id,phishing,delivery_fee
Home Depot Order Confirmation: a phone case - ₹797.78. Delivery Thursday. To cancel or report unauthorized use call 07 81 79 22 87.,phishing,fake_order_callback
"Hi, is this Ahmed? It's Emma from the PTA, Olivia gave me your number about Wednesday.",ham,friend_wrong_number
"Hi I sent a verification code to your number by accident, can you read it to me? Sorry!! please",phishing,code_relay
USPS: your parcel could not be delivered. Pay €3.20 handling fee within 2 days: https://is.gd/g36867,phishing,delivery_fee
PostNL: parcel H342382 has been collected from the sender and is on its way.,ham,real_delivery_notice
Netflix receipt: R$732.70 for your student plan. Thank you!,ham,real_subscription_notice
"Part-time job offer from TikTok: complete surveys for $787 per task, paid to your bank daily. Telegram @jobs606",phishing,job_scam
"Hallo, hier ist Zoe von Shein Recruiting. Sie wurden für eine Homeoffice-Stelle ausgewählt, R$125.59 pro Tag. Melden Sie sich per WhatsApp 07 86 11 77 71.",phishing,job_scam_i18n
DMV notice: a filing error of $39 found on your record. Pay by Tuesday at pay58.click or face prosecution.,phishing,gov_callback
Receipt: Nintendo Switch £690.51 via Jumia. Ref #51614345. Questions or cancellation: +1 791 997 8602 (24/7).,phishing,fake_order_callback
Job alert: remote assistant roles from £62/hr. Set up alerts at linkedin.com. Opt out anytime.,spam,real_job_ad
"Heyy hey it's Lucy, my account sent the code to your number, can you screenshot it? x",phishing,code_relay
Pizza Pronto is now open on Main St! Show this text for a free dessert with any entree.,spam,generic_ads
"Bonjour, Lucía du service RH de Temu. Votre profil a été retenu pour un poste à domicile, £633/jour. Contactez-moi sur WhatsApp 07 70 34 83 98.",phishing,job_scam_i18n
Chronopost notice: package #112-7758647-6323636 returns to sender unless address is confirmed: chronopost-dallas.cc,phishing,delivery_fee
"Yo can you send me the wifi password again, my phone forgot it x",ham,friend_favor
"Félicitations ! Vous avez gagné €250,000 au tirage national. Confirmez vos coordonnées : http://prix26.biz/secure",phishing,prize_win_i18n
"You've been chosen for a €1,861 refund from Nubank. Enter your card to receive it: http://my-refund.info/secure",phishing,prize_win
Target members: double points on everything this Friday. Show the app at checkout. STOP to opt out.,spam,giftcard_promo
Venmo: 380-250 is your one-time passcode. Do not share it. We will never call to ask for it.,ham,real_codes
Hi there Mum it's me Can you message me on WhatsApp on this number? pls,phishing,new_number_family
Your Spotify subscription renewed for AED 73. To cancel and get a refund call (446) 614-3524 within 24h.,phishing,fake_subscription_charge
Unlock 21k followers overnight! Grow your Instagram fast: instaboost.io,spam,generic_ads
"Hola Abuelo, se me rompió el móvil y este es mi nuevo número. ¿Puedes pasarme ₹2,008 hoy? Mañana te lo devuelvo.",phishing,new_number_family_i18n
"Namaste, main Ben Netflix HR se. Aap part-time online job ke liye select hue hain, $47/day. WhatsApp karein +34 673 643 659.",phishing,job_scam_i18n
Weather alert: severe thunderstorm warning for Berlin until 1pm. Avoid low-lying roads.,ham,real_hr_and_appointments
On se voit samedi ? Kenji vient aussi,ham,chat_i18n
"Correios: sorry we missed you. Your parcel is at the Sydney depot, collect it with photo ID or rebook in the Correios app.",ham,real_delivery_notice
"Hi, this is Wei from the garage. Is this still the best number for appointment reminders?",ham,friend_wrong_number
"Coucou Papa, c'est moi, j'ai cassé mon téléphone. J ai besoin d aide pour payer une facture urgente.",phishing,new_number_family_i18n
"Hey a code should have come to your phone, I typed your number instead of mine. What is it? xx",phishing,code_relay
"Debt consolidation from 7.9% APR, decision in minutes. Apply: loanhub.co.uk",spam,generic_ads
"Bin in 20 Minuten da, die Bahn hatte Verspätung",ham,chat_i18n
"Hi, ek 6 digit code aaya kya? Galti se tumhara number daal diya, please bhej do.",phishing,code_relay_i18n
Unclaimed prize! You were selected for a Ring doorbell from Walmart. Reply YES with your address to receive it.,phishing,prize_win
"Part-time job offer from Tesla: review hotels for €679 per task, paid to your bank instantly. WhatsApp me on (627) 267-9258",phishing,job_scam
"Correos: sorry we missed you. Your parcel is at the Dubai depot, collect it with photo ID or rebook in the Correos app.",ham,real_delivery_notice
"YouTube Premium receipt: $1,130 charged Tuesday. If you did not authorize this, cancel at http://cancel-claim.click/update",phishing,fake_subscription_charge
"Hey hey it's Olga, my account sent the code to your number, can you screenshot it? thanks",phishing,code_relay
Your Enel bill of £712 is due on tonight. Pay in the Enel app or at enel.com. Thank you.,ham,real_telco_util_notice
Heyy what time does the ceremony start Sunday?,ham,friend_favor
"Hello? happy birthday!!! hope you have an amazing day, drinks on me this weekend ok?",ham,friend_favor
Unclaimed prize! You were selected for a a phone case from Target. Reply YES with your address to receive it.,phishing,prize_win
Ramen Republic is now open on High Street! Show this text for a free appetizer with any entree.,spam,generic_ads
eBay: PlayStation 5 is out for delivery today. Someone should be available to sign.,ham,real_order_notice
"Bet R$42 get £406 in free bets at PlayMax. 18+, T&Cs apply, new customers only.",spam,generic_ads
Your Google One subscription renewed for R$70. To cancel and get a refund call +44 7853 837096 within 24h.,phishing,fake_subscription_charge
"Hey!!, long time no talk! How have you been? Not sure if this is still you.",phishing,wrong_number_opener
PlayStation Plus: payment of R$803.51 failed. Update your billing within 2 days or lose access: http://payment-claim.buzz,phishing,fake_subscription_charge
"iCloud receipt: €55 charged Tuesday. If you did not authorize this, cancel at https://cutt.ly/a26936/update",phishing,fake_subscription_charge
Your HBO Max subscription renewed for R$513.99. To cancel and get a refund call 06 98 48 52 85 within 24h.,phishing,fake_subscription_charge
Job alert: product reviewer roles from ₹789.70/hr. Set up alerts at linkedin.com. Opt out anytime.,spam,real_job_ad
"Glückwunsch! Sie wurden für einen £1,500 Aldi Gutschein ausgewählt. Jetzt einlösen: gewinn18.cc",phishing,prize_win_i18n
CAF: Your Social Security number has been flagged. Call +44 7777 408555 to avoid arrest.,phishing,gov_callback
Netflix receipt: $457.45 for your monthly plan. Thank you!,ham,real_subscription_notice
"Namaste, main Léa IKEA HR se. Aap part-time online job ke liye select hue hain, €15/day. WhatsApp karein +34 690 875 519.",phishing,job_scam_i18n
"Didi ye mera naya number hai, purana phone chori ho gaya. Urgent bill bharna hai, bank app nahi khul raha.",phishing,new_number_family_i18n
"a local warehouse is hiring seasonal staff. Open interviews this weekend 8:30pm-6pm, bring ID. Text STOP to end.",spam,real_job_ad
Walmart Order Confirmation: GoPro Hero 13 - €545.41. Delivery Friday. To cancel or report unauthorized use call 07 80 13 32 19.,phishing,fake_order_callback
"Grandpa it's me, Please reply here so I know you got this. Something's come up, are you free to help with a payment? ❤️",phishing,new_number_family
"Promo Orange : forfait 150Go à 12,99€/mois pendant 12 mois ! Souscrivez sur sfr-promo.fr",spam,ads_i18n
"Tesco: get a €2,551 gift card when you spend £879 today only. In store and online. Terms apply. Reply STOP to opt out.",spam,giftcard_promo
"Shein is hiring seasonal staff. Open interviews Friday 8:30pm-8:30pm, bring ID. Text STOP to end.",spam,real_job_ad
RBC: your statement is ready. View it in the RBC app or online banking.,ham,real_bank_notice
QNB: your account ending 7982 has a low balance of $754.61. This is the alert you set up.,ham,real_bank_notice
Chronopost notice: package #57922759 returns to sender unless address is confirmed: http://confirm-miami.click,phishing,delivery_fee
Unlock 27k followers overnight! Grow your Instagram fast: followerpro.pro,spam,generic_ads
Shell Loyalty: you have won €500! Claim your prize at claim16.top/login,phishing,prize_win
"Mom, this is my new number. Text me back on here. I need to sort out my rent before 5pm but my banking app is locked on the old phone, can you help? 🙏",phishing,new_number_family
Etisalat: a failed payment detected. Secure your account immediately: https://bit.ly/y66718,phishing,account_problem_link
"Grandpa it's me, This is my temporary number until I get the new phone. Something's come up, are you free to help with a payment? pls",phishing,new_number_family
Amazon Logistics notice: package #92866419 returns to sender unless address is confirmed: confirm-london.vip,phishing,delivery_fee
Vote Liam Omar for School Board on Friday! Better schools. Paid for by the campaign.,spam,generic_ads
"Félicitations ! Vous avez gagné £10,000 au tirage mobile. Confirmez vos coordonnées : https://t.co/n60055",phishing,prize_win_i18n
"Telstra: your bill of R$4,013 is now available. View or pay at the Telstra app. Autopay will process on 25/6.",ham,real_telco_util_notice
Amazon Logistics: parcel #233-3990828-5924595 has been collected from the sender and is on its way.,ham,real_delivery_notice
Uncle I my phone got stolen xx,phishing,new_number_family
Meesho Big Sale! Up to 42% off on electronics. Shop now ajio.com. Reply STOP to opt out.,spam,ads_i18n
"Chase will never ask for your PIN, password or full card number by text or phone. If in doubt, call the number on the back of your card.",ham,real_bank_notice
Hi there what's the code for the garage? I forgot it again ttyl,ham,friend_favor
"Hi, is this Omar? It's Sarah from the landlord, Neha gave me your number about Sunday.",ham,friend_wrong_number
"Grandpa it's me, Please reply here so I know you got this. I can't get into my bank, can you pay something for me quickly? 😊",phishing,new_number_family
"Olá, sou Emma do RH da Deloitte. Você foi selecionado para uma vaga home office, $426 por dia. Me chama no WhatsApp +44 7379 749350.",phishing,job_scam_i18n
"Hello a code should have come to your phone, I typed your number instead of mine. What is it? thanks",phishing,code_relay
"Nan it's me, Please reply here so I know you got this. I can't get into my bank, can you pay something for me quickly? 🙏",phishing,new_number_family
"Receipt: Ring doorbell £2,478 via Amazon. Ref A471736. Questions or cancellation: +34 683 948 314 (24/7).",phishing,fake_order_callback
Unclaimed prize! You were selected for a Ring doorbell from Amazon. Reply YES with your address to receive it.,phishing,prize_win
"Olá, sou Emma do RH da Zara. Você foi selecionado para uma vaga home office, €76 por dia. Me chama no WhatsApp +91 87783 60790.",phishing,job_scam_i18n
"Part-time job offer from Walmart: like videos for AED 4,646 per task, paid to your bank instantly. WhatsApp 1-873-858-1415",phishing,job_scam
"Google is hiring! Earn AED 98-£442.26 daily rate products. No experience, paid daily. Ages 22+. WhatsApp +34 618 557 289",phishing,job_scam
"Hi there, long time no talk! How have you been? Sorry if wrong number!",phishing,wrong_number_opener
"PlayStation Plus receipt: £283.74 charged Wednesday. If you did not authorize this, cancel at refund81.online/secure",phishing,fake_subscription_charge
عرض خاص! خصم 20% على جميع الملابس في متجر الرياض مول هذا الأسبوع فقط. تسوق الآن yasmin-shop.com,spam,ads_i18n
"Hi Camille, Rahul here from the removal company, confirming your viewing this weekend at 1pm.",ham,friend_wrong_number
"Hola Papá, se me rompió el móvil y este es mi nuevo número. Guárdalo y escríbeme por WhatsApp.",phishing,new_number_family_i18n
"Emma (Temu Hiring Team): we saw your CV on Glassdoor. Online position, 1-2 hrs a day, $39/day. Interested? text +34 640 151 897",phishing,job_scam
"YouTube Premium receipt: €2,479 for your student plan. Thank you!",ham,real_subscription_notice
Movistar Security: enter your 2FA code at auth-dubai.top/secure to confirm the pending withdrawal of ₹632.15.,phishing,account_problem_link
FedEx notice: package #446-6714954-5639163 returns to sender unless address is confirmed: confirm-jakarta.club,phishing,delivery_fee
Social Security Administration: Your National Insurance number has been suspended. Call 06 39 37 20 62 immediately.,phishing,gov_callback
"Now hiring: call center agents at our client, AED 2,850/hr. Apply at our careers page. Reply STOP to opt out.",spam,real_job_ad
"Your Walmart return for Samsung 65"" TV was received. Refund of £21 will appear on your card in 3-5 business days.",ham,real_order_notice
"Hey!! it's Kenji, got a new number, save it! Old one stops working Tuesday.",ham,friend_new_number
"Bhaiya ye mera naya number hai, purana phone chori ho gaya. Urgent bill bharna hai, bank app nahi khul raha.",phishing,new_number_family_i18n
عرض خاص! خصم 51% على جميع الأحذية في متجر نون هذا الأسبوع فقط. تسوق الآن riyadhmall.com,spam,ads_i18n
PostNL: we missed you Saturday. Reschedule delivery (€1.49) at https://tinyurl.com/q93736/verify,phishing,delivery_fee
"Namaste, main Kenji Marriott HR se. Aap part-time online job ke liye select hue hain, $83/day. WhatsApp karein 1-889-749-6910.",phishing,job_scam_i18n
"Your prescription is ready for pickup at Boots, 1325 Main St. Open 2:15pm-8:30pm.",ham,real_hr_and_appointments
"Sarah it's Sarah, I got your number from Yuki. Are you free to chat this weekend?",phishing,wrong_number_opener
Yodel: we missed you today. Reschedule delivery (£1.49) at http://yodel-dallas.click,phishing,delivery_fee
Monzo: suspicious activity detected. Secure your account within 24h: http://monzo-paris.site,phishing,account_problem_link
"Lena (Marriott Talent Acquisition): we saw your CV on Glassdoor. Online position, 1-2 hrs a day, R$151.91/day. Interested? WhatsApp me on 1-889-497-8647",phishing,job_scam
Heyy can you send me the code you just received? my phone is acting up. 😊,phishing,code_relay
"Thank you for your Jumia purchase of GoPro Hero 13, total £952.69. Card ending 3380 charged. Not you? Call our fraud line +971 58 122 2431.",phishing,fake_order_callback
Nubank Security: enter your 2FA code at http://auth49.vip/id to confirm the pending transfer of AED 511.07.,phishing,account_problem_link
"Hey!! Mama, it's Carlos, this is my work phone number in case you can't reach the other one. Everything's fine!",ham,friend_new_number
"Hello? a code should have come to your phone, it sent the code to your phone somehow. What is it? ttyl",phishing,code_relay
"Hi Rahul, this is Layla from Deloitte recruiting. Your interview is confirmed for Friday at 2:15pm. Reply if you need to reschedule.",ham,real_hr_and_appointments
"Solar panels with $0 down, cut your bill by 69%. Free quote: gosolar.com",spam,generic_ads
"Félicitations ! Vous avez gagné €1,000 au tirage mobile. Confirmez vos coordonnées : https://t.co/d2569/login",phishing,prize_win_i18n
Reminder: your appointment with Dr. Ava is this weekend at 8:30pm. Reply C to confirm or R to reschedule.,ham,real_hr_and_appointments
Your Medicare card must be replaced with a new secure card. Confirm your number here to keep coverage: http://card-madrid.site,phishing,gov_callback
"Kal 6pm baje milte hain, station pe aa jana",ham,chat_i18n
"Your Airbnb host Ahmed sent you a message: check-in is after 6pm, the lockbox code is in the app.",ham,real_hr_and_appointments
Canada Post: your parcel could not be delivered. Pay €2.99 redelivery fee within 2 days: https://tinyurl.com/m28519,phishing,delivery_fee
"Oi Mãe, sou eu, quebrei o celular, esse é meu número novo. Salva aí e me chama no WhatsApp.",phishing,new_number_family_i18n
QNB: your statement is ready. View it in the QNB app or online banking.,ham,real_bank_notice
"Extended car warranty: your coverage may be expiring. Protect your vehicle from repair bills, call +44 7196 782653 for a quote.",spam,generic_ads
Hermes: we delivered your parcel to your front porch.,ham,real_delivery_notice
"Extended car warranty: your coverage may be expiring. Protect your vehicle from repair bills, call (693) 985-5855 for a quote.",spam,generic_ads
"Hi Bro, it's me. Save this number and delete the old one.",phishing,new_number_family
"Olá, sou Mia do RH da Shein. Você foi selecionado para uma vaga home office, £579.29 por dia. Me chama no WhatsApp +91 83556 52504.",phishing,job_scam_i18n
"Hiya Rahul, did you get the package I sent? Sorry to bother you.",phishing,wrong_number_opener
"Deloitte is hiring! Earn $946-AED 786.05 daily share posts. No experience, instant withdrawal. Ages 22+. wa.me/18695254790",phishing,job_scam
"Hi Dr. Natasha, this is Beatriz. Can we move my appointment to Saturday? Apologies if I have the wrong number.",phishing,wrong_number_opener
"Best Buy Rewards: you have won $50,000! Verify your address at e-claim.biz",phishing,prize_win
"New number alert, this is Rahul :) same WhatsApp, just a new sim. See you tomorrow!",ham,friend_new_number
"Oi Vô, sou eu, quebrei o celular, esse é meu número novo. Consegue me mandar um Pix de $3,812 hoje? Amanhã devolvo.",phishing,new_number_family_i18n
BBVA Security: enter your 2FA code at https://bit.ly/y43263 to confirm the pending withdrawal of €925.,phishing,account_problem_link
Jetzt $861 Bonus sichern! Online Casino mit über 1651 Spielen. jackpotzone.de,spam,ads_i18n
Correos notice: package #420-9980978-4201543 returns to sender unless address is confirmed: confirm-verify.club,phishing,delivery_fee
DMV: Your tax file has been linked to fraud. Call +1 628 293 1725 immediately.,phishing,gov_callback
"Heyy hey it's Arjun, my account sent the code to your number, can you screenshot it?",phishing,code_relay
"Your Netflix subscription renewed for AED 4,282. To cancel and get a refund call (726) 512-4166 within 24h.",phishing,fake_subscription_charge
Bpost: your parcel #2386-33807 will be delivered Wednesday between 1pm and 3pm. No action needed.,ham,real_delivery_notice
DPD: your parcel #6935-59724 will be delivered today between 8:30pm and 8am. No action needed.,ham,real_delivery_notice
"Coucou Mamie, c'est moi, j'ai changé de numéro. Écris-moi sur WhatsApp à ce numéro.",phishing,new_number_family_i18n
"Now hiring: call center agents at Walmart, $22.02/hr. Apply at indeed.com. Reply STOP to opt out.",spam,real_job_ad
Dein Wells Fargo Bestätigungscode lautet 4133.,ham,real_codes
"Hello landed safely, will call you when I get to the hotel 🙏",ham,friend_favor
Noon Order Confirmation: Bose headphones - R$67. Delivery this weekend. To cancel or report unauthorized use call 07 24 27 35 99.,phishing,fake_order_callback
ConEd: your meter reading is due. Submit it in the app by this weekend to avoid an estimated bill.,ham,real_telco_util_notice
Chase Alert: your account will be locked in 24 hours. Update your details at chase21.club/update,phishing,account_problem_link
"Aldi: get a $1,719 gift card when you spend €46 today only. In store and online. Terms apply. Reply STOP to opt out.",spam,giftcard_promo
Hiya do you still have the book I left at yours? ❤️,ham,friend_favor
"Papa it's your youngest, new number Save this number and delete the old one. I need to cover a payment that bounced but my banking app is locked on the old phone, can you help? ttyl",phishing,new_number_family
Your table for 5 at The Ivy is confirmed for today 4:45pm. Reply CANCEL to cancel.,ham,real_hr_and_appointments
"Selected candidate: Google needs 10 people to test apps, €24/day. Start today, WhatsApp 1-855-374-3920.",phishing,job_scam
Tu código de verificación de Amazon es 6112. No lo compartas.,ham,real_codes
"Use 815 418 to sign in to Instagram. If you didn't request this, ignore this message.",ham,real_codes
Tu código de verificación de BCA es 752-776. No lo compartas.,ham,real_codes
"Hola, ¿a qué hora llegas mañana? Te espero en casa.",ham,chat_i18n
"Selected candidate: Google needs 50 people to follow accounts, $324/day. Start today, reply YES.",phishing,job_scam
DPD notice: package #90713156 returns to sender unless address is confirmed: http://dpd-jakarta.vip,phishing,delivery_fee
"Nani ye mera naya number hai, purana phone toot gaya. Isko save kar lo aur WhatsApp pe msg karo.",phishing,new_number_family_i18n
On se voit demain ? Yuki vient aussi,ham,chat_i18n
Movistar Security: enter your 2FA code at http://my-movistar.click/update to confirm the pending withdrawal of $856.,phishing,account_problem_link
"Hello it's Ana, got a new number, save it! Old one stops working Wednesday.",ham,friend_new_number
Hello can you pick up milk on your way home? ok?,ham,friend_favor
"Canva: your payment of ₹4,779 was processed. Next billing date today. Manage your plan in Account settings.",ham,real_subscription_notice
Looking for a new job? Browse 7481 hospitality openings near you on Totaljobs. Unsubscribe: reply STOP,spam,real_job_ad
Telstra: planned maintenance in your area Tuesday 3pm-6pm. You may lose signal briefly. Sorry for the inconvenience.,ham,real_telco_util_notice
Your iCloud subscription renewed for £359.96. To cancel and get a refund call +91 72936 63911 within 24h.,phishing,fake_subscription_charge
Spotify receipt: R$185 for your annual plan. Thank you!,ham,real_subscription_notice
"Hola, soy Layla de RRHH de Google. Has sido seleccionado para un trabajo remoto, AED 58 al día. Escríbeme por WhatsApp +34 611 823 978.",phishing,job_scam_i18n
"Hallo, hier ist Liam von Costco Recruiting. Sie wurden für eine Homeoffice-Stelle ausgewählt, $2,016 pro Tag. Melden Sie sich per WhatsApp 07 49 66 91 37.",phishing,job_scam_i18n
وين انتو؟ أنا وصلت المطعم,ham,chat_i18n
Amazon Logistics: parcel #71371069 has been collected from the sender and is on its way.,ham,real_delivery_notice
"Uncle I my number got cut off Text me back on here. Can you lend me $3,038 today? I'll pay you back Monday. love you",phishing,new_number_family
FLASH SALE 66% off at FashionNova this week only. Shop now: fnova.co/sale,spam,generic_ads
"Hey!! Papa, it's me. Text me back on here. Can you lend me $263 today? I'll pay you back tonight. please",phishing,new_number_family
Costco Order Confirmation: Bose headphones - ₹834.74. Delivery Friday. To cancel or report unauthorized use call 06 46 94 48 42.,phishing,fake_order_callback
"Hey!! can you transfer me the €2,345 for the gift when you get a sec? sorted it with Layla already thank you!",ham,friend_favor
National Grid: your meter reading is due. Submit it in the app by today to avoid an estimated bill.,ham,real_telco_util_notice
Santander: a payment of £335 to Arjun Pedro was sent from your account. Ref #408-7690043-2890440.,ham,real_bank_notice
TIM: your recharge of $616.48 was successful. Validity 65 days.,ham,real_telco_util_notice
PostNL notice: package #784-4277731-7884049 returns to sender unless address is confirmed: http://postnl-lisbon.info,phishing,delivery_fee
"Hello? landed safely, will call you when I get to the hotel 😊",ham,friend_favor
"Google One: a new device signed in to your account from Mumbai. If this wasn't you, change your password in the Google One app.",ham,real_subscription_notice
Nubank Alert: your account will be closed in 24 hours. Update your details at nubank-chicago.online/claim,phishing,account_problem_link
"Hallo Opa, ich bin's, mein Handy ist ins Wasser gefallen. Das ist meine neue Nummer. Kannst du mir schnell $47 überweisen? Ich kann nicht in mein Banking.",phishing,new_number_family_i18n
"Commerzbank: your card was used abroad in Lagos for $397. If you don't recognise this, call the number on your card.",ham,real_bank_notice
"Selected candidate: Walmart needs 12 people to watch ads, $451/day. Start today, text 07 37 30 61 31.",phishing,job_scam
"Your reward points of £1,840 expire Friday! Redeem now: https://tinyurl.com/c18346/confirm",phishing,prize_win
Refinance your mortgage at 3.4% APR! Lock your rate today at ratelock.us,spam,generic_ads
"Is this Yuki? It's Lena, we met at the conference last month.",phishing,wrong_number_opener
Your Google One free trial ends Thursday. You'll be charged $99/month unless you cancel in the app.,ham,real_subscription_notice
"Apple Loyalty: you have won $250,000! Verify your address at reward-mumbai.info",phishing,prize_win
"Extended car warranty: your coverage may be expiring. Protect your vehicle from repair bills, call +91 99236 90256 for a quote.",spam,generic_ads
School: early pickup on tonight. See the newsletter for details.,ham,real_hr_and_appointments
PostNL: your driver Natasha is 9 stops away.,ham,real_delivery_notice
Delta: flight AA3725 to Madrid now departs from gate C8. Boarding at 8am.,ham,real_hr_and_appointments
"Hi Dmitri, Lucía here from the letting agency, confirming your viewing this weekend at 1pm.",ham,friend_wrong_number
Canada Post: we delivered your parcel to a neighbour at No. 60.,ham,real_delivery_notice
Your health card card must be replaced with a new chip card. Confirm your number here to keep coverage: medicare-pay.top/update,phishing,gov_callback
SFR: your bill of AED 83 is now available. View or pay at sfr.com. Autopay will process on 3/12.,ham,real_telco_util_notice
¡Gana dinero desde casa! Hasta £898.66 al mes sin experiencia. Regístrate: trabajofacil.es,spam,ads_i18n
"Hallo, hier ist Liam von Deloitte Recruiting. Sie wurden für eine Homeoffice-Stelle ausgewählt, £36 pro Tag. Melden Sie sich per WhatsApp +91 87262 58138.",phishing,job_scam_i18n
"Uncle it's me, Can you send me your card details so I can order a replacement phone? asap",phishing,new_number_family
"Hi, this is Lucy from the dentist. Is this still the best number for appointment reminders?",ham,friend_wrong_number
"Solar panels with $0 down, cut your bill by 48%. Free quote: sunpower-deals.com",spam,generic_ads
Canada Post notice: package D417122 returns to sender unless address is confirmed: http://canada-sydney.win/verify,phishing,delivery_fee
Job alert: package handler roles from $934.81/hr. Set up alerts at indeed.com. Opt out anytime.,spam,real_job_ad
"Sorry, wrong number!",ham,friend_wrong_number
"Hola, ¿te llegó un código de 6 dígitos? Puse tu número por error, ¿me lo pasas?",phishing,code_relay_i18n
"Hi, this is Ivan from Dr. Wei's office. Is this still the best number for appointment reminders?",ham,friend_wrong_number
"Badhai ho! Aapko €850,000 ka Starbucks gift card mila hai. Abhi claim karein: gift-pay.click/confirm",phishing,prize_win_i18n
"Beatriz here, new phone same number, lost all my contacts though. Who's this? 😅",ham,friend_new_number
"Hi there a code should have come to your phone, I typed your number instead of mine. What is it?",phishing,code_relay
"Hi, can you send me the wifi password again, my phone forgot it",ham,friend_favor
"Badhai ho! Aapko €1,000 ka Apple gift card mila hai. Abhi claim karein: https://is.gd/a35179",phishing,prize_win_i18n
PlayStation Plus: your payment of ₹70 was processed. Next billing date tomorrow. Manage your plan in Account settings.,ham,real_subscription_notice
Job alert: product reviewer roles from €79.40/hr. Set up alerts at indeed.com. Opt out anytime.,spam,real_job_ad
iCloud: your payment of R$731.43 was processed. Next billing date today. Manage your plan in Account settings.,ham,real_subscription_notice
"Oi Pai, sou eu, perdi o telefone, esse é meu número novo. Consegue me mandar um Pix de €944 hoje? Amanhã devolvo.",phishing,new_number_family_i18n
Your Noon return for printer ink was received. Refund of AED 855.68 will appear on your card in 3-5 business days.,ham,real_order_notice
Your RBC code is 7176. Never share this code with anyone.,ham,real_codes
"Part-time job offer from Zara: write short reviews for AED 287 per task, paid to your bank daily. wa.me/84999804079",phishing,job_scam
"Hi, this is Max from the dentist. Is this still the best number for appointment reminders?",ham,friend_wrong_number
Receipt: Ring doorbell R$98 via Home Depot. Ref #6994-60470. Questions or cancellation: +91 78563 67209 (24/7).,phishing,fake_order_callback
"Hoi, ben je nog thuis? Ik kom je pakje brengen",ham,chat_i18n
iCloud Alert: your account will be closed today. Update your details at https://cutt.ly/a37730/login,phishing,account_problem_link
"Enter our summer giveaway for a chance to win a £250,000 Carrefour gift card. Enter at carrefour.com/giveaway. No purchase necessary.",spam,giftcard_promo
"Uncle, this is my new number. Can you message me on WhatsApp on this number? Something's come up, are you free to help with a payment? asap",phishing,new_number_family
"Google One: a new device signed in to your account from Madrid. If this wasn't you, change your password in the Google One app.",ham,real_subscription_notice
"Hallo, hier ist Léa von Temu Recruiting. Sie wurden für eine Homeoffice-Stelle ausgewählt, £2,759 pro Tag. Melden Sie sich per WhatsApp 1-850-708-1884.",phishing,job_scam_i18n
"Dad, this is my new number. This is my temporary number until I get the new phone. x",phishing,new_number_family
"Tô chegando, 17 min. Pede uma água pra mim?",ham,chat_i18n
PostNL: your parcel is on hold. Pay £5.00 handling fee within 48h: https://tinyurl.com/n36108,phishing,delivery_fee
Aramex: we missed you Wednesday. Reschedule delivery ($4.99) at go-aramex.online,phishing,delivery_fee
"Netflix: payment of $2,217 could not be processed. Update your billing within 48 hours or lose access: https://cutt.ly/p71070",phishing,fake_subscription_charge
"Hi all, Beatriz here. Switched carriers so this is my number from now on. No need to reply.",ham,friend_new_number
MediaMarkt: a PlayStation 5 was ordered from a new device in Chicago. Charged $83. Cancel: +1 323 836 9207,phishing,fake_order_callback
"Now hiring: cashiers at our client, $71/hr. Apply at infojobs.net. Reply STOP to opt out.",spam,real_job_ad
Correos: we missed you today. Reschedule delivery ($4.99) at redelivery24.site,phishing,delivery_fee
DHL notice: package #887-9165922-9244180 returns to sender unless address is confirmed: https://cutt.ly/u19282/confirm,phishing,delivery_fee
"Hello quick one, forward me the text with the code that just came through, it sent the code to your phone somehow thank you!",phishing,code_relay
"Hi, this is Louis from Dr. Priya's office. Is this still the best number for appointment reminders?",ham,friend_wrong_number
Chronopost: we missed you Friday. Reschedule delivery ($1.49) at get-chronopost.club,phishing,delivery_fee
Your Walmart account was used to buy Nintendo Switch for AED 838. If this wasn't you contact support at +971 51 517 6644 within 2 hours.,phishing,fake_order_callback
Job alert: product reviewer roles from R$77/hr. Set up alerts at ziprecruiter.com. Opt out anytime.,spam,real_job_ad
Australia Post: we missed you this weekend. Reschedule delivery (£4.99) at https://cutt.ly/n42386,phishing,delivery_fee
Costco: your package with Nintendo Switch was delivered. It was handed to a resident.,ham,real_order_notice
"Hi, is this Beatriz? It's Mia from the school run, Max gave me your number about Friday.",ham,friend_wrong_number
"Hallo, hier ist Olivia von Temu Recruiting. Sie wurden für eine Homeoffice-Stelle ausgewählt, $758.72 pro Tag. Melden Sie sich per WhatsApp 07 19 40 52 74.",phishing,job_scam_i18n
"hey it's Mateo from uni, finally got a UK number, save me x",ham,friend_new_number
"Hello? I sent a verification code to your number by accident, can you read it to me? Sorry!! ttyl",phishing,code_relay
"Hallo Papa, ich bin's, mein Handy ist kaputt. Das ist meine neue Nummer. Ich muss dringend eine Rechnung bezahlen, hilfst du mir?",phishing,new_number_family_i18n
CAF: you are owed a benefit payment of €128.55. Submit your bank details at https://cutt.ly/t25828/login to receive it.,phishing,gov_callback
عرض خاص! خصم 53% على جميع الملابس في متجر نون هذا الأسبوع فقط. تسوق الآن riyadhmall.com,spam,ads_i18n
US Bank: a wire transfer of ₹80 is pending. Not you? Cancel it here: https://tinyurl.com/p91107/refund,phishing,account_problem_link
Disney+ Security: enter your 2FA code at http://my-disney+.click/secure to confirm the pending withdrawal of £807.,phishing,account_problem_link
HDFC Bank: your new card ending 5133 has been sent and should arrive in 5-7 days. Activate it in the app when it arrives.,ham,real_bank_notice
مرحبا، أنا Liam من قسم التوظيف في Tesla. تم اختيارك لوظيفة عن بعد براتب $446 يومياً. تواصل واتساب 07 49 18 28 17,phishing,job_scam_i18n
"Félicitations ! Vous avez gagné €250,000 au tirage national. Confirmez vos coordonnées : http://gagnant-toronto.cc/pay",phishing,prize_win_i18n
"Hello? happy birthday!!! hope you have an amazing day, drinks on me this weekend pls",ham,friend_favor
"Selected candidate: Netflix needs 30 people to boost listings, $1,930/day. Start today, WhatsApp me on +34 699 405 580.",phishing,job_scam
"Now hiring: care assistants at IKEA, AED 17/hr. Apply at linkedin.com/jobs. Reply STOP to opt out.",spam,real_job_ad
Myntra Big Sale! Up to 79% off on mobiles. Shop now ajio.com. Reply STOP to opt out.,spam,ads_i18n
"Badhai ho! Aapko €1,500 ka Home Depot gift card mila hai. Abhi claim karein: http://app-gift.site",phishing,prize_win_i18n
Hello? what's the code in the message you just got? it sent the code to your phone somehow thanks,phishing,code_relay
Royal Mail: your parcel is on hold. Pay £2.50 redelivery fee within 48h: https://rb.gy/z62316,phishing,delivery_fee
"Hi, landed safely, will call you when I get to the hotel ttyl",ham,friend_favor
"Selected candidate: Tesla needs 38 people to like videos, $74/day. Start today, WhatsApp +1 495 673 7842.",phishing,job_scam
Ganhe até $90 por dia com apostas online! Cadastre-se grátis: apostaganha.bet,spam,ads_i18n
"Je suis en retard de 7 min, commande-moi un café stp",ham,chat_i18n
Starbucks: 13% off Ring doorbell this week. Shop at starbucks.com/account. Text STOP to unsubscribe.,spam,giftcard_promo
"Hey I sent a verification code to your number by accident, can you read it to me? It expires in 5 min. love you",phishing,code_relay
Weather alert: heat warning for Madrid until 1pm. Avoid low-lying roads.,ham,real_hr_and_appointments
"Hi Anna, Beatriz here from the removal company, confirming your viewing Friday at 6pm.",ham,friend_wrong_number
National Grid: your meter reading is due. Submit it in the app by Friday to avoid an estimated bill.,ham,real_telco_util_notice
"Receipt: GoPro Hero 13 €2,838 via Argos. Ref D731570. Questions or cancellation: 06 30 81 75 74 (24/7).",phishing,fake_order_callback
"Hola, soy Dmitri de RRHH de TikTok. Has sido seleccionado para un trabajo remoto, R$70 al día. Escríbeme por WhatsApp +971 53 203 4011.",phishing,job_scam_i18n
"Bonjour, Fatima du service RH de TikTok. Votre profil a été retenu pour un poste à domicile, AED 4,968/jour. Contactez-moi sur WhatsApp 07 41 39 25 47.",phishing,job_scam_i18n
"Your Xbox Game Pass subscription renewed for €1,216. To cancel and get a refund call +91 76291 21383 within 24h.",phishing,fake_subscription_charge
"Promo SFR : forfait 50Go à 12,99€/mois pendant 12 mois ! Souscrivez sur sfr-promo.fr",spam,ads_i18n
"Glückwunsch! Sie wurden für einen $1,500 Starbucks Gutschein ausgewählt. Jetzt einlösen: gutschein45.top",phishing,prize_win_i18n
Tesco: 19% off a desk lamp this week. Shop at the Tesco app or tesco.com. Text STOP to unsubscribe.,spam,giftcard_promo
Ryanair: flight UR7912 to Kyiv now departs from gate A31. Boarding at 8am.,ham,real_hr_and_appointments
"Your Google One subscription renewed for £3,711. To cancel and get a refund call +34 678 314 235 within 24h.",phishing,fake_subscription_charge
"¡Felicidades! Has sido seleccionado para recibir una tarjeta regalo de €1,500 de Walmart. Reclama aquí: my-premio.online",phishing,prize_win_i18n
"Yo hey it's Max, my account sent the code to your number, read it out to me? x",phishing,code_relay
School: no school on tomorrow. See the newsletter for details.,ham,real_hr_and_appointments
"Hi all, Rahul here. Switched carriers so this is my number from now on. No need to reply.",ham,friend_new_number
Meesho Big Sale! Up to 70% off on mobiles. Shop now myntra.com. Reply STOP to opt out.,spam,ads_i18n
Hello can you send me Yuki's address? Need it for the invite ttyl,ham,friend_favor
"Bonjour, Dmitri du service RH de DHL. Votre profil a été retenu pour un poste à domicile, R$256/jour. Contactez-moi sur WhatsApp +971 51 823 9015.",phishing,job_scam_i18n
Your iCloud subscription renewed for $810.38. To cancel and get a refund call +34 697 534 322 within 24h.,phishing,fake_subscription_charge
El Corte Inglés Order Confirmation: GoPro Hero 13 - $604.01. Delivery Thursday. To cancel or report unauthorized use call +34 643 153 170.,phishing,fake_order_callback
DPD: your parcel could not be delivered. Pay $1.99 customs fee within 2 days: https://is.gd/s71133,phishing,delivery_fee
"Learn AI in 12 weeks and land a €250,000 job. Enroll today at learnfast.io/apply",spam,generic_ads
"Je suis en retard de 24 min, commande-moi un café stp",ham,chat_i18n
Best Buy: a phone case is out for delivery today. Someone should be available to sign.,ham,real_order_notice
Royal Mail: your parcel is on hold. Pay €2.50 customs fee within 24h: royal29.info/pay,phishing,delivery_fee
"Hi, is this Ahmed? It's Lucy from the football team, Ahmed gave me your number about Saturday.",ham,friend_wrong_number
"Hi Ava, Beatriz here from the removal company, confirming your viewing Friday at 3pm.",ham,friend_wrong_number
"Jetzt R$4,820 Bonus sichern! Online Casino mit über 1404 Spielen. casinoclub.de",spam,ads_i18n
"Oi Vó, sou eu, quebrei o celular, esse é meu número novo. Consegue me mandar um Pix de $3,494 hoje? Amanhã devolvo.",phishing,new_number_family_i18n
Yodel: we delivered your parcel to your front porch.,ham,real_delivery_notice
"Hola Mamá, se me rompió el móvil y este es mi nuevo número. ¿Puedes pasarme $427 hoy? Mañana te lo devuelvo.",phishing,new_number_family_i18n
"Hi all, Olivia here. Switched carriers so this is my number from now on. No need to reply.",ham,friend_new_number
Buy £662.81 of groceries at Sainsbury's and get a $58 bonus card. Ends Thursday.,spam,giftcard_promo
"Hola, ¿a qué hora llegas el sábado? Te espero en casa.",ham,chat_i18n
"Google One receipt: $4,809 charged today. If you did not authorize this, cancel at https://cutt.ly/j14871",phishing,fake_subscription_charge
"Your Apple Music free trial ends tonight. You'll be charged £4,363/month unless you cancel in the app.",ham,real_subscription_notice
"Your Naturgy bill of $3,773 is due on Tuesday. Pay in the Naturgy app or at the Naturgy app or naturgy.com. Thank you.",ham,real_telco_util_notice
"Hey Arjun, it's Jonas, we met at Carlos's birthday on tomorrow. Great to meet you, let's do that coffee!",ham,friend_wrong_number
Your NHS card must be replaced with a new digital card. Confirm your number here to keep coverage: e-card.vip/secure,phishing,gov_callback
"Hi, this is Ben from Google HR. We reviewed your resume and you qualify for a remote customer support role, $391/day. message +34 649 607 579 on WhatsApp to start.",phishing,job_scam
STC: your recharge of €631 was successful. Validity 72 days.,ham,real_telco_util_notice
"New number alert, this is Ben :) same WhatsApp, just a new sim. See you today!",ham,friend_new_number
Canada Post: we missed you Thursday. Reschedule delivery (€2.50) at https://t.co/d44212/refund,phishing,delivery_fee
Google One: payment of $79 was declined. Update your billing within 24h or lose access: https://bit.ly/y82264,phishing,fake_subscription_charge
"Dear applicant, congratulations, Shein has approved your content rater application. Salary AED 72 per day. Contact your manager Priya: wa.me/94530801902",phishing,job_scam
"¡Felicidades! Has sido seleccionado para recibir una tarjeta regalo de £1,000 de Sainsbury's. Reclama aquí: http://premio-dallas.win",phishing,prize_win_i18n
Meesho Big Sale! Up to 79% off on mobiles. Shop now ajio.com. Reply STOP to opt out.,spam,ads_i18n
"Buy AED 348 of clothing at Costco and get a ₹4,777 bonus card. Ends Saturday.",spam,giftcard_promo
Weather alert: flash flood warning for Manila until 6pm. Avoid low-lying roads.,ham,real_hr_and_appointments
"Hey Omar, did you get the package I sent? Sorry, is this the right number?",phishing,wrong_number_opener
FedEx: your parcel G931997 will be delivered Sunday between 3pm and 9:30am. No action needed.,ham,real_delivery_notice
"Ciao, ci vediamo alle 9 davanti al cinema?",ham,chat_i18n
"Netflix: your payment of R$3,972 was processed. Next billing date Wednesday. Manage your plan in Account settings.",ham,real_subscription_notice
Correos notice: package #14131502 returns to sender unless address is confirmed: https://is.gd/m24065/claim,phishing,delivery_fee
BNP Paribas Security: enter your 2FA code at https://is.gd/c31593/refund to confirm the pending withdrawal of $269.,phishing,account_problem_link
"Best Buy Order Confirmation: Samsung 65"" TV - R$74. Delivery Monday. To cancel or report unauthorized use call (652) 700-5524.",phishing,fake_order_callback
"Hello? Pierre, are you still coming to the golf on tomorrow?",phishing,wrong_number_opener
Correios: your parcel G815546 will be delivered this weekend between 8am and 10am. No action needed.,ham,real_delivery_notice
Al Rajhi Alert: your account will be restricted unless you act. Update your details at http://update-help.link/claim,phishing,account_problem_link
Your Apple Music subscription renewed for $318. To cancel and get a refund call 07 67 55 73 96 within 24h.,phishing,fake_subscription_charge
FedEx: your parcel could not be delivered. Pay £1.99 redelivery fee within 2 days: http://fedex47.club,phishing,delivery_fee
"Oi Pai, sou eu, roubaram meu celular, esse é meu número novo. Preciso pagar um boleto urgente e não consigo entrar no banco.",phishing,new_number_family_i18n
"Mercado Livre: Your order #89379454 for iPhone 16 Pro ($84) has shipped. If you did not place this order, call (612) 412-4793 within 24 hours.",phishing,fake_order_callback
"Oi Tio, sou eu, roubaram meu celular, esse é meu número novo. Salva aí e me chama no WhatsApp.",phishing,new_number_family_i18n
"WINNER: You won €850,000 in the National Draw. Send your name, address and bank details to claim before this weekend. Ref F604582",phishing,prize_win
DHL notice: package #9375-84269 returns to sender unless address is confirmed: http://get-dhl.icu/verify,phishing,delivery_fee
Your iCloud subscription renewed for R$151. To cancel and get a refund call (474) 494-8385 within 24h.,phishing,fake_subscription_charge
"Promo Orange : forfait 150Go à 7,99€/mois pendant 12 mois ! Souscrivez sur bouygues-promo.fr",spam,ads_i18n
Bpost: parcel #8114-26865 has been collected from the sender and is on its way.,ham,real_delivery_notice
"Tesla is hiring! Earn AED 167-$65 daily share posts. No experience, paid daily. Ages 22+. WhatsApp +971 57 664 4262",phishing,job_scam
Your NHS card must be replaced with a new secure card. Confirm your number here to keep coverage: medicare22.icu,phishing,gov_callback
"Amazon Prime: your payment of $3,288 was processed. Next billing date Saturday. Manage your plan in Account settings.",ham,real_subscription_notice
"Hello? Dad, it's Arjun, this is my work phone number in case you can't reach the other one. Everything's fine!",ham,friend_new_number
Looking for a new job? Browse 4074 nursing openings near you on Totaljobs. Unsubscribe: reply STOP,spam,real_job_ad
"Hello, long time no talk! How have you been? Not sure if this is still you.",phishing,wrong_number_opener
"Hi, Sis it's me Text me back on here.",phishing,new_number_family
Bitcoin is about to moon! Join 19k members getting daily signals. Free guide: btc-profits.net,spam,generic_ads
عرض خاص! خصم 46% على جميع الأحذية في متجر نون هذا الأسبوع فقط. تسوق الآن noon.com,spam,ads_i18n
UPS: your driver Wei is 5 stops away.,ham,real_delivery_notice
"New number alert, this is Emma :) same WhatsApp, just a new sim. See you Monday!",ham,friend_new_number
Dein DBS Bestätigungscode lautet 683601.,ham,real_codes
"Hi, can you send me the code you just received? my phone is acting up. xx",phishing,code_relay
"Extended car warranty: your coverage may be expiring. Protect your vehicle from repair bills, call +1 737 345 5016 for a quote.",spam,generic_ads
Bpost: we missed you Saturday. Reschedule delivery (€2.99) at bpost-toronto.cc/verify,phishing,delivery_fee
"Currys: Your order F915446 for iPhone 16 Pro ($550) has been placed. If you did not make this order, call +971 53 396 5861 to dispute.",phishing,fake_order_callback
"Part-time job offer from Shein: share posts for AED 2,825 per task, paid to your bank daily. message 1-874-551-2615 on WhatsApp",phishing,job_scam
"Google One: Your premium plan was charged €4,209 to card ending 2050. Not you? Dispute here: https://shorturl.at/k91668/confirm",phishing,fake_subscription_charge
Final notice from Centrelink: a warrant will be issued unless you settle AED 723.75 today. Call +34 611 432 943 ref #305-6813634-5107762.,phishing,gov_callback
"Best Buy: Your order #901-4530763-8111616 for Samsung 65"" TV ($170) has been placed. If you did not authorize this order, call +44 7602 398144 now to cancel.",phishing,fake_order_callback
TIM: suspicious activity detected. Secure your account immediately: e-secure.click/update,phishing,account_problem_link
"You are our lucky customer! A Samsung 65"" TV is waiting for you. Pay only shipping $5.00: https://bit.ly/e62156",phishing,prize_win
"¡Gana dinero desde casa! Hasta $3,376 al mes sin experiencia. Regístrate: trabajofacil.es",spam,ads_i18n
¡Gana dinero desde casa! Hasta $667.38 al mes sin experiencia. Regístrate: ingresosextra.es,spam,ads_i18n
"Hallo Opa, ich bin's, mein Handy ist kaputt. Das ist meine neue Nummer. Kannst du mir schnell €31 überweisen? Ich kann nicht in mein Banking.",phishing,new_number_family_i18n
"Hi, this is Ava from Netflix Hiring Team. We reviewed your resume and you qualify for a remote product reviewer role, $1,007/hour. wa.me/64838466320 to start.",phishing,job_scam
"Hola Abuelo, se me rompió el móvil y este es mi nuevo número. Necesito que me ayudes con un pago urgente.",phishing,new_number_family_i18n
On se voit demain ? Arjun vient aussi,ham,chat_i18n
"Tô chegando, 11 min. Pede uma água pra mim?",ham,chat_i18n
"Thanks for your El Corte Inglés order! Nintendo Switch, $967. Est. delivery today. Manage your order in elcorteinglés.com/account.",ham,real_order_notice
"Hi Arjun, this is Max from Walmart recruiting. Your interview is confirmed for today at 6pm. Reply if you need to reschedule.",ham,real_hr_and_appointments
"Hallo Oma, ich bin's, mein Handy ist ins Wasser gefallen. Das ist meine neue Nummer. Kannst du mir schnell €464 überweisen? Ich kann nicht in mein Banking.",phishing,new_number_family_i18n
Aldi members: double points on everything this Friday. Show the app at checkout. STOP to opt out.,spam,giftcard_promo
"Dear applicant, congratulations, Temu has approved your social media assistant application. Salary $3,172 per day. Contact your manager Dmitri: WhatsApp 07 55 23 28 14",phishing,job_scam
"Is this Priya? It's Priya, we met at the airport lounge last month.",phishing,wrong_number_opener
Looking for a new job? Browse 3395 retail openings near you on Indeed. Unsubscribe: reply STOP,spam,real_job_ad
QNB: رمز التحقق الخاص بك هو 658 302. لا تشاركه مع أحد.,ham,real_codes
"Félicitations ! Vous avez gagné £250,000 au tirage national. Confirmez vos coordonnées : https://rb.gy/y79494",phishing,prize_win_i18n
"Hey, is this still Lena's number? Haven't heard from you since Kyiv.",phishing,wrong_number_opener
"Hey Layla, are you still coming to the wedding on tomorrow?",phishing,wrong_number_opener
"Mercado Livre: Your order #83315245 for GoPro Hero 13 (R$319.58) has been charged to your card. If you did not place this order, call +34 615 765 351 now to cancel.",phishing,fake_order_callback
Starbucks members: double points on everything this weekend. Show the app at checkout. STOP to opt out.,spam,giftcard_promo
"Hiya landed safely, will call you when I get to the hotel xx",ham,friend_favor
"Google One: a new device signed in to your account from Dubai. If this wasn't you, change your password in the Google One app.",ham,real_subscription_notice
Currys: your order #52102569 (Bluetooth speaker) has shipped and will arrive this weekend. Track it at currys.com/account.,ham,real_order_notice
"Citi will never ask for your PIN, password or full card number by text or phone. If in doubt, call the number on the back of your card.",ham,real_bank_notice
"Papa it's me, Can you message me on WhatsApp on this number? I'm in a bit of a mess, can you help me out? love you",phishing,new_number_family
"Liam here, new phone same number, lost all my contacts though. Who's this? 😅",ham,friend_new_number
"Glückwunsch! Sie wurden für einen £1,000 Target Gutschein ausgewählt. Jetzt einlösen: https://cutt.ly/e99070",phishing,prize_win_i18n
Your cashback of £499.40 expire tonight! Redeem now: http://points-claim.click,phishing,prize_win
"Scotiabank will never ask for your PIN, password or full card number by text or phone. If in doubt, call the number on the back of your card.",ham,real_bank_notice
"Hi, this is Ana from the salon. Is this still the best number for appointment reminders?",ham,friend_wrong_number
"Buy AED 795.99 of clothing at Lidl and get a ₹2,304 bonus card. Ends Saturday.",spam,giftcard_promo
"Receita Federal: you are owed a tax refund of ₹3,927. Submit your bank details at refund-help.link to receive it.",phishing,gov_callback
Hey are we still on for football tomorrow? I can pick you up at 2:15pm thank you!,ham,friend_favor
La Poste: your parcel could not be delivered. Pay €2.50 redelivery fee within 48h: https://tinyurl.com/v79474/secure,phishing,delivery_fee
"HSBC: a withdrawal of £1,784 is pending. Not you? Cancel it here: http://e-hsbc.click/verify",phishing,account_problem_link
"ICICI: your card was used abroad in Lagos for ₹1,265. If you don't recognise this, call the number on your card.",ham,real_bank_notice
Netflix: Your annual plan was charged €774 to card ending 7603. Not you? Dispute here: http://netflix-alert.club,phishing,fake_subscription_charge
"Your Apple Music subscription renewed for $2,286. To cancel and get a refund call +91 79847 33218 within 24h.",phishing,fake_subscription_charge
Pizza Pronto is now open on 5th Ave! Show this text for a free drink with any entree.,spam,generic_ads
"Now hiring: forklift operators at Marriott, R$24/hr. Apply at indeed.com. Reply STOP to opt out.",spam,real_job_ad
PNC: a payment of AED 13 to Ava Olivia was sent from your account. Ref #393-7296694-7945686.,ham,real_bank_notice
Apple Music: your payment of £12 was processed. Next billing date Saturday. Manage your plan in Account settings.,ham,real_subscription_notice
"Hi, this is Fatima from the salon. Is this still the best number for appointment reminders?",ham,friend_wrong_number
"Your YouTube Premium free trial ends Thursday. You'll be charged ₹3,025/month unless you cancel in the app.",ham,real_subscription_notice
Seu código Maybank é 859-752. Não compartilhe com ninguém.,ham,real_codes
"Use 4004 to sign in to Revolut. If you didn't request this, ignore this message.",ham,real_codes
"Hi, this is Lucía from the dentist. Is this still the best number for appointment reminders?",ham,friend_wrong_number
Final notice from Social Security Administration: a warrant will be issued unless you settle $146.25 today. Call +971 50 849 5579 ref #43784903.,phishing,gov_callback
"Dadi ye mera naya number hai, purana phone toot gaya. Urgent bill bharna hai, bank app nahi khul raha.",phishing,new_number_family_i18n
"Congratulations! You've been chosen to receive a £250,000 Lidl gift card. Claim within 24h: http://lidl-manchester.link/confirm",phishing,prize_win
"EE: your bill of £1,295 is now available. View or pay at ee.com/account. Autopay will process on 8/11.",ham,real_telco_util_notice
Tesco: 50% off a desk lamp this week. Shop at tesco.com. Text STOP to unsubscribe.,spam,giftcard_promo
"WINNER: Your mobile won €850,000 in the Mega Draw. Send your name, address and bank details to claim before Thursday. Ref #819-4590624-4989774",phishing,prize_win
Hey!! can you send me the code you just received? I used your number for my account. ttyl,phishing,code_relay
"Glückwunsch! Sie wurden für einen €5,000 Shell Gutschein ausgewählt. Jetzt einlösen: http://e-gutschein.top/refund",phishing,prize_win_i18n
"Hello Auntie it's me This is my temporary number until I get the new phone. I need to pay a bill that's overdue today but my banking app is locked on the old phone, can you help?",phishing,new_number_family
On se voit ce soir ? Pedro vient aussi,ham,chat_i18n
Refinance your mortgage at 2.9% APR! Lock your rate today at ratelock.com,spam,generic_ads
US Bank: your statement is ready. View it in the US Bank app or online banking.,ham,real_bank_notice
"Sell your house fast for cash, any condition, close in 6 days. Call +1 711 592 7788",spam,generic_ads
Best Buy: your order #28873751 (printer ink) has shipped and will arrive this weekend. Track it at the Best Buy app.,ham,real_order_notice
"Hello hey it's Ana, my account sent the code to your number, can you screenshot it? thank you!",phishing,code_relay
Votre code de connexion Revolut est 7971. Il expire dans 10 minutes.,ham,real_codes
Votre code de connexion Chase est 111993. Il expire dans 10 minutes.,ham,real_codes
Currys: order #725-1395512-1058522 is ready for pickup at the Miami store. Bring your order confirmation.,ham,real_order_notice
Final notice from DVLA: a warrant will be issued unless you settle $824.11 today. Call +34 656 880 465 ref #844-6530311-4908240.,phishing,gov_callback
Your Best Buy return for a desk lamp was received. Refund of AED 56 will appear on your card in 3-5 business days.,ham,real_order_notice
"Papa ye mera naya number hai, purana phone toot gaya. Kya aap aaj $4,968 bhej sakte ho? Kal wapas kar dunga.",phishing,new_number_family_i18n
CRA: you are owed a rebate of $997. Submit your bank details at http://tax75.xyz to receive it.,phishing,gov_callback
"Hey Léa, it's Beatriz, we met at Max's birthday on Sunday. Great to meet you, let's do that coffee!",ham,friend_wrong_number
Amazon: your order #4902-96878 (a winter coat) has shipped and will arrive tomorrow. Track it at the Amazon app.,ham,real_order_notice
"Telstra: thanks for your payment of R$1,250. Your next bill is due Sunday.",ham,real_telco_util_notice
"hey it's Louis from the office, finally got a UK number, save me x",ham,friend_new_number
Orange: suspicious activity detected. Confirm your account within 24h: https://rb.gy/e48871/id,phishing,account_problem_link
Bpost: your parcel is held at customs. Pay $5.00 handling fee within 48h: http://parcel-jakarta.xyz/id,phishing,delivery_fee
"Hiya hey it's Camille, my account sent the code to your number, pls send it?",phishing,code_relay
Correios: your driver Ben is 4 stops away.,ham,real_delivery_notice
"Hello?, long time no talk! How have you been? Sorry to bother you.",phishing,wrong_number_opener
Looking for a new job? Browse 8576 hospitality openings near you on Totaljobs. Unsubscribe: reply STOP,spam,real_job_ad
"Hi, I think we spoke about the boat last week? This is Léa.",phishing,wrong_number_opener
"Oi, chegou o boleto do condomínio? Preciso pagar até sexta.",ham,chat_i18n
"Congratulations! You've been picked to receive a £10,000 Costco gift card. Claim now: https://t.co/q97054",phishing,prize_win
"Hallo Papa, ich bin's, mein Handy ist ins Wasser gefallen. Das ist meine neue Nummer. Schreib mir bitte auf WhatsApp.",phishing,new_number_family_i18n
مرحبا، أنا Ivan من قسم التوظيف في Temu. تم اختيارك لوظيفة عن بعد براتب €639.45 يومياً. تواصل واتساب (448) 667-2527,phishing,job_scam_i18n
ATO: Your SSN has been flagged. Call (582) 562-7394 to avoid arrest.,phishing,gov_callback
"Olá, sou Camille do RH da Uber. Você foi selecionado para uma vaga home office, $852 por dia. Me chama no WhatsApp 07 51 10 69 74.",phishing,job_scam_i18n
"Hello it's Ivan, got a new number, save it! Old one stops working Tuesday.",ham,friend_new_number
Your HBO Max subscription renewed for $22. To cancel and get a refund call 1-876-366-9837 within 24h.,phishing,fake_subscription_charge
Agencia Tributaria: Your SSN has been compromised. Call +91 70493 42080 immediately.,phishing,gov_callback
"Hey Carlos, it's Natasha, we met at Layla's wedding on Sunday. Great to meet you, let's do that coffee!",ham,friend_wrong_number
"Bet €72 get $793 in free bets at LuckySpin. 18+, T&Cs apply, new customers only.",spam,generic_ads
"Hey Léa, it's Pierre, we met at Priya's birthday on Wednesday. Great to meet you, let's do that coffee!",ham,friend_wrong_number
Best Buy Order Confirmation: MacBook Pro - $749.85. Delivery Monday. To cancel or report unauthorized use call 1-878-332-4192.,phishing,fake_order_callback
"Receipt: Apple Watch R$1,753 via Flipkart. Ref #799-7570824-5295833. Questions or cancellation: 06 81 87 12 34 (24/7).",phishing,fake_order_callback
URSSAF: Your Social Security number has been compromised. Call +1 810 484 7141 to avoid arrest.,phishing,gov_callback
"Dear applicant, congratulations, Shein has approved your social media assistant application. Salary £73 per day. Contact your manager Sofía: Telegram @recruit194",phishing,job_scam
"Parabéns! Você foi selecionado para um vale de $1,000 da Sainsbury's. Resgate agora: e-vale.site",phishing,prize_win_i18n
"Hiya Mike, did you get the documents I sent? Not sure if this is still you.",phishing,wrong_number_opener
"Hi all, Mei here. Switched carriers so this is my number from now on. No need to reply.",ham,friend_new_number
"مرحبا، أنا Pedro من قسم التوظيف في Costco. تم اختيارك لوظيفة عن بعد براتب $1,470 يومياً. تواصل واتساب +971 52 377 4410",phishing,job_scam_i18n
"Hallo, hast du gerade einen Bestätigungs Code bekommen? Ich habe aus Versehen deine Nummer eingegeben, schick ihn mir bitte.",phishing,code_relay_i18n
Refinance your mortgage at 3.4% APR! Lock your rate today at homeloanpro.us,spam,generic_ads
Ganhe até AED 202 por dia com apostas online! Cadastre-se grátis: apostaganha.bet,spam,ads_i18n
Vote Mike Tom for Council on Wednesday! Lower taxes. Paid for by the campaign.,spam,generic_ads
Your Netflix free trial ends tomorrow. You'll be charged AED 20/month unless you cancel in the app.,ham,real_subscription_notice
¡Gana dinero desde casa! Hasta $858.54 al mes sin experiencia. Regístrate: trabajofacil.es,spam,ads_i18n
"Je suis en retard de 23 min, commande-moi un café stp",ham,chat_i18n
Ajio Big Sale! Up to 72% off on electronics. Shop now ajio.com. Reply STOP to opt out.,spam,ads_i18n
"Auntie, this is my new number. Save this number and delete the old one. I'm in a bit of a mess, can you help me out?",phishing,new_number_family
جدتي هذا رقمي الجديد، جوالي ضاع. احفظي الرقم وكلميني واتساب.,phishing,new_number_family_i18n
"Movistar: thanks for your payment of AED 3,378. Your next bill is due Saturday.",ham,real_telco_util_notice
Burger Barn is now open on High Street! Show this text for a free dessert with any entree.,spam,generic_ads
Final notice from ATO: a warrant will be issued unless you settle £607.04 today. Call 06 43 56 63 46 ref #5585-37429.,phishing,gov_callback
عرض خاص! خصم 33% على جميع الأحذية في متجر نون هذا الأسبوع فقط. تسوق الآن yasmin-shop.com,spam,ads_i18n
Hiya lol did you see what Zoe posted in the group chat x,ham,friend_favor
"Hallo, hier ist Fatima von Google Recruiting. Sie wurden für eine Homeoffice-Stelle ausgewählt, £15 pro Tag. Melden Sie sich per WhatsApp (671) 494-8212.",phishing,job_scam_i18n
NatWest: Did you make a $164 purchase at TARGET on 9/3? Reply YES or NO.,ham,real_bank_notice
"Your Airbnb host Noah sent you a message: check-in is after 1pm, the lockbox code is in the app.",ham,real_hr_and_appointments
Reminder: your appointment with Dr. Léa is Tuesday at 9:30am. Reply C to confirm or R to reschedule.,ham,real_hr_and_appointments
Job alert: typist roles from £93/hr. Set up alerts at linkedin.com. Opt out anytime.,spam,real_job_ad
مبروك! تم اختيارك للفوز بقسيمة £500 من Target. اضغط للمطالبة: http://prize-toronto.vip/login,phishing,prize_win_i18n
Target Order Confirmation: GoPro Hero 13 - $258.58. Delivery Friday. To cancel or report unauthorized use call +971 52 638 3883.,phishing,fake_order_callback
"Target: your order #40354148 (Samsung 65"" TV) has shipped and will arrive Wednesday. Track it at target.com/account.",ham,real_order_notice
"Thanks for your Fnac order! PlayStation 5, £1,524. Est. delivery Friday. Manage your order in fnac.com.",ham,real_order_notice
Amazon: 52% off running shoes this week. Shop at the Amazon app. Text STOP to unsubscribe.,spam,giftcard_promo
"Hi, I sent a verification code to your number by accident, can you read it to me? Need it to log in. ok?",phishing,code_relay
Disney+: Your annual plan was charged €642.14 to card ending 1856. Not you? Dispute here: disney+-lagos.buzz/claim,phishing,fake_subscription_charge
"Hi a code should have come to your phone, I used your number for my account. What is it? love you",phishing,code_relay
"Yo Grandpa, it's me. Can you message me on WhatsApp on this number? I need a favour, it's a bit urgent. thanks",phishing,new_number_family
Unlock 11k followers overnight! Grow your Instagram fast: instaboost.io,spam,generic_ads
"Hiya it's Jonas, we haven't spoken in ages, are you still in Lisbon? Sorry if wrong number!",phishing,wrong_number_opener
Job alert: product reviewer roles from $43/hr. Set up alerts at ziprecruiter.com. Opt out anytime.,spam,real_job_ad
"Oi Tio, sou eu, quebrei o celular, esse é meu número novo. Salva aí e me chama no WhatsApp.",phishing,new_number_family_i18n
"Tesco: get a $2,450 gift card when you spend $1,573 Wednesday only. In store and online. Terms apply. Reply STOP to opt out.",spam,giftcard_promo
Hey are we still on for dinner tonight? I can pick you up at 3pm ❤️,ham,friend_favor
Ganhe até £831.30 por dia com apostas online! Cadastre-se grátis: jogafacil.bet,spam,ads_i18n
"Now hiring: cashiers at our client, €96/hr. Apply at glassdoor.com. Reply STOP to opt out.",spam,real_job_ad
Yodel: we missed you Friday. Reschedule delivery (€2.50) at redelivery-chicago.win,phishing,delivery_fee
"Hey!! a code should have come to your phone, I typed your number instead of mine. What is it? x",phishing,code_relay
Buy AED 126 of groceries at Shell and get a AED 33 bonus card. Ends Wednesday.,spam,giftcard_promo
Congratulations! You've been picked to receive a €750 Amazon gift card. Claim here: rewards-chicago.icu,phishing,prize_win
You've been chosen for a $79 compensation from ICICI. Enter your card to receive it: https://bit.ly/b79132,phishing,prize_win
"Hello happy birthday!!! hope you have an amazing day, call you later ok?",ham,friend_favor
"Hiya Auntie, it's Olga, this is my work phone number in case you can't reach the other one. Everything's fine!",ham,friend_new_number
Your NHS card must be replaced with a new secure card. Confirm your number here to keep coverage: benefits-madrid.cc/login,phishing,gov_callback
You are our lucky customer! A printer ink is waiting for you. Pay only shipping £2.50: win-alert.win,phishing,prize_win
"Uber is hiring! Earn €4,327-$2,959 daily follow accounts. No experience, paid daily. Ages 22+. Telegram @team228",phishing,job_scam
Unlock 7k followers overnight! Grow your Instagram fast: followerpro.net,spam,generic_ads
"Hi, this is Lucía from TikTok Recruitment. You have been selected for a work-from-home product reviewer role, R$49/hour. Telegram @team147 to start.",phishing,job_scam
"Hola Abuelo, se me rompió el móvil y este es mi nuevo número. ¿Puedes pasarme $814.47 hoy? Mañana te lo devuelvo.",phishing,new_number_family_i18n
Your Citi code is 440 209. Never share this code with anyone.,ham,real_codes
Hello Louis's appointment went well. Will update everyone tonight. ttyl,ham,friend_favor
"Max here, new phone same number, lost all my contacts though. Who's this? 😅",ham,friend_new_number
مرحبا، أنا Olivia من قسم التوظيف في Temu. تم اختيارك لوظيفة عن بعد براتب £474 يومياً. تواصل واتساب +971 53 881 1543,phishing,job_scam_i18n
"Bro I my phone got stolen Please reply here so I know you got this. I'm in a bit of a mess, can you help me out? ttyl",phishing,new_number_family
"Hola, ¿te llegó un código de WhatsApp? Puse tu número por error, ¿me lo pasas?",phishing,code_relay_i18n
"Apple Music receipt: $50 charged tonight. If you did not authorize this, cancel at http://e-cancel.club",phishing,fake_subscription_charge
Ramen Republic is now open on 5th Ave! Show this text for a free appetizer with any entree.,spam,generic_ads
"Buy $4,267 of fuel at Tesco and get a $2,044 bonus card. Ends Wednesday.",spam,giftcard_promo
Bitcoin is about to explode! Join 26k members getting daily signals. Free guide: coinsignals.net,spam,generic_ads
"Capital One will never ask for your PIN, password or full card number by text or phone. If in doubt, call the number on the back of your card.",ham,real_bank_notice
"Hi, I think we spoke about the investment last week? This is Olga.",phishing,wrong_number_opener
"Hi, can you transfer me the $883.62 for the airbnb when you get a sec? sorted it with Léa already ok?",ham,friend_favor
Your HBO Max free trial ends Friday. You'll be charged ₹424/month unless you cancel in the app.,ham,real_subscription_notice
"Sell your house fast for cash, any condition, close in 6 days. Call +34 660 168 680",spam,generic_ads
Hulu: Your premium plan was charged €50 to card ending 7303. Not you? Dispute here: http://app-hulu.link,phishing,fake_subscription_charge
Job alert: typist roles from $929.07/hr. Set up alerts at ziprecruiter.com. Opt out anytime.,spam,real_job_ad
"Bin in 6 Minuten da, die Bahn hatte Verspätung",ham,chat_i18n
"Hi, I think we spoke about the apartment last week? This is Dmitri.",phishing,wrong_number_opener
"Mom it's your youngest, new number This is my temporary number until I get the new phone. I need to buy a new phone today but my banking app is locked on the old phone, can you help? ok?",phishing,new_number_family
"Ciao, ci vediamo alle 19 davanti al cinema?",ham,chat_i18n
"Bonjour, Emma du service RH de Google. Votre profil a été retenu pour un poste à domicile, $9/jour. Contactez-moi sur WhatsApp +971 57 805 3907.",phishing,job_scam_i18n
Canada Post: your parcel #4555-37080 will be delivered Saturday between 4:45pm and 6pm. No action needed.,ham,real_delivery_notice
"Hi, this is Fatima from IKEA Recruitment. We reviewed your resume and you qualify for a part-time data entry role, €3,204/hour. WhatsApp +91 97999 61739 to start.",phishing,job_scam
You've been chosen for a $9 refund from Bradesco. Enter your card to receive it: http://refund-toronto.info/pay,phishing,prize_win
Jetzt £82 Bonus sichern! Online Casino mit über 733 Spielen. casinoclub.de,spam,ads_i18n
Fnac: your package with GoPro Hero 13 was delivered. It was left at the front door.,ham,real_order_notice
Weather alert: heat warning for Berlin until 1pm. Avoid low-lying roads.,ham,real_hr_and_appointments
Flipkart Big Sale! Up to 44% off on mobiles. Shop now flipkart.com. Reply STOP to opt out.,spam,ads_i18n
"Hi, happy birthday!!! hope you have an amazing day, call you later ok?",ham,friend_favor
"FedEx: sorry we missed you. Your parcel is at the Moscow depot, collect it with photo ID or rebook in the FedEx app.",ham,real_delivery_notice
"Heyy, long time no talk! How have you been? Sorry if wrong number!",phishing,wrong_number_opener
Looking for a new job? Browse 5165 nursing openings near you on Jooble. Unsubscribe: reply STOP,spam,real_job_ad
Yo can you send me the code you just received? I put your number in by mistake.,phishing,code_relay
"Hi Dmitri, Yuki here from the removal company, confirming your viewing Wednesday at 6pm.",ham,friend_wrong_number
عرض خاص! خصم 43% على جميع الأجهزة في متجر نون هذا الأسبوع فقط. تسوق الآن noon.com,spam,ads_i18n
Receita Federal notice: an outstanding fine of AED 839.98 found on your record. Pay by Sunday at https://tinyurl.com/u53096 or face prosecution.,phishing,gov_callback
Job alert: package handler roles from $354.31/hr. Set up alerts at indeed.com. Opt out anytime.,spam,real_job_ad
Aramex notice: package #3566-68248 returns to sender unless address is confirmed: confirm-notice.vip,phishing,delivery_fee
FedEx: your parcel is held at customs. Pay £2.50 handling fee within 2 days: http://fedex30.cc/pay,phishing,delivery_fee
Hulu: Your monthly plan was charged R$75 to card ending 3023. Not you? Dispute here: https://shorturl.at/p95152/pay,phishing,fake_subscription_charge
British Airways: flight DA9053 to Chicago now departs from gate C31. Boarding at 1pm.,ham,real_hr_and_appointments
"Shell: get a $1,451 gift card when you spend ₹3,806 Tuesday only. In store and online. Terms apply. Reply STOP to opt out.",spam,giftcard_promo
"Hello I sent a verification code to your number by accident, can you read it to me? Sorry!!",phishing,code_relay
"Namaste, main Omar Uber HR se. Aap part-time online job ke liye select hue hain, £911.02/day. WhatsApp karein +34 644 811 991.",phishing,job_scam_i18n
Votre code de connexion Nubank est 234785. Il expire dans 10 minutes.,ham,real_codes
"TikTok is hiring part-time staff. Open interviews Sunday 9:30am-4:45pm, bring ID. Text STOP to end.",spam,real_job_ad
Your benefits card card must be replaced with a new chip card. Confirm your number here to keep coverage: http://get-medicare.icu/secure,phishing,gov_callback
Carrefour: 44% off iPhone 16 Pro this week. Shop at carrefour.com/track. Text STOP to unsubscribe.,spam,giftcard_promo
"Your Uber driver Ana is arriving in a gray Toyota Camry, plate E57M151.",ham,real_hr_and_appointments
"YouTube Premium receipt: $337.02 charged Wednesday. If you did not authorize this, cancel at refund-miami.icu/pay",phishing,fake_subscription_charge
"Enter our spring giveaway for a chance to win a $850,000 Tesco gift card. Enter at tesco.com/orders/giveaway. No purchase necessary.",spam,giftcard_promo
"Hello happy birthday!!! hope you have an amazing day, see you saturday 🙏",ham,friend_favor
Yodel: we missed you Monday. Reschedule delivery (£4.99) at http://yodel-notice.cc,phishing,delivery_fee
GLS: we missed you today. Reschedule delivery (£3.20) at redelivery-notice.info/pay,phishing,delivery_fee
Unlock 15k followers overnight! Grow your Instagram fast: followerpro.net,spam,generic_ads
"Mei here, new phone same number, lost all my contacts though. Who's this? 😅",ham,friend_new_number
"Mom I phone fell in the pool This is my temporary number until I get the new phone. I can't get into my bank, can you pay something for me quickly? ttyl",phishing,new_number_family
Your NHS card must be replaced with a new digital card. Confirm your number here to keep coverage: https://is.gd/t53764/login,phishing,gov_callback
"Heyy Grandma, it's Ben, this is my work phone number in case you can't reach the other one. Everything's fine!",ham,friend_new_number
"Hi, is this Mike? It's Ben from the football team, Priya gave me your number about Monday.",ham,friend_wrong_number
"Dadi ye mera naya number hai, purana phone toot gaya. Isko save kar lo aur WhatsApp pe msg karo.",phishing,new_number_family_i18n
"Hey Olga, it's Priya, we met at Ahmed's leaving do on Thursday. Great to meet you, let's do that coffee!",ham,friend_wrong_number
"Badhai ho! Aapko €250,000 ka Apple gift card mila hai. Abhi claim karein: http://inaam-claim.biz/claim",phishing,prize_win_i18n
"Hi, this is Omar from Costco HR. We reviewed your resume and you qualify for a work-from-home product reviewer role, ₹645.77/hour. wa.me/23528918866 to start.",phishing,job_scam
"Hola, soy Arjun de RRHH de DHL. Has sido seleccionado para un trabajo remoto, $85 al día. Escríbeme por WhatsApp +91 79575 85255.",phishing,job_scam_i18n
You are our monthly winner! A Apple Watch is waiting for you. Pay only shipping €2.99: prize-berlin.win,phishing,prize_win
Adobe: payment of ₹556 failed. Update your billing within 2 days or lose access: http://go-payment.top/verify,phishing,fake_subscription_charge
Your Apple Music subscription renewed for AED 110.23. To cancel and get a refund call +1 974 290 1951 within 24h.,phishing,fake_subscription_charge
"Revolut: your direct debit of $3,452 to Engie is due tomorrow.",ham,real_bank_notice
"Hi Ahmed, Léa here from the estate agent, confirming your viewing Sunday at noon.",ham,friend_wrong_number
"Hey Mike, it's Yuki, we met at Dmitri's birthday on Saturday. Great to meet you, let's do that coffee!",ham,friend_wrong_number
"Hello Sis it's me Save this number and delete the old one. I can't get into my bank, can you pay something for me quickly? love you",phishing,new_number_family
Hey can you send me the code you just received? I'm locked out and it went to you. please,phishing,code_relay
Xbox Game Pass: Your family plan was charged €403.33 to card ending 4925. Not you? Dispute here: https://cutt.ly/y11467/secure,phishing,fake_subscription_charge
"Nan it's me, Please reply here so I know you got this. Something's come up, are you free to help with a payment?",phishing,new_number_family
Job alert: app tester roles from ₹873.02/hr. Set up alerts at linkedin.com. Opt out anytime.,spam,real_job_ad
Your table for 8 at Dishoom is confirmed for this weekend 8am. Reply CANCEL to cancel.,ham,real_hr_and_appointments
"Hola Tío, se me rompió el móvil y este es mi nuevo número. Necesito que me ayudes con un pago urgente.",phishing,new_number_family_i18n
eBay: your package with Kindle Paperwhite was delivered. It was handed to a resident.,ham,real_order_notice
"Is this Lucy? It's Carlos, we met at the gym last month.",phishing,wrong_number_opener
"Kal 8am baje milte hain, station pe aa jana",ham,chat_i18n
Hello can you send me the code you just received? my phone is acting up. ❤️,phishing,code_relay
"Hiya happy birthday!!! hope you have an amazing day, call you later",ham,friend_favor
"Hi, is this Ivan? It's Chris from the landlord, João gave me your number about Thursday.",ham,friend_wrong_number
"Hey Pedro, it's Emma, we met at Sofía's wedding on Wednesday. Great to meet you, let's do that coffee!",ham,friend_wrong_number
Royal Mail: your parcel #10246015 will be delivered Friday between 1pm and 1pm. No action needed.,ham,real_delivery_notice
Mercado Livre: a phone case is out for delivery today. Someone should be available to sign.,ham,real_order_notice
"a local warehouse is hiring seasonal staff. Open interviews tomorrow 3pm-6pm, bring ID. Text STOP to end.",spam,real_job_ad
Aramex: we delivered your parcel to a neighbour at No. 36.,ham,real_delivery_notice
Xbox Game Pass Alert: your account will be closed in 24 hours. Update your details at https://t.co/u9238,phishing,account_problem_link
"Apple: a Bluetooth speaker was ordered from a new device in Nairobi. Charged ₹1,321. Cancel: 1-877-233-5213",phishing,fake_order_callback
"Papa it's your son, new number Text me back on here. I need to sort out my rent before 5pm but my banking app is locked on the old phone, can you help? thanks",phishing,new_number_family
Seu código Emirates NBD é 911-496. Não compartilhe com ninguém.,ham,real_codes
Movistar: your recharge of R$734 was successful. Validity 84 days.,ham,real_telco_util_notice
"Hallo Oma, ich bin's, mein Handy ist ins Wasser gefallen. Das ist meine neue Nummer. Schreib mir bitte auf WhatsApp.",phishing,new_number_family_i18n
"Hi, this is Sarah from Deloitte Hiring Team. Your profile was shortlisted for a flexible order processor role, ₹828/day. reply YES to start.",phishing,job_scam
821426 is your BNP Paribas OTP. Valid for 10 mins. Do not share with anyone. -BNP Paribas,ham,real_codes
Hermes notice: package #4331-31430 returns to sender unless address is confirmed: go-confirm.icu,phishing,delivery_fee
"Your prescription is ready for pickup at Lloyds Pharmacy, 3503 Main St. Open 8:30pm-6pm.",ham,real_hr_and_appointments
Receipt: Bluetooth speaker AED 904.77 via Flipkart. Ref #13578031. Questions or cancellation: 1-804-348-9905 (24/7).,phishing,fake_order_callback
عرض خاص! خصم 52% على جميع الأحذية في متجر الرياض مول هذا الأسبوع فقط. تسوق الآن noon.com,spam,ads_i18n
Telstra: your KYC has expired. Keep access: go-renew.xyz/verify,phishing,account_problem_link
"Bonjour, Yuki du service RH de Netflix. Votre profil a été retenu pour un poste à domicile, $912/jour. Contactez-moi sur WhatsApp 1-880-867-3630.",phishing,job_scam_i18n
مرحبا، أنا Rahul من قسم التوظيف في Amazon. تم اختيارك لوظيفة عن بعد براتب $125 يومياً. تواصل واتساب (558) 334-5894,phishing,job_scam_i18n
"Bonjour, Sarah du service RH de Amazon. Votre profil a été retenu pour un poste à domicile, R$4,029/jour. Contactez-moi sur WhatsApp +44 7879 506169.",phishing,job_scam_i18n
Correos: we missed you Friday. Reschedule delivery (€4.99) at http://correos-lisbon.biz,phishing,delivery_fee
Your MediaMarkt return for MacBook Pro was received. Refund of €483.20 will appear on your card in 3-5 business days.,ham,real_order_notice
"Costco: get a €279.13 gift card when you spend $1,225 Thursday only. In store and online. Terms apply. Reply STOP to opt out.",spam,giftcard_promo
Hey what time does the show start Wednesday? thank you!,ham,friend_favor
"Pierre here, new phone same number, lost all my contacts though. Who's this? 😅",ham,friend_new_number
Citi: your new card ending 9083 has been sent and should arrive in 5-7 days. Activate it in the app when it arrives.,ham,real_bank_notice
"Home Depot: a Bluetooth speaker was ordered from a new device in Manchester. Charged €1,557. Cancel: +44 7563 877731",phishing,fake_order_callback
"Enter our holiday giveaway for a chance to win a £250,000 Amazon gift card. Enter at amazon.com/orders/giveaway. No purchase necessary.",spam,giftcard_promo
"O2: your recharge of R$1,129 was successful. Validity 32 days.",ham,real_telco_util_notice
Chronopost: your driver Liam is 8 stops away.,ham,real_delivery_notice
"BNP Paribas will never ask for your PIN, password or full card number by text or phone. If in doubt, call the number on the back of your card.",ham,real_bank_notice
"Sis it's me, Please reply here so I know you got this. thank you!",phishing,new_number_family
Unclaimed prize! You were selected for a a phone case from Costco. Reply YES with your address to receive it.,phishing,prize_win
ICICI: your account ending 9199 has a low balance of £81. This is the alert you set up.,ham,real_bank_notice
You've been chosen for a $147.58 refund from Emirates NBD. Enter your card to receive it: refund-notice.online,phishing,prize_win
"Hi, happy birthday!!! hope you have an amazing day, call you later ttyl",ham,friend_favor
"Receipt: dog food ₹4,017 via Mercado Livre. Ref H122605. Questions or cancellation: +91 81830 74581 (24/7).",phishing,fake_order_callback
6866 is your PayPal verification code. It expires in 5 minutes.,ham,real_codes
"Hi, I think we spoke about the boat last week? This is Ben.",phishing,wrong_number_opener
"Agencia Tributaria notice: an outstanding fine of $2,199 found on your record. Pay by tonight at tax-pay.cc or face prosecution.",phishing,gov_callback
"New number alert, this is Dmitri :) same WhatsApp, just a new sim. See you this weekend!",ham,friend_new_number
Flipkart Big Sale! Up to 69% off on fashion. Shop now flipkart.com. Reply STOP to opt out.,spam,ads_i18n
"Heyy Mama, it's me. Save this number and delete the old one. thank you!",phishing,new_number_family
"USPS: sorry we missed you. Your parcel is at the Manila depot, collect it with photo ID or rebook in the USPS app.",ham,real_delivery_notice
"Oi Tia, sou eu, perdi o telefone, esse é meu número novo. Salva aí e me chama no WhatsApp.",phishing,new_number_family_i18n
"Parabéns! Você foi selecionado para um vale de £850,000 da Costco. Resgate agora: https://bit.ly/s56821",phishing,prize_win_i18n
"Your loyalty points of $1,808 expire Monday! Redeem now: http://app-points.vip/pay",phishing,prize_win
STC: you've used 100% of your 20GB monthly data. Your allowance resets on 20 Jun.,ham,real_telco_util_notice
¡Gana dinero desde casa! Hasta €278.40 al mes sin experiencia. Regístrate: ganaya.es,spam,ads_i18n
"hey it's Mike from work, finally got a UK number, save me x",ham,friend_new_number
"Hi, this is Wei from Dr. Wei's office. Is this still the best number for appointment reminders?",ham,friend_wrong_number
"Thanks for your MediaMarkt order! Xbox Series X, £828. Est. delivery Thursday. Manage your order in the MediaMarkt app.",ham,real_order_notice
"WINNER: You won €500 in the Mega Draw. Send your name, address and bank details to claim. Ref #268-3229904-9277362",phishing,prize_win
"Parabéns! Você foi selecionado para um vale de €2,000 da Carrefour. Resgate agora: premio72.icu",phishing,prize_win_i18n
Job alert: typist roles from R$39/hr. Set up alerts at ziprecruiter.com. Opt out anytime.,spam,real_job_ad
"Bet $4,673 get R$1,268 in free bets at PlayMax. 18+, T&Cs apply, new customers only.",spam,generic_ads
"Selected candidate: Costco needs 13 people to test apps, $61/day. Start today, WhatsApp me on +1 538 663 5639.",phishing,job_scam
"Coucou Tata, c'est moi, j'ai perdu mon portable. Écris-moi sur WhatsApp à ce numéro.",phishing,new_number_family_i18n
On se voit samedi ? Lena vient aussi,ham,chat_i18n
Jetzt $732 Bonus sichern! Online Casino mit über 861 Spielen. casinoclub.de,spam,ads_i18n
"DHL: sorry we missed you. Your parcel is at the Moscow depot, collect it with photo ID or rebook in the DHL app.",ham,real_delivery_notice
Chronopost: your parcel is on hold. Pay €1.49 redelivery fee within 2 days: chronopost-manchester.club,phishing,delivery_fee
iCloud: payment of €61 was declined. Update your billing within 2 days or lose access: https://t.co/n88570,phishing,fake_subscription_charge
"Hola, ¿a qué hora llegas el sábado? Te espero en el bar de siempre.",ham,chat_i18n
"Starbucks: get a €2,310 gift card when you spend $437 Wednesday only. In store and online. Terms apply. Reply STOP to opt out.",spam,giftcard_promo
Sushi Go is now open on Market Square! Show this text for a free appetizer with any entree.,spam,generic_ads
"Glückwunsch! Sie wurden für einen $5,000 Tesco Gutschein ausgewählt. Jetzt einlösen: http://get-gewinn.xyz/secure",phishing,prize_win_i18n
"Apple Music receipt: $538.45 charged tonight. If you did not authorize this, cancel at https://tinyurl.com/w27282/secure",phishing,fake_subscription_charge
CAF: Your tax file has been flagged. Call +1 908 843 9326 to avoid arrest.,phishing,gov_callback
"Congratulations! You've been picked to receive a €1,000 Starbucks gift card. Claim here: winner5.xyz/secure",phishing,prize_win
La Poste: your parcel has an incomplete address. Pay €1.99 customs fee within 48h: http://app-parcel.click/pay,phishing,delivery_fee
YouTube Premium: Your premium plan was charged $951.84 to card ending 7448. Not you? Dispute here: http://youtube-secure.link/refund,phishing,fake_subscription_charge
"Use 495 585 to sign in to Barclays. If you didn't request this, ignore this message.",ham,real_codes
Weather alert: flash flood warning for Mumbai until 1pm. Avoid low-lying roads.,ham,real_hr_and_appointments
"Hi, this is Pierre from the garage. Is this still the best number for appointment reminders?",ham,friend_wrong_number
"Shein is hiring! Earn ₹705-€719 daily review hotels. No experience, instant withdrawal. Ages 22+. message (223) 578-6398 on WhatsApp",phishing,job_scam
"Hi all, Neha here. Switched carriers so this is my number from now on. No need to reply.",ham,friend_new_number
"Neha (Tesla People Ops): we saw your CV on Glassdoor. Online position, 1-2 hrs a day, $2,982/day. Interested? message +91 86637 56017 on WhatsApp",phishing,job_scam
Shell members: double points on everything this weekend. Show the app at checkout. STOP to opt out.,spam,giftcard_promo
Correos: we delivered your parcel to your front porch.,ham,real_delivery_notice
"مبروك! تم اختيارك للفوز بقسيمة $2,000 من Aldi. اضغط للمطالبة: get-prize.club",phishing,prize_win_i18n
Adobe: payment of ₹586 could not be processed. Update your billing within 48 hours or lose access: https://rb.gy/c15653,phishing,fake_subscription_charge
Seu código Telegram é 691-139. Não compartilhe com ninguém.,ham,real_codes
Chronopost: your parcel has an incomplete address. Pay $3.20 customs fee within 24h: https://is.gd/p60347/login,phishing,delivery_fee
"Your Jumia account was used to buy AirPods Pro for €1,687. If this wasn't you contact support at +971 53 189 4152 before shipment.",phishing,fake_order_callback
Aldi members: double points on everything this week. Show the app at checkout. STOP to opt out.,spam,giftcard_promo
"Uncle, this is my new number. Save this number and delete the old one. Something's come up, are you free to help with a payment? 😊",phishing,new_number_family
"Dear applicant, congratulations, IKEA has approved your product reviewer application. Salary AED 49 per day. Contact your manager Ivan: WhatsApp 07 93 16 21 79",phishing,job_scam
Pizza Pronto is now open on Market Square! Show this text for a free drink with any entree.,spam,generic_ads
"Hi all, Mike here. Switched carriers so this is my number from now on. No need to reply.",ham,friend_new_number
Evri: your driver Mia is 3 stops away.,ham,real_delivery_notice
Flipkart Big Sale! Up to 40% off on fashion. Shop now myntra.com. Reply STOP to opt out.,spam,ads_i18n
"Costco: a Kindle Paperwhite was ordered from a new device in London. Charged AED 3,135. Cancel: +1 546 429 2297",phishing,fake_order_callback
"Yo mum said dinner is at 6pm, bring Omar if they're free x",ham,friend_favor
"Hi, I think we spoke about the shipment last week? This is Ben.",phishing,wrong_number_opener
"Dear applicant, congratulations, IKEA has approved your package handler application. Salary £978.12 per week. Contact your manager Ana: WhatsApp +1 252 443 6282",phishing,job_scam
"Olá, sou Mike do RH da Costco. Você foi selecionado para uma vaga home office, $4,942 por dia. Me chama no WhatsApp 1-885-982-5500.",phishing,job_scam_i18n
Buy $33 of groceries at Walmart and get a £50 bonus card. Ends Tuesday.,spam,giftcard_promo
"Enter our holiday giveaway for a chance to win a $850,000 Target gift card. Enter at target.com/orders/giveaway. No purchase necessary.",spam,giftcard_promo
"Apple Music: a new device signed in to your account from Chicago. If this wasn't you, change your password in the Apple Music app.",ham,real_subscription_notice
Your PlayStation Plus free trial ends today. You'll be charged $202/month unless you cancel in the app.,ham,real_subscription_notice
Disney+: Your annual plan was charged $128 to card ending 6400. Not you? Dispute here: https://cutt.ly/j72750,phishing,fake_subscription_charge
"You've been chosen for a $2,176 cash bonus from BCA. Enter your card to receive it: http://refund16.top/verify",phishing,prize_win
"Olá, sou Natasha do RH da Walmart. Você foi selecionado para uma vaga home office, AED 2,696 por dia. Me chama no WhatsApp +44 7749 861652.",phishing,job_scam_i18n
"Bet $303 get AED 91 in free bets at LuckySpin. 18+, T&Cs apply, new customers only.",spam,generic_ads
Seu código Venmo é 8876. Não compartilhe com ninguém.,ham,real_codes
"Learn nursing in 9 weeks and land a $250,000 job. Enroll today at bootcamp.com/apply",spam,generic_ads
"Heyy happy birthday!!! hope you have an amazing day, call you later thank you!",ham,friend_favor
"Costco: Your order #5274-65413 for Kindle Paperwhite (€28) has been confirmed. If you did not make this order, call +91 77562 15166 immediately.",phishing,fake_order_callback
"Carrefour Loyalty: you have won £250,000! Confirm your details at http://reward-notice.xyz",phishing,prize_win
"Your Airbnb host Priya sent you a message: check-in is after 7pm, the lockbox code is in the app.",ham,real_hr_and_appointments
Correos notice: package H337550 returns to sender unless address is confirmed: e-confirm.club,phishing,delivery_fee
Jumia: a printer ink was ordered from a new device in Jakarta. Charged AED 447. Cancel: +971 54 593 5721,phishing,fake_order_callback
"مبروك! تم اختيارك للفوز بقسيمة £50,000 من Best Buy. اضغط للمطالبة: go-prize.buzz/confirm",phishing,prize_win_i18n
"Hey can you send me the wifi password again, my phone forgot it asap",ham,friend_favor
596-475 is your Monzo verification code. It expires in 10 minutes.,ham,real_codes
Offre spéciale : 59% de réduction sur la mode chez Zalando jusqu'à ce soir. sephora.fr,spam,ads_i18n
"Finanzamt notice: an outstanding fine of R$3,540 found on your record. Pay by Friday at tax-sydney.club/confirm or face prosecution.",phishing,gov_callback
Unclaimed prize! You were selected for a Apple Watch from Starbucks. Reply YES with your address to receive it.,phishing,prize_win
Seu código Wells Fargo é 328290. Não compartilhe com ninguém.,ham,real_codes
Home Depot: a MacBook Pro was ordered from a new device in Jakarta. Charged £471.37. Cancel: +44 7150 664836,phishing,fake_order_callback
"Hey!! it's Louis, got a new number, save it! Old one stops working tonight.",ham,friend_new_number
Hi Yuki's exam went well. Will update everyone tonight.,ham,friend_favor
"Dropbox: a new device signed in to your account from London. If this wasn't you, change your password in the Dropbox app.",ham,real_subscription_notice
Looking for a new job? Browse 4887 retail openings near you on Totaljobs. Unsubscribe: reply STOP,spam,real_job_ad
"Namaste, main Max TikTok HR se. Aap part-time online job ke liye select hue hain, AED 3,306/day. WhatsApp karein +1 476 807 3545.",phishing,job_scam_i18n
"Finanzamt: you are owed a rebate of $4,000. Submit your bank details at https://is.gd/e73277 to receive it.",phishing,gov_callback
مبروك! تم اختيارك للفوز بقسيمة £750 من Home Depot. اضغط للمطالبة: http://prize-sydney.club/pay,phishing,prize_win_i18n
"Final notice from Department of Motor Vehicles: a warrant will be issued unless you settle €4,679 today. Call +91 79985 27712 ref #6380-71707.",phishing,gov_callback
"Is this Lucy? It's Wei, we met at Lisa's party last month.",phishing,wrong_number_opener
Amazon Logistics: your parcel could not be delivered. Pay $1.49 customs fee within 2 days: http://track10.biz,phishing,delivery_fee
iCloud: we couldn't process your payment. Please update your payment method in the iCloud app to keep your plan.,ham,real_subscription_notice
"Your loyalty points of AED 1,660 expire today! Redeem now: http://rewards53.win/update",phishing,prize_win
"Namaste, main Chris Costco HR se. Aap part-time online job ke liye select hue hain, €698/day. WhatsApp karein +34 673 522 426.",phishing,job_scam_i18n
DPD: we delivered your parcel to a neighbour at No. 84.,ham,real_delivery_notice
"Disney+: Your premium plan was charged $3,027 to card ending 1413. Not you? Dispute here: https://rb.gy/w75198/update",phishing,fake_subscription_charge
Your table for 4 at Nobu is confirmed for Saturday 6pm. Reply CANCEL to cancel.,ham,real_hr_and_appointments
Lidl: 56% off Dyson V15 this week. Shop at the Lidl app or lidl.com. Text STOP to unsubscribe.,spam,giftcard_promo
"Badhai ho! Aapko €50,000 ka Target gift card mila hai. Abhi claim karein: app-inaam.xyz/login",phishing,prize_win_i18n
UPS: your parcel #8773-71485 will be delivered Saturday between 2:15pm and 6pm. No action needed.,ham,real_delivery_notice
"مرحبا، أنا Léa من قسم التوظيف في Shein. تم اختيارك لوظيفة عن بعد براتب £1,256 يومياً. تواصل واتساب (640) 677-6409",phishing,job_scam_i18n
"Orange: your recharge of AED 1,196 was successful. Validity 48 days.",ham,real_telco_util_notice
"Hi, is this Mike? It's Dmitri from the book club, Dmitri gave me your number about Monday.",ham,friend_wrong_number
عرض خاص! خصم 44% على جميع الأحذية في متجر الرياض مول هذا الأسبوع فقط. تسوق الآن yasmin-shop.com,spam,ads_i18n
Disney+: your payment of $546 was processed. Next billing date today. Manage your plan in Account settings.,ham,real_subscription_notice
Target: GoPro Hero 13 is out for delivery today. Someone should be available to sign.,ham,real_order_notice
Apple Rewards: you have won £500! Confirm your details at https://shorturl.at/h30384,phishing,prize_win
CAF: Your Medicare number has been suspended. Call +91 79087 17572 to avoid legal action.,phishing,gov_callback
On se voit samedi ? Léa vient aussi,ham,chat_i18n
"Hey Ana, it's Yuki, we met at Ahmed's birthday on this weekend. Great to meet you, let's do that coffee!",ham,friend_wrong_number
مرحبا، أنا Mateo من قسم التوظيف في Marriott. تم اختيارك لوظيفة عن بعد براتب €92 يومياً. تواصل واتساب 1-802-625-8729,phishing,job_scam_i18n
"Hola, soy Ivan de RRHH de DHL. Has sido seleccionado para un trabajo remoto, $18 al día. Escríbeme por WhatsApp +44 7834 916508.",phishing,job_scam_i18n
"Hey!! I sent a verification code to your number by accident, can you read it to me? Sorry!! please",phishing,code_relay
Vodafone Alert: your account will be locked today. Update your details at app-update.link,phishing,account_problem_link
"Hey!! it's Yuki, we haven't spoken in ages, are you still in Dubai? Sorry to bother you.",phishing,wrong_number_opener
"Sofía it's Kenji, I got your number from Ahmed. Are you free to chat Friday?",phishing,wrong_number_opener
مبروك! تم اختيارك للفوز بقسيمة £500 من Target. اضغط للمطالبة: prize-seattle.info,phishing,prize_win_i18n
"You've been chosen for a R$1,929 refund from Crédit Agricole. Enter your card to receive it: refund-notice.win",phishing,prize_win
"Hola, soy Natasha de RRHH de Shein. Has sido seleccionado para un trabajo remoto, AED 30 al día. Escríbeme por WhatsApp 1-859-335-2879.",phishing,job_scam_i18n
Heyy can you send me the code you just received? I'm locked out and it went to you. ttyl,phishing,code_relay
"Use 143-832 to sign in to NatWest. If you didn't request this, ignore this message.",ham,real_codes
Jumia: a Ring doorbell was ordered from a new device in Lisbon. Charged ₹17.27. Cancel: +91 97034 85799,phishing,fake_order_callback
"Hi Bro, it's Camille, this is my work phone number in case you can't reach the other one. Everything's fine!",ham,friend_new_number
"HBO Max: a new device signed in to your account from Lagos. If this wasn't you, change your password in the HBO Max app.",ham,real_subscription_notice
Unlock 50k followers overnight! Grow your Instagram fast: instaboost.pro,spam,generic_ads
¡Gana dinero desde casa! Hasta £59 al mes sin experiencia. Regístrate: trabajofacil.es,spam,ads_i18n
"Capital One: your account ending 8763 has a low balance of ₹2,845. This is the alert you set up.",ham,real_bank_notice
"Buy €459 of groceries at Starbucks and get a ₹2,954 bonus card. Ends Monday.",spam,giftcard_promo
Evri: your driver Neha is 5 stops away.,ham,real_delivery_notice
"¡Felicidades! Has sido seleccionado para recibir una tarjeta regalo de €250,000 de Lidl. Reclama aquí: https://tinyurl.com/e41064/update",phishing,prize_win_i18n
"Generic Cialis online, no prescription, discreet shipping. pharma-direct.store",spam,generic_ads
"Glückwunsch! Sie wurden für einen €5,000 Tesco Gutschein ausgewählt. Jetzt einlösen: gewinn-secure.online",phishing,prize_win_i18n
"Selected candidate: Amazon needs 37 people to complete surveys, €91/day. Start today, wa.me/83192301637.",phishing,job_scam
"Kal 1pm baje milte hain, station pe aa jana",ham,chat_i18n
Amazon Logistics notice: package #61372231 returns to sender unless address is confirmed: http://amazon-verify.info/confirm,phishing,delivery_fee
"Oi, chegou o boleto do condomínio? Preciso pagar até dia 10.",ham,chat_i18n
"Hi, this is Jake from Shein Talent Acquisition. Your profile was shortlisted for a part-time order processor role, ₹963.04/week. text +44 7286 138755 to start.",phishing,job_scam
"Hi, practice is cancelled Friday because of the heat. Coach will send the new schedule tomorrow. 🙏",ham,friend_favor
"Selected candidate: Deloitte needs 45 people to share posts, £3,634/day. Start today, WhatsApp +91 93187 12284.",phishing,job_scam
"Target Order Confirmation: dog food - $2,762. Delivery today. To cancel or report unauthorized use call 1-855-340-4920.",phishing,fake_order_callback
"Your Currys account was used to buy Samsung 65"" TV for $101. If this wasn't you contact support at +91 76566 14073 right away.",phishing,fake_order_callback
"Vivo: your recharge of AED 2,712 was successful. Validity 84 days.",ham,real_telco_util_notice
BCA: 4890 is your one-time passcode. Do not share it. We will never call to ask for it.,ham,real_codes
Claro Alert: your account will be closed today. Update your details at http://update82.top/update,phishing,account_problem_link
"Namaste, main Priya Zara HR se. Aap part-time online job ke liye select hue hain, R$258.05/day. WhatsApp karein +971 56 265 3019.",phishing,job_scam_i18n
"Hi Grandpa!! I need a favour, it's a bit urgent. love you",phishing,new_number_family
Barclays Alert: your account will be suspended in 24 hours. Update your details at https://bit.ly/f12636,phishing,account_problem_link
"¡Felicidades! Has sido seleccionado para recibir una tarjeta regalo de €250,000 de Walmart. Reclama aquí: https://shorturl.at/z84450/refund",phishing,prize_win_i18n
"Best Buy: Your order #13016556 for printer ink (AED 124) has been charged to your card. If you did not authorize this order, call +34 688 613 643 immediately.",phishing,fake_order_callback
"eBay: Samsung 65"" TV is out for delivery today. Someone should be available to sign.",ham,real_order_notice
"Hallo Papa, ich bin's, mein Handy ist kaputt. Das ist meine neue Nummer. Kannst du mir schnell $917.98 überweisen? Ich kann nicht in mein Banking.",phishing,new_number_family_i18n
"PG&E: a power cut is affecting your area. Engineers are on site, estimated restoration 8am.",ham,real_telco_util_notice
Dein Bradesco Bestätigungscode lautet 914-406.,ham,real_codes
Learn Python in 15 weeks and land a $500 job. Enroll today at bootcamp.io/apply,spam,generic_ads
"¡Gana dinero desde casa! Hasta $3,079 al mes sin experiencia. Regístrate: ingresosextra.es",spam,ads_i18n
Spotify: we couldn't process your payment. Please update your payment method in the Spotify app to keep your plan.,ham,real_subscription_notice
"New number alert, this is Priya :) same WhatsApp, just a new sim. See you tonight!",ham,friend_new_number
"Your Disney+ free trial ends Saturday. You'll be charged $4,640/month unless you cancel in the app.",ham,real_subscription_notice
ICICI: your new card ending 8496 has been sent and should arrive in 5-7 days. Activate it in the app when it arrives.,ham,real_bank_notice
Your Apple return for a winter coat was received. Refund of R$24 will appear on your card in 3-5 business days.,ham,real_order_notice
¡Gana dinero desde casa! Hasta $442 al mes sin experiencia. Regístrate: ingresosextra.es,spam,ads_i18n
"Hi, is this Kenji? It's Yuki from the football team, Léa gave me your number about this weekend.",ham,friend_wrong_number
Your Vattenfall bill of R$914 is due on tomorrow. Pay in the Vattenfall app or at vattenfall.com/track. Thank you.,ham,real_telco_util_notice
BBVA: a billing error detected. Restore your account within 24h: secure-miami.icu/refund,phishing,account_problem_link
"Buy $80 of electronics at Costco and get a £3,349 bonus card. Ends Thursday.",spam,giftcard_promo
"Hi all, Emma here. Switched carriers so this is my number from now on. No need to reply.",ham,friend_new_number
Capital One: a payment of $985.05 to Neha Carlos was sent from your account. Ref #856-7341416-3608932.,ham,real_bank_notice
"Commerzbank: AED 2,331 was deposited into your account ending 4169. Available balance €650.",ham,real_bank_notice
"Namaste, main Ava Temu HR se. Aap part-time online job ke liye select hue hain, £80.14/day. WhatsApp karein +34 615 406 487.",phishing,job_scam_i18n
"Bpost: sorry we missed you. Your parcel is at the Toronto depot, collect it with photo ID or rebook in the Bpost app.",ham,real_delivery_notice
مرحبا، أنا Ivan من قسم التوظيف في Netflix. تم اختيارك لوظيفة عن بعد براتب €50 يومياً. تواصل واتساب +971 53 377 5999,phishing,job_scam_i18n
"Hey, is this still Camille's number? Haven't heard from you since Nairobi.",phishing,wrong_number_opener
Parabéns! Você foi selecionado para um vale de £750 da Walmart. Resgate agora: http://my-vale.biz,phishing,prize_win_i18n
Looking for a new job? Browse 7132 retail openings near you on Jooble. Unsubscribe: reply STOP,spam,real_job_ad
United: flight DE5369 to Toronto now departs from gate A19. Boarding at 9:30am.,ham,real_hr_and_appointments
Vodafone: planned maintenance in your area Sunday 1pm-8am. You may lose signal briefly. Sorry for the inconvenience.,ham,real_telco_util_notice
"Heyy Arjun, did you get the invoice I sent? Hope this is still your number.",phishing,wrong_number_opener
"Buy ₹896.32 of electronics at Home Depot and get a £2,857 bonus card. Ends Friday.",spam,giftcard_promo
"Hey!! quick one, forward me the text with the code that just came through, I put your number in by mistake thank you!",phishing,code_relay
"Coucou Mamie, c'est moi, j'ai cassé mon téléphone. Écris-moi sur WhatsApp à ce numéro.",phishing,new_number_family_i18n
Vote Noah Olivia for School Board on tomorrow! Better schools. Paid for by the campaign.,spam,generic_ads
"New number alert, this is Mike :) same WhatsApp, just a new sim. See you Friday!",ham,friend_new_number
Hiya can you transfer me the R$866 for the airbnb when you get a sec? sorted it with Pierre already please,ham,friend_favor
Your YouTube Premium free trial ends Thursday. You'll be charged $377.65/month unless you cancel in the app.,ham,real_subscription_notice
EE: thanks for your payment of $614.48. Your next bill is due this weekend.,ham,real_telco_util_notice
"Heyy running 26 min late, car wouldn't start. Order me a coke? ok?",ham,friend_favor
Crédit Agricole: a payment of $37 to Fatima Mei was sent from your account. Ref #39926249.,ham,real_bank_notice
Your Jumia return for a desk lamp was received. Refund of €518 will appear on your card in 3-5 business days.,ham,real_order_notice
"Your eBay account was used to buy Samsung 65"" TV for £1,014. If this wasn't you contact support at +1 927 870 2359 before shipment.",phishing,fake_order_callback
Unlock 38k followers overnight! Grow your Instagram fast: instaboost.pro,spam,generic_ads
Xbox Game Pass: your payment of R$415.32 was processed. Next billing date tonight. Manage your plan in Account settings.,ham,real_subscription_notice
Dein Venmo Bestätigungscode lautet 461-785.,ham,real_codes
"Amazon Prime receipt: $81 charged Sunday. If you did not authorize this, cancel at https://bit.ly/m13384/verify",phishing,fake_subscription_charge
Claro: your recharge of ₹570.50 was successful. Validity 83 days.,ham,real_telco_util_notice
Netflix: payment of $95 was declined. Update your billing within 2 days or lose access: https://t.co/w14883,phishing,fake_subscription_charge
"Oi, chegou um código de WhatsApp aí? Coloquei seu número sem querer, me manda?",phishing,code_relay_i18n
Apple Music: a wire transfer of AED 509.93 is pending. Not you? Cancel it here: https://cutt.ly/v98191/claim,phishing,account_problem_link
"Cheap Viagra online, no prescription, discreet shipping. medsonline.store",spam,generic_ads
FLASH SALE 71% off at Boohoo this weekend only. Shop now: shein.com/sale,spam,generic_ads
Medicare: you are owed a stimulus payment of $877.97. Submit your bank details at http://gov-jakarta.cc to receive it.,phishing,gov_callback
"Hello? Camille, are you still coming to the golf on Tuesday?",phishing,wrong_number_opener
"Use 259 659 to sign in to Revolut. If you didn't request this, ignore this message.",ham,real_codes
E.ON: your meter reading is due. Submit it in the app by Sunday to avoid an estimated bill.,ham,real_telco_util_notice
Mercado Livre: your order #39844138 (AirPods Pro) has shipped and will arrive Thursday. Track it at the Mercado Livre app.,ham,real_order_notice
Offre spéciale : 39% de réduction sur les chaussures chez La Redoute jusqu'à ce soir. sephora.fr,spam,ads_i18n
"Thanks for coming to the interview today. We'll be in touch by Thursday with next steps. - Sarah, HR",ham,real_hr_and_appointments
Verizon: a payment of €766 is pending. Not you? Cancel it here: http://verizon-kyiv.club,phishing,account_problem_link
"Hi, this is Mike from Costco Talent Acquisition. You have been selected for a work-from-home remote assistant role, ₹685/day. wa.me/85966331451 to start.",phishing,job_scam
"hey it's João from work, finally got a UK number, save me x",ham,friend_new_number
"Citi: your card was used abroad in Toronto for €464.87. If you don't recognise this, call the number on your card.",ham,real_bank_notice
"Bonjour, Olga du service RH de IKEA. Votre profil a été retenu pour un poste à domicile, €63/jour. Contactez-moi sur WhatsApp +971 54 568 1201.",phishing,job_scam_i18n
"Hallo, hier ist Liam von Costco Recruiting. Sie wurden für eine Homeoffice-Stelle ausgewählt, £22 pro Tag. Melden Sie sich per WhatsApp (513) 298-8482.",phishing,job_scam_i18n
La Poste: we missed you today. Reschedule delivery ($1.99) at la63.icu/confirm,phishing,delivery_fee
Scotiabank: رمز التحقق الخاص بك هو 874-503. لا تشاركه مع أحد.,ham,real_codes
Flights to Madrid from $140! Book by tomorrow at flyaway-travel.com,spam,generic_ads
"Hi it's Tom, got a new number, save it! Old one stops working Tuesday.",ham,friend_new_number
"Target: 25% off Samsung 65"" TV this week. Shop at the Target app or target.com. Text STOP to unsubscribe.",spam,giftcard_promo
Seu código Venmo é 3282. Não compartilhe com ninguém.,ham,real_codes
"Je suis en retard de 5 min, commande-moi un café stp",ham,chat_i18n
"Namaste, main Fatima TikTok HR se. Aap part-time online job ke liye select hue hain, £937/day. WhatsApp karein (552) 602-4094.",phishing,job_scam_i18n
"Enter our spring giveaway for a chance to win a $2,000 Costco gift card. Enter at costco.com/account/giveaway. No purchase necessary.",spam,giftcard_promo
"New number alert, this is Mei :) same WhatsApp, just a new sim. See you Saturday!",ham,friend_new_number
"Thank you for your MediaMarkt purchase of Nintendo Switch, total R$406.90. Card ending 7325 charged. Not you? Call our fraud line +1 591 771 2281.",phishing,fake_order_callback
Jetzt ₹76 Bonus sichern! Online Casino mit über 1138 Spielen. casinoclub.de,spam,ads_i18n
Hiya lol did you see what Mia posted in the group chat xx,ham,friend_favor
PayPal: رمز التحقق الخاص بك هو 156-532. لا تشاركه مع أحد.,ham,real_codes
"PlayStation Plus receipt: €21.51 charged Tuesday. If you did not authorize this, cancel at https://t.co/y41592",phishing,fake_subscription_charge
"You are our 1,000th winner! A a desk lamp is waiting for you. Pay only shipping $2.99: win-help.xyz",phishing,prize_win
"WINNER: Your number won $750 in the Mobile Draw. Send your name, address and bank details to claim. Ref #8835-82958",phishing,prize_win
Centrelink: Your driver license has been linked to fraud. Call +34 685 739 241 to avoid legal action.,phishing,gov_callback
"Aldi Customer: you have won $250,000! Claim your prize at claim75.info/verify",phishing,prize_win
iCloud Security: enter your 2FA code at auth-support.online to confirm the pending login of €30.,phishing,account_problem_link
"Coucou Tonton, c'est moi, j'ai changé de numéro. Écris-moi sur WhatsApp à ce numéro.",phishing,new_number_family_i18n
Amazon Logistics: your driver Sofía is 8 stops away.,ham,real_delivery_notice
Hot singles near London want to chat! Free signup: meetlocal.net,spam,generic_ads
"Tom (Walmart Hiring Team): we saw your CV on Glassdoor. Online position, 1-2 hrs a day, ₹964/day. Interested? WhatsApp +34 667 624 362",phishing,job_scam
"Now hiring: forklift operators at Uber, AED 357/hr. Apply at our careers page. Reply STOP to opt out.",spam,real_job_ad
EE: planned maintenance in your area this weekend noon-4:45pm. You may lose signal briefly. Sorry for the inconvenience.,ham,real_telco_util_notice
"Your reward points of ₹3,796 expire Friday! Redeem now: http://points-secure.buzz/claim",phishing,prize_win
"Sell your house fast for cash, any condition, close in 8 days. Call 1-853-593-1436",spam,generic_ads
Rogers: your bill of $32 is now available. View or pay at rogers.com. Autopay will process on 7/6.,ham,real_telco_util_notice
"مبروك! تم اختيارك للفوز بقسيمة $1,000 من Starbucks. اضغط للمطالبة: app-prize.win",phishing,prize_win_i18n
"Uber is hiring! Earn €22-$1,976 daily boost listings. No experience, same-day pay. Ages 22+. WhatsApp me on +1 227 652 2758",phishing,job_scam
Delta: flight DK3130 to Paris now departs from gate C18. Boarding at 4:45pm.,ham,real_hr_and_appointments
490-166 is your Signal verification code. It expires in 5 minutes.,ham,real_codes
"Coucou Maman, c'est moi, j'ai perdu mon portable. J ai besoin d aide pour payer une facture urgente.",phishing,new_number_family_i18n
عمي هذا رقمي الجديد، جوالي تعطل. محتاج مساعدة عاجلة في دفع فاتورة.,phishing,new_number_family_i18n
Correos: we delivered your parcel to your safe place.,ham,real_delivery_notice
"Hi, this is Fatima from Google HR. You have been selected for a remote social media assistant role, AED 21/week. reply YES to start.",phishing,job_scam
"Car loans from 5.9% APR, decision in minutes. Apply: quickloans.net",spam,generic_ads
Congratulations! You've been selected to receive a $500 Shell gift card. Claim now: https://tinyurl.com/m62130,phishing,prize_win
"New number alert, this is Omar :) same WhatsApp, just a new sim. See you Tuesday!",ham,friend_new_number
"Part-time job offer from Zara: complete surveys for R$951.88 per task, paid to your bank instantly. wa.me/36077764283",phishing,job_scam
"iCloud: a new device signed in to your account from Kyiv. If this wasn't you, change your password in the iCloud app.",ham,real_subscription_notice
DVLA: you are owed a tax refund of $64. Submit your bank details at http://tax43.site to receive it.,phishing,gov_callback
Jumia: your order #8853-73313 (running shoes) has shipped and will arrive tonight. Track it at jumia.com/orders.,ham,real_order_notice
"Hello? Grandma, it's me. Something's come up, are you free to help with a payment? thanks",phishing,new_number_family
Learn nursing in 10 weeks and land a $500 job. Enroll today at skillup.io/apply,spam,generic_ads
"¡Felicidades! Has sido seleccionado para recibir una tarjeta regalo de £5,000 de Home Depot. Reclama aquí: http://regalo-help.top/claim",phishing,prize_win_i18n
HSBC: a payment of £628.65 to Mia João was sent from your account. Ref #560-3239377-4132894.,ham,real_bank_notice
"Hallo, hier ist Kenji von TikTok Recruiting. Sie wurden für eine Homeoffice-Stelle ausgewählt, €4,388 pro Tag. Melden Sie sich per WhatsApp +971 56 733 8084.",phishing,job_scam_i18n
"Grandma it's me, Text me back on here. xx",phishing,new_number_family
"Namaste, main Beatriz Netflix HR se. Aap part-time online job ke liye select hue hain, $98/day. WhatsApp karein +1 301 395 9697.",phishing,job_scam_i18n
"Yo, long time no talk! How have you been? Hope this is still your number.",phishing,wrong_number_opener
"Sarah here, new phone same number, lost all my contacts though. Who's this? 😅",ham,friend_new_number
Ganhe até ₹925 por dia com apostas online! Cadastre-se grátis: apostaganha.bet,spam,ads_i18n
Centrelink notice: unpaid tax of €536 found on your record. Pay by tonight at tax81.info or face prosecution.,phishing,gov_callback
QNB: your new card ending 2150 has been sent and should arrive in 5-7 days. Activate it in the app when it arrives.,ham,real_bank_notice
عمي هذا رقمي الجديد، جوالي ضاع. محتاج مساعدة عاجلة في دفع فاتورة.,phishing,new_number_family_i18n
"You are our 1,000th customer! A AirPods Pro is waiting for you. Pay only shipping $4.99: app-prize.cc",phishing,prize_win
"Hi, this is Ahmed from the dentist. Is this still the best number for appointment reminders?",ham,friend_wrong_number
عمي هذا رقمي الجديد، جوالي تعطل. احفظي الرقم وكلميني واتساب.,phishing,new_number_family_i18n
Canva: Your annual plan was charged £47 to card ending 5790. Not you? Dispute here: https://bit.ly/m8447/confirm,phishing,fake_subscription_charge
DPD: your parcel is held at customs. Pay £3.20 handling fee within 2 days: get-track.site,phishing,delivery_fee
Learn Python in 14 weeks and land a $500 job. Enroll today at codecamp.com/apply,spam,generic_ads
"Truist will never ask for your PIN, password or full card number by text or phone. If in doubt, call the number on the back of your card.",ham,real_bank_notice
Votre code de connexion Monzo est 9284. Il expire dans 10 minutes.,ham,real_codes
Weather alert: high wind warning for Berlin until 2:15pm. Avoid low-lying roads.,ham,real_hr_and_appointments
Reminder: your appointment with Dr. Max is Friday at 4:45pm. Reply C to confirm or R to reschedule.,ham,real_hr_and_appointments
"Hi Uncle!! This is my temporary number until I get the new phone. I need a favour, it's a bit urgent. ttyl",phishing,new_number_family
You are our lucky visitor! A GoPro Hero 13 is waiting for you. Pay only shipping £0.99: win-alert.online/refund,phishing,prize_win
"Hey can you transfer me the €2,482 for the gift when you get a sec? sorted it with Mike already xx",ham,friend_favor
Refinance your mortgage at 3.4% APR! Lock your rate today at refi-now.com,spam,generic_ads
QNB: your direct debit of ₹707.29 to Airtel is due this weekend.,ham,real_bank_notice
"Hey a code should have come to your phone, I put your number in by mistake. What is it? ok?",phishing,code_relay
Receita Federal: Your Social Security number has been flagged. Call +34 657 844 237 immediately.,phishing,gov_callback
Final notice from DVLA: a warrant will be issued unless you settle $695 today. Call +971 58 750 8281 ref #27341424.,phishing,gov_callback
Etisalat: your KYC needs re-verification. Keep access: https://cutt.ly/t31157,phishing,account_problem_link
T-Mobile: your KYC needs re-verification. Keep access: t-mobile-notice.buzz/refund,phishing,account_problem_link
"You are our 100,000th winner! A Bluetooth speaker is waiting for you. Pay only shipping $0.99: get-win.vip",phishing,prize_win
"Oi, chegou um código de verificação aí? Coloquei seu número sem querer, me manda?",phishing,code_relay_i18n
FLASH SALE 37% off at ASOS this weekend only. Shop now: asos.com/sale,spam,generic_ads
"Hi Neha, Ana here from the letting agency, confirming your viewing Sunday at 8am.",ham,friend_wrong_number
Disney+: Your premium plan was charged €791.61 to card ending 1513. Not you? Dispute here: https://shorturl.at/g38124/id,phishing,fake_subscription_charge
Verizon: a login from Toronto detected. Verify your account immediately: http://secure-nairobi.biz,phishing,account_problem_link
"Hello? Dad, I my old sim got blocked so this is my new number now Please reply here so I know you got this. I need to pay my car insurance but my banking app is locked on the old phone, can you help? 😊",phishing,new_number_family
Your table for 2 at The Ivy is confirmed for today 4:45pm. Reply CANCEL to cancel.,ham,real_hr_and_appointments
"Costco is hiring! Earn $17-$83 daily share posts. No experience, paid daily. Ages 22+. Telegram @jobs93",phishing,job_scam
Final notice from CAF: a warrant will be issued unless you settle $223.33 today. Call +1 483 945 1850 ref #19501021.,phishing,gov_callback
"مبروك! تم اختيارك للفوز بقسيمة €850,000 من Aldi. اضغط للمطالبة: https://bit.ly/g16048/secure",phishing,prize_win_i18n
"Mum it's your girl, new number Text me back on here. Something's come up, are you free to help with a payment? ❤️",phishing,new_number_family
Your Amazon return for a phone case was received. Refund of $84.46 will appear on your card in 3-5 business days.,ham,real_order_notice
Etisalat: your recharge of €13.17 was successful. Validity 34 days.,ham,real_telco_util_notice
Your Target return for Dyson V15 was received. Refund of $338 will appear on your card in 3-5 business days.,ham,real_order_notice
"Sainsbury's Rewards: you have won €1,000! Confirm your details at get-prize.info",phishing,prize_win
"Léa here, new phone same number, lost all my contacts though. Who's this? 😅",ham,friend_new_number
"Enter our summer giveaway for a chance to win a $850,000 Lidl gift card. Enter at lidl.com/account/giveaway. No purchase necessary.",spam,giftcard_promo
249727 is your BCA verification code. It expires in 5 minutes.,ham,real_codes
"Use 350911 to sign in to DBS. If you didn't request this, ignore this message.",ham,real_codes
"Olá, sou Wei do RH da Deloitte. Você foi selecionado para uma vaga home office, R$2,578 por dia. Me chama no WhatsApp +91 92209 87567.",phishing,job_scam_i18n
¡Gana dinero desde casa! Hasta AED 783.84 al mes sin experiencia. Regístrate: ingresosextra.es,spam,ads_i18n
"Mummy ye mera naya number hai, purana phone kho gaya. Isko save kar lo aur WhatsApp pe msg karo.",phishing,new_number_family_i18n
Flights to Paris from $69! Book by Friday at flyaway-travel.com,spam,generic_ads
"our client is hiring part-time staff. Open interviews Tuesday 9:30am-1pm, bring ID. Text STOP to end.",spam,real_job_ad
"Hiya it's Chris, we haven't spoken in ages, are you still in Manila? Sorry if wrong number!",phishing,wrong_number_opener
خالتي هذا رقمي الجديد، جوالي تعطل. ممكن تحولين لي €81 اليوم وأرجعها لك بكرة؟,phishing,new_number_family_i18n
"Hey!! it's Carlos, we haven't spoken in ages, are you still in Seattle? Sorry if wrong number!",phishing,wrong_number_opener
"Hallo, hier ist Emma von Marriott Recruiting. Sie wurden für eine Homeoffice-Stelle ausgewählt, AED 2,840 pro Tag. Melden Sie sich per WhatsApp +34 677 668 899.",phishing,job_scam_i18n
"Hiya it's Camille, we haven't spoken in ages, are you still in Lagos? Sorry, is this the right number?",phishing,wrong_number_opener
خالتي هذا رقمي الجديد، جوالي ضاع. احفظي الرقم وكلميني واتساب.,phishing,new_number_family_i18n
"Currys: Your order #4106-50328 for dog food ($872) has been confirmed. If you did not make this order, call (542) 569-2820 within 24 hours.",phishing,fake_order_callback
"Your Mercado Livre account was used to buy a winter coat for R$1,329. If this wasn't you contact support at (964) 372-9943 right away.",phishing,fake_order_callback
"Thanks for coming to the interview today. We'll be in touch by Friday with next steps. - Dmitri, HR",ham,real_hr_and_appointments
"Santander: £912.45 was deposited into your account ending 7477. Available balance R$4,067.",ham,real_bank_notice
"Hi, this is Zoe from the salon. Is this still the best number for appointment reminders?",ham,friend_wrong_number
Vote Beatriz Neha for Mayor on Sunday! Safer streets. Paid for by the campaign.,spam,generic_ads
مرحبا، أنا Jonas من قسم التوظيف في Deloitte. تم اختيارك لوظيفة عن بعد براتب AED 482.77 يومياً. تواصل واتساب +1 988 661 4844,phishing,job_scam_i18n
"Parabéns! Você foi selecionado para um vale de $2,000 da Target. Resgate agora: premio-help.win",phishing,prize_win_i18n
"Hey landed safely, will call you when I get to the hotel x",ham,friend_favor
Home Depot: get a $99 gift card when you spend R$29 Wednesday only. In store and online. Terms apply. Reply STOP to opt out.,spam,giftcard_promo
Final notice from HMRC: a warrant will be issued unless you settle $90 today. Call +91 92063 18137 ref #120-4276458-2064770.,phishing,gov_callback
Coinbase Alert: your account will be closed in 24 hours. Update your details at https://t.co/c56847/pay,phishing,account_problem_link
Royal Mail: your driver Olga is 3 stops away.,ham,real_delivery_notice
"Layla (Uber Talent Acquisition): we saw your CV on Indeed. Online position, 1-2 hrs a day, £61/day. Interested? text +34 697 649 846",phishing,job_scam
Job alert: content rater roles from AED 90/hr. Set up alerts at linkedin.com. Opt out anytime.,spam,real_job_ad
Amazon Logistics: your driver Sarah is 9 stops away.,ham,real_delivery_notice
Commonwealth Bank: your new card ending 6413 has been sent and should arrive in 5-7 days. Activate it in the app when it arrives.,ham,real_bank_notice
"Hi, what's the code for the lockbox? I forgot it again please",ham,friend_favor
"João here, new phone same number, lost all my contacts though. Who's this? 😅",ham,friend_new_number
GLS: we missed you Sunday. Reschedule delivery (€0.99) at redelivery56.site/login,phishing,delivery_fee
"YouTube Premium: your payment of €3,574 was processed. Next billing date tomorrow. Manage your plan in Account settings.",ham,real_subscription_notice
"Hello? running 17 min late, meeting ran over. Order me a coke? thanks",ham,friend_favor
Mercado Livre: order #71738822 is ready for collection at the Kyiv store. Bring your order confirmation.,ham,real_order_notice
"Félicitations ! Vous avez gagné £50,000 au tirage national. Confirmez vos coordonnées : http://gagnant78.click",phishing,prize_win_i18n
"Job alert: product reviewer roles from AED 4,549/hr. Set up alerts at ziprecruiter.com. Opt out anytime.",spam,real_job_ad
Scotiabank: a withdrawal of $66 is pending. Not you? Cancel it here: http://my-scotiabank.vip/pay,phishing,account_problem_link
Home Depot: a phone case is out for delivery today. Someone should be available to sign.,ham,real_order_notice
eBay: a a phone case was ordered from a new device in London. Charged ₹29. Cancel: +1 827 223 9381,phishing,fake_order_callback
Congratulations! You've been picked to receive a $750 Best Buy gift card. Claim within 24h: best-help.club,phishing,prize_win
"Aldi Rewards: you have won $850,000! Claim your prize at http://prize-support.club",phishing,prize_win
Hermes: your parcel has an incomplete address. Pay $1.49 redelivery fee within 48h: get-track.click,phishing,delivery_fee
El Corte Inglés: order #480-9596744-5591669 is ready for collection at the Chicago store. Bring your order confirmation.,ham,real_order_notice
Looking for a new job? Browse 5982 tech openings near you on Monster. Unsubscribe: reply STOP,spam,real_job_ad
FLASH SALE 55% off at Boohoo this weekend only. Shop now: zara.com/sale,spam,generic_ads
"Hi Anna, Pierre here from the removal company, confirming your viewing Saturday at 1pm.",ham,friend_wrong_number
"Félicitations ! Vous avez gagné $5,000 au tirage national. Confirmez vos coordonnées : https://is.gd/h3083/claim",phishing,prize_win_i18n
"Ivan here, new phone same number, lost all my contacts though. Who's this? 😅",ham,friend_new_number
"Hi, Sis, it's me. Save this number and delete the old one. Can you send me your card details so I can order a replacement phone? 😊",phishing,new_number_family
"Hi, is this Wei? It's Beatriz from the PTA, Ana gave me your number about Friday.",ham,friend_wrong_number
La Poste: your driver Emma is 4 stops away.,ham,real_delivery_notice
"Thanks for your Currys order! Samsung 65"" TV, $887.88. Est. delivery this weekend. Manage your order in currys.com/track.",ham,real_order_notice
"Tesla is hiring! Earn $1,442-£779.95 daily follow accounts. No experience, paid daily. Ages 22+. WhatsApp me on 1-889-983-9713",phishing,job_scam
Hulu: Your premium plan was charged £744.62 to card ending 5887. Not you? Dispute here: https://cutt.ly/w86982,phishing,fake_subscription_charge
مرحبا، أنا Léa من قسم التوظيف في Tesla. تم اختيارك لوظيفة عن بعد براتب $347.88 يومياً. تواصل واتساب 1-874-827-4163,phishing,job_scam_i18n
مرحبا، أنا Sofía من قسم التوظيف في Marriott. تم اختيارك لوظيفة عن بعد براتب AED 47 يومياً. تواصل واتساب +91 97687 57608,phishing,job_scam_i18n
"Hey it's Neha, got a new number, save it! Old one stops working this weekend.",ham,friend_new_number
مرحبا، أنا Léa من قسم التوظيف في TikTok. تم اختيارك لوظيفة عن بعد براتب R$615 يومياً. تواصل واتساب +34 634 146 898,phishing,job_scam_i18n
Badhai ho! Aapko €750 ka Tesco gift card mila hai. Abhi claim karein: https://t.co/f95852,phishing,prize_win_i18n
iCloud Security: enter your 2FA code at https://tinyurl.com/t53512 to confirm the pending transfer of $43.,phishing,account_problem_link
Jumia: order #80013037 is ready for pickup at the London store. Bring your order confirmation.,ham,real_order_notice
"Félicitations ! Vous avez gagné £850,000 au tirage anniversaire. Confirmez vos coordonnées : http://my-prix.online",phishing,prize_win_i18n
"ICICI will never ask for your PIN, password or full card number by text or phone. If in doubt, call the number on the back of your card.",ham,real_bank_notice
"Olá, sou Lucy do RH da Amazon. Você foi selecionado para uma vaga home office, ₹152.34 por dia. Me chama no WhatsApp +91 88684 22859.",phishing,job_scam_i18n
"Glückwunsch! Sie wurden für einen £10,000 Home Depot Gutschein ausgewählt. Jetzt einlösen: go-gutschein.online/update",phishing,prize_win_i18n
"Parabéns! Você foi selecionado para um vale de $1,000 da Amazon. Resgate agora: vale-berlin.online",phishing,prize_win_i18n
Xbox Game Pass: payment of $393.75 was declined. Update your billing within 2 days or lose access: http://my-xbox.icu,phishing,fake_subscription_charge
"Hi, hey it's Lena, my account sent the code to your number, read it out to me? thanks",phishing,code_relay
"Walmart: 43% off Samsung 65"" TV this week. Shop at walmart.com. Text STOP to unsubscribe.",spam,giftcard_promo
"Adecco is hiring seasonal staff. Open interviews tomorrow 9:30am-3pm, bring ID. Text STOP to end.",spam,real_job_ad
Rakuten Bank: a billing error detected. Confirm your account now: secure-update.vip/claim,phishing,account_problem_link
"a national retailer is hiring seasonal staff. Open interviews tonight 6pm-noon, bring ID. Text STOP to end.",spam,real_job_ad
"Bin in 28 Minuten da, die Bahn hatte Verspätung",ham,chat_i18n
"Hey, is this still Neha's number? Haven't heard from you since Moscow.",phishing,wrong_number_opener
"Hola Abuela, se me rompió el móvil y este es mi nuevo número. Guárdalo y escríbeme por WhatsApp.",phishing,new_number_family_i18n
"¡Felicidades! Has sido seleccionado para recibir una tarjeta regalo de £1,000 de Amazon. Reclama aquí: https://rb.gy/h56162/refund",phishing,prize_win_i18n
"Félicitations ! Vous avez gagné £250,000 au tirage national. Confirmez vos coordonnées : https://is.gd/n89250/confirm",phishing,prize_win_i18n
Your cashback of €378 expire this weekend! Redeem now: points-london.buzz,phishing,prize_win
"Bin in 23 Minuten da, die Bahn hatte Verspätung",ham,chat_i18n
Hiya can you send me the code you just received? it sent the code to your phone somehow.,phishing,code_relay
"Kal 9:30am baje milte hain, station pe aa jana",ham,chat_i18n
"Apple Music: a new device signed in to your account from Miami. If this wasn't you, change your password in the Apple Music app.",ham,real_subscription_notice
"Enter our spring giveaway for a chance to win a $250,000 Starbucks gift card. Enter at the Starbucks app/giveaway. No purchase necessary.",spam,giftcard_promo
USPS: your parcel #543-5306997-6290549 will be delivered Tuesday between 8:30pm and 4:45pm. No action needed.,ham,real_delivery_notice
"Hi, what's the code in the message you just got? I typed your number instead of mine ttyl",phishing,code_relay
"Commonwealth Bank: Did you make a ₹3,266 purchase at IKEA on 10/15? Reply YES or NO.",ham,real_bank_notice
La Poste: your parcel has an incomplete address. Pay €0.99 customs fee within 48h: parcel-kyiv.cc,phishing,delivery_fee
"¡Felicidades! Has sido seleccionado para recibir una tarjeta regalo de £10,000 de Amazon. Reclama aquí: https://cutt.ly/t84317/refund",phishing,prize_win_i18n
"Oi Tio, sou eu, perdi o telefone, esse é meu número novo. Preciso pagar um boleto urgente e não consigo entrar no banco.",phishing,new_number_family_i18n
"Thanks for coming to the interview today. We'll be in touch by tomorrow with next steps. - Wei, HR",ham,real_hr_and_appointments
Sparkasse: €985.91 was deposited into your account ending 2605. Available balance $194.27.,ham,real_bank_notice
"Sell your house fast for cash, any condition, close in 14 days. Call 1-877-415-2545",spam,generic_ads
Your Chase code is 306-183. Never share this code with anyone.,ham,real_codes
"New number alert, this is Liam :) same WhatsApp, just a new sim. See you tonight!",ham,friend_new_number
Target: your order #364-6731840-8002009 (GoPro Hero 13) has shipped and will arrive Thursday. Track it at target.com/track.,ham,real_order_notice
Tu código de verificación de Emirates NBD es 9772. No lo compartas.,ham,real_codes
"Hello Sis, it's me. Can you message me on WhatsApp on this number? I'm in a bit of a mess, can you help me out? pls",phishing,new_number_family
Your Flipkart return for Xbox Series X was received. Refund of $719 will appear on your card in 3-5 business days.,ham,real_order_notice
"Heyy Grandpa it's me Can you message me on WhatsApp on this number? I need to pay for the phone repair but my banking app is locked on the old phone, can you help? love you",phishing,new_number_family
"Hi, Uncle, I smashed my screen so this is my new number now Text me back on here. I need to sort out my rent before 5pm but my banking app is locked on the old phone, can you help? asap",phishing,new_number_family
PostNL: your parcel could not be delivered. Pay £1.49 handling fee within 48h: parcel-support.biz/id,phishing,delivery_fee
Your Target account was used to buy Nintendo Switch for R$986. If this wasn't you contact support at +1 725 637 4651 before shipment.,phishing,fake_order_callback
Canva: your payment of R$685.11 was processed. Next billing date today. Manage your plan in Account settings.,ham,real_subscription_notice
Hiya are we still on for the movie Sunday? I can pick you up at 10am 😊,ham,friend_favor
"Amazon Prime: a new device signed in to your account from Madrid. If this wasn't you, change your password in the Amazon Prime app.",ham,real_subscription_notice
"Bonjour, Omar du service RH de Marriott. Votre profil a été retenu pour un poste à domicile, AED 316/jour. Contactez-moi sur WhatsApp 1-872-431-5880.",phishing,job_scam_i18n
"Coucou Papi, c'est moi, j'ai perdu mon portable. Écris-moi sur WhatsApp à ce numéro.",phishing,new_number_family_i18n
HDFC Bank: a payment of $578 to Mateo Zoe was sent from your account. Ref E473121.,ham,real_bank_notice
"Dear applicant, congratulations, Google has approved your data entry application. Salary £894.56 per day. Contact your manager Rahul: WhatsApp me on +91 80335 22157",phishing,job_scam
Canva receipt: ₹517.43 for your family plan. Thank you!,ham,real_subscription_notice
Noon: Bluetooth speaker is out for delivery today. Someone should be available to sign.,ham,real_order_notice
"Hola Mamá, se me rompió el móvil y este es mi nuevo número. Guárdalo y escríbeme por WhatsApp.",phishing,new_number_family_i18n
"Hi Dr. João, this is Mei. Can we move my appointment to Tuesday? Sorry to bother you.",phishing,wrong_number_opener
Adobe receipt: AED 134.56 for your annual plan. Thank you!,ham,real_subscription_notice
"Hi Dr. Ava, this is Fatima. Can we move my appointment to Friday? Sorry, is this the right number?",phishing,wrong_number_opener
Lloyds: your statement is ready. View it in the Lloyds app or online banking.,ham,real_bank_notice
"Bradesco: Did you make a £3,799 purchase at TESCO on 3/5? Reply YES or NO.",ham,real_bank_notice
"Currys: Your order #62562585 for dog food (AED 29) has been charged to your card. If you did not make this order, call 06 39 24 92 52 immediately.",phishing,fake_order_callback
Your Mercado Livre account was used to buy Ring doorbell for R$66. If this wasn't you contact support at 1-870-469-1643 before shipment.,phishing,fake_order_callback
"Hiya just finished the report, sending it over now. let me know if anything looks off thank you!",ham,friend_favor
Burger Barn is now open on 5th Ave! Show this text for a free appetizer with any entree.,spam,generic_ads
"Adobe: your payment of $3,844 was processed. Next billing date Wednesday. Manage your plan in Account settings.",ham,real_subscription_notice
¡Felicidades! Has sido seleccionado para recibir una tarjeta regalo de $500 de Costco. Reclama aquí: https://shorturl.at/n8881/login,phishing,prize_win_i18n
"BNP Paribas: your card was used abroad in Paris for $458.79. If you don't recognise this, call the number on your card.",ham,real_bank_notice
Your ConEd bill of AED 13 is due on Saturday. Pay in the ConEd app or at the ConEd app or coned.com. Thank you.,ham,real_telco_util_notice
"Olá, sou Mike do RH da Temu. Você foi selecionado para uma vaga home office, $805 por dia. Me chama no WhatsApp 1-801-335-4300.",phishing,job_scam_i18n
Cash App Alert: your account will be restricted unless you act. Update your details at https://t.co/a48846,phishing,account_problem_link
"Your Airbnb host João sent you a message: check-in is after 2:15pm, the lockbox code is in the app.",ham,real_hr_and_appointments
"Badhai ho! Aapko $1,000 ka Starbucks gift card mila hai. Abhi claim karein: http://e-inaam.xyz",phishing,prize_win_i18n
"Hi there I sent a verification code to your number by accident, can you read it to me? Sorry!! ok?",phishing,code_relay
"¡Felicidades! Has sido seleccionado para recibir una tarjeta regalo de £10,000 de Apple. Reclama aquí: regalo95.cc",phishing,prize_win_i18n
Dein Wells Fargo Bestätigungscode lautet 709 410.,ham,real_codes
"Hallo Opa, ich bin's, mein Handy ist weg. Das ist meine neue Nummer. Kannst du mir schnell $21 überweisen? Ich kann nicht in mein Banking.",phishing,new_number_family_i18n
Tesco: 41% off running shoes this week. Shop at tesco.com/orders. Text STOP to unsubscribe.,spam,giftcard_promo
"Hey!! quick one, forward me the text with the code that just came through, I typed your number instead of mine ❤️",phishing,code_relay
"Hi all, Wei here. Switched carriers so this is my number from now on. No need to reply.",ham,friend_new_number
Wells Fargo: unusual login detected. Verify your account within 24h: http://secure-manila.club,phishing,account_problem_link
"Your cashback of ₹3,016 expire Thursday! Redeem now: rewards-pay.click",phishing,prize_win
ING: your statement is ready. View it in the ING app or online banking.,ham,real_bank_notice
Medicare: Your Medicare number has been compromised. Call +44 7172 816952 immediately.,phishing,gov_callback
"Your prescription is ready for pickup at Boots, 6558 Main St. Open 4:45pm-10am.",ham,real_hr_and_appointments
"Hi, Sarah's surgery went well. Will update everyone tonight. ttyl",ham,friend_favor
Hiya what's the code for the gate? I forgot it again 😊,ham,friend_favor
"You are our 100,000th winner! A AirPods Pro is waiting for you. Pay only shipping £4.99: https://cutt.ly/g25884",phishing,prize_win
"Hey Beatriz, it's Arjun, we met at Lucía's leaving do on today. Great to meet you, let's do that coffee!",ham,friend_wrong_number
Vivo: thanks for your payment of AED 268.00. Your next bill is due Friday.,ham,real_telco_util_notice
Seu código Monzo é 313 559. Não compartilhe com ninguém.,ham,real_codes
DVLA notice: unpaid tax of $33 found on your record. Pay by Thursday at http://pay90.link or face prosecution.,phishing,gov_callback
"Bank of America: $1,558 was deposited into your account ending 3959. Available balance $334.07.",ham,real_bank_notice
"Hi there, long time no talk! How have you been? Sorry, is this the right number?",phishing,wrong_number_opener
"Hiya just finished the draft, sending it over now. let me know if anything looks off please",ham,friend_favor
Amazon Logistics notice: package D602854 returns to sender unless address is confirmed: https://rb.gy/k22441/secure,phishing,delivery_fee
"Hi, this is Mike from Dr. Dmitri's office. Is this still the best number for appointment reminders?",ham,friend_wrong_number
"Badhai ho! Aapko £2,000 ka Tesco gift card mila hai. Abhi claim karein: inaam91.link/confirm",phishing,prize_win_i18n
"Hi, I think we spoke about the boat last week? This is Priya.",phishing,wrong_number_opener
"Coucou Papi, c'est moi, j'ai changé de numéro. Tu peux me faire un virement de R$548 ? Je te rembourse vite.",phishing,new_number_family_i18n
"Thanks for your Jumia order! GoPro Hero 13, AED 166. Est. delivery Saturday. Manage your order in the Jumia app or jumia.com.",ham,real_order_notice
"Hi, what's the code for the garage? I forgot it again",ham,friend_favor
"Namaste, main Zoe Marriott HR se. Aap part-time online job ke liye select hue hain, $2,260/day. WhatsApp karein +1 226 627 1423.",phishing,job_scam_i18n
"Extended car warranty: your coverage may be expiring. Protect your vehicle from repair bills, call +971 55 189 9461 for a quote.",spam,generic_ads
"Hi Ana, Ivan here from the estate agent, confirming your viewing this weekend at 10am.",ham,friend_wrong_number
"Hey it's Liam, got a new number, save it! Old one stops working tomorrow.",ham,friend_new_number
CaixaBank: رمز التحقق الخاص بك هو 405 625. لا تشاركه مع أحد.,ham,real_codes
"Heyy quick one, forward me the text with the code that just came through, I'm locked out and it went to you ttyl",phishing,code_relay
"Hi, can you send me Beatriz's address? Need it for the delivery ok?",ham,friend_favor
7861 is your Commonwealth Bank verification code. It expires in 5 minutes.,ham,real_codes
the Tax Office: you are owed a tax refund of €164. Submit your bank details at https://is.gd/f30945 to receive it.,phishing,gov_callback
"Félicitations ! Vous avez gagné $10,000 au tirage national. Confirmez vos coordonnées : http://prix28.site/refund",phishing,prize_win_i18n
HBO Max: your payment of £52 was processed. Next billing date Saturday. Manage your plan in Account settings.,ham,real_subscription_notice
"Hey!! did you just get a Google code? my phone is acting up, can you send it to me? ttyl",phishing,code_relay
Telekom Security: enter your 2FA code at https://tinyurl.com/v35837 to confirm the pending transfer of R$590.31.,phishing,account_problem_link
"Hola, soy Léa de RRHH de Amazon. Has sido seleccionado para un trabajo remoto, €508 al día. Escríbeme por WhatsApp +1 657 378 2013.",phishing,job_scam_i18n
"Coucou Mamie, c'est moi, j'ai changé de numéro. J ai besoin d aide pour payer une facture urgente.",phishing,new_number_family_i18n
"Hey, is this still Fatima's number? Haven't heard from you since Manchester.",phishing,wrong_number_opener
QNB: a payment of $546 to João Beatriz was sent from your account. Ref #43952609.,ham,real_bank_notice
Claro: thanks for your payment of ₹96. Your next bill is due Tuesday.,ham,real_telco_util_notice
Weather alert: severe thunderstorm warning for Paris until 2:15pm. Avoid low-lying roads.,ham,real_hr_and_appointments
"Hello? happy birthday!!! hope you have an amazing day, drinks on me this weekend ttyl",ham,friend_favor
"Hey it's Lena, got a new number, save it! Old one stops working Thursday.",ham,friend_new_number
"Hi, it's Camille, got a new number, save it! Old one stops working Sunday.",ham,friend_new_number
"Buy R$3,563 of fuel at Carrefour and get a $3,663 bonus card. Ends this weekend.",spam,giftcard_promo
"Hey did you just get a 4 digit code? I typed your number instead of mine, can you send it to me?",phishing,code_relay
Yo practice is cancelled tomorrow because of the storm. Coach will send the new schedule tomorrow. ttyl,ham,friend_favor
"Receipt: dog food £4,527 via Best Buy. Ref #25241746. Questions or cancellation: 1-873-597-1295 (24/7).",phishing,fake_order_callback
"Bro it's your boy, new number Text me back on here. I need to pay a bill that's overdue today but my banking app is locked on the old phone, can you help? 😊",phishing,new_number_family
"Hi quick one, forward me the text with the code that just came through, I'm locked out and it went to you thanks",phishing,code_relay
"Hola, soy Layla de RRHH de Google. Has sido seleccionado para un trabajo remoto, $1,826 al día. Escríbeme por WhatsApp (860) 333-1853.",phishing,job_scam_i18n
Your Amazon account was used to buy a phone case for ₹681.68. If this wasn't you contact support at +34 678 151 149 before shipment.,phishing,fake_order_callback
La Poste: your parcel could not be delivered. Pay €3.20 handling fee within 2 days: parcel67.club/secure,phishing,delivery_fee
Meesho Big Sale! Up to 63% off on fashion. Shop now flipkart.com. Reply STOP to opt out.,spam,ads_i18n
School: sports day on Saturday. See the newsletter for details.,ham,real_hr_and_appointments
NatWest: your new card ending 7163 has been sent and should arrive in 5-7 days. Activate it in the app when it arrives.,ham,real_bank_notice
Congratulations! You've been picked to receive a €750 Starbucks gift card. Claim now: winner-sydney.click,phishing,prize_win
Disney+: payment of $250.21 could not be processed. Update your billing within 2 days or lose access: disney+15.cc,phishing,fake_subscription_charge
You've been chosen for a AED 109.97 cash bonus from Amazon. Enter your card to receive it: http://refund-dallas.site/claim,phishing,prize_win
Bank of America Alert: your account will be restricted unless you act. Update your details at bank11.click,phishing,account_problem_link
Revolut: a billing error detected. Secure your account now: verify66.biz/refund,phishing,account_problem_link
E.ON: your meter reading is due. Submit it in the app by Monday to avoid an estimated bill.,ham,real_telco_util_notice
"Félicitations ! Vous avez gagné £1,000 au tirage mobile. Confirmez vos coordonnées : https://bit.ly/g44070",phishing,prize_win_i18n
"Mama it's me, Text me back on here. I need to settle a fine before it doubles but my banking app is locked on the old phone, can you help? 😊",phishing,new_number_family
"Now hiring: call center agents at Uber, AED 10/hr. Apply at linkedin.com/jobs. Reply STOP to opt out.",spam,real_job_ad
Truist: رمز التحقق الخاص بك هو 345-241. لا تشاركه مع أحد.,ham,real_codes
"Is this Léa? It's Sofía, we met at the gym last week.",phishing,wrong_number_opener
Currys: your package with a winter coat was delivered. It was left with the concierge.,ham,real_order_notice
Tu código de verificación de Wells Fargo es 2163. No lo compartas.,ham,real_codes
"Hi Ana, Pedro here from the letting agency, confirming your viewing today at 2:15pm.",ham,friend_wrong_number
"Olivia it's Mei, I got your number from Sofía. Are you free to chat Saturday?",phishing,wrong_number_opener
"Yo Nan, I lost my phone on the train so this is my new number now Can you message me on WhatsApp on this number? Can you send me £897.18 today? I'll pay you back Wednesday. asap",phishing,new_number_family
مبروك! تم اختيارك للفوز بقسيمة $750 من Costco. اضغط للمطالبة: prize85.icu/refund,phishing,prize_win_i18n
"Priya here, new phone same number, lost all my contacts though. Who's this? 😅",ham,friend_new_number
Votre code de connexion BNP Paribas est 3970. Il expire dans 10 minutes.,ham,real_codes
"Costco is hiring full-time staff. Open interviews Sunday 8am-noon, bring ID. Text STOP to end.",spam,real_job_ad
"Hey it's Emma, we haven't spoken in ages, are you still in Lisbon? Apologies if I have the wrong number.",phishing,wrong_number_opener
"WINNER: You won $50,000 in the Mobile Draw. Send your name, address and bank details to claim. Ref #8323-26414",phishing,prize_win
Bpost: parcel #889-3927950-6380696 has been collected from the sender and is on its way.,ham,real_delivery_notice
Reminder: your appointment with Dr. Chris is Monday at 2:15pm. Reply C to confirm or R to reschedule.,ham,real_hr_and_appointments
"Heyy just finished the draft, sending it over now. let me know if anything looks off ttyl",ham,friend_favor
"Congratulations! You've been picked to receive a $10,000 Walmart gift card. Claim now: rewards15.win",phishing,prize_win
Movistar: your recharge of £309.65 was successful. Validity 51 days.,ham,real_telco_util_notice
Ganhe até $74 por dia com apostas online! Cadastre-se grátis: betbrasil.bet,spam,ads_i18n
"Yodel: sorry we missed you. Your parcel is at the Toronto depot, collect it with photo ID or rebook in the Yodel app.",ham,real_delivery_notice
"Bonjour, Pierre du service RH de Temu. Votre profil a été retenu pour un poste à domicile, $90/jour. Contactez-moi sur WhatsApp 06 84 74 73 39.",phishing,job_scam_i18n
"¡Felicidades! Has sido seleccionado para recibir una tarjeta regalo de $2,000 de Walmart. Reclama aquí: http://regalo7.biz/secure",phishing,prize_win_i18n
"Félicitations ! Vous avez gagné £50,000 au tirage mobile. Confirmez vos coordonnées : gagnant-kyiv.link/pay",phishing,prize_win_i18n
"Yodel: sorry we missed you. Your parcel is at the Madrid depot, collect it with photo ID or rebook in the Yodel app.",ham,real_delivery_notice
"CRA notice: a filing error of R$4,737 found on your record. Pay by this weekend at http://fine-madrid.click or face prosecution.",phishing,gov_callback
Airtel: your recharge of ₹527 was successful. Validity 70 days.,ham,real_telco_util_notice
Votre code de connexion US Bank est 475-303. Il expire dans 10 minutes.,ham,real_codes
"Hey Sis, it's Camille, this is my work phone number in case you can't reach the other one. Everything's fine!",ham,friend_new_number
"Thank you for your El Corte Inglés purchase of GoPro Hero 13, total £359. Card ending 5566 charged. Not you? Call our fraud line +91 97103 12307.",phishing,fake_order_callback
Hey what's the code in the message you just got? I typed your number instead of mine asap,phishing,code_relay
Hermes: parcel A433751 has been collected from the sender and is on its way.,ham,real_delivery_notice
"Your Uber driver Fatima is arriving in a white Tesla, plate D25N541.",ham,real_hr_and_appointments
Wells Fargo: your statement is ready. View it in the Wells Fargo app or online banking.,ham,real_bank_notice
Social Security Administration: Your SSN has been suspended. Call +1 877 995 3256 to avoid legal action.,phishing,gov_callback
"Glückwunsch! Sie wurden für einen $250,000 Costco Gutschein ausgewählt. Jetzt einlösen: http://gutschein-pay.site",phishing,prize_win_i18n
"Hey Layla, it's Lucía, we met at Fatima's birthday on today. Great to meet you, let's do that coffee!",ham,friend_wrong_number
Netflix: your payment of ₹858 was processed. Next billing date this weekend. Manage your plan in Account settings.,ham,real_subscription_notice
Vote Emma Olga for School Board on Friday! Lower taxes. Paid for by the campaign.,spam,generic_ads
"Solar panels with $0 down, cut your bill by 57%. Free quote: sunpower-deals.com",spam,generic_ads
Wells Fargo: your KYC has expired. Keep access: https://cutt.ly/d10832/pay,phishing,account_problem_link
CRA: you are owed a tax refund of ₹239. Submit your bank details at http://e-tax.online/refund to receive it.,phishing,gov_callback
"Shein is hiring! Earn $332-₹531 daily follow accounts. No experience, same-day pay. Ages 22+. wa.me/36909678757",phishing,job_scam
AT&T: your bill of $374.75 is now available. View or pay at att.com. Autopay will process on 14/8.,ham,real_telco_util_notice
"Lidl Rewards: you have won €1,000! Verify your address at https://t.co/v1328",phishing,prize_win
"Hello? a code should have come to your phone, I typed your number instead of mine. What is it? xx",phishing,code_relay
"Solar panels with $0 down, cut your bill by 46%. Free quote: solarquote.com",spam,generic_ads
Maybank: your direct debit of R$63 to Claro is due tomorrow.,ham,real_bank_notice
"Evri: sorry we missed you. Your parcel is at the Lagos depot, collect it with photo ID or rebook in the Evri app.",ham,real_delivery_notice
"Learn AI in 13 weeks and land a €1,000 job. Enroll today at skillup.edu/apply",spam,generic_ads
"Hi, this is Sarah from Dr. Ben's office. Is this still the best number for appointment reminders?",ham,friend_wrong_number
Chronopost: we delivered your parcel to your safe place.,ham,real_delivery_notice
Your benefits card card must be replaced with a new digital card. Confirm your number here to keep coverage: https://bit.ly/p28789/claim,phishing,gov_callback
Your benefits card card must be replaced with a new secure card. Confirm your number here to keep coverage: card-secure.club,phishing,gov_callback
"Use 1565 to sign in to Bradesco. If you didn't request this, ignore this message.",ham,real_codes
"Barclays: a wire transfer of $3,054 is pending. Not you? Cancel it here: secure-mumbai.online/refund",phishing,account_problem_link
Receipt: a winter coat $326 via Home Depot. Ref B517703. Questions or cancellation: (397) 933-6526 (24/7).,phishing,fake_order_callback
Aramex: your parcel is on hold. Pay $3.20 redelivery fee within 24h: http://track-claim.icu,phishing,delivery_fee
"Hi, this is Layla from Dr. Rahul's office. Is this still the best number for appointment reminders?",ham,friend_wrong_number
Your Wells Fargo code is 629-718. Never share this code with anyone.,ham,real_codes
TD Bank: a wire transfer of AED 679.80 is pending. Not you? Cancel it here: td6.site,phishing,account_problem_link
"Hallo, hier ist Mia von Marriott Recruiting. Sie wurden für eine Homeoffice-Stelle ausgewählt, $34 pro Tag. Melden Sie sich per WhatsApp +1 410 753 7281.",phishing,job_scam_i18n
"Hello running 23 min late, meeting ran over. Order me a beer? ttyl",ham,friend_favor
Delta: flight LH7213 to Kyiv now departs from gate A36. Boarding at 8am.,ham,real_hr_and_appointments
"Hi, is this Natasha? It's Rahul from the football team, Mia gave me your number about tonight.",ham,friend_wrong_number
"Hallo Mama, ich bin's, mein Handy ist kaputt. Das ist meine neue Nummer. Kannst du mir schnell $222 überweisen? Ich kann nicht in mein Banking.",phishing,new_number_family_i18n
"Hi Priya, João here from the letting agency, confirming your viewing today at 10am.",ham,friend_wrong_number
Reminder: your appointment with Dr. Omar is Wednesday at noon. Reply C to confirm or R to reschedule.,ham,real_hr_and_appointments
Looking for a new job? Browse 1786 retail openings near you on Jooble. Unsubscribe: reply STOP,spam,real_job_ad
HBO Max: we couldn't process your payment. Please update your payment method in the HBO Max app to keep your plan.,ham,real_subscription_notice
Your Adobe free trial ends Wednesday. You'll be charged $907.32/month unless you cancel in the app.,ham,real_subscription_notice
Your Jumia return for Ring doorbell was received. Refund of ₹85 will appear on your card in 3-5 business days.,ham,real_order_notice
"Zara is hiring! Earn $801-£449 daily test apps. No experience, instant withdrawal. Ages 22+. wa.me/64732302930",phishing,job_scam
"Learn AI in 16 weeks and land a €2,000 job. Enroll today at bootcamp.com/apply",spam,generic_ads
Google One receipt: €275 for your monthly plan. Thank you!,ham,real_subscription_notice
"Rahul here, new phone same number, lost all my contacts though. Who's this? 😅",ham,friend_new_number
Job alert: virtual assistant roles from R$13/hr. Set up alerts at ziprecruiter.com. Opt out anytime.,spam,real_job_ad
"Hi, can you send me the wifi password again, my phone forgot it ok?",ham,friend_favor
"Hallo Oma, ich bin's, mein Handy ist kaputt. Das ist meine neue Nummer. Schreib mir bitte auf WhatsApp.",phishing,new_number_family_i18n
"Hey!! did you just get a login code? I'm locked out and it went to you, can you send it to me? asap",phishing,code_relay
Crédit Agricole: your account ending 9264 has a low balance of $99. This is the alert you set up.,ham,real_bank_notice
Fnac: a a desk lamp was ordered from a new device in Chicago. Charged R$869.58. Cancel: +1 528 478 2812,phishing,fake_order_callback
Your YouTube Premium subscription renewed for AED 177. To cancel and get a refund call (262) 877-8871 within 24h.,phishing,fake_subscription_charge
Your loyalty points of €89 expire this weekend! Redeem now: http://rewards-lisbon.info,phishing,prize_win
"Mom I phone fell in the pool Save this number and delete the old one. I need to buy a new phone today but my banking app is locked on the old phone, can you help? thanks",phishing,new_number_family
British Gas: your meter reading is due. Submit it in the app by Sunday to avoid an estimated bill.,ham,real_telco_util_notice
"Glückwunsch! Sie wurden für einen £850,000 Shell Gutschein ausgewählt. Jetzt einlösen: app-gutschein.buzz/pay",phishing,prize_win_i18n
"Hi all, Kenji here. Switched carriers so this is my number from now on. No need to reply.",ham,friend_new_number
"Bin in 19 Minuten da, die Bahn hatte Verspätung",ham,chat_i18n
Bpost: your parcel could not be delivered. Pay $5.00 redelivery fee within 2 days: http://track37.online/claim,phishing,delivery_fee
"Ciao, ci vediamo alle 10 davanti al cinema?",ham,chat_i18n
Tu código de verificación de Instagram es 443206. No lo compartas.,ham,real_codes
"Félicitations ! Vous avez gagné £50,000 au tirage anniversaire. Confirmez vos coordonnées : prix-chicago.cc/claim",phishing,prize_win_i18n
Hermes notice: package #8248-15254 returns to sender unless address is confirmed: http://get-hermes.link,phishing,delivery_fee
Lidl: 24% off iPhone 16 Pro this week. Shop at the Lidl app or lidl.com. Text STOP to unsubscribe.,spam,giftcard_promo
"Kal 7pm baje milte hain, station pe aa jana",ham,chat_i18n
Your Argos return for Nintendo Switch was received. Refund of $249 will appear on your card in 3-5 business days.,ham,real_order_notice
Apple Music receipt: €993 for your monthly plan. Thank you!,ham,real_subscription_notice
"Bin in 9 Minuten da, die Bahn hatte Verspätung",ham,chat_i18n
"Hi Priya, Chris here from the estate agent, confirming your viewing tonight at 10am.",ham,friend_wrong_number
"Hey, is this still João's number? Haven't heard from you since Berlin.",phishing,wrong_number_opener
Seu código SBI é 426281. Não compartilhe com ninguém.,ham,real_codes
United: flight EU3127 to Manila now departs from gate B3. Boarding at 1pm.,ham,real_hr_and_appointments
Starbucks: 48% off a winter coat this week. Shop at the Starbucks app or starbucks.com. Text STOP to unsubscribe.,spam,giftcard_promo
"Your Airbnb host Lena sent you a message: check-in is after 10am, the lockbox code is in the app.",ham,real_hr_and_appointments
Adobe: a login from Madrid detected. Confirm your account within 24h: https://shorturl.at/m53028/claim,phishing,account_problem_link
"Job alert: virtual assistant roles from $4,806/hr. Set up alerts at linkedin.com. Opt out anytime.",spam,real_job_ad
"Now hiring: night shift pickers at Randstad, €1,128/hr. Apply at reed.co.uk. Reply STOP to opt out.",spam,real_job_ad
Google One: Your premium plan was charged $233 to card ending 4898. Not you? Dispute here: http://google-notice.xyz/confirm,phishing,fake_subscription_charge
"Spotify: a new device signed in to your account from Lagos. If this wasn't you, change your password in the Spotify app.",ham,real_subscription_notice
Hi can you send me Sofía's address? Need it for the card xx,ham,friend_favor
"Promo Free : forfait 100Go à 9,99€/mois pendant 12 mois ! Souscrivez sur bouygues-promo.fr",spam,ads_i18n
Hi do you still have the spare key I left at yours? thank you!,ham,friend_favor
"Coucou Papi, c'est moi, j'ai changé de numéro. J ai besoin d aide pour payer une facture urgente.",phishing,new_number_family_i18n
Emirates NBD: a withdrawal of $77 is pending. Not you? Cancel it here: https://shorturl.at/h51734/refund,phishing,account_problem_link
"Part-time job offer from Deloitte: like videos for $4,909 per task, paid to your bank instantly. message (624) 809-5130 on WhatsApp",phishing,job_scam
Your PlayStation Plus subscription renewed for AED 749.72. To cancel and get a refund call 1-804-250-1675 within 24h.,phishing,fake_subscription_charge
Apple: 383-266 is your one-time passcode. Do not share it. We will never call to ask for it.,ham,real_codes
"Dear applicant, congratulations, Uber has approved your order processor application. Salary $738.37 per week. Contact your manager Priya: WhatsApp +91 83991 56957",phishing,job_scam
Bpost: we missed you this weekend. Reschedule delivery (€1.49) at http://go-redelivery.buzz,phishing,delivery_fee
Yo what's the code in the message you just got? I used your number for my account xx,phishing,code_relay
"Ciao, ci vediamo alle 21 davanti al cinema?",ham,chat_i18n
"Now hiring: night shift pickers at IKEA, £675.72/hr. Apply at infojobs.net. Reply STOP to opt out.",spam,real_job_ad
"Nubank Security: enter your 2FA code at https://bit.ly/h52339/secure to confirm the pending login of $2,408.",phishing,account_problem_link
Evri: parcel #404-5076645-7991359 has been collected from the sender and is on its way.,ham,real_delivery_notice
¡Gana dinero desde casa! Hasta R$60.08 al mes sin experiencia. Regístrate: trabajofacil.es,spam,ads_i18n
"Xbox Game Pass: your payment of R$4,444 was processed. Next billing date Saturday. Manage your plan in Account settings.",ham,real_subscription_notice
Hi what's the code in the message you just got? I typed your number instead of mine 😊,phishing,code_relay
Your health card card must be replaced with a new digital card. Confirm your number here to keep coverage: http://benefits49.club,phishing,gov_callback
EE: your contact details needs re-verification. Keep access: renew59.win,phishing,account_problem_link
"Badhai ho! Aapko €5,000 ka Walmart gift card mila hai. Abhi claim karein: https://tinyurl.com/f50718",phishing,prize_win_i18n
"TIM: your bill of €1,815 is now available. View or pay at the TIM app. Autopay will process on 1/1.",ham,real_telco_util_notice
"Hi, Mom, it's Chris, this is my work phone number in case you can't reach the other one. Everything's fine!",ham,friend_new_number
"Hi, I think we spoke about the investment last week? This is Mia.",phishing,wrong_number_opener
"HSBC: AED 2,245 was deposited into your account ending 8333. Available balance ₹792.77.",ham,real_bank_notice
Correos: your driver Natasha is 7 stops away.,ham,real_delivery_notice
"Use 985-974 to sign in to Crédit Agricole. If you didn't request this, ignore this message.",ham,real_codes
"Hi Dr. Rahul, this is Olivia. Can we move my appointment to Saturday? Sorry, is this the right number?",phishing,wrong_number_opener
Capital One: suspicious activity detected. Restore your account within 24h: capital-claim.site/login,phishing,account_problem_link
"Arjun (IKEA Staffing): we saw your CV on Indeed. Online position, 1-2 hrs a day, £89/day. Interested? WhatsApp +1 636 478 1126",phishing,job_scam
"Tô chegando, 9 min. Pede uma água pra mim?",ham,chat_i18n
URSSAF: Your National Insurance number has been suspended. Call 06 36 16 83 89 immediately.,phishing,gov_callback
Your health card card must be replaced with a new secure card. Confirm your number here to keep coverage: https://rb.gy/y35024/login,phishing,gov_callback
"Ciao, ci vediamo alle 12 davanti al cinema?",ham,chat_i18n
"Now hiring: night shift pickers at Tesla, AED 2,641/hr. Apply at linkedin.com/jobs. Reply STOP to opt out.",spam,real_job_ad
"Heyy Grandma, it's me. This is my temporary number until I get the new phone. I need a favour, it's a bit urgent.",phishing,new_number_family
Etisalat: planned maintenance in your area Monday 9:30am-8:30pm. You may lose signal briefly. Sorry for the inconvenience.,ham,real_telco_util_notice
"Hey Grandpa, it's Jake, this is my work phone number in case you can't reach the other one. Everything's fine!",ham,friend_new_number
"WINNER: You won €50,000 in the National Draw. Send your name, address and bank details to claim before Wednesday. Ref #1575-35324",phishing,prize_win
Rakuten Bank: suspicious activity detected. Secure your account within 24h: https://is.gd/g13060,phishing,account_problem_link
Correos notice: package #11639528 returns to sender unless address is confirmed: https://cutt.ly/a68704/refund,phishing,delivery_fee
"Use 318620 to sign in to Chase. If you didn't request this, ignore this message.",ham,real_codes
"Hi all, Ahmed here. Switched carriers so this is my number from now on. No need to reply.",ham,friend_new_number
"Your Bolt driver Priya is arriving in a gray Toyota Camry, plate D81N766.",ham,real_hr_and_appointments
¿Has visto mis llaves? Creo que las dejé en tu coche,ham,chat_i18n
"Hi, this is Lucy from the garage. Is this still the best number for appointment reminders?",ham,friend_wrong_number
"Hi, ek OTP aaya kya? Galti se tumhara number daal diya, please bhej do.",phishing,code_relay_i18n
"Google is hiring part-time staff. Open interviews this weekend 10am-6pm, bring ID. Text STOP to end.",spam,real_job_ad
"Your Walmart account was used to buy dog food for $1,891. If this wasn't you contact support at +34 657 868 389 before shipment.",phishing,fake_order_callback
Flipkart Big Sale! Up to 75% off on mobiles. Shop now myntra.com. Reply STOP to opt out.,spam,ads_i18n
"TD Bank: your card was used abroad in Dallas for £638. If you don't recognise this, call the number on your card.",ham,real_bank_notice
"Adobe Security: enter your 2FA code at auth-secure.xyz/refund to confirm the pending login of £3,811.",phishing,account_problem_link
"Hi Pedro, Mike here from the estate agent, confirming your viewing Wednesday at 6pm.",ham,friend_wrong_number
Bitcoin is about to moon! Join 9k members getting daily signals. Free guide: coinsignals.io,spam,generic_ads
Unlock 41k followers overnight! Grow your Instagram fast: instaboost.pro,spam,generic_ads
SFR: your bill of R$91 is now available. View or pay at sfr.com/orders. Autopay will process on 6/7.,ham,real_telco_util_notice
"Your prescription is ready for pickup at Lloyds Pharmacy, 153 Main St. Open 4:45pm-8:30pm.",ham,real_hr_and_appointments
"Hi Ahmed, this is Mateo from IKEA recruiting. Your interview is confirmed for Wednesday at 2:15pm. Reply if you need to reschedule.",ham,real_hr_and_appointments
"You are our 100,000th winner! A Dyson V15 is waiting for you. Pay only shipping £1.99: go-win.win/id",phishing,prize_win
iCloud: your ID verification has expired. Keep access: https://shorturl.at/r35636/update,phishing,account_problem_link
"Hulu receipt: $19.35 charged Saturday. If you did not authorize this, cancel at http://refund-notice.xyz",phishing,fake_subscription_charge
Myntra Big Sale! Up to 63% off on fashion. Shop now ajio.com. Reply STOP to opt out.,spam,ads_i18n
"Hiya running 28 min late, train got delayed. Order me a latte?",ham,friend_favor
SBI: suspicious activity detected. Confirm your account within 24h: https://shorturl.at/e34277/verify,phishing,account_problem_link
Vote Layla Beatriz for School Board on Thursday! Better schools. Paid for by the campaign.,spam,generic_ads
HBO Max: payment of AED 44 could not be processed. Update your billing within 24h or lose access: http://payment-notice.club,phishing,fake_subscription_charge
"Learn data science in 13 weeks and land a $1,000 job. Enroll today at learnfast.io/apply",spam,generic_ads
Walmart: order G554390 is ready for pickup at the Paris store. Bring your order confirmation.,ham,real_order_notice
"Thanks for your Apple order! dog food, $85. Est. delivery Tuesday. Manage your order in apple.com/orders.",ham,real_order_notice
"Is this Louis? It's Rahul, we met at the gym last month.",phishing,wrong_number_opener
Buy R$91 of groceries at Best Buy and get a $15 bonus card. Ends today.,spam,giftcard_promo
Looking for a new job? Browse 3721 retail openings near you on Totaljobs. Unsubscribe: reply STOP,spam,real_job_ad
"hey it's Chris from uni, finally got a UK number, save me x",ham,friend_new_number
Offre spéciale : 51% de réduction sur les chaussures chez Zalando jusqu'à vendredi. sephora.fr,spam,ads_i18n
Hiya do you still have the blue jacket I left at yours? ok?,ham,friend_favor
"Hallo Mama, ich bin's, mein Handy ist weg. Das ist meine neue Nummer. Kannst du mir schnell $4,084 überweisen? Ich kann nicht in mein Banking.",phishing,new_number_family_i18n
"WINNER: You won $850,000 in the Mobile Draw. Send your name, address and bank details to claim. Ref #11067673",phishing,prize_win
"Hallo, hier ist Sofía von Costco Recruiting. Sie wurden für eine Homeoffice-Stelle ausgewählt, $4,147 pro Tag. Melden Sie sich per WhatsApp +34 626 597 988.",phishing,job_scam_i18n
"Coucou Papi, c'est moi, j'ai changé de numéro. Écris-moi sur WhatsApp à ce numéro.",phishing,new_number_family_i18n
US Bank: 685 263 is your one-time passcode. Do not share it. We will never call to ask for it.,ham,real_codes
"Thanks for your Walmart order! GoPro Hero 13, R$4,581. Est. delivery Thursday. Manage your order in walmart.com/account.",ham,real_order_notice
"Hey it's Beatriz, got a new number, save it! Old one stops working tomorrow.",ham,friend_new_number
Canva: a withdrawal of £51 is pending. Not you? Cancel it here: https://bit.ly/k55830,phishing,account_problem_link
Offre spéciale : 66% de réduction sur les parfums chez La Redoute jusqu'à vendredi. laredoute.fr,spam,ads_i18n
Looking for a new job? Browse 804 hospitality openings near you on Indeed. Unsubscribe: reply STOP,spam,real_job_ad
"Hey Grandma, it's Anna, this is my work phone number in case you can't reach the other one. Everything's fine!",ham,friend_new_number
"Hola Abuela, se me rompió el móvil y este es mi nuevo número. ¿Puedes pasarme R$2,865 hoy? Mañana te lo devuelvo.",phishing,new_number_family_i18n
Rakuten Bank: your account ending 2794 has a low balance of €965.19. This is the alert you set up.,ham,real_bank_notice
"Hey, is this still Mike's number? Haven't heard from you since Lisbon.",phishing,wrong_number_opener
"Hi hey it's Jonas, my account sent the code to your number, pls send it?",phishing,code_relay
Hulu: we couldn't process your payment. Please update your payment method in the Hulu app to keep your plan.,ham,real_subscription_notice
"Thanks for your Target order! Ring doorbell, £3,732. Est. delivery Thursday. Manage your order in the Target app.",ham,real_order_notice
Bradesco: your new card ending 9109 has been sent and should arrive in 5-7 days. Activate it in the app when it arrives.,ham,real_bank_notice
Ajio Big Sale! Up to 57% off on mobiles. Shop now ajio.com. Reply STOP to opt out.,spam,ads_i18n
Shell members: double points on everything this week. Show the app at checkout. STOP to opt out.,spam,giftcard_promo
"Hi, this is Mei from Google Recruitment. You have been selected for a flexible data entry role, $527.87/day. message +91 78438 31834 on WhatsApp to start.",phishing,job_scam
Adobe: we couldn't process your payment. Please update your payment method in the Adobe app to keep your plan.,ham,real_subscription_notice
"Hi Dr. Lena, this is Fatima. Can we move my appointment to this weekend? Hope this is still your number.",phishing,wrong_number_opener
You've been chosen for a $81 cash bonus from Capital One. Enter your card to receive it: refund-toronto.icu/secure,phishing,prize_win
"Olá, sou Tom do RH da Google. Você foi selecionado para uma vaga home office, $16.41 por dia. Me chama no WhatsApp +91 99904 68556.",phishing,job_scam_i18n
Jetzt AED 51 Bonus sichern! Online Casino mit über 780 Spielen. spielhalle24.de,spam,ads_i18n
Mom I washed my phone with the laundry Text me back on here. Can you send me €227 today? I'll pay you back tonight. asap,phishing,new_number_family
"IKEA is hiring! Earn AED 720.43-AED 53 daily review hotels. No experience, same-day pay. Ages 22+. wa.me/53263686506",phishing,job_scam
"مبروك! تم اختيارك للفوز بقسيمة €1,000 من Starbucks. اضغط للمطالبة: http://prize29.win",phishing,prize_win_i18n
"Olá, sou Ana do RH da Tesla. Você foi selecionado para uma vaga home office, $2,589 por dia. Me chama no WhatsApp 06 91 75 56 79.",phishing,job_scam_i18n
"Hi I sent a verification code to your number by accident, can you read it to me? It expires in 5 min. love you",phishing,code_relay
"Je suis en retard de 14 min, commande-moi un café stp",ham,chat_i18n
Your Home Depot return for a desk lamp was received. Refund of $22 will appear on your card in 3-5 business days.,ham,real_order_notice
"Commonwealth Bank: your card was used abroad in Chicago for $977.50. If you don't recognise this, call the number on your card.",ham,real_bank_notice
Seu código Monzo é 214029. Não compartilhe com ninguém.,ham,real_codes
"Itaú: a payment of AED 3,607 to Louis Léa was sent from your account. Ref #30983738.",ham,real_bank_notice
Maybank: your statement is ready. View it in the Maybank app or online banking.,ham,real_bank_notice
"US Bank: Did you make a AED 2,987 purchase at IKEA on 9/27? Reply YES or NO.",ham,real_bank_notice
Flipkart Big Sale! Up to 78% off on electronics. Shop now flipkart.com. Reply STOP to opt out.,spam,ads_i18n
School: parents evening on today. See the newsletter for details.,ham,real_hr_and_appointments
"Your Amazon Prime subscription renewed for $3,505. To cancel and get a refund call +971 58 665 6668 within 24h.",phishing,fake_subscription_charge
"Yo I sent a verification code to your number by accident, can you read it to me? Sorry!! thanks",phishing,code_relay
"Chronopost: sorry we missed you. Your parcel is at the Paris depot, collect it with photo ID or rebook in the Chronopost app.",ham,real_delivery_notice
"CaixaBank: £3,249 was deposited into your account ending 3913. Available balance AED 243.",ham,real_bank_notice
"Hi, this is Camille from the garage. Is this still the best number for appointment reminders?",ham,friend_wrong_number
"Wells Fargo: your card was used abroad in Miami for R$683.65. If you don't recognise this, call the number on your card.",ham,real_bank_notice
Looking for a new job? Browse 6187 nursing openings near you on Totaljobs. Unsubscribe: reply STOP,spam,real_job_ad
BNP Paribas: your password expires today. Keep access: renew6.cc/pay,phishing,account_problem_link
DHL: parcel #2432-65693 has been collected from the sender and is on its way.,ham,real_delivery_notice
"Unclaimed prize! You were selected for a Samsung 65"" TV from Lidl. Reply YES with your address to receive it.",phishing,prize_win
عمي هذا رقمي الجديد، جوالي انكسر. محتاج مساعدة عاجلة في دفع فاتورة.,phishing,new_number_family_i18n
"Your Bolt driver Neha is arriving in a silver Skoda, plate E16P614.",ham,real_hr_and_appointments
"Hi I sent a verification code to your number by accident, can you read it to me? Sorry!! love you",phishing,code_relay
عرض خاص! خصم 52% على جميع العطور في متجر الرياض مول هذا الأسبوع فقط. تسوق الآن yasmin-shop.com,spam,ads_i18n
Amazon: your order D165959 (AirPods Pro) has shipped and will arrive Wednesday. Track it at the Amazon app.,ham,real_order_notice
"Hi Sarah, João here from the removal company, confirming your viewing Saturday at 10am.",ham,friend_wrong_number
"Your prescription is ready for pickup at Walgreens, 2497 Main St. Open 7pm-noon.",ham,real_hr_and_appointments
Buy AED 31.63 of toys at Sainsbury's and get a ₹945 bonus card. Ends Sunday.,spam,giftcard_promo
"Hi all, Pedro here. Switched carriers so this is my number from now on. No need to reply.",ham,friend_new_number
"Thanks for coming to the interview today. We'll be in touch by tonight with next steps. - Rahul, HR",ham,real_hr_and_appointments
Hermes: your parcel B561066 will be delivered Tuesday between 9:30am and 8am. No action needed.,ham,real_delivery_notice
"Hey, is this still Max's number? Haven't heard from you since Madrid.",phishing,wrong_number_opener
Receipt: running shoes ₹883.92 via Target. Ref F751109. Questions or cancellation: +971 53 761 1108 (24/7).,phishing,fake_order_callback
Lidl members: double points on everything this Friday. Show the app at checkout. STOP to opt out.,spam,giftcard_promo
Your Discord code is 2708. Never share this code with anyone.,ham,real_codes
Chronopost: parcel #9422-31431 has been collected from the sender and is on its way.,ham,real_delivery_notice
Your table for 6 at Nobu is confirmed for Tuesday 2:15pm. Reply CANCEL to cancel.,ham,real_hr_and_appointments
"Your Airbnb host Kenji sent you a message: check-in is after 1pm, the lockbox code is in the app.",ham,real_hr_and_appointments
"New number alert, this is Léa :) same WhatsApp, just a new sim. See you Thursday!",ham,friend_new_number
"Didi ye mera naya number hai, purana phone toot gaya. Urgent bill bharna hai, bank app nahi khul raha.",phishing,new_number_family_i18n
"Bin in 12 Minuten da, die Bahn hatte Verspätung",ham,chat_i18n
Your EDF bill of ₹571.57 is due on Sunday. Pay in the EDF app or at edf.com/track. Thank you.,ham,real_telco_util_notice
On se voit samedi ? Jake vient aussi,ham,chat_i18n
"Hi, is this Ava? It's Ana from the PTA, Fatima gave me your number about tonight.",ham,friend_wrong_number
"¡Felicidades! Has sido seleccionado para recibir una tarjeta regalo de £50,000 de Tesco. Reclama aquí: https://cutt.ly/h49622/confirm",phishing,prize_win_i18n
Your cashback of R$710.62 expire Friday! Redeem now: points-alert.site,phishing,prize_win
Costco: 59% off Xbox Series X this week. Shop at costco.com/track. Text STOP to unsubscribe.,spam,giftcard_promo
Learn digital marketing in 11 weeks and land a $750 job. Enroll today at codecamp.edu/apply,spam,generic_ads
Vivo Security: enter your 2FA code at https://cutt.ly/k95166 to confirm the pending withdrawal of R$133.,phishing,account_problem_link
"¡Felicidades! Has sido seleccionado para recibir una tarjeta regalo de £10,000 de Tesco. Reclama aquí: my-regalo.click/refund",phishing,prize_win_i18n
"مبروك! تم اختيارك للفوز بقسيمة €850,000 من Lidl. اضغط للمطالبة: prize77.xyz",phishing,prize_win_i18n
Emirates NBD: $465.74 was deposited into your account ending 5162. Available balance £73.,ham,real_bank_notice
Ganhe até €37 por dia com apostas online! Cadastre-se grátis: betbrasil.bet,spam,ads_i18n
Hermes: we missed you tonight. Reschedule delivery ($1.49) at app-redelivery.info,phishing,delivery_fee
Telcel: your recharge of $19 was successful. Validity 38 days.,ham,real_telco_util_notice
Royal Mail: your parcel #87765268 will be delivered tonight between noon and 8am. No action needed.,ham,real_delivery_notice
"Claro Security: enter your 2FA code at http://e-claro.site to confirm the pending withdrawal of AED 3,930.",phishing,account_problem_link
"Home Depot: Your order #5402-83978 for Dyson V15 (AED 493) has shipped. If you did not make this order, call 1-889-316-9866 now to cancel.",phishing,fake_order_callback
"Hi, Mom, it's me. Can you message me on WhatsApp on this number? Can you transfer me $937.43 today? I'll pay you back today. ❤️",phishing,new_number_family
Amazon Logistics: your parcel #9299-79845 will be delivered Tuesday between noon and 8:30pm. No action needed.,ham,real_delivery_notice
Disney+ Alert: your account will be suspended unless you act. Update your details at update-moscow.xyz,phishing,account_problem_link
Hermes notice: package #144-8480778-7034085 returns to sender unless address is confirmed: https://rb.gy/z22465/confirm,phishing,delivery_fee
خالتي هذا رقمي الجديد، جوالي تعطل. احفظي الرقم وكلميني واتساب.,phishing,new_number_family_i18n
"DHL is hiring part-time staff. Open interviews Saturday 3pm-1pm, bring ID. Text STOP to end.",spam,real_job_ad
"Hi it's Rahul, got a new number, save it! Old one stops working Wednesday.",ham,friend_new_number
"Hi, I think we spoke about the shipment last week? This is Mateo.",phishing,wrong_number_opener
Finanzamt: Your National Insurance number has been linked to fraud. Call 07 30 32 71 60 within 24 hours.,phishing,gov_callback
"Bonjour, Camille du service RH de Deloitte. Votre profil a été retenu pour un poste à domicile, £4,942/jour. Contactez-moi sur WhatsApp +971 55 771 8865.",phishing,job_scam_i18n
"Randstad is hiring seasonal staff. Open interviews Saturday 2:15pm-10am, bring ID. Text STOP to end.",spam,real_job_ad
"Heyy a code should have come to your phone, I put your number in by mistake. What is it?",phishing,code_relay
"Hi Grandma!! Can you message me on WhatsApp on this number? I need to pay a deposit for the flat but my banking app is locked on the old phone, can you help? asap",phishing,new_number_family
"ماما هذا رقمي الجديد، جوالي تعطل. ممكن تحولين لي R$2,005 اليوم وأرجعها لك بكرة؟",phishing,new_number_family_i18n
"Hola Tía, se me rompió el móvil y este es mi nuevo número. Necesito que me ayudes con un pago urgente.",phishing,new_number_family_i18n
"YouTube Premium: Your monthly plan was charged ₹3,681 to card ending 5893. Not you? Dispute here: youtube50.biz",phishing,fake_subscription_charge
Netflix: your payment of $299.66 was processed. Next billing date tomorrow. Manage your plan in Account settings.,ham,real_subscription_notice
On se voit demain ? Camille vient aussi,ham,chat_i18n
"Hi Mateo, Ava here from the removal company, confirming your viewing this weekend at 9:30am.",ham,friend_wrong_number
"Congratulations! You've been picked to receive a €50,000 Walmart gift card. Claim now: rewards91.biz",phishing,prize_win
Final notice from Department of Motor Vehicles: a warrant will be issued unless you settle R$324.25 today. Call +34 638 446 497 ref #7735-42607.,phishing,gov_callback
"Enter our back to school giveaway for a chance to win a £5,000 Carrefour gift card. Enter at the Carrefour app or carrefour.com/giveaway. No purchase necessary.",spam,giftcard_promo
"Hey landed safely, will call you when I get to the hotel please",ham,friend_favor
"La Poste: sorry we missed you. Your parcel is at the Lisbon depot, collect it with photo ID or rebook in the La Poste app.",ham,real_delivery_notice
Target: order #6555-32835 is ready for pickup at the Dallas store. Bring your order confirmation.,ham,real_order_notice
Your Xcel Energy bill of $576.51 is due on Tuesday. Pay in the Xcel Energy app or at xcelenergy.com. Thank you.,ham,real_telco_util_notice
"Your Jumia return for Ring doorbell was received. Refund of $1,974 will appear on your card in 3-5 business days.",ham,real_order_notice
Job alert: product reviewer roles from $929.88/hr. Set up alerts at linkedin.com. Opt out anytime.,spam,real_job_ad
Australia Post: we missed you this weekend. Reschedule delivery (€4.99) at https://bit.ly/j47572,phishing,delivery_fee
"Yo Grandma it's me This is my temporary number until I get the new phone. I need to buy a new phone today but my banking app is locked on the old phone, can you help? please",phishing,new_number_family
ماما هذا رقمي الجديد، جوالي ضاع. احفظي الرقم وكلميني واتساب.,phishing,new_number_family_i18n
"Hey Ben, it's Léa, we met at Chris's wedding on tonight. Great to meet you, let's do that coffee!",ham,friend_wrong_number
HDFC Bank Alert: your account will be locked unless you act. Update your details at https://rb.gy/m13419/login,phishing,account_problem_link
Revolut: $714.62 was deposited into your account ending 9897. Available balance €763.80.,ham,real_bank_notice
"Hi, is this Ben? It's Fatima from the school run, Olivia gave me your number about Sunday.",ham,friend_wrong_number
Your Canva subscription renewed for ₹294. To cancel and get a refund call +91 92125 69635 within 24h.,phishing,fake_subscription_charge
"Hi, this is Priya from Dr. Lena's office. Is this still the best number for appointment reminders?",ham,friend_wrong_number
Chronopost: your parcel is on hold. Pay $5.00 handling fee within 24h: https://is.gd/k19505,phishing,delivery_fee
"Salut, tu as reçu un code à 6 chiffres ? Je me suis trompé de numéro, tu peux me l'envoyer ?",phishing,code_relay_i18n
On se voit ce soir ? Ivan vient aussi,ham,chat_i18n
"Hi, this is Fatima from Tesla HR. You have been selected for a flexible survey taker role, $21/hour. WhatsApp me on (637) 995-6991 to start.",phishing,job_scam
"Selected candidate: Marriott needs 50 people to like videos, $83/day. Start today, message (976) 889-1264 on WhatsApp.",phishing,job_scam
"Hallo, hier ist Pierre von Netflix Recruiting. Sie wurden für eine Homeoffice-Stelle ausgewählt, $514.68 pro Tag. Melden Sie sich per WhatsApp 1-872-930-8624.",phishing,job_scam_i18n
Starbucks: 14% off a phone case this week. Shop at starbucks.com/track. Text STOP to unsubscribe.,spam,giftcard_promo
EE: planned maintenance in your area Monday 10am-8am. You may lose signal briefly. Sorry for the inconvenience.,ham,real_telco_util_notice
"Your loyalty points of ₹3,241 expire Wednesday! Redeem now: rewards-berlin.biz",phishing,prize_win
"WINNER: Your mobile won £500 in the Mega Draw. Send your name, address and bank details to claim before Monday. Ref #20568643",phishing,prize_win
Hi can you send me the code you just received? it sent the code to your phone somehow.,phishing,code_relay
"Thank you for your Noon purchase of Samsung 65"" TV, total $853. Card ending 6685 charged. Not you? Call our fraud line +971 55 904 4696.",phishing,fake_order_callback
"Your Airbnb host Kenji sent you a message: check-in is after 7pm, the lockbox code is in the app.",ham,real_hr_and_appointments
Bell: your KYC has expired. Keep access: bell82.vip,phishing,account_problem_link
Seu código Signal é 3108. Não compartilhe com ninguém.,ham,real_codes
"Your prescription is ready for pickup at Walgreens, 2273 Main St. Open 10am-10am.",ham,real_hr_and_appointments
"Heyy mum said dinner is at noon, bring Mia if they're free asap",ham,friend_favor
"Papa it's your boy, new number Save this number and delete the old one. I need a favour, it's a bit urgent. ❤️",phishing,new_number_family
Department of Motor Vehicles: you are owed a tax refund of $431. Submit your bank details at my-tax.online/verify to receive it.,phishing,gov_callback
"Bonjour, Natasha du service RH de Zara. Votre profil a été retenu pour un poste à domicile, ₹245.76/jour. Contactez-moi sur WhatsApp +91 82016 49088.",phishing,job_scam_i18n
"Hi, this is Noah from the vet. Is this still the best number for appointment reminders?",ham,friend_wrong_number
مبروك! تم اختيارك للفوز بقسيمة £500 من Best Buy. اضغط للمطالبة: https://t.co/h13902/login,phishing,prize_win_i18n
"Namaste, main Emma Costco HR se. Aap part-time online job ke liye select hue hain, R$1,257/day. WhatsApp karein 1-809-589-1746.",phishing,job_scam_i18n
"Papa it's me, This is my temporary number until I get the new phone. ❤️",phishing,new_number_family
Receipt: PlayStation 5 AED 98 via Currys. Ref C661508. Questions or cancellation: +91 78724 97388 (24/7).,phishing,fake_order_callback
"Hi Sis, I my old sim got blocked so this is my new number now This is my temporary number until I get the new phone. Can you send me your card details so I can order a replacement phone?",phishing,new_number_family
"Thank you for your Amazon purchase of printer ink, total AED 336.56. Card ending 5701 charged. Not you? Call our fraud line (936) 354-5075.",phishing,fake_order_callback
ماما هذا رقمي الجديد، جوالي تعطل. احفظي الرقم وكلميني واتساب.,phishing,new_number_family_i18n
"Ciao, ci vediamo alle 15 davanti al cinema?",ham,chat_i18n
Claro Alert: your account will be closed unless you act. Update your details at http://claro-seattle.info,phishing,account_problem_link
Target: order G377012 is ready for pickup at the Paris store. Bring your order confirmation.,ham,real_order_notice
"Selected candidate: Netflix needs 29 people to watch ads, R$503.53/day. Start today, Telegram @jobs527.",phishing,job_scam
Australia Post: we missed you today. Reschedule delivery (€1.49) at get-redelivery.club,phishing,delivery_fee
"Apple Music Security: enter your 2FA code at http://apple-madrid.vip/claim to confirm the pending transfer of €4,781.",phishing,account_problem_link
"PG&E: a power cut is affecting your area. Engineers are on site, estimated restoration 2:15pm.",ham,real_telco_util_notice
"Coucou Tonton, c'est moi, j'ai changé de numéro. Tu peux me faire un virement de $312 ? Je te rembourse vite.",phishing,new_number_family_i18n
"Noon: a iPhone 16 Pro was ordered from a new device in Chicago. Charged R$4,841. Cancel: +971 57 126 9406",phishing,fake_order_callback
Verizon: planned maintenance in your area today 10am-noon. You may lose signal briefly. Sorry for the inconvenience.,ham,real_telco_util_notice
Your Dropbox subscription renewed for $40. To cancel and get a refund call 07 35 55 11 62 within 24h.,phishing,fake_subscription_charge
"PlayStation Plus receipt: ₹3,591 charged Saturday. If you did not authorize this, cancel at http://cancel-manila.buzz/claim",phishing,fake_subscription_charge
HBO Max receipt: R$739 for your family plan. Thank you!,ham,real_subscription_notice
Movistar: a payment of ₹843.29 is pending. Not you? Cancel it here: http://my-movistar.cc/login,phishing,account_problem_link
"Papa ye mera naya number hai, purana phone chori ho gaya. Isko save kar lo aur WhatsApp pe msg karo.",phishing,new_number_family_i18n
Buy €539.17 of electronics at Sainsbury's and get a €320.77 bonus card. Ends Monday.,spam,giftcard_promo
HBO Max: payment of $296 failed. Update your billing within 48 hours or lose access: https://rb.gy/p21462,phishing,fake_subscription_charge
"Papa I smashed my screen This is my temporary number until I get the new phone. I need to pay for the phone repair but my banking app is locked on the old phone, can you help?",phishing,new_number_family
Yodel notice: package #787-7661415-5077058 returns to sender unless address is confirmed: http://yodel-london.xyz/id,phishing,delivery_fee
"Deloitte is hiring! Earn £4,033-$108 daily like videos. No experience, paid daily. Ages 22+. text +91 70827 84162",phishing,job_scam
"Hola, soy Olivia de RRHH de Walmart. Has sido seleccionado para un trabajo remoto, ₹87 al día. Escríbeme por WhatsApp +1 899 401 6551.",phishing,job_scam_i18n
"Auntie I my number got cut off Can you message me on WhatsApp on this number? I can't get into my bank, can you pay something for me quickly? thanks",phishing,new_number_family
"Hi Dmitri, Lena here from the letting agency, confirming your viewing Wednesday at 1pm.",ham,friend_wrong_number
Netflix: your payment of $578 was processed. Next billing date this weekend. Manage your plan in Account settings.,ham,real_subscription_notice
"Je suis en retard de 22 min, commande-moi un café stp",ham,chat_i18n
Etisalat: your recharge of R$120 was successful. Validity 62 days.,ham,real_telco_util_notice
HMRC: you are owed a stimulus payment of $35. Submit your bank details at http://tax13.icu to receive it.,phishing,gov_callback
Rogers: planned maintenance in your area Thursday 9:30am-10am. You may lose signal briefly. Sorry for the inconvenience.,ham,real_telco_util_notice
Walmart: your order #936-6445502-5475325 (printer ink) has shipped and will arrive Friday. Track it at walmart.com/account.,ham,real_order_notice
"New number alert, this is Anna :) same WhatsApp, just a new sim. See you Monday!",ham,friend_new_number
Lidl: get a $837 gift card when you spend R$776 Tuesday only. In store and online. Terms apply. Reply STOP to opt out.,spam,giftcard_promo
"Best Buy: your package with Samsung 65"" TV was delivered. It was left in the mailroom.",ham,real_order_notice
"our client is hiring weekend staff. Open interviews Monday 10am-10am, bring ID. Text STOP to end.",spam,real_job_ad
"Now hiring: care assistants at Marriott, R$540/hr. Apply at linkedin.com/jobs. Reply STOP to opt out.",spam,real_job_ad
"Hi, this is Lucy from Costco Hiring Team. We reviewed your resume and you qualify for a work-from-home package handler role, ₹2,084/hour. text 06 95 22 58 98 to start.",phishing,job_scam
YouTube Premium: Your premium plan was charged R$29 to card ending 8860. Not you? Dispute here: http://app-youtube.online,phishing,fake_subscription_charge
"Hallo, hast du gerade einen 6-stelligen Code bekommen? Ich habe aus Versehen deine Nummer eingegeben, schick ihn mir bitte.",phishing,code_relay_i18n
"Hi, this is Dmitri from TikTok Recruitment. We reviewed your resume and you qualify for a work-from-home package handler role, $81/day. WhatsApp me on +91 94542 12941 to start.",phishing,job_scam
ICICI: your direct debit of £209 to E.ON is due tonight.,ham,real_bank_notice
"YouTube Premium: a new device signed in to your account from Toronto. If this wasn't you, change your password in the YouTube Premium app.",ham,real_subscription_notice
"Heyy did you just get a PayPal code? I typed your number instead of mine, can you send it to me? ttyl",phishing,code_relay
"Uber is hiring seasonal staff. Open interviews tonight 2:15pm-9:30am, bring ID. Text STOP to end.",spam,real_job_ad
Hey!! can you send me Beatriz's address? Need it for the delivery x,ham,friend_favor
School: sports day on Thursday. See the newsletter for details.,ham,real_hr_and_appointments
"You are our 1,000th visitor! A a phone case is waiting for you. Pay only shipping $3.20: prize73.link/verify",phishing,prize_win
MediaMarkt: MacBook Pro is out for delivery today. Someone should be available to sign.,ham,real_order_notice
"Hi, is this Wei? It's Lena from the school run, Mia gave me your number about Thursday.",ham,friend_wrong_number
DPD: your driver Mike is 2 stops away.,ham,real_delivery_notice
Offre spéciale : 50% de réduction sur les chaussures chez Sephora jusqu'à ce soir. laredoute.fr,spam,ads_i18n
"Oi Vô, sou eu, quebrei o celular, esse é meu número novo. Salva aí e me chama no WhatsApp.",phishing,new_number_family_i18n
"Hey, is this still João's number? Haven't heard from you since London.",phishing,wrong_number_opener
Bradesco: your contact details needs re-verification. Keep access: renew-alert.xyz/pay,phishing,account_problem_link
"مبروك! تم اختيارك للفوز بقسيمة €1,000 من Lidl. اضغط للمطالبة: prize-verify.xyz",phishing,prize_win_i18n
Movistar: your bill of $704.80 is now available. View or pay at movistar.com. Autopay will process on 22/1.,ham,real_telco_util_notice
"Hello, long time no talk! How have you been? Hope this is still your number.",phishing,wrong_number_opener
"PlayStation Plus receipt: $2,542 charged Friday. If you did not authorize this, cancel at http://refund-manchester.biz/id",phishing,fake_subscription_charge
Seu código SBI é 873-687. Não compartilhe com ninguém.,ham,real_codes
Apple members: double points on everything this weekend. Show the app at checkout. STOP to opt out.,spam,giftcard_promo
Receipt: AirPods Pro AED 243 via El Corte Inglés. Ref A778340. Questions or cancellation: +44 7851 184447 (24/7).,phishing,fake_order_callback
HDFC Bank: $916 was deposited into your account ending 7778. Available balance $604.27.,ham,real_bank_notice
On se voit demain ? Louis vient aussi,ham,chat_i18n
"Buy £1,711 of fuel at Best Buy and get a $59 bonus card. Ends Friday.",spam,giftcard_promo
"Coucou Maman, c'est moi, j'ai perdu mon portable. Tu peux me faire un virement de £499.97 ? Je te rembourse vite.",phishing,new_number_family_i18n
Aldi: get a R$13 gift card when you spend R$65 Wednesday only. In store and online. Terms apply. Reply STOP to opt out.,spam,giftcard_promo
PostNL: we missed you tonight. Reschedule delivery (€1.49) at https://rb.gy/a34040,phishing,delivery_fee
"Vattenfall: a power cut is affecting your area. Engineers are on site, estimated restoration 1pm.",ham,real_telco_util_notice
Meesho Big Sale! Up to 64% off on fashion. Shop now flipkart.com. Reply STOP to opt out.,spam,ads_i18n
Receipt: a desk lamp €87 via Amazon. Ref H442436. Questions or cancellation: (722) 542-8391 (24/7).,phishing,fake_order_callback
4712 is your PayPal verification code. It expires in 15 minutes.,ham,real_codes
"Hey Lucía, did you get the package I sent? Sorry to bother you.",phishing,wrong_number_opener
"Mei (Deloitte People Ops): we saw your CV on Glassdoor. Online position, 1-2 hrs a day, R$669/day. Interested? reply YES",phishing,job_scam
"Sis it's your girl, new number Save this number and delete the old one. xx",phishing,new_number_family
بابا هذا رقمي الجديد، جوالي ضاع. ممكن تحولين لي $20 اليوم وأرجعها لك بكرة؟,phishing,new_number_family_i18n
Hello can you send me the code you just received? I used your number for my account. ok?,phishing,code_relay
Monzo: a withdrawal of $97 is pending. Not you? Cancel it here: go-secure.info/verify,phishing,account_problem_link
"hey it's Pierre from the office, finally got a UK number, save me x",ham,friend_new_number
Fnac: a Nintendo Switch was ordered from a new device in Lisbon. Charged $317. Cancel: 07 65 22 74 74,phishing,fake_order_callback
"New number alert, this is Jake :) same WhatsApp, just a new sim. See you this weekend!",ham,friend_new_number
"Olá, sou Fatima do RH da Walmart. Você foi selecionado para uma vaga home office, $1,263 por dia. Me chama no WhatsApp 1-854-607-9492.",phishing,job_scam_i18n
"Thanks for coming to the interview today. We'll be in touch by Friday with next steps. - Wei, HR",ham,real_hr_and_appointments
"Buy £82 of fuel at Lidl and get a $1,682 bonus card. Ends tomorrow.",spam,giftcard_promo
Australia Post: we delivered your parcel to a neighbour at No. 17.,ham,real_delivery_notice
"Hey!! Auntie it's me Save this number and delete the old one. I'm in a bit of a mess, can you help me out? thank you!",phishing,new_number_family
"Hi, Papa, it's me. Text me back on here. I need a favour, it's a bit urgent. love you",phishing,new_number_family
Hello? can you transfer me the $15 for the airbnb when you get a sec? sorted it with Pedro already 🙏,ham,friend_favor
"Thank you for your Jumia purchase of a phone case, total $20. Card ending 4294 charged. Not you? Call our fraud line +34 634 232 502.",phishing,fake_order_callback
"eBay: Your order A553329 for AirPods Pro ($572) has been charged to your card. If you did not authorize this order, call (223) 235-6686 immediately.",phishing,fake_order_callback
Currys: order #2988-70256 is ready for collection at the Manchester store. Bring your order confirmation.,ham,real_order_notice
"Selected candidate: IKEA needs 5 people to complete surveys, ₹75/day. Start today, message +34 681 848 981 on WhatsApp.",phishing,job_scam
"Chase: your card was used abroad in Kyiv for AED 46. If you don't recognise this, call the number on your card.",ham,real_bank_notice
Looking for a new job? Browse 1296 retail openings near you on Jooble. Unsubscribe: reply STOP,spam,real_job_ad
"Hi João, Omar here from the estate agent, confirming your viewing tomorrow at 1pm.",ham,friend_wrong_number
Telekom: planned maintenance in your area Saturday 8:30pm-9:30am. You may lose signal briefly. Sorry for the inconvenience.,ham,real_telco_util_notice
"Hallo Opa, ich bin's, mein Handy ist weg. Das ist meine neue Nummer. Schreib mir bitte auf WhatsApp.",phishing,new_number_family_i18n
"Mom, this is my new number. Text me back on here. I need a favour, it's a bit urgent. thanks",phishing,new_number_family
Unclaimed prize! You were selected for a Dyson V15 from Sainsbury's. Reply YES with your address to receive it.,phishing,prize_win
Apple Music receipt: $17 for your family plan. Thank you!,ham,real_subscription_notice
"Namaste, main Carlos TikTok HR se. Aap part-time online job ke liye select hue hain, AED 3,728/day. WhatsApp karein +44 7928 387542.",phishing,job_scam_i18n
"Hiya quick one, forward me the text with the code that just came through, my phone is acting up xx",phishing,code_relay
Ganhe até €13 por dia com apostas online! Cadastre-se grátis: apostaganha.bet,spam,ads_i18n
CRA notice: a filing error of $93 found on your record. Pay by this weekend at tax-support.icu/secure or face prosecution.,phishing,gov_callback
"Hi, what's the code in the message you just got? I put your number in by mistake 🙏",phishing,code_relay
STC: your recharge of AED 43 was successful. Validity 77 days.,ham,real_telco_util_notice
USPS: parcel #5558-91716 has been collected from the sender and is on its way.,ham,real_delivery_notice
"Hi there I sent a verification code to your number by accident, can you read it to me? Sorry!! love you",phishing,code_relay
"Hola, ¿a qué hora llegas hoy? Te espero en la estación.",ham,chat_i18n
"Hi, this is Fatima from the vet. Is this still the best number for appointment reminders?",ham,friend_wrong_number
"Hey, is this still Jake's number? Haven't heard from you since Sydney.",phishing,wrong_number_opener
"Part-time job offer from Deloitte: share posts for $215.14 per task, paid to your bank instantly. reply YES",phishing,job_scam
"Heyy Grandma, it's Carlos, this is my work phone number in case you can't reach the other one. Everything's fine!",ham,friend_new_number
"Olá, sou Jonas do RH da Temu. Você foi selecionado para uma vaga home office, €115.74 por dia. Me chama no WhatsApp +1 517 751 1000.",phishing,job_scam_i18n
Currys Order Confirmation: Ring doorbell - R$856. Delivery Sunday. To cancel or report unauthorized use call +91 79903 53971.,phishing,fake_order_callback
"Hi Sis!! Something's come up, are you free to help with a payment? x",phishing,new_number_family
Coinbase Alert: your account will be closed in 24 hours. Update your details at coinbase60.cc,phishing,account_problem_link
USPS notice: package #82251998 returns to sender unless address is confirmed: usps46.icu/pay,phishing,delivery_fee
"Dear applicant, congratulations, DHL has approved your order processor application. Salary AED 580 per day. Contact your manager Tom: WhatsApp +34 640 237 921",phishing,job_scam
Hermes: we missed you Saturday. Reschedule delivery (£1.99) at http://redelivery-notice.win,phishing,delivery_fee
Meesho Big Sale! Up to 43% off on fashion. Shop now flipkart.com. Reply STOP to opt out.,spam,ads_i18n
Refinance your mortgage at 4.1% APR! Lock your rate today at refi-now.com,spam,generic_ads
QNB: Did you make a AED 53 purchase at WALMART on 8/9? Reply YES or NO.,ham,real_bank_notice
"Part-time job offer from Shein: like videos for AED 68.30 per task, paid to your bank instantly. WhatsApp me on +34 667 283 145",phishing,job_scam
"Use 148 219 to sign in to Signal. If you didn't request this, ignore this message.",ham,real_codes
"Sell your house fast for cash, any condition, close in 13 days. Call +971 57 577 7777",spam,generic_ads
Your Revolut code is 485-542. Never share this code with anyone.,ham,real_codes
"TIM: thanks for your payment of R$2,100. Your next bill is due tonight.",ham,real_telco_util_notice
Revolut Alert: your account will be restricted today. Update your details at https://is.gd/r46341,phishing,account_problem_link
Citi Alert: your account will be closed today. Update your details at https://is.gd/c67441/refund,phishing,account_problem_link
"You've been chosen for a €2,547 refund from QNB. Enter your card to receive it: http://refund-dallas.club",phishing,prize_win
Tu código de verificación de Apple es 7635. No lo compartas.,ham,real_codes
"Google One: a new device signed in to your account from Moscow. If this wasn't you, change your password in the Google One app.",ham,real_subscription_notice
"Hiya it's Dmitri, got a new number, save it! Old one stops working Tuesday.",ham,friend_new_number
"Hi, is this Liam? It's Mike from the book club, Carlos gave me your number about Wednesday.",ham,friend_wrong_number
"Hiya it's Max, got a new number, save it! Old one stops working Tuesday.",ham,friend_new_number
"Layla here, new phone same number, lost all my contacts though. Who's this? 😅",ham,friend_new_number
"Thames Water: a power cut is affecting your area. Engineers are on site, estimated restoration 6pm.",ham,real_telco_util_notice
"Hola Abuela, se me rompió el móvil y este es mi nuevo número. Necesito que me ayudes con un pago urgente.",phishing,new_number_family_i18n
"Hi Dr. Mike, this is Mia. Can we move my appointment to Monday? Apologies if I have the wrong number.",phishing,wrong_number_opener
Spotify: suspicious activity detected. Secure your account now: https://tinyurl.com/e60008,phishing,account_problem_link
UPS: your parcel #6468-33652 will be delivered tomorrow between 1pm and 3pm. No action needed.,ham,real_delivery_notice
"YouTube Premium: a new device signed in to your account from Miami. If this wasn't you, change your password in the YouTube Premium app.",ham,real_subscription_notice
"Naturgy: a power cut is affecting your area. Engineers are on site, estimated restoration 8am.",ham,real_telco_util_notice
"Your Disney+ free trial ends this weekend. You'll be charged £2,650/month unless you cancel in the app.",ham,real_subscription_notice
"Hi, is this Olivia? It's Dmitri from the school run, João gave me your number about Tuesday.",ham,friend_wrong_number
"Maybank: your card was used abroad in Jakarta for ₹170.63. If you don't recognise this, call the number on your card.",ham,real_bank_notice
DVLA notice: a filing error of R$52 found on your record. Pay by Friday at http://e-tax.click or face prosecution.,phishing,gov_callback
"a local warehouse is hiring full-time staff. Open interviews Monday 6pm-10am, bring ID. Text STOP to end.",spam,real_job_ad
URSSAF: you are owed a rebate of ₹91. Submit your bank details at tax-update.vip/refund to receive it.,phishing,gov_callback
"Uncle it's me, Save this number and delete the old one. Can you transfer me €124 today? I'll pay you back tonight. x",phishing,new_number_family
Bitcoin is about to double! Join 42k members getting daily signals. Free guide: cryptoedge.io,spam,generic_ads
ATO notice: a filing error of $402.01 found on your record. Pay by tomorrow at https://cutt.ly/d22329/verify or face prosecution.,phishing,gov_callback
"Hi Sis!! Can you message me on WhatsApp on this number? I can't get into my bank, can you pay something for me quickly? thank you!",phishing,new_number_family
"Thanks for your Mercado Livre order! MacBook Pro, £719. Est. delivery Thursday. Manage your order in mercadolivre.com/track.",ham,real_order_notice
Buy ₹77 of clothing at Apple and get a AED 807.45 bonus card. Ends Sunday.,spam,giftcard_promo
"Mom, this is my new number. Can you message me on WhatsApp on this number? I can't get into my bank, can you pay something for me quickly? ttyl",phishing,new_number_family
"Hi Dr. Noah, this is Pierre. Can we move my appointment to Thursday? Not sure if this is still you.",phishing,wrong_number_opener
"Thanks for your MediaMarkt order! printer ink, ₹12. Est. delivery today. Manage your order in mediamarkt.com/orders.",ham,real_order_notice
Your benefits card card must be replaced with a new chip card. Confirm your number here to keep coverage: card-berlin.club/id,phishing,gov_callback
Department of Motor Vehicles: you are owed a stimulus payment of €9. Submit your bank details at e-gov.link to receive it.,phishing,gov_callback
"Hey Sofía, it's Noah, we met at Ana's leaving do on Saturday. Great to meet you, let's do that coffee!",ham,friend_wrong_number
"Glückwunsch! Sie wurden für einen $2,000 Amazon Gutschein ausgewählt. Jetzt einlösen: gewinn-update.icu/pay",phishing,prize_win_i18n
Looking for a new job? Browse 1072 nursing openings near you on Indeed. Unsubscribe: reply STOP,spam,real_job_ad
خالتي هذا رقمي الجديد، جوالي تعطل. محتاج مساعدة عاجلة في دفع فاتورة.,phishing,new_number_family_i18n
"Bet ₹53 get $384 in free bets at BetKing. 18+, T&Cs apply, new customers only.",spam,generic_ads
Three Security: enter your 2FA code at https://tinyurl.com/u78939/claim to confirm the pending login of $774.08.,phishing,account_problem_link
"PlayStation Plus: your payment of £2,707 was processed. Next billing date Sunday. Manage your plan in Account settings.",ham,real_subscription_notice
"Hey running 8 min late, traffic is terrible. Order me a beer? ok?",ham,friend_favor
"Hey!! I sent a verification code to your number by accident, can you read it to me? It expires in 5 min. asap",phishing,code_relay
Your Canva subscription renewed for £782.87. To cancel and get a refund call 06 90 71 34 72 within 24h.,phishing,fake_subscription_charge
"Hi there Grandpa it's me Please reply here so I know you got this. I need a favour, it's a bit urgent.",phishing,new_number_family
"Badhai ho! Aapko €850,000 ka Walmart gift card mila hai. Abhi claim karein: inaam97.club/login",phishing,prize_win_i18n
"Hello? did you just get a Facebook code? I used your number for my account, can you send it to me? thank you!",phishing,code_relay
Congratulations! You've been selected to receive a $750 Apple gift card. Claim now: http://get-apple.info,phishing,prize_win
"Currys: a Samsung 65"" TV was ordered from a new device in Miami. Charged $45.22. Cancel: +91 86139 88979",phishing,fake_order_callback
Department of Motor Vehicles: Your Social Security number has been flagged. Call +91 86284 28543 to avoid arrest.,phishing,gov_callback
"Congratulations! You've been selected to receive a €1,000 Tesco gift card. Claim here: rewards82.top/secure",phishing,prize_win
"Bet $2,283 get $4,674 in free bets at WinZone. 18+, T&Cs apply, new customers only.",spam,generic_ads
Receipt: PlayStation 5 $661.65 via Fnac. Ref F793178. Questions or cancellation: +44 7169 767359 (24/7).,phishing,fake_order_callback
"Namaste, main Mateo Amazon HR se. Aap part-time online job ke liye select hue hain, ₹334/day. WhatsApp karein (214) 744-5483.",phishing,job_scam_i18n
Weather alert: heat warning for Moscow until 4:45pm. Avoid low-lying roads.,ham,real_hr_and_appointments
"Hey Noah, it's Lucía, we met at Rahul's birthday on Saturday. Great to meet you, let's do that coffee!",ham,friend_wrong_number
"Hi all, Anna here. Switched carriers so this is my number from now on. No need to reply.",ham,friend_new_number
"Hi, Pierre, did you get the photos I sent? Sorry, is this the right number?",phishing,wrong_number_opener
"Yo it's Léa, we haven't spoken in ages, are you still in Paris? Sorry to bother you.",phishing,wrong_number_opener
Weather alert: heat warning for Lagos until 10am. Avoid low-lying roads.,ham,real_hr_and_appointments
"Netflix: a new device signed in to your account from Madrid. If this wasn't you, change your password in the Netflix app.",ham,real_subscription_notice
Your health card card must be replaced with a new chip card. Confirm your number here to keep coverage: https://is.gd/y73744,phishing,gov_callback
Unlock 21k followers overnight! Grow your Instagram fast: followerpro.io,spam,generic_ads
"Truist Security: enter your 2FA code at auth-help.vip/claim to confirm the pending login of ₹4,911.",phishing,account_problem_link
خالتي هذا رقمي الجديد، جوالي انكسر. ممكن تحولين لي €159.27 اليوم وأرجعها لك بكرة؟,phishing,new_number_family_i18n
URSSAF: Your Social Security number has been compromised. Call +44 7171 717003 immediately.,phishing,gov_callback
"Part-time job offer from Tesla: follow accounts for R$646.68 per task, paid to your bank daily. Telegram @talent548",phishing,job_scam
DHL: your parcel is held at customs. Pay $2.99 handling fee within 24h: app-parcel.top/claim,phishing,delivery_fee
"Hiya a code should have come to your phone, my phone is acting up. What is it?",phishing,code_relay
"Yo Jonas, did you get the documents I sent? Not sure if this is still you.",phishing,wrong_number_opener
"Hallo Opa, ich bin's, mein Handy ist kaputt. Das ist meine neue Nummer. Schreib mir bitte auf WhatsApp.",phishing,new_number_family_i18n
"Hi, is this Jonas? It's Emma from the football team, Carlos gave me your number about Saturday.",ham,friend_wrong_number
Your NHS card must be replaced with a new digital card. Confirm your number here to keep coverage: app-benefits.biz,phishing,gov_callback
Bpost: your driver Noah is 8 stops away.,ham,real_delivery_notice
"Hi Mama!! Can you message me on WhatsApp on this number? I can't get into my bank, can you pay something for me quickly? thank you!",phishing,new_number_family
"DBS will never ask for your PIN, password or full card number by text or phone. If in doubt, call the number on the back of your card.",ham,real_bank_notice
Looking for a new job? Browse 3781 driving openings near you on Totaljobs. Unsubscribe: reply STOP,spam,real_job_ad
Enter our spring giveaway for a chance to win a $500 Tesco gift card. Enter at tesco.com/giveaway. No purchase necessary.,spam,giftcard_promo
Jumia: your package with dog food was delivered. It was left with the concierge.,ham,real_order_notice
"Hi, can you send me the code you just received? I used your number for my account. love you",phishing,code_relay
"Hi Lena, this is Emma from Netflix recruiting. Your interview is confirmed for Sunday at 8am. Reply if you need to reschedule.",ham,real_hr_and_appointments
DPD: we missed you Sunday. Reschedule delivery (€0.99) at dpd-alert.cc,phishing,delivery_fee
Apple: your package with Apple Watch was delivered. It was left at the front door.,ham,real_order_notice
"Hi, Rahul, did you get the documents I sent? Sorry, is this the right number?",phishing,wrong_number_opener
"hey it's Beatriz from uni, finally got a UK number, save me x",ham,friend_new_number
Starbucks Rewards: you have won €750! Claim your prize at reward-sydney.win,phishing,prize_win
"Glückwunsch! Sie wurden für einen $5,000 Sainsbury's Gutschein ausgewählt. Jetzt einlösen: gutschein-update.top/verify",phishing,prize_win_i18n
Reminder: your appointment with Dr. Camille is tonight at 9:30am. Reply C to confirm or R to reschedule.,ham,real_hr_and_appointments
"Hey it's Lucy, got a new number, save it! Old one stops working Tuesday.",ham,friend_new_number
"Hi there Mom, it's me. Can you message me on WhatsApp on this number?",phishing,new_number_family
Myntra Big Sale! Up to 76% off on fashion. Shop now ajio.com. Reply STOP to opt out.,spam,ads_i18n
"Sainsbury's: get a R$1,417 gift card when you spend £67 today only. In store and online. Terms apply. Reply STOP to opt out.",spam,giftcard_promo
"Glückwunsch! Sie wurden für einen €50,000 Best Buy Gutschein ausgewählt. Jetzt einlösen: http://gutschein-nairobi.site/claim",phishing,prize_win_i18n
"Hi mum said dinner is at 9:30am, bring Natasha if they're free ttyl",ham,friend_favor
Xbox Game Pass: payment of R$34 failed. Update your billing within 48 hours or lose access: https://rb.gy/s37497,phishing,fake_subscription_charge
"Hey Lucy, it's Max, we met at Ben's leaving do on Tuesday. Great to meet you, let's do that coffee!",ham,friend_wrong_number
"Arjun (Temu People Ops): we saw your CV on LinkedIn. Online position, 1-2 hrs a day, AED 90/day. Interested? reply YES",phishing,job_scam
Your Google code is 509-403. Never share this code with anyone.,ham,real_codes
Hot singles near London want to chat! Free signup: datehub.com,spam,generic_ads
"Starbucks Rewards: you have won €50,000! Confirm your details at get-reward.click",phishing,prize_win
4466 is your Instagram verification code. It expires in 5 minutes.,ham,real_codes
"¡Felicidades! Has sido seleccionado para recibir una tarjeta regalo de $850,000 de Best Buy. Reclama aquí: regalo13.link/id",phishing,prize_win_i18n
"Félicitations ! Vous avez gagné €50,000 au tirage mobile. Confirmez vos coordonnées : http://gagnant-support.win",phishing,prize_win_i18n
"Lena (Shein Staffing): we saw your CV on a job board. Online position, 1-2 hrs a day, AED 4,159/day. Interested? message +91 88396 49441 on WhatsApp",phishing,job_scam
Home Depot members: double points on everything this weekend. Show the app at checkout. STOP to opt out.,spam,giftcard_promo
Your YouTube Premium free trial ends tonight. You'll be charged $328/month unless you cancel in the app.,ham,real_subscription_notice
¡Gana dinero desde casa! Hasta €125 al mes sin experiencia. Regístrate: ingresosextra.es,spam,ads_i18n
Correios: your parcel #17402974 will be delivered Wednesday between 9:30am and 8:30pm. No action needed.,ham,real_delivery_notice
"Solar panels with $0 down, cut your bill by 52%. Free quote: solarquote.com",spam,generic_ads
Your Amazon Prime subscription renewed for £783.94. To cancel and get a refund call (838) 445-1464 within 24h.,phishing,fake_subscription_charge
"WINNER: Your number won €850,000 in the Anniversary Draw. Send your name, address and bank details to claim. Ref #204-6807559-1904804",phishing,prize_win
"Oi, chegou o boleto do condomínio? Preciso pagar até amanhã.",ham,chat_i18n
Verizon: thanks for your payment of ₹640. Your next bill is due Tuesday.,ham,real_telco_util_notice
"Hi all, Priya here. Switched carriers so this is my number from now on. No need to reply.",ham,friend_new_number
"the Tax Office notice: a filing error of $1,134 found on your record. Pay by tonight at http://e-tax.biz or face prosecution.",phishing,gov_callback
"Heyy mum said dinner is at 10am, bring Chris if they're free ok?",ham,friend_favor
Currys: order #16852582 is ready for pickup at the Manchester store. Bring your order confirmation.,ham,real_order_notice
Citi: a billing error detected. Restore your account immediately: http://get-verify.online,phishing,account_problem_link
Your Dropbox free trial ends Saturday. You'll be charged AED 119.95/month unless you cancel in the app.,ham,real_subscription_notice
"Oi Tia, sou eu, quebrei o celular, esse é meu número novo. Consegue me mandar um Pix de ₹569.25 hoje? Amanhã devolvo.",phishing,new_number_family_i18n
"Parabéns! Você foi selecionado para um vale de $50,000 da Tesco. Resgate agora: https://rb.gy/u8229/update",phishing,prize_win_i18n
"Congratulations! You've been selected to receive a €2,000 Best Buy gift card. Claim now: rewards-alert.online/update",phishing,prize_win
Your Hulu subscription renewed for R$31. To cancel and get a refund call 06 92 31 94 70 within 24h.,phishing,fake_subscription_charge
Capital One: your new card ending 9418 has been sent and should arrive in 5-7 days. Activate it in the app when it arrives.,ham,real_bank_notice
"Olá, sou Ben do RH da TikTok. Você foi selecionado para uma vaga home office, ₹977 por dia. Me chama no WhatsApp +34 693 924 754.",phishing,job_scam_i18n
"AT&T: a withdrawal of $3,595 is pending. Not you? Cancel it here: http://at&t-sydney.site/login",phishing,account_problem_link
Hulu: Your annual plan was charged $14 to card ending 6103. Not you? Dispute here: http://hulu16.click,phishing,fake_subscription_charge
Receipt: Bose headphones $891 via Argos. Ref #757-6778529-1920191. Questions or cancellation: +44 7984 780184 (24/7).,phishing,fake_order_callback
"Vivo: your bill of £2,409 is now available. View or pay at the Vivo app or vivo.com. Autopay will process on 28/4.",ham,real_telco_util_notice
"Natasha (Deloitte Staffing): we saw your CV on Glassdoor. Online position, 1-2 hrs a day, AED 64/day. Interested? text +34 624 551 386",phishing,job_scam
DHL: parcel #873-1880850-6855053 has been collected from the sender and is on its way.,ham,real_delivery_notice
Bell: your recharge of ₹332 was successful. Validity 81 days.,ham,real_telco_util_notice
"Hello landed safely, will call you when I get to the hotel please",ham,friend_favor
Barclays: your statement is ready. View it in the Barclays app or online banking.,ham,real_bank_notice
"Dmitri (IKEA Talent Acquisition): we saw your CV on a job board. Online position, 1-2 hrs a day, £235.99/day. Interested? reply YES",phishing,job_scam
Your Enel bill of AED 103 is due on tomorrow. Pay in the Enel app or at enel.com/track. Thank you.,ham,real_telco_util_notice
"Hallo, hier ist Olivia von Uber Recruiting. Sie wurden für eine Homeoffice-Stelle ausgewählt, AED 16 pro Tag. Melden Sie sich per WhatsApp (613) 861-5744.",phishing,job_scam_i18n
Your Microsoft code is 8009. Never share this code with anyone.,ham,real_codes
983-974 is your Lloyds verification code. It expires in 10 minutes.,ham,real_codes
"Félicitations ! Vous avez gagné $5,000 au tirage national. Confirmez vos coordonnées : prix-help.xyz",phishing,prize_win_i18n
"Chronopost: sorry we missed you. Your parcel is at the Berlin depot, collect it with photo ID or rebook in the Chronopost app.",ham,real_delivery_notice
IRS: you are owed a stimulus payment of AED 206. Submit your bank details at refund-help.top to receive it.,phishing,gov_callback
Mercado Livre: your package with a phone case was delivered. It was left in the mailroom.,ham,real_order_notice
"Now hiring: warehouse associates at Amazon, €2,930/hr. Apply at infojobs.net. Reply STOP to opt out.",spam,real_job_ad
"Thanks for your El Corte Inglés order! Bluetooth speaker, R$2,612. Est. delivery today. Manage your order in elcorteinglés.com/track.",ham,real_order_notice
"Hallo, hier ist Kenji von TikTok Recruiting. Sie wurden für eine Homeoffice-Stelle ausgewählt, ₹227.02 pro Tag. Melden Sie sich per WhatsApp +1 581 260 3160.",phishing,job_scam_i18n
On se voit ce soir ? Lucy vient aussi,ham,chat_i18n
"Buy €4,740 of clothing at Carrefour and get a AED 2,168 bonus card. Ends Saturday.",spam,giftcard_promo
Your health card card must be replaced with a new digital card. Confirm your number here to keep coverage: http://medicare-lagos.xyz,phishing,gov_callback
"Hey!! quick one, forward me the text with the code that just came through, I used your number for my account please",phishing,code_relay
"Namaste, main Omar Shein HR se. Aap part-time online job ke liye select hue hain, $71/day. WhatsApp karein +91 94511 79815.",phishing,job_scam_i18n
"Thanks for your Argos order! Kindle Paperwhite, ₹27. Est. delivery this weekend. Manage your order in argos.com/orders.",ham,real_order_notice
"Yo Bro, it's Sarah, this is my work phone number in case you can't reach the other one. Everything's fine!",ham,friend_new_number
You are our lucky customer! A a winter coat is waiting for you. Pay only shipping €1.49: win-miami.vip/confirm,phishing,prize_win
"Hey!! did you just get a Facebook code? I typed your number instead of mine, can you send it to me? x",phishing,code_relay
Amazon Customer: you have won £750! Verify your address at prize-london.click/verify,phishing,prize_win
Canva: payment of $94 could not be processed. Update your billing within 48 hours or lose access: canva-kyiv.click/secure,phishing,fake_subscription_charge
Amazon Prime: your payment of $212 was processed. Next billing date Tuesday. Manage your plan in Account settings.,ham,real_subscription_notice
"Félicitations ! Vous avez gagné $50,000 au tirage national. Confirmez vos coordonnées : https://rb.gy/u93261",phishing,prize_win_i18n
Offre spéciale : 70% de réduction sur la mode chez Sephora jusqu'à dimanche. laredoute.fr,spam,ads_i18n
"مبروك! تم اختيارك للفوز بقسيمة £50,000 من Carrefour. اضغط للمطالبة: http://prize-notice.win/login",phishing,prize_win_i18n
"Enter our summer giveaway for a chance to win a €50,000 Tesco gift card. Enter at tesco.com/giveaway. No purchase necessary.",spam,giftcard_promo
"Dropbox: a new device signed in to your account from Toronto. If this wasn't you, change your password in the Dropbox app.",ham,real_subscription_notice
"Solar panels with $0 down, cut your bill by 60%. Free quote: gosolar.com",spam,generic_ads
¡Gana dinero desde casa! Hasta $972.43 al mes sin experiencia. Regístrate: ganaya.es,spam,ads_i18n
"Now hiring: drivers at Deloitte, AED 4,256/hr. Apply at linkedin.com/jobs. Reply STOP to opt out.",spam,real_job_ad
"Dmitri here, new phone same number, lost all my contacts though. Who's this? 😅",ham,friend_new_number
Hello Sarah's appointment went well. Will update everyone tonight. thank you!,ham,friend_favor
Receita Federal: you are owed a stimulus payment of £678.79. Submit your bank details at app-refund.win to receive it.,phishing,gov_callback
Canada Post: your parcel is held at customs. Pay $1.99 handling fee within 2 days: track-sydney.online/secure,phishing,delivery_fee
Verizon: thanks for your payment of $556. Your next bill is due tomorrow.,ham,real_telco_util_notice
عرض خاص! خصم 27% على جميع الملابس في متجر الرياض مول هذا الأسبوع فقط. تسوق الآن noon.com,spam,ads_i18n
Votre code de connexion PayPal est 454 807. Il expire dans 10 minutes.,ham,real_codes
Disney+: Your family plan was charged AED 148 to card ending 9811. Not you? Dispute here: http://disney+69.xyz,phishing,fake_subscription_charge
"Hey Lucy, it's Tom, we met at Lucía's wedding on Monday. Great to meet you, let's do that coffee!",ham,friend_wrong_number
"Congratulations! You've been picked to receive a €10,000 Amazon gift card. Claim here: get-winner.vip",phishing,prize_win
HBO Max: your payment of $809.98 was processed. Next billing date Sunday. Manage your plan in Account settings.,ham,real_subscription_notice
GLS notice: package #88592046 returns to sender unless address is confirmed: https://rb.gy/m57496,phishing,delivery_fee
"Hello Nan, it's me. This is my temporary number until I get the new phone. I'm in a bit of a mess, can you help me out? x",phishing,new_number_family
"Extended car warranty: your coverage may be expiring. Protect your vehicle from repair bills, call +34 687 970 308 for a quote.",spam,generic_ads
679-489 is your Truist verification code. It expires in 15 minutes.,ham,real_codes
"MediaMarkt: Your order A794940 for GoPro Hero 13 (AED 29) has been charged to your card. If you did not authorize this order, call 1-887-380-6352 immediately.",phishing,fake_order_callback
Offre spéciale : 45% de réduction sur les parfums chez Sephora jusqu'à ce soir. sephora.fr,spam,ads_i18n
"Bin in 11 Minuten da, die Bahn hatte Verspätung",ham,chat_i18n
Seu código Nubank é 710439. Não compartilhe com ninguém.,ham,real_codes
Your E.ON bill of £347 is due on Monday. Pay in the E.ON app or at e.on.com/account. Thank you.,ham,real_telco_util_notice
"Hi there can you send me the wifi password again, my phone forgot it x",ham,friend_favor
"Hi there did you just get a 4 digit code? I used your number for my account, can you send it to me? ttyl",phishing,code_relay
"Yo quick one, forward me the text with the code that just came through, I put your number in by mistake x",phishing,code_relay
"Hola, soy Wei de RRHH de Amazon. Has sido seleccionado para un trabajo remoto, $86 al día. Escríbeme por WhatsApp +971 54 726 9812.",phishing,job_scam_i18n
Zain: planned maintenance in your area today 9:30am-2:15pm. You may lose signal briefly. Sorry for the inconvenience.,ham,real_telco_util_notice
"Now hiring: night shift pickers at Amazon, $1,975/hr. Apply at linkedin.com/jobs. Reply STOP to opt out.",spam,real_job_ad
"Hola Abuelo, se me rompió el móvil y este es mi nuevo número. ¿Puedes pasarme €48 hoy? Mañana te lo devuelvo.",phishing,new_number_family_i18n
"Kal noon baje milte hain, station pe aa jana",ham,chat_i18n
Correios: your parcel is held at customs. Pay £0.99 redelivery fee within 48h: track-miami.win/refund,phishing,delivery_fee
"Heyy did you just get a login code? I used your number for my account, can you send it to me? pls",phishing,code_relay
Enter our spring giveaway for a chance to win a £500 Costco gift card. Enter at costco.com/orders/giveaway. No purchase necessary.,spam,giftcard_promo
مرحبا، أنا Ivan من قسم التوظيف في Shein. تم اختيارك لوظيفة عن بعد براتب €850 يومياً. تواصل واتساب +91 72678 30812,phishing,job_scam_i18n
"Hello hey it's Yuki, my account sent the code to your number, pls send it?",phishing,code_relay
"Walmart: Your order #88768493 for iPhone 16 Pro ($421.29) has been placed. If you did not place this order, call +91 87825 21910 within 24 hours.",phishing,fake_order_callback
"Hey Lucy, did you get the package I sent? Not sure if this is still you.",phishing,wrong_number_opener
Yodel: parcel #69265647 has been collected from the sender and is on its way.,ham,real_delivery_notice
"Glückwunsch! Sie wurden für einen $1,000 Best Buy Gutschein ausgewählt. Jetzt einlösen: https://rb.gy/j88998/secure",phishing,prize_win_i18n
"Now hiring: cleaners at Shein, $931/hr. Apply at glassdoor.com. Reply STOP to opt out.",spam,real_job_ad
"Hi Dmitri, Camille here from the letting agency, confirming your viewing today at 4:45pm.",ham,friend_wrong_number
"Hi Olga, this is Layla from DHL recruiting. Your interview is confirmed for Thursday at 2:15pm. Reply if you need to reschedule.",ham,real_hr_and_appointments
"Sis, this is my new number. This is my temporary number until I get the new phone. Can you send me your card details so I can order a replacement phone? x",phishing,new_number_family
"Hi, long time no talk! How have you been? Not sure if this is still you.",phishing,wrong_number_opener
"Target: Your order #9880-81680 for running shoes (AED 13) has shipped. If you did not place this order, call 07 54 93 75 65 now to cancel.",phishing,fake_order_callback
Your Costco account was used to buy Kindle Paperwhite for $725.69. If this wasn't you contact support at 1-856-633-9054 right away.,phishing,fake_order_callback
"WINNER: Your mobile won €1,000 in the Lucky Draw. Send your name, address and bank details to claim before Sunday. Ref #3212-20660",phishing,prize_win
Seu código BNP Paribas é 105-540. Não compartilhe com ninguém.,ham,real_codes
"Apple: get a €2,140 gift card when you spend ₹2,980 tonight only. In store and online. Terms apply. Reply STOP to opt out.",spam,giftcard_promo
USPS: your parcel is on hold. Pay £2.50 handling fee within 24h: http://go-usps.xyz,phishing,delivery_fee
Starbucks members: double points on everything this week. Show the app at checkout. STOP to opt out.,spam,giftcard_promo
Hello? lol did you see what Anna posted in the group chat ❤️,ham,friend_favor
GLS: we missed you Sunday. Reschedule delivery (€5.00) at redelivery-manila.xyz/claim,phishing,delivery_fee
"hey it's Mia from the team, finally got a UK number, save me x",ham,friend_new_number
"Tesla is hiring full-time staff. Open interviews today 8am-3pm, bring ID. Text STOP to end.",spam,real_job_ad
"Now hiring: cashiers at Zara, €656.65/hr. Apply at our careers page. Reply STOP to opt out.",spam,real_job_ad
Movistar: you've used 100% of your 50GB monthly data. Your allowance resets on 2 Jan.,ham,real_telco_util_notice
"Payday loans from 2.9% APR, decision in minutes. Apply: cashnow.com",spam,generic_ads
"Oi, chegou um código de 6 dígitos aí? Coloquei seu número sem querer, me manda?",phishing,code_relay_i18n
HDFC Bank: your new card ending 9906 has been sent and should arrive in 5-7 days. Activate it in the app when it arrives.,ham,real_bank_notice
"Parabéns! Você foi selecionado para um vale de £250,000 da Amazon. Resgate agora: vale-secure.xyz/verify",phishing,prize_win_i18n
"Hey!! Mom it's me Save this number and delete the old one. I need to buy a new phone today but my banking app is locked on the old phone, can you help? please",phishing,new_number_family
SFR: your bill of £68 is now available. View or pay at the SFR app. Autopay will process on 16/6.,ham,real_telco_util_notice
Your Amazon code is 7326. Never share this code with anyone.,ham,real_codes
Reminder: your appointment with Dr. Ben is tomorrow at 10am. Reply C to confirm or R to reschedule.,ham,real_hr_and_appointments
Telekom: you've used 100% of your 20GB monthly data. Your allowance resets on 10 Nov.,ham,real_telco_util_notice
"Hey!! it's Jonas, we haven't spoken in ages, are you still in Chicago? Not sure if this is still you.",phishing,wrong_number_opener
Hey!! Lucía's surgery went well. Will update everyone tonight. thank you!,ham,friend_favor
Hey!! Tom's exam went well. Will update everyone tonight. pls,ham,friend_favor
ICICI Security: enter your 2FA code at auth51.site/pay to confirm the pending login of $70.,phishing,account_problem_link
SFR: your bill of AED 368 is now available. View or pay at sfr.com. Autopay will process on 24/9.,ham,real_telco_util_notice
Ryanair: flight LR5250 to Moscow now departs from gate B22. Boarding at 8:30pm.,ham,real_hr_and_appointments
"Amazon Prime: your payment of £4,278 was processed. Next billing date Friday. Manage your plan in Account settings.",ham,real_subscription_notice
"Ciao, ci vediamo alle 7 davanti al cinema?",ham,chat_i18n
Final notice from URSSAF: a warrant will be issued unless you settle $300.51 today. Call (501) 231-3727 ref #2220-24198.,phishing,gov_callback
ATO: Your National Insurance number has been suspended. Call 1-852-761-3812 to avoid arrest.,phishing,gov_callback
"Hi, is this Léa? It's Mia from the book club, Natasha gave me your number about Saturday.",ham,friend_wrong_number
"Hi Priya, this is Ivan from Walmart recruiting. Your interview is confirmed for Monday at 1pm. Reply if you need to reschedule.",ham,real_hr_and_appointments
"¡Felicidades! Has sido seleccionado para recibir una tarjeta regalo de £1,500 de Best Buy. Reclama aquí: http://regalo-lagos.biz",phishing,prize_win_i18n
"Revolut: Did you make a €4,021 purchase at TESCO on 8/16? Reply YES or NO.",ham,real_bank_notice
"eBay: Your order #51642171 for Bluetooth speaker (AED 83.05) has shipped. If you did not make this order, call 07 73 88 58 26 within 24 hours.",phishing,fake_order_callback
Hello? do you still have the book I left at yours? 🙏,ham,friend_favor
"Lidl Rewards: you have won €250,000! Verify your address at http://reward-kyiv.club/claim",phishing,prize_win
"Now hiring: forklift operators at TikTok, ₹11/hr. Apply at infojobs.net. Reply STOP to opt out.",spam,real_job_ad
UPS: we missed you Friday. Reschedule delivery (£3.20) at https://shorturl.at/s45934/verify,phishing,delivery_fee
School: sports day on this weekend. See the newsletter for details.,ham,real_hr_and_appointments
"Hi Dr. Beatriz, this is Lucía. Can we move my appointment to today? Sorry, is this the right number?",phishing,wrong_number_opener
"Your Cabify driver Ana is arriving in a gray Toyota Camry, plate A71L958.",ham,real_hr_and_appointments
On se voit ce soir ? Omar vient aussi,ham,chat_i18n
"Hello running 6 min late, meeting ran over. Order me a beer? please",ham,friend_favor
"Buy $1,679 of electronics at Best Buy and get a $4,235 bonus card. Ends Friday.",spam,giftcard_promo
"Auntie it's your son, new number This is my temporary number until I get the new phone. I'm in a bit of a mess, can you help me out? thank you!",phishing,new_number_family
Your El Corte Inglés account was used to buy MacBook Pro for $84.36. If this wasn't you contact support at 07 44 24 87 23 within 2 hours.,phishing,fake_order_callback
Buy $716.20 of toys at Aldi and get a R$93 bonus card. Ends tonight.,spam,giftcard_promo
"Heyy did you just get a 4 digit code? I used your number for my account, can you send it to me? xx",phishing,code_relay
Orange Security: enter your 2FA code at https://tinyurl.com/a75598 to confirm the pending withdrawal of R$882.,phishing,account_problem_link
"Sis, this is my new number. Please reply here so I know you got this. I need to buy a new phone today but my banking app is locked on the old phone, can you help?",phishing,new_number_family
"Ciao, ci vediamo alle 18 davanti al cinema?",ham,chat_i18n
Your table for 8 at Dishoom is confirmed for Monday 10am. Reply CANCEL to cancel.,ham,real_hr_and_appointments
Your table for 6 at Osteria is confirmed for this weekend 10am. Reply CANCEL to cancel.,ham,real_hr_and_appointments
Fnac: order #406-9880386-9840448 is ready for pickup at the Chicago store. Bring your order confirmation.,ham,real_order_notice
"مبروك! تم اختيارك للفوز بقسيمة €10,000 من Walmart. اضغط للمطالبة: http://prize-claim.link",phishing,prize_win_i18n
"Hi there Dad, it's João, this is my work phone number in case you can't reach the other one. Everything's fine!",ham,friend_new_number
"Hi Mama!! Save this number and delete the old one. I'm in a bit of a mess, can you help me out? pls",phishing,new_number_family
Receipt: Dyson V15 $595.15 via Flipkart. Ref #3916-22689. Questions or cancellation: +971 57 309 1733 (24/7).,phishing,fake_order_callback
"Hey happy birthday!!! hope you have an amazing day, drinks on me this weekend x",ham,friend_favor
"QNB: your account ending 9350 has a low balance of £2,130. This is the alert you set up.",ham,real_bank_notice
"Your Airbnb host Priya sent you a message: check-in is after 9:30am, the lockbox code is in the app.",ham,real_hr_and_appointments
"Je suis en retard de 18 min, commande-moi un café stp",ham,chat_i18n
"¡Felicidades! Has sido seleccionado para recibir una tarjeta regalo de €2,000 de Starbucks. Reclama aquí: regalo-update.xyz/id",phishing,prize_win_i18n
Your Currys return for Apple Watch was received. Refund of AED 55 will appear on your card in 3-5 business days.,ham,real_order_notice
School: sports day on Tuesday. See the newsletter for details.,ham,real_hr_and_appointments
"ICICI: R$3,240 was deposited into your account ending 2183. Available balance $397.26.",ham,real_bank_notice
Coinbase: your contact details expires today. Keep access: https://cutt.ly/f8955/pay,phishing,account_problem_link
"Hello a code should have come to your phone, I'm locked out and it went to you. What is it? xx",phishing,code_relay
"Enter our back to school giveaway for a chance to win a £5,000 Sainsbury's gift card. Enter at sainsburys.com/track/giveaway. No purchase necessary.",spam,giftcard_promo
"Hola, soy Camille de RRHH de Shein. Has sido seleccionado para un trabajo remoto, $793.97 al día. Escríbeme por WhatsApp 07 58 20 71 94.",phishing,job_scam_i18n
Chronopost: we missed you this weekend. Reschedule delivery (£0.99) at http://go-chronopost.click/verify,phishing,delivery_fee
Looking for a new job? Browse 886 hospitality openings near you on Jooble. Unsubscribe: reply STOP,spam,real_job_ad
"Félicitations ! Vous avez gagné £5,000 au tirage mobile. Confirmez vos coordonnées : get-prix.link",phishing,prize_win_i18n
"Lucía here, new phone same number, lost all my contacts though. Who's this? 😅",ham,friend_new_number
Home Depot: get a $65 gift card when you spend ₹731 Thursday only. In store and online. Terms apply. Reply STOP to opt out.,spam,giftcard_promo
"Chris it's Priya, I got your number from Noah. Are you free to chat Tuesday?",phishing,wrong_number_opener
PayPal: رمز التحقق الخاص بك هو 454012. لا تشاركه مع أحد.,ham,real_codes
"Hi, I think we spoke about the shipment last week? This is Carlos.",phishing,wrong_number_opener
Your Noon return for MacBook Pro was received. Refund of R$85 will appear on your card in 3-5 business days.,ham,real_order_notice
"Your Airbnb host Dmitri sent you a message: check-in is after 10am, the lockbox code is in the app.",ham,real_hr_and_appointments
"Hey, is this still Max's number? Haven't heard from you since Berlin.",phishing,wrong_number_opener
"Job alert: content rater roles from $2,718/hr. Set up alerts at ziprecruiter.com. Opt out anytime.",spam,real_job_ad
"New number alert, this is Zoe :) same WhatsApp, just a new sim. See you Sunday!",ham,friend_new_number
Orange: you've used 90% of your 50GB monthly data. Your allowance resets on 6 Oct.,ham,real_telco_util_notice
"Selected candidate: TikTok needs 36 people to write short reviews, $465.10/day. Start today, text (719) 699-6402.",phishing,job_scam
FedEx: parcel #81688695 has been collected from the sender and is on its way.,ham,real_delivery_notice
USPS: parcel A876787 has been collected from the sender and is on its way.,ham,real_delivery_notice
"Hiya a code should have come to your phone, I'm locked out and it went to you. What is it? ttyl",phishing,code_relay
عرض خاص! خصم 31% على جميع الملابس في متجر الرياض مول هذا الأسبوع فقط. تسوق الآن yasmin-shop.com,spam,ads_i18n
Apple Music receipt: €714.13 for your student plan. Thank you!,ham,real_subscription_notice
HDFC Bank: a payment of $361.11 to Fatima Lucy was sent from your account. Ref E490674.,ham,real_bank_notice
Apple: 18% off iPhone 16 Pro this week. Shop at the Apple app. Text STOP to unsubscribe.,spam,giftcard_promo
Tu código de verificación de Doctolib es 950641. No lo compartas.,ham,real_codes
"Flipkart: Your order #1571-48447 for iPhone 16 Pro ($564) has been placed. If you did not make this order, call 07 61 28 29 54 within 24 hours.",phishing,fake_order_callback
YouTube Premium: Your annual plan was charged $85 to card ending 4679. Not you? Dispute here: https://tinyurl.com/n55226/secure,phishing,fake_subscription_charge
Jetzt AED 363.73 Bonus sichern! Online Casino mit über 2297 Spielen. jackpotzone.de,spam,ads_i18n
"Congratulations! You've been chosen to receive a $5,000 Target gift card. Claim within 24h: https://cutt.ly/s70854/id",phishing,prize_win
"Hi, is this Mike? It's Léa from the PTA, Dmitri gave me your number about Wednesday.",ham,friend_wrong_number
"Anna here, new phone same number, lost all my contacts though. Who's this? 😅",ham,friend_new_number
"Hello a code should have come to your phone, I'm locked out and it went to you. What is it? thank you!",phishing,code_relay
"Hi, this is Liam from the salon. Is this still the best number for appointment reminders?",ham,friend_wrong_number
"Bhaiya ye mera naya number hai, purana phone toot gaya. Kya aap aaj $505 bhej sakte ho? Kal wapas kar dunga.",phishing,new_number_family_i18n
"Home Depot Customer: you have won $5,000! Verify your address at claim-jakarta.top/pay",phishing,prize_win
eBay Order Confirmation: Bose headphones - €297. Delivery tonight. To cancel or report unauthorized use call +971 53 164 1912.,phishing,fake_order_callback
Yo can you send me the code you just received? I typed your number instead of mine. ok?,phishing,code_relay
"Mama it's me, I need a favour, it's a bit urgent. love you",phishing,new_number_family
"Extended car warranty: your coverage may be expiring. Protect your vehicle from repair bills, call 06 86 91 32 81 for a quote.",spam,generic_ads
Royal Mail: your parcel E978595 will be delivered this weekend between 9:30am and 3pm. No action needed.,ham,real_delivery_notice
"Your Apple Music free trial ends today. You'll be charged €3,803/month unless you cancel in the app.",ham,real_subscription_notice
Final notice from IRS: a warrant will be issued unless you settle £871.54 today. Call +44 7710 511227 ref #7281-48161.,phishing,gov_callback
"Yodel: sorry we missed you. Your parcel is at the Paris depot, collect it with photo ID or rebook in the Yodel app.",ham,real_delivery_notice
Target members: double points on everything this week. Show the app at checkout. STOP to opt out.,spam,giftcard_promo
Yo can you pick up the dry cleaning on your way home? x,ham,friend_favor
"Heyy did you just get a WhatsApp code? it sent the code to your phone somehow, can you send it to me? x",phishing,code_relay
"Mama it's your boy, new number This is my temporary number until I get the new phone. I can't get into my bank, can you pay something for me quickly? thank you!",phishing,new_number_family
US Bank: a payment of £353.70 to Sarah Mei was sent from your account. Ref #5742-27433.,ham,real_bank_notice
"Hey Louis, are you still coming to the yoga class on Wednesday?",phishing,wrong_number_opener
"YouTube Premium receipt: ₹4,720 for your family plan. Thank you!",ham,real_subscription_notice
Your Best Buy account was used to buy GoPro Hero 13 for $73. If this wasn't you contact support at (740) 816-1254 right away.,phishing,fake_order_callback
"Hey!! it's Camille, got a new number, save it! Old one stops working Thursday.",ham,friend_new_number
"Your loyalty points of $2,028 expire today! Redeem now: https://rb.gy/d40841",phishing,prize_win
Looking for a new job? Browse 1511 driving openings near you on Jooble. Unsubscribe: reply STOP,spam,real_job_ad
AT&T: your recharge of £588 was successful. Validity 48 days.,ham,real_telco_util_notice
Buy $758.85 of toys at Aldi and get a $158.80 bonus card. Ends this weekend.,spam,giftcard_promo
Burger Barn is now open on Main St! Show this text for a free dessert with any entree.,spam,generic_ads
Apple Music: payment of $49 was declined. Update your billing within 48 hours or lose access: http://billing-madrid.club,phishing,fake_subscription_charge
"Hi, this is Louis from the garage. Is this still the best number for appointment reminders?",ham,friend_wrong_number
"Hey!! Max, are you still coming to the wedding on Sunday?",phishing,wrong_number_opener
"Papa ye mera naya number hai, purana phone toot gaya. Kya aap aaj ₹98 bhej sakte ho? Kal wapas kar dunga.",phishing,new_number_family_i18n
Glückwunsch! Sie wurden für einen $500 Starbucks Gutschein ausgewählt. Jetzt einlösen: app-gutschein.link/refund,phishing,prize_win_i18n
"Kal 4:45pm baje milte hain, station pe aa jana",ham,chat_i18n
"Hi Dr. Lena, this is Lena. Can we move my appointment to Monday? Sorry, is this the right number?",phishing,wrong_number_opener
"Bin in 8 Minuten da, die Bahn hatte Verspätung",ham,chat_i18n
Emirates NBD: your contact details needs re-verification. Keep access: https://is.gd/e59385,phishing,account_problem_link
"Your Fnac account was used to buy Samsung 65"" TV for $4,992. If this wasn't you contact support at 1-884-460-9317 within 2 hours.",phishing,fake_order_callback
"Hi all, Mateo here. Switched carriers so this is my number from now on. No need to reply.",ham,friend_new_number
"Duke Energy: a power cut is affecting your area. Engineers are on site, estimated restoration 2:15pm.",ham,real_telco_util_notice
"Enter our back to school giveaway for a chance to win a $5,000 Target gift card. Enter at target.com/account/giveaway. No purchase necessary.",spam,giftcard_promo
Dropbox: your payment of £546 was processed. Next billing date Friday. Manage your plan in Account settings.,ham,real_subscription_notice
Ganhe até $72 por dia com apostas online! Cadastre-se grátis: apostaganha.bet,spam,ads_i18n
"Now hiring: cashiers at Uber, £1,903/hr. Apply at linkedin.com/jobs. Reply STOP to opt out.",spam,real_job_ad
"Extended car warranty: your coverage may be expiring. Protect your vehicle from repair bills, call (736) 468-4550 for a quote.",spam,generic_ads
Correios notice: package #596-8571333-3424740 returns to sender unless address is confirmed: http://correios84.link,phishing,delivery_fee
Home Depot: your package with printer ink was delivered. It was left with the concierge.,ham,real_order_notice
"Hello? mum said dinner is at 10am, bring Ahmed if they're free xx",ham,friend_favor
"Lucy here, new phone same number, lost all my contacts though. Who's this? 😅",ham,friend_new_number
Hi there can you send me the code you just received? my phone is acting up. ttyl,phishing,code_relay
"Hi, is this Mia? It's Natasha from the book club, Neha gave me your number about Saturday.",ham,friend_wrong_number
"Tô chegando, 15 min. Pede uma água pra mim?",ham,chat_i18n
"Hello? happy birthday!!! hope you have an amazing day, call you later pls",ham,friend_favor
Centrelink notice: an outstanding fine of $301 found on your record. Pay by Tuesday at https://shorturl.at/y75809/confirm or face prosecution.,phishing,gov_callback
"Hi Noah, this is Liam from TikTok recruiting. Your interview is confirmed for Monday at 2:15pm. Reply if you need to reschedule.",ham,real_hr_and_appointments
SBI: a payment of £68 to Anna Ahmed was sent from your account. Ref E943705.,ham,real_bank_notice
"Hi hey it's Pedro, my account sent the code to your number, read it out to me? thank you!",phishing,code_relay
Jetzt $996 Bonus sichern! Online Casino mit über 1057 Spielen. casinoclub.de,spam,ads_i18n
مرحبا، أنا Léa من قسم التوظيف في Deloitte. تم اختيارك لوظيفة عن بعد براتب ₹357 يومياً. تواصل واتساب +1 987 540 4312,phishing,job_scam_i18n
Your Duke Energy bill of R$842.87 is due on Thursday. Pay in the Duke Energy app or at dukeenergy.com/orders. Thank you.,ham,real_telco_util_notice
"Glückwunsch! Sie wurden für einen $250,000 Best Buy Gutschein ausgewählt. Jetzt einlösen: https://cutt.ly/x87843/verify",phishing,prize_win_i18n
Looking for a new job? Browse 6714 nursing openings near you on Totaljobs. Unsubscribe: reply STOP,spam,real_job_ad
"Hola Tía, se me rompió el móvil y este es mi nuevo número. ¿Puedes pasarme €4,278 hoy? Mañana te lo devuelvo.",phishing,new_number_family_i18n
"ATO: you are owed a benefit payment of $3,068. Submit your bank details at http://gov30.xyz to receive it.",phishing,gov_callback
Commonwealth Bank: AED 816 was deposited into your account ending 1134. Available balance $330.,ham,real_bank_notice
"Thanks for coming to the interview today. We'll be in touch by Monday with next steps. - Carlos, HR",ham,real_hr_and_appointments
"Olá, sou Liam do RH da Temu. Você foi selecionado para uma vaga home office, $709 por dia. Me chama no WhatsApp 07 82 37 13 88.",phishing,job_scam_i18n
Costco: a phone case is out for delivery today. Someone should be available to sign.,ham,real_order_notice
"Salut, tu as reçu un code de vérification ? Je me suis trompé de numéro, tu peux me l'envoyer ?",phishing,code_relay_i18n
"Hey!! it's Lucy, we haven't spoken in ages, are you still in London? Hope this is still your number.",phishing,wrong_number_opener
Fnac: your package with printer ink was delivered. It was left in the mailroom.,ham,real_order_notice
Refinance your mortgage at 2.9% APR! Lock your rate today at refi-now.us,spam,generic_ads
Vodafone: a billing error detected. Restore your account now: https://cutt.ly/c55442,phishing,account_problem_link
Heyy what time does the match start tonight? love you,ham,friend_favor
Your Xbox Game Pass subscription renewed for $632. To cancel and get a refund call +1 389 254 1156 within 24h.,phishing,fake_subscription_charge
"PlayStation Plus: a new device signed in to your account from Manila. If this wasn't you, change your password in the PlayStation Plus app.",ham,real_subscription_notice
"Your Bolt driver Mei is arriving in a white Tesla, plate B12N656.",ham,real_hr_and_appointments
"Mercado Livre: Your order #4190-93793 for running shoes (R$53) has been confirmed. If you did not authorize this order, call +44 7493 811269 within 24 hours.",phishing,fake_order_callback
Hello? can you send me the code you just received? I typed your number instead of mine. xx,phishing,code_relay
"Job alert: order processor roles from $2,691/hr. Set up alerts at linkedin.com. Opt out anytime.",spam,real_job_ad
"Hey!! Mom it's me Text me back on here. Something's come up, are you free to help with a payment? ok?",phishing,new_number_family
Canada Post: parcel H122704 has been collected from the sender and is on its way.,ham,real_delivery_notice
"Thanks for coming to the interview today. We'll be in touch by Sunday with next steps. - Dmitri, HR",ham,real_hr_and_appointments
Correios: parcel #727-3931510-9280338 has been collected from the sender and is on its way.,ham,real_delivery_notice
Ganhe até £134 por dia com apostas online! Cadastre-se grátis: betbrasil.bet,spam,ads_i18n
"مبروك! تم اختيارك للفوز بقسيمة $1,000 من Target. اضغط للمطالبة: http://prize-miami.info",phishing,prize_win_i18n
YouTube Premium: Your monthly plan was charged $632 to card ending 1942. Not you? Dispute here: https://shorturl.at/g30353,phishing,fake_subscription_charge
SBI: your statement is ready. View it in the SBI app or online banking.,ham,real_bank_notice
"Hello happy birthday!!! hope you have an amazing day, drinks on me this weekend love you",ham,friend_favor
"Hi, this is Fatima from the dentist. Is this still the best number for appointment reminders?",ham,friend_wrong_number
"Coucou Papi, c'est moi, j'ai changé de numéro. Tu peux me faire un virement de $184 ? Je te rembourse vite.",phishing,new_number_family_i18n
"Hi, I think we spoke about the investment last week? This is Lucía.",phishing,wrong_number_opener
Hey Arjun's surgery went well. Will update everyone tonight. please,ham,friend_favor
"Heyy happy birthday!!! hope you have an amazing day, see you saturday xx",ham,friend_favor
"Carrefour Customer: you have won €50,000! Claim your prize at https://t.co/w28624/id",phishing,prize_win
"SFR: a withdrawal of R$2,901 is pending. Not you? Cancel it here: https://cutt.ly/n89751/secure",phishing,account_problem_link
"Félicitations ! Vous avez gagné €50,000 au tirage national. Confirmez vos coordonnées : https://shorturl.at/f20907/pay",phishing,prize_win_i18n
"Badhai ho! Aapko $250,000 ka Lidl gift card mila hai. Abhi claim karein: http://inaam79.site/pay",phishing,prize_win_i18n
On se voit samedi ? Jonas vient aussi,ham,chat_i18n
عرض خاص! خصم 20% على جميع العطور في متجر الياسمين هذا الأسبوع فقط. تسوق الآن yasmin-shop.com,spam,ads_i18n
"Heyy Dad, I my number got cut off so this is my new number now Please reply here so I know you got this. Something's come up, are you free to help with a payment? love you",phishing,new_number_family
"Thank you for your Apple purchase of GoPro Hero 13, total $4,452. Card ending 2292 charged. Not you? Call our fraud line +34 687 577 303.",phishing,fake_order_callback
"Your cashback of $3,634 expire Saturday! Redeem now: go-points.buzz",phishing,prize_win
"مبروك! تم اختيارك للفوز بقسيمة €1,500 من Shell. اضغط للمطالبة: prize-lagos.info/claim",phishing,prize_win_i18n
On se voit ce soir ? Léa vient aussi,ham,chat_i18n
"Disney+ receipt: €44 charged Sunday. If you did not authorize this, cancel at http://cancel-secure.site/secure",phishing,fake_subscription_charge
"Hey, is this still Ava's number? Haven't heard from you since Lisbon.",phishing,wrong_number_opener
Your Argos return for Nintendo Switch was received. Refund of €526.98 will appear on your card in 3-5 business days.,ham,real_order_notice
"Promo Orange : forfait 50Go à 9,99€/mois pendant 12 mois ! Souscrivez sur sfr-promo.fr",spam,ads_i18n
"Hi there it's Fatima, we haven't spoken in ages, are you still in Dubai? Sorry to bother you.",phishing,wrong_number_opener
"Hi Omar, João here from the estate agent, confirming your viewing Saturday at 4:45pm.",ham,friend_wrong_number
"Hi Dr. Chris, this is Lucy. Can we move my appointment to today? Sorry, is this the right number?",phishing,wrong_number_opener
"Sofía here, new phone same number, lost all my contacts though. Who's this? 😅",ham,friend_new_number
"Chris (Shein Staffing): we saw your CV on LinkedIn. Online position, 1-2 hrs a day, $35/day. Interested? WhatsApp me on +1 533 369 4925",phishing,job_scam
Your Best Buy account was used to buy printer ink for $86. If this wasn't you contact support at +1 604 687 9989 before shipment.,phishing,fake_order_callback
HSBC: your new card ending 3615 has been sent and should arrive in 5-7 days. Activate it in the app when it arrives.,ham,real_bank_notice
Seu código Capital One é 761 531. Não compartilhe com ninguém.,ham,real_codes
You've been chosen for a $443 refund from Rakuten Bank. Enter your card to receive it: http://refund-kyiv.online,phishing,prize_win
"Your loyalty points of ₹4,352 expire Monday! Redeem now: http://rewards12.cc",phishing,prize_win
"hey it's Fatima from yoga, finally got a UK number, save me x",ham,friend_new_number
Google One: your payment of £350.71 was processed. Next billing date Tuesday. Manage your plan in Account settings.,ham,real_subscription_notice
عرض خاص! خصم 51% على جميع الملابس في متجر الرياض مول هذا الأسبوع فقط. تسوق الآن riyadhmall.com,spam,ads_i18n
Hey!! practice is cancelled tonight because of the rain. Coach will send the new schedule tomorrow. asap,ham,friend_favor
"Olá, sou Anna do RH da Shein. Você foi selecionado para uma vaga home office, R$507 por dia. Me chama no WhatsApp 1-887-686-5551.",phishing,job_scam_i18n
"Coucou Tonton, c'est moi, j'ai cassé mon téléphone. Tu peux me faire un virement de R$1,375 ? Je te rembourse vite.",phishing,new_number_family_i18n
Canada Post: we delivered your parcel to your front porch.,ham,real_delivery_notice
Apple Music: your KYC needs re-verification. Keep access: renew10.cc,phishing,account_problem_link
Receipt: MacBook Pro R$313 via Walmart. Ref E444702. Questions or cancellation: 06 54 48 82 45 (24/7).,phishing,fake_order_callback
عمي هذا رقمي الجديد، جوالي ضاع. احفظي الرقم وكلميني واتساب.,phishing,new_number_family_i18n
Yodel: your parcel is on hold. Pay £5.00 handling fee within 24h: app-parcel.link/refund,phishing,delivery_fee
Your Emirates NBD code is 6361. Never share this code with anyone.,ham,real_codes
Correos: we missed you tonight. Reschedule delivery (€1.99) at https://rb.gy/d70492,phishing,delivery_fee
مرحبا، وصلك كود واتساب؟ كتبت رقمك بالغلط، ممكن ترسله لي؟,phishing,code_relay_i18n
"HBO Max receipt: R$1,281 for your annual plan. Thank you!",ham,real_subscription_notice
"Hey!! I sent a verification code to your number by accident, can you read it to me? Need it to log in. thank you!",phishing,code_relay
WhatsApp: 144-937 is your one-time passcode. Do not share it. We will never call to ask for it.,ham,real_codes
"Oi Tio, sou eu, roubaram meu celular, esse é meu número novo. Preciso pagar um boleto urgente e não consigo entrar no banco.",phishing,new_number_family_i18n
"ConEd: a power cut is affecting your area. Engineers are on site, estimated restoration noon.",ham,real_telco_util_notice
Buy ₹389 of electronics at Home Depot and get a $195 bonus card. Ends Wednesday.,spam,giftcard_promo
"Your eBay account was used to buy a winter coat for $4,416. If this wasn't you contact support at +44 7207 133105 right away.",phishing,fake_order_callback
"Extended car warranty: your coverage may be expiring. Protect your vehicle from repair bills, call +91 88939 63192 for a quote.",spam,generic_ads
7067 is your Revolut OTP. Valid for 10 mins. Do not share with anyone. -Revolut,ham,real_codes
Monzo: 353 474 is your one-time passcode. Do not share it. We will never call to ask for it.,ham,real_codes
Nubank: your account ending 7116 has a low balance of $13. This is the alert you set up.,ham,real_bank_notice
Unlock 39k followers overnight! Grow your Instagram fast: growfast.pro,spam,generic_ads
"Hallo, hier ist Anna von Zara Recruiting. Sie wurden für eine Homeoffice-Stelle ausgewählt, ₹562.30 pro Tag. Melden Sie sich per WhatsApp +34 651 431 901.",phishing,job_scam_i18n
Chronopost: your parcel #37460680 will be delivered Wednesday between 8am and 7pm. No action needed.,ham,real_delivery_notice
Scotiabank: suspicious activity detected. Verify your account now: https://tinyurl.com/j58336/update,phishing,account_problem_link
"Olá, sou Layla do RH da Google. Você foi selecionado para uma vaga home office, $96 por dia. Me chama no WhatsApp +971 57 889 8995.",phishing,job_scam_i18n
"New number alert, this is Olivia :) same WhatsApp, just a new sim. See you Monday!",ham,friend_new_number
"Deloitte is hiring full-time staff. Open interviews tomorrow 6pm-9:30am, bring ID. Text STOP to end.",spam,real_job_ad
"Google is hiring! Earn ₹954-€1,132 daily test apps. No experience, same-day pay. Ages 22+. WhatsApp me on (794) 360-8919",phishing,job_scam
"Thank you for your Apple purchase of Kindle Paperwhite, total $561.49. Card ending 7248 charged. Not you? Call our fraud line 07 20 61 44 22.",phishing,fake_order_callback
"Thank you for your Mercado Livre purchase of a phone case, total $299. Card ending 1343 charged. Not you? Call our fraud line 06 38 75 97 56.",phishing,fake_order_callback
iCloud: Your monthly plan was charged AED 286 to card ending 4808. Not you? Dispute here: icloud-london.click/refund,phishing,fake_subscription_charge
"Walmart: Your order #42840151 for Apple Watch (£119) has been charged to your card. If you did not place this order, call +971 57 847 3572 immediately.",phishing,fake_order_callback
Department of Motor Vehicles: you are owed a rebate of £655. Submit your bank details at http://tax33.biz to receive it.,phishing,gov_callback
"Spotify: payment of $2,112 was declined. Update your billing within 2 days or lose access: billing94.vip/verify",phishing,fake_subscription_charge
"Dear applicant, congratulations, Amazon has approved your data entry application. Salary €340.67 per week. Contact your manager Pedro: reply YES",phishing,job_scam
"Grandma it's me, Save this number and delete the old one.",phishing,new_number_family
Your US Bank code is 951738. Never share this code with anyone.,ham,real_codes
"Hola, soy Jonas de RRHH de Marriott. Has sido seleccionado para un trabajo remoto, AED 29 al día. Escríbeme por WhatsApp +1 606 974 7575.",phishing,job_scam_i18n
"¡Felicidades! Has sido seleccionado para recibir una tarjeta regalo de €250,000 de Shell. Reclama aquí: http://go-premio.top/claim",phishing,prize_win_i18n
Yo can you pick up bread on your way home?,ham,friend_favor
عرض خاص! خصم 47% على جميع الأحذية في متجر الرياض مول هذا الأسبوع فقط. تسوق الآن yasmin-shop.com,spam,ads_i18n
"Now hiring: warehouse associates at Adecco, $79/hr. Apply at linkedin.com/jobs. Reply STOP to opt out.",spam,real_job_ad
"PlayStation Plus: your payment of €3,092 was processed. Next billing date this weekend. Manage your plan in Account settings.",ham,real_subscription_notice
"Hi Grandma!! Please reply here so I know you got this. I can't get into my bank, can you pay something for me quickly? thank you!",phishing,new_number_family
"Weight-loss pills online, no prescription, discreet shipping. medsonline.store",spam,generic_ads
On se voit demain ? Ivan vient aussi,ham,chat_i18n
Jetzt $12 Bonus sichern! Online Casino mit über 2926 Spielen. spielhalle24.de,spam,ads_i18n
"Starbucks: get a ₹3,564 gift card when you spend £4,043 this weekend only. In store and online. Terms apply. Reply STOP to opt out.",spam,giftcard_promo
"Your Dropbox subscription renewed for $2,031. To cancel and get a refund call +91 86027 82989 within 24h.",phishing,fake_subscription_charge
"Thanks for your Fnac order! Bose headphones, $361.85. Est. delivery Sunday. Manage your order in fnac.com/account.",ham,real_order_notice
Commonwealth Bank: رمز التحقق الخاص بك هو 836 782. لا تشاركه مع أحد.,ham,real_codes
"Hi all, Ana here. Switched carriers so this is my number from now on. No need to reply.",ham,friend_new_number
PlayStation Plus: payment of €945.74 could not be processed. Update your billing within 48 hours or lose access: https://rb.gy/c63518,phishing,fake_subscription_charge
"Hi Dr. Layla, this is Dmitri. Can we move my appointment to Sunday? Sorry to bother you.",phishing,wrong_number_opener
"Grandpa, this is my new number. Can you transfer me $255.70 today? I'll pay you back this weekend.",phishing,new_number_family
DPD: your parcel has an incomplete address. Pay €1.49 handling fee within 48h: http://dpd-support.top/login,phishing,delivery_fee
"Hallo, hier ist Camille von Google Recruiting. Sie wurden für eine Homeoffice-Stelle ausgewählt, $909 pro Tag. Melden Sie sich per WhatsApp (271) 870-5490.",phishing,job_scam_i18n
"Netflix is hiring full-time staff. Open interviews Friday 8:30pm-4:45pm, bring ID. Text STOP to end.",spam,real_job_ad
3287 is your Monzo verification code. It expires in 10 minutes.,ham,real_codes
"مبروك! تم اختيارك للفوز بقسيمة €1,000 من Costco. اضغط للمطالبة: https://bit.ly/v30813/update",phishing,prize_win_i18n
"Job alert: data entry roles from €1,001/hr. Set up alerts at indeed.com. Opt out anytime.",spam,real_job_ad
"Your Airbnb host Camille sent you a message: check-in is after 1pm, the lockbox code is in the app.",ham,real_hr_and_appointments
"Hallo Papa, ich bin's, mein Handy ist kaputt. Das ist meine neue Nummer. Kannst du mir schnell $463 überweisen? Ich kann nicht in mein Banking.",phishing,new_number_family_i18n
"Thanks for coming to the interview today. We'll be in touch by Saturday with next steps. - Ahmed, HR",ham,real_hr_and_appointments
Your NHS card must be replaced with a new digital card. Confirm your number here to keep coverage: https://cutt.ly/q67544/refund,phishing,gov_callback
La Poste: your parcel could not be delivered. Pay $1.99 customs fee within 24h: http://app-track.info,phishing,delivery_fee
Canada Post: your parcel is on hold. Pay £2.99 handling fee within 24h: http://canada10.xyz,phishing,delivery_fee
"Oi Mãe, sou eu, quebrei o celular, esse é meu número novo. Consegue me mandar um Pix de $48 hoje? Amanhã devolvo.",phishing,new_number_family_i18n
¡Felicidades! Has sido seleccionado para recibir una tarjeta regalo de £500 de Starbucks. Reclama aquí: http://premio-moscow.cc/claim,phishing,prize_win_i18n
Heyy what time does the flight start tomorrow? xx,ham,friend_favor
Xbox Game Pass receipt: $29 for your annual plan. Thank you!,ham,real_subscription_notice
Your table for 6 at Osteria is confirmed for Monday 2:15pm. Reply CANCEL to cancel.,ham,real_hr_and_appointments
"Papa ye mera naya number hai, purana phone toot gaya. Kya aap aaj $811 bhej sakte ho? Kal wapas kar dunga.",phishing,new_number_family_i18n
Hey can you send me the code you just received? I used your number for my account.,phishing,code_relay
Hiya Kenji's interview went well. Will update everyone tonight. ❤️,ham,friend_favor
¡Gana dinero desde casa! Hasta €120.04 al mes sin experiencia. Regístrate: trabajofacil.es,spam,ads_i18n
"Namaste, main Omar Costco HR se. Aap part-time online job ke liye select hue hain, AED 79/day. WhatsApp karein +91 91459 87961.",phishing,job_scam_i18n
"Bonjour, Louis du service RH de Deloitte. Votre profil a été retenu pour un poste à domicile, AED 85/jour. Contactez-moi sur WhatsApp 07 19 64 18 88.",phishing,job_scam_i18n
Votre code de connexion Amazon est 4207. Il expire dans 10 minutes.,ham,real_codes
DHL: your parcel is held at customs. Pay £1.99 customs fee within 24h: parcel-notice.buzz,phishing,delivery_fee
"Receipt: a winter coat €1,767 via Noon. Ref #427-2635955-4474420. Questions or cancellation: +1 369 907 3054 (24/7).",phishing,fake_order_callback
"Aramex: sorry we missed you. Your parcel is at the Mumbai depot, collect it with photo ID or rebook in the Aramex app.",ham,real_delivery_notice
"Parabéns! Você foi selecionado para um vale de $1,000 da Tesco. Resgate agora: http://premio32.club/refund",phishing,prize_win_i18n
Your Costco return for Nintendo Switch was received. Refund of $596 will appear on your card in 3-5 business days.,ham,real_order_notice
"Your prescription is ready for pickup at Boots, 5755 Main St. Open 8am-8:30pm.",ham,real_hr_and_appointments
"Hallo, hier ist Noah von Shein Recruiting. Sie wurden für eine Homeoffice-Stelle ausgewählt, €229 pro Tag. Melden Sie sich per WhatsApp 06 99 98 21 78.",phishing,job_scam_i18n
"Thanks for your Mercado Livre order! Bose headphones, AED 42. Est. delivery today. Manage your order in mercadolivre.com/orders.",ham,real_order_notice
"Hi Nan, it's me. Can you message me on WhatsApp on this number? Can you send me your card details so I can order a replacement phone? thank you!",phishing,new_number_family
"Hi Mei, Fatima here from the letting agency, confirming your viewing today at 7pm.",ham,friend_wrong_number
Vote Fatima Layla for School Board on Sunday! Better schools. Paid for by the campaign.,spam,generic_ads
"Part-time job offer from Google: follow accounts for R$23 per task, paid to your bank instantly. WhatsApp +1 776 481 3430",phishing,job_scam
CaixaBank: your statement is ready. View it in the CaixaBank app or online banking.,ham,real_bank_notice
"Tesla is hiring! Earn ₹596.17-₹865 daily complete surveys. No experience, paid daily. Ages 22+. Telegram @team347",phishing,job_scam
"Dropbox: a new device signed in to your account from Paris. If this wasn't you, change your password in the Dropbox app.",ham,real_subscription_notice
Reminder: your appointment with Dr. Pedro is Wednesday at 8:30pm. Reply C to confirm or R to reschedule.,ham,real_hr_and_appointments
Your ConEd bill of $61 is due on Wednesday. Pay in the ConEd app or at coned.com/track. Thank you.,ham,real_telco_util_notice
"Parabéns! Você foi selecionado para um vale de £2,000 da Home Depot. Resgate agora: vale-lagos.link",phishing,prize_win_i18n
Commerzbank: your account ending 3264 has a low balance of $209.18. This is the alert you set up.,ham,real_bank_notice
"Hallo Mama, ich bin's, mein Handy ist kaputt. Das ist meine neue Nummer. Kannst du mir schnell AED 705.67 überweisen? Ich kann nicht in mein Banking.",phishing,new_number_family_i18n
"Weight-loss pills online, no prescription, discreet shipping. pharma-direct.ru",spam,generic_ads
"Hi, I think we spoke about the apartment last week? This is Wei.",phishing,wrong_number_opener
HMRC: Your National Insurance number has been flagged. Call +34 679 913 711 to avoid arrest.,phishing,gov_callback
"Mom it's your eldest, new number Can you message me on WhatsApp on this number? I need to cover a payment that bounced but my banking app is locked on the old phone, can you help? love you",phishing,new_number_family
"Extended car warranty: your coverage may be expiring. Protect your vehicle from repair bills, call 07 60 21 38 58 for a quote.",spam,generic_ads
Votre code de connexion CaixaBank est 769992. Il expire dans 10 minutes.,ham,real_codes
GLS: your parcel is held at customs. Pay £1.99 handling fee within 48h: http://gls19.club,phishing,delivery_fee
1741 is your Sparkasse OTP. Valid for 10 mins. Do not share with anyone. -Sparkasse,ham,real_codes
Vodafone: your card expires today. Keep access: http://vodafone-claim.vip/login,phishing,account_problem_link
"Olá, sou Louis do RH da DHL. Você foi selecionado para uma vaga home office, €169.94 por dia. Me chama no WhatsApp +91 96686 18705.",phishing,job_scam_i18n
"Your Duke Energy bill of €3,166 is due on this weekend. Pay in the Duke Energy app or at dukeenergy.com/orders. Thank you.",ham,real_telco_util_notice
DPD: parcel #9592-14444 has been collected from the sender and is on its way.,ham,real_delivery_notice
Walmart Customer: you have won $500! Verify your address at reward-london.info,phishing,prize_win
"Bin in 26 Minuten da, die Bahn hatte Verspätung",ham,chat_i18n
Your Argos account was used to buy a winter coat for $77. If this wasn't you contact support at (780) 278-7092 right away.,phishing,fake_order_callback
"Hello? Bro, it's Neha, this is my work phone number in case you can't reach the other one. Everything's fine!",ham,friend_new_number
Jetzt €661.40 Bonus sichern! Online Casino mit über 1948 Spielen. jackpotzone.de,spam,ads_i18n
"Hi, this is Kenji from the garage. Is this still the best number for appointment reminders?",ham,friend_wrong_number
Yo practice is cancelled Friday because of the storm. Coach will send the new schedule tomorrow. thanks,ham,friend_favor
"PlayStation Plus receipt: $4,660 charged Friday. If you did not authorize this, cancel at cancel-help.top/secure",phishing,fake_subscription_charge
"Félicitations ! Vous avez gagné £5,000 au tirage national. Confirmez vos coordonnées : go-gagnant.top/secure",phishing,prize_win_i18n
"Your prescription is ready for pickup at Lloyds Pharmacy, 7948 Main St. Open noon-8am.",ham,real_hr_and_appointments
"Jetzt €1,980 Bonus sichern! Online Casino mit über 2730 Spielen. jackpotzone.de",spam,ads_i18n
"Selected candidate: DHL needs 18 people to share posts, €65/day. Start today, text 1-800-662-7376.",phishing,job_scam
Your benefits card card must be replaced with a new secure card. Confirm your number here to keep coverage: https://bit.ly/w29753/id,phishing,gov_callback
Job alert: customer support roles from R$708/hr. Set up alerts at linkedin.com. Opt out anytime.,spam,real_job_ad
Offre spéciale : 60% de réduction sur les parfums chez Sephora jusqu'à vendredi. laredoute.fr,spam,ads_i18n
On se voit samedi ? Mia vient aussi,ham,chat_i18n
Your benefits card card must be replaced with a new digital card. Confirm your number here to keep coverage: e-card.info/pay,phishing,gov_callback
Amazon: your order #434-4271849-3629181 (a winter coat) has shipped and will arrive Thursday. Track it at the Amazon app.,ham,real_order_notice
Best Buy: order #20458201 is ready for collection at the Manchester store. Bring your order confirmation.,ham,real_order_notice
Flipkart Big Sale! Up to 66% off on mobiles. Shop now myntra.com. Reply STOP to opt out.,spam,ads_i18n
Flipkart Big Sale! Up to 68% off on electronics. Shop now myntra.com. Reply STOP to opt out.,spam,ads_i18n
"Tesco Rewards: you have won £2,000! Confirm your details at https://shorturl.at/y56500/update",phishing,prize_win
Final notice from CRA: a warrant will be issued unless you settle $36 today. Call +44 7893 576074 ref #46006609.,phishing,gov_callback
"Is this Jake? It's Rahul, we met at the gym last week.",phishing,wrong_number_opener
"Namaste, main Arjun Walmart HR se. Aap part-time online job ke liye select hue hain, ₹4,917/day. WhatsApp karein +91 87583 31088.",phishing,job_scam_i18n
Movistar: planned maintenance in your area Thursday 1pm-4:45pm. You may lose signal briefly. Sorry for the inconvenience.,ham,real_telco_util_notice
EE: thanks for your payment of £92. Your next bill is due tomorrow.,ham,real_telco_util_notice
"Bet R$698.59 get R$585 in free bets at WinZone. 18+, T&Cs apply, new customers only.",spam,generic_ads
Dein Discord Bestätigungscode lautet 640-944.,ham,real_codes
PostNL: your driver Lucy is 2 stops away.,ham,real_delivery_notice
"Hello Grandpa, I my phone died for good so this is my new number now Text me back on here. I'm in a bit of a mess, can you help me out? ❤️",phishing,new_number_family
"Your Lyft driver Léa is arriving in a black Prius, plate E94N598.",ham,real_hr_and_appointments
Tu código de verificación de DBS es 9673. No lo compartas.,ham,real_codes
On se voit demain ? Tom vient aussi,ham,chat_i18n
"Hallo, hier ist Omar von Costco Recruiting. Sie wurden für eine Homeoffice-Stelle ausgewählt, €112.79 pro Tag. Melden Sie sich per WhatsApp +91 97909 88848.",phishing,job_scam_i18n
"Namaste, main Olivia Google HR se. Aap part-time online job ke liye select hue hain, R$811.07/day. WhatsApp karein +91 71757 30452.",phishing,job_scam_i18n
"Hi, is this Mei? It's Pedro from the football team, Rahul gave me your number about this weekend.",ham,friend_wrong_number
"hey it's Ben from the office, finally got a UK number, save me x",ham,friend_new_number
Meesho Big Sale! Up to 40% off on mobiles. Shop now myntra.com. Reply STOP to opt out.,spam,ads_i18n
"BNP Paribas: Did you make a €1,948 purchase at UBER on 7/6? Reply YES or NO.",ham,real_bank_notice
"Bin in 21 Minuten da, die Bahn hatte Verspätung",ham,chat_i18n
Medicare: Your SSN has been linked to fraud. Call +1 211 615 6380 within 24 hours.,phishing,gov_callback
Tu código de verificación de Maybank es 287849. No lo compartas.,ham,real_codes
"Hiya it's Beatriz, got a new number, save it! Old one stops working Thursday.",ham,friend_new_number
Evri: we missed you Monday. Reschedule delivery ($5.00) at https://cutt.ly/s57723/update,phishing,delivery_fee
"Enter our holiday giveaway for a chance to win a £250,000 Sainsbury's gift card. Enter at sainsburys.com/orders/giveaway. No purchase necessary.",spam,giftcard_promo
"Parabéns! Você foi selecionado para um vale de €10,000 da Tesco. Resgate agora: http://vale-london.win",phishing,prize_win_i18n
"Canva receipt: ₹553.97 charged today. If you did not authorize this, cancel at http://refund-kyiv.link",phishing,fake_subscription_charge
"Hey, is this still Tom's number? Haven't heard from you since Manchester.",phishing,wrong_number_opener
"Ava here, new phone same number, lost all my contacts though. Who's this? 😅",ham,friend_new_number
Canada Post: we missed you today. Reschedule delivery ($0.99) at https://is.gd/a92605/refund,phishing,delivery_fee
Hermes: your driver Ahmed is 2 stops away.,ham,real_delivery_notice
"Hi Carlos, Kenji here from the removal company, confirming your viewing today at 7pm.",ham,friend_wrong_number
Dropbox receipt: R$44 for your monthly plan. Thank you!,ham,real_subscription_notice
"Now hiring: call center agents at Uber, $1,001/hr. Apply at glassdoor.com. Reply STOP to opt out.",spam,real_job_ad
United: flight LU5093 to Sydney now departs from gate C32. Boarding at 7pm.,ham,real_hr_and_appointments
Offre spéciale : 70% de réduction sur les parfums chez Zalando jusqu'à dimanche. laredoute.fr,spam,ads_i18n
"Maybank: a payment of €2,576 to Lena Louis was sent from your account. Ref #563-8880253-8416786.",ham,real_bank_notice
"iCloud Security: enter your 2FA code at get-auth.icu to confirm the pending transfer of ₹4,865.",phishing,account_problem_link
Canva: your password needs re-verification. Keep access: http://renew-pay.buzz,phishing,account_problem_link
Netflix: your payment of ₹58 was processed. Next billing date Saturday. Manage your plan in Account settings.,ham,real_subscription_notice
"Hola, ¿a qué hora llegas mañana? Te espero en la estación.",ham,chat_i18n
عرض خاص! خصم 43% على جميع الأجهزة في متجر نون هذا الأسبوع فقط. تسوق الآن riyadhmall.com,spam,ads_i18n
"Hi it's Neha, we haven't spoken in ages, are you still in Madrid? Sorry if wrong number!",phishing,wrong_number_opener
"Now hiring: cleaners at Marriott, €55/hr. Apply at glassdoor.com. Reply STOP to opt out.",spam,real_job_ad
Jetzt AED 961 Bonus sichern! Online Casino mit über 1391 Spielen. spielhalle24.de,spam,ads_i18n
"Receipt: Samsung 65"" TV $84 via Home Depot. Ref #99437048. Questions or cancellation: +1 902 759 4467 (24/7).",phishing,fake_order_callback
"Truist: your card was used abroad in Nairobi for R$723.41. If you don't recognise this, call the number on your card.",ham,real_bank_notice
Job alert: content rater roles from $667.94/hr. Set up alerts at indeed.com. Opt out anytime.,spam,real_job_ad
Your Netflix free trial ends today. You'll be charged $610/month unless you cancel in the app.,ham,real_subscription_notice
HMRC: Your SSN has been linked to fraud. Call +91 75050 87871 immediately.,phishing,gov_callback
"Tesla is hiring! Earn AED 4,400-$965.92 daily test apps. No experience, instant withdrawal. Ages 22+. WhatsApp +971 55 263 9192",phishing,job_scam
"Dadi ye mera naya number hai, purana phone kho gaya. Urgent bill bharna hai, bank app nahi khul raha.",phishing,new_number_family_i18n
"Buy €942 of clothing at Amazon and get a R$2,107 bonus card. Ends Monday.",spam,giftcard_promo
Your Spotify free trial ends tonight. You'll be charged ₹845/month unless you cancel in the app.,ham,real_subscription_notice
"Thanks for your El Corte Inglés order! Xbox Series X, €392.52. Est. delivery this weekend. Manage your order in elcorteinglés.com/orders.",ham,real_order_notice
"Tô chegando, 5 min. Pede uma água pra mim?",ham,chat_i18n
Hey!! do you still have the blue jacket I left at yours? ok?,ham,friend_favor
Correios notice: package #75060714 returns to sender unless address is confirmed: confirm-notice.info/pay,phishing,delivery_fee
United: flight UA7927 to Seattle now departs from gate D33. Boarding at 3pm.,ham,real_hr_and_appointments
Vattenfall: your meter reading is due. Submit it in the app by Thursday to avoid an estimated bill.,ham,real_telco_util_notice
"Yo Grandpa it's me Text me back on here. I'm in a bit of a mess, can you help me out? asap",phishing,new_number_family
"Hi Dr. Carlos, this is Zoe. Can we move my appointment to Sunday? Sorry, is this the right number?",phishing,wrong_number_opener
Heyy what time does the flight start Thursday? xx,ham,friend_favor
Google One receipt: €461.63 for your family plan. Thank you!,ham,real_subscription_notice
Crédit Agricole: your new card ending 1764 has been sent and should arrive in 5-7 days. Activate it in the app when it arrives.,ham,real_bank_notice
Wells Fargo: a payment of AED 178.19 to Zoe João was sent from your account. Ref #10319806.,ham,real_bank_notice
"Nani ye mera naya number hai, purana phone chori ho gaya. Isko save kar lo aur WhatsApp pe msg karo.",phishing,new_number_family_i18n
"Hi, mum said dinner is at 6pm, bring Sofía if they're free ❤️",ham,friend_favor
Hi there can you send me the code you just received? I used your number for my account. xx,phishing,code_relay
"Félicitations ! Vous avez gagné €250,000 au tirage mobile. Confirmez vos coordonnées : https://rb.gy/s33099",phishing,prize_win_i18n
Your Hulu subscription renewed for £965. To cancel and get a refund call +1 424 628 9864 within 24h.,phishing,fake_subscription_charge
Hi there practice is cancelled Thursday because of the storm. Coach will send the new schedule tomorrow. please,ham,friend_favor
Job alert: product reviewer roles from $51.91/hr. Set up alerts at ziprecruiter.com. Opt out anytime.,spam,real_job_ad
Parabéns! Você foi selecionado para um vale de $750 da Target. Resgate agora: vale-alert.xyz/id,phishing,prize_win_i18n
Chase: your statement is ready. View it in the Chase app or online banking.,ham,real_bank_notice
Buy ₹285.67 of groceries at Tesco and get a £953.56 bonus card. Ends Tuesday.,spam,giftcard_promo
Grandma I my old sim got blocked Can you message me on WhatsApp on this number? ❤️,phishing,new_number_family
"Hi Wei, Lena here from the letting agency, confirming your viewing Tuesday at noon.",ham,friend_wrong_number
"Bonjour, João du service RH de Netflix. Votre profil a été retenu pour un poste à domicile, AED 131.47/jour. Contactez-moi sur WhatsApp +971 51 580 2705.",phishing,job_scam_i18n
"Félicitations ! Vous avez gagné $5,000 au tirage national. Confirmez vos coordonnées : http://prix-sydney.top/refund",phishing,prize_win_i18n
خالتي هذا رقمي الجديد، جوالي ضاع. ممكن تحولين لي $414 اليوم وأرجعها لك بكرة؟,phishing,new_number_family_i18n
ماما هذا رقمي الجديد، جوالي ضاع. ممكن تحولين لي $887 اليوم وأرجعها لك بكرة؟,phishing,new_number_family_i18n
SFR Alert: your account will be restricted today. Update your details at http://sfr-nairobi.cc/secure,phishing,account_problem_link
Your NHS card must be replaced with a new chip card. Confirm your number here to keep coverage: https://bit.ly/h25439/secure,phishing,gov_callback
Dein Commerzbank Bestätigungscode lautet 6173.,ham,real_codes
Aramex: your parcel #10262832 will be delivered Saturday between 8:30pm and 3pm. No action needed.,ham,real_delivery_notice
"Deloitte is hiring full-time staff. Open interviews Thursday 2:15pm-2:15pm, bring ID. Text STOP to end.",spam,real_job_ad
BNP Paribas: Did you make a AED 142 purchase at WALMART on 9/10? Reply YES or NO.,ham,real_bank_notice
"Now hiring: cashiers at Netflix, €4,999/hr. Apply at our careers page. Reply STOP to opt out.",spam,real_job_ad
La Poste: we missed you this weekend. Reschedule delivery (£2.50) at get-redelivery.icu/confirm,phishing,delivery_fee
Jetzt AED 105 Bonus sichern! Online Casino mit über 2691 Spielen. casinoclub.de,spam,ads_i18n
Your Microsoft code is 951065. Never share this code with anyone.,ham,real_codes
Canada Post: we missed you Tuesday. Reschedule delivery (£3.20) at https://cutt.ly/q49394,phishing,delivery_fee
Xbox Game Pass: Your family plan was charged $59 to card ending 2971. Not you? Dispute here: xbox30.click,phishing,fake_subscription_charge
DVLA notice: an outstanding fine of R$894.01 found on your record. Pay by Thursday at tax91.biz or face prosecution.,phishing,gov_callback
"Amazon Prime receipt: $1,707 for your monthly plan. Thank you!",ham,real_subscription_notice
"New number alert, this is Emma :) same WhatsApp, just a new sim. See you today!",ham,friend_new_number
Mercado Livre: a Ring doorbell was ordered from a new device in Mumbai. Charged AED 554. Cancel: 1-856-207-5127,phishing,fake_order_callback
"Your Xbox Game Pass free trial ends Thursday. You'll be charged $1,454/month unless you cancel in the app.",ham,real_subscription_notice
MediaMarkt: a running shoes was ordered from a new device in Toronto. Charged £897. Cancel: 1-803-490-8154,phishing,fake_order_callback
"Hi Carlos, Layla here from the removal company, confirming your viewing Saturday at 6pm.",ham,friend_wrong_number
"Hola, soy Mateo de RRHH de Uber. Has sido seleccionado para un trabajo remoto, £463.46 al día. Escríbeme por WhatsApp +91 73706 82184.",phishing,job_scam_i18n
SFR: a payment of R$466 is pending. Not you? Cancel it here: sfr-sydney.win,phishing,account_problem_link
"Your Amazon Prime subscription renewed for €2,006. To cancel and get a refund call +1 846 774 3931 within 24h.",phishing,fake_subscription_charge
"Hallo Papa, ich bin's, mein Handy ist kaputt. Das ist meine neue Nummer. Schreib mir bitte auf WhatsApp.",phishing,new_number_family_i18n
Bitcoin is about to double! Join 68k members getting daily signals. Free guide: cryptoedge.club,spam,generic_ads
AT&T: your bill of €64 is now available. View or pay at att.com/orders. Autopay will process on 22/8.,ham,real_telco_util_notice
Apple: order #8299-25842 is ready for pickup at the Paris store. Bring your order confirmation.,ham,real_order_notice
Heyy Ava's exam went well. Will update everyone tonight. x,ham,friend_favor
Tu código de verificación de RBC es 179473. No lo compartas.,ham,real_codes
Costco: your order #772-6594899-6651298 (Kindle Paperwhite) has shipped and will arrive Friday. Track it at costco.com.,ham,real_order_notice
National Grid: your meter reading is due. Submit it in the app by Monday to avoid an estimated bill.,ham,real_telco_util_notice
Bpost: your parcel #75883112 will be delivered Tuesday between 8:30pm and 9:30am. No action needed.,ham,real_delivery_notice
Barclays: Did you make a $74 purchase at AMAZON on 4/13? Reply YES or NO.,ham,real_bank_notice
Final notice from CAF: a warrant will be issued unless you settle $244 today. Call (362) 235-3808 ref #2688-98134.,phishing,gov_callback
"Thank you for your Fnac purchase of Dyson V15, total $67. Card ending 7013 charged. Not you? Call our fraud line +1 385 569 5730.",phishing,fake_order_callback
"Hola Abuela, se me rompió el móvil y este es mi nuevo número. ¿Puedes pasarme £206.34 hoy? Mañana te lo devuelvo.",phishing,new_number_family_i18n
Verizon: you've used 100% of your 50GB monthly data. Your allowance resets on 12 Jun.,ham,real_telco_util_notice
مرحبا، أنا Sarah من قسم التوظيف في Shein. تم اختيارك لوظيفة عن بعد براتب R$76 يومياً. تواصل واتساب +91 86782 86556,phishing,job_scam_i18n
Hermes: your parcel #16543213 will be delivered Thursday between 10am and 9:30am. No action needed.,ham,real_delivery_notice
"Bonjour, Max du service RH de Uber. Votre profil a été retenu pour un poste à domicile, $50/jour. Contactez-moi sur WhatsApp 07 80 48 40 32.",phishing,job_scam_i18n
EE: planned maintenance in your area Thursday 2:15pm-3pm. You may lose signal briefly. Sorry for the inconvenience.,ham,real_telco_util_notice
"Evri: sorry we missed you. Your parcel is at the Seattle depot, collect it with photo ID or rebook in the Evri app.",ham,real_delivery_notice
Jetzt AED 60 Bonus sichern! Online Casino mit über 1581 Spielen. jackpotzone.de,spam,ads_i18n
BBVA: your card has expired. Keep access: e-bbva.site/pay,phishing,account_problem_link
On se voit samedi ? Liam vient aussi,ham,chat_i18n
"Enter our holiday giveaway for a chance to win a £5,000 Best Buy gift card. Enter at bestbuy.com/track/giveaway. No purchase necessary.",spam,giftcard_promo
"Hello? it's Chris, we haven't spoken in ages, are you still in Dubai? Sorry to bother you.",phishing,wrong_number_opener
"WINNER: Your mobile won €500 in the National Draw. Send your name, address and bank details to claim. Ref #5966-21281",phishing,prize_win
Fnac: your package with MacBook Pro was delivered. It was handed to a resident.,ham,real_order_notice
"Your reward points of AED 4,721 expire this weekend! Redeem now: http://go-points.info/id",phishing,prize_win
"Hiya Mama it's me Text me back on here. Can you transfer me $1,201 today? I'll pay you back Wednesday. asap",phishing,new_number_family
Hi there what's the code in the message you just got? I typed your number instead of mine 😊,phishing,code_relay
Walmart: Ring doorbell is out for delivery today. Someone should be available to sign.,ham,real_order_notice
"Hi, is this Ava? It's Olga from the football team, Rahul gave me your number about today.",ham,friend_wrong_number
"Hi, this is Wei from Marriott People Ops. You have been selected for a remote social media assistant role, £43/hour. text +34 621 919 778 to start.",phishing,job_scam
Chronopost: your driver Louis is 8 stops away.,ham,real_delivery_notice
Social Security Administration: Your Medicare number has been compromised. Call (345) 294-3152 within 24 hours.,phishing,gov_callback
"Hey!! a code should have come to your phone, it sent the code to your phone somehow. What is it? 🙏",phishing,code_relay
"Hi Dr. Léa, this is Pedro. Can we move my appointment to Friday? Sorry to bother you.",phishing,wrong_number_opener
Seu código Wells Fargo é 958 309. Não compartilhe com ninguém.,ham,real_codes
Canva: a payment of R$814 is pending. Not you? Cancel it here: https://tinyurl.com/z56600,phishing,account_problem_link
"WINNER: Your number won £250,000 in the Mega Draw. Send your name, address and bank details to claim before Wednesday. Ref #415-8783414-6845178",phishing,prize_win
"Bro I my number got cut off Text me back on here. I need a favour, it's a bit urgent.",phishing,new_number_family
"Tô chegando, 19 min. Pede uma água pra mim?",ham,chat_i18n
"Hi Louis, Wei here from the removal company, confirming your viewing Wednesday at noon.",ham,friend_wrong_number
Correios: your parcel could not be delivered. Pay £0.99 customs fee within 48h: https://rb.gy/h57795,phishing,delivery_fee
PNC: your statement is ready. View it in the PNC app or online banking.,ham,real_bank_notice
"Hi Neha, this is Mike from TikTok recruiting. Your interview is confirmed for Sunday at 8am. Reply if you need to reschedule.",ham,real_hr_and_appointments
"DHL is hiring seasonal staff. Open interviews Thursday noon-4:45pm, bring ID. Text STOP to end.",spam,real_job_ad
"Carlos here, new phone same number, lost all my contacts though. Who's this? 😅",ham,friend_new_number
"Bin in 30 Minuten da, die Bahn hatte Verspätung",ham,chat_i18n
"Your Canva subscription renewed for $4,941. To cancel and get a refund call +91 96133 56683 within 24h.",phishing,fake_subscription_charge
"Hola, soy Wei de RRHH de Uber. Has sido seleccionado para un trabajo remoto, R$2,570 al día. Escríbeme por WhatsApp +34 647 118 353.",phishing,job_scam_i18n
Emirates NBD: a payment of $570 to Lucy Pedro was sent from your account. Ref #934-1444054-7310270.,ham,real_bank_notice
"Hey Mei, it's Mateo, we met at Priya's wedding on Sunday. Great to meet you, let's do that coffee!",ham,friend_wrong_number
Offre spéciale : 59% de réduction sur les chaussures chez Zalando jusqu'à ce soir. laredoute.fr,spam,ads_i18n
جدتي هذا رقمي الجديد، جوالي تعطل. احفظي الرقم وكلميني واتساب.,phishing,new_number_family_i18n
"Hi there happy birthday!!! hope you have an amazing day, see you saturday thank you!",ham,friend_favor
"Tesla is hiring part-time staff. Open interviews tomorrow 8:30pm-8:30pm, bring ID. Text STOP to end.",spam,real_job_ad
STC: your recharge of $70.57 was successful. Validity 41 days.,ham,real_telco_util_notice
"WINNER: You won £5,000 in the Anniversary Draw. Send your name, address and bank details to claim. Ref D742075",phishing,prize_win
You are our lucky winner! A Bose headphones is waiting for you. Pay only shipping $0.99: https://bit.ly/y70155,phishing,prize_win
DVLA notice: unpaid tax of $9 found on your record. Pay by this weekend at e-fine.click/refund or face prosecution.,phishing,gov_callback
"Apple: Your order #1597-17346 for Kindle Paperwhite (₹54) has shipped. If you did not authorize this order, call (359) 832-3629 now to cancel.",phishing,fake_order_callback
"Now hiring: call center agents at a national retailer, R$724.20/hr. Apply at our careers page. Reply STOP to opt out.",spam,real_job_ad
"Hi I sent a verification code to your number by accident, can you read it to me? Sorry!! xx",phishing,code_relay
Jetzt $858.26 Bonus sichern! Online Casino mit über 2121 Spielen. casinoclub.de,spam,ads_i18n
"¡Felicidades! Has sido seleccionado para recibir una tarjeta regalo de €50,000 de Tesco. Reclama aquí: premio29.link/pay",phishing,prize_win_i18n
"Buy $484.01 of fuel at Home Depot and get a AED 4,924 bonus card. Ends Thursday.",spam,giftcard_promo
"Selected candidate: Google needs 20 people to test apps, $707.10/day. Start today, reply YES.",phishing,job_scam
"عمي هذا رقمي الجديد، جوالي انكسر. ممكن تحولين لي €3,053 اليوم وأرجعها لك بكرة؟",phishing,new_number_family_i18n
O2: a withdrawal of $306.61 is pending. Not you? Cancel it here: o2-miami.icu,phishing,account_problem_link
Tu código de verificación de US Bank es 849-610. No lo compartas.,ham,real_codes
"Coucou Tata, c'est moi, j'ai cassé mon téléphone. Écris-moi sur WhatsApp à ce numéro.",phishing,new_number_family_i18n
"Hey Anna, it's Max, we met at Anna's wedding on tomorrow. Great to meet you, let's do that coffee!",ham,friend_wrong_number
You've been chosen for a $557 cash bonus from BCA. Enter your card to receive it: refund-pay.info,phishing,prize_win
Bitcoin is about to explode! Join 44k members getting daily signals. Free guide: btc-profits.io,spam,generic_ads
Xbox Game Pass receipt: AED 783 for your family plan. Thank you!,ham,real_subscription_notice
Flights to London from $531.34! Book by Wednesday at flyaway-travel.com,spam,generic_ads
"Thank you for your Best Buy purchase of a desk lamp, total R$727. Card ending 2888 charged. Not you? Call our fraud line +91 77934 23984.",phishing,fake_order_callback
School: no school on today. See the newsletter for details.,ham,real_hr_and_appointments
"New number alert, this is Dmitri :) same WhatsApp, just a new sim. See you Wednesday!",ham,friend_new_number
Heyy Mom it's me Please reply here so I know you got this. Can you send me your card details so I can order a replacement phone? pls,phishing,new_number_family
Badhai ho! Aapko €500 ka Tesco gift card mila hai. Abhi claim karein: http://gift-london.link,phishing,prize_win_i18n
Capital One Alert: your account will be suspended unless you act. Update your details at http://update72.club,phishing,account_problem_link
Looking for a new job? Browse 1372 nursing openings near you on Monster. Unsubscribe: reply STOP,spam,real_job_ad
"STC: your recharge of £2,164 was successful. Validity 72 days.",ham,real_telco_util_notice
"Job alert: app tester roles from $4,908/hr. Set up alerts at indeed.com. Opt out anytime.",spam,real_job_ad
"Iberdrola: a power cut is affecting your area. Engineers are on site, estimated restoration 9:30am.",ham,real_telco_util_notice
Fnac: a a phone case was ordered from a new device in Nairobi. Charged $783. Cancel: 1-870-294-7330,phishing,fake_order_callback
"Part-time job offer from Deloitte: share posts for ₹439.20 per task, paid to your bank daily. reply YES",phishing,job_scam
"Hi Mei, Camille here from the estate agent, confirming your viewing Friday at noon.",ham,friend_wrong_number
FedEx notice: package #267-6856850-5178015 returns to sender unless address is confirmed: https://is.gd/z90144/id,phishing,delivery_fee
"Extended car warranty: your coverage may be expiring. Protect your vehicle from repair bills, call +34 654 242 792 for a quote.",spam,generic_ads
ماما هذا رقمي الجديد، جوالي ضاع. ممكن تحولين لي $57 اليوم وأرجعها لك بكرة؟,phishing,new_number_family_i18n
Weather alert: severe thunderstorm warning for Sydney until 8:30pm. Avoid low-lying roads.,ham,real_hr_and_appointments
"Papa I phone fell in the pool Can you message me on WhatsApp on this number? I need a favour, it's a bit urgent. please",phishing,new_number_family
Glückwunsch! Sie wurden für einen €750 Home Depot Gutschein ausgewählt. Jetzt einlösen: https://shorturl.at/m20517/refund,phishing,prize_win_i18n
"Jio: your recharge of AED 1,074 was successful. Validity 66 days.",ham,real_telco_util_notice
Unlock 13k followers overnight! Grow your Instagram fast: instaboost.net,spam,generic_ads
MediaMarkt: dog food is out for delivery today. Someone should be available to sign.,ham,real_order_notice
Seu código BNP Paribas é 154 671. Não compartilhe com ninguém.,ham,real_codes
"Job alert: app tester roles from AED 4,274/hr. Set up alerts at ziprecruiter.com. Opt out anytime.",spam,real_job_ad
Your cashback of $620 expire Friday! Redeem now: https://rb.gy/b96163,phishing,prize_win
British Airways: flight BA5824 to London now departs from gate C37. Boarding at 9:30am.,ham,real_hr_and_appointments
"You've been chosen for a €3,264 compensation from Apple. Enter your card to receive it: http://e-refund.icu/verify",phishing,prize_win
"Buy AED 4,729 of fuel at Aldi and get a ₹2,851 bonus card. Ends this weekend.",spam,giftcard_promo
"Your Airbnb host Mei sent you a message: check-in is after 3pm, the lockbox code is in the app.",ham,real_hr_and_appointments
"You are our 100,000th customer! A iPhone 16 Pro is waiting for you. Pay only shipping £3.20: https://bit.ly/u89500/pay",phishing,prize_win
Amazon Prime: your card needs re-verification. Keep access: http://renew-pay.info,phishing,account_problem_link
مرحبا، وصلك كود من 6 أرقام؟ كتبت رقمك بالغلط، ممكن ترسله لي؟,phishing,code_relay_i18n
School: sports day on tonight. See the newsletter for details.,ham,real_hr_and_appointments
Ganhe até £85 por dia com apostas online! Cadastre-se grátis: apostaganha.bet,spam,ads_i18n
"Your Jumia account was used to buy MacBook Pro for AED 3,662. If this wasn't you contact support at 1-876-917-1119 before shipment.",phishing,fake_order_callback
"Enter our summer giveaway for a chance to win a €1,500 Carrefour gift card. Enter at carrefour.com/track/giveaway. No purchase necessary.",spam,giftcard_promo
Heyy do you still have the charger I left at yours? xx,ham,friend_favor
BBVA: your new card ending 1317 has been sent and should arrive in 5-7 days. Activate it in the app when it arrives.,ham,real_bank_notice
Félicitations ! Vous avez gagné $500 au tirage mobile. Confirmez vos coordonnées : https://rb.gy/w73759,phishing,prize_win_i18n
Job alert: remote assistant roles from £309/hr. Set up alerts at indeed.com. Opt out anytime.,spam,real_job_ad
"Hi Auntie!! This is my temporary number until I get the new phone. I'm in a bit of a mess, can you help me out? ok?",phishing,new_number_family
"Now hiring: forklift operators at Tesla, R$19/hr. Apply at indeed.com. Reply STOP to opt out.",spam,real_job_ad
"NatWest: your card was used abroad in Dallas for £834.72. If you don't recognise this, call the number on your card.",ham,real_bank_notice
"hey it's Natasha from yoga, finally got a UK number, save me x",ham,friend_new_number
Flights to Lisbon from $317.88! Book by tonight at cheapflights.com,spam,generic_ads
"Thanks for your Costco order! GoPro Hero 13, $117.27. Est. delivery Tuesday. Manage your order in the Costco app or costco.com.",ham,real_order_notice
"New number alert, this is Olga :) same WhatsApp, just a new sim. See you Friday!",ham,friend_new_number
On se voit demain ? João vient aussi,ham,chat_i18n
"Thanks for coming to the interview today. We'll be in touch by Monday with next steps. - Ava, HR",ham,real_hr_and_appointments
"Sis it's your son, new number Text me back on here. I can't get into my bank, can you pay something for me quickly? thanks",phishing,new_number_family
IRS: Your Social Security number has been compromised. Call 07 47 11 62 53 immediately.,phishing,gov_callback
Flipkart: order B982511 is ready for pickup at the Dubai store. Bring your order confirmation.,ham,real_order_notice
DPD: your parcel is held at customs. Pay £5.00 customs fee within 2 days: parcel-lagos.icu,phishing,delivery_fee
Tu código de verificación de Apple es 406-178. No lo compartas.,ham,real_codes
"Oops wrong number, sorry!",ham,friend_wrong_number
Noon Order Confirmation: running shoes - AED 28. Delivery tonight. To cancel or report unauthorized use call +971 56 158 7389.,phishing,fake_order_callback
"Hey!! Auntie it's me I'm in a bit of a mess, can you help me out? 🙏",phishing,new_number_family
Yo can you pick up my parcel from the neighbour on your way home? thank you!,ham,friend_favor
MediaMarkt: your order D516627 (AirPods Pro) has shipped and will arrive Monday. Track it at mediamarkt.com/orders.,ham,real_order_notice
Your Argos return for Nintendo Switch was received. Refund of €39 will appear on your card in 3-5 business days.,ham,real_order_notice
Unclaimed prize! You were selected for a Nintendo Switch from Carrefour. Reply YES with your address to receive it.,phishing,prize_win
US Bank: AED 88 was deposited into your account ending 5576. Available balance €281.59.,ham,real_bank_notice
"Badhai ho! Aapko €1,500 ka Tesco gift card mila hai. Abhi claim karein: https://cutt.ly/w98950/pay",phishing,prize_win_i18n
Correos: your driver Priya is 6 stops away.,ham,real_delivery_notice
PostNL: your driver Mateo is 9 stops away.,ham,real_delivery_notice
Flights to Dallas from €906! Book by today at cheapflights.com,spam,generic_ads
Itaú: your KYC needs re-verification. Keep access: renew-secure.icu,phishing,account_problem_link
Canva: your payment of $221 was processed. Next billing date tonight. Manage your plan in Account settings.,ham,real_subscription_notice
Amazon: your order #584-3043001-6189535 (Dyson V15) has shipped and will arrive Thursday. Track it at amazon.com/track.,ham,real_order_notice
YouTube Premium: your payment of $547.19 was processed. Next billing date tomorrow. Manage your plan in Account settings.,ham,real_subscription_notice
"Yo Grandpa, it's Léa, this is my work phone number in case you can't reach the other one. Everything's fine!",ham,friend_new_number
Jetzt $699.53 Bonus sichern! Online Casino mit über 2282 Spielen. spielhalle24.de,spam,ads_i18n
"Hi there Sis, I my old sim got blocked so this is my new number now Please reply here so I know you got this. I can't get into my bank, can you pay something for me quickly? 🙏",phishing,new_number_family
ماما هذا رقمي الجديد، جوالي انكسر. ممكن تحولين لي £69 اليوم وأرجعها لك بكرة؟,phishing,new_number_family_i18n
"PlayStation Plus: a new device signed in to your account from Jakarta. If this wasn't you, change your password in the PlayStation Plus app.",ham,real_subscription_notice
"Hi there a code should have come to your phone, my phone is acting up. What is it? pls",phishing,code_relay
iCloud: your payment of £583.14 was processed. Next billing date tonight. Manage your plan in Account settings.,ham,real_subscription_notice
MediaMarkt: GoPro Hero 13 is out for delivery today. Someone should be available to sign.,ham,real_order_notice
"Hi, mum said dinner is at 10am, bring Lucía if they're free",ham,friend_favor
Australia Post notice: package #112-6178156-6468976 returns to sender unless address is confirmed: http://my-australia.icu/verify,phishing,delivery_fee
Hello? what's the code in the message you just got? my phone is acting up ok?,phishing,code_relay
Your Engie bill of $448.73 is due on Friday. Pay in the Engie app or at engie.com/account. Thank you.,ham,real_telco_util_notice
"Your Airbnb host Sofía sent you a message: check-in is after 1pm, the lockbox code is in the app.",ham,real_hr_and_appointments
"Amazon Customer: you have won £10,000! Claim your prize at https://t.co/k80314",phishing,prize_win
Your Flipkart account was used to buy Nintendo Switch for R$518.07. If this wasn't you contact support at +91 82740 21105 right away.,phishing,fake_order_callback
"Selected candidate: Google needs 25 people to rate products, £201/day. Start today, WhatsApp +44 7457 765363.",phishing,job_scam
"Congratulations! You've been chosen to receive a €50,000 Home Depot gift card. Claim here: go-rewards.club",phishing,prize_win
"Hi happy birthday!!! hope you have an amazing day, call you later ttyl",ham,friend_favor
Seu código HSBC é 869 964. Não compartilhe com ninguém.,ham,real_codes
"Is this Mateo? It's Natasha, we met at the gym last month.",phishing,wrong_number_opener
T-Mobile: planned maintenance in your area Friday 8am-8:30pm. You may lose signal briefly. Sorry for the inconvenience.,ham,real_telco_util_notice
"Bin in 24 Minuten da, die Bahn hatte Verspätung",ham,chat_i18n
"Félicitations ! Vous avez gagné €1,500 au tirage national. Confirmez vos coordonnées : https://t.co/a57615/claim",phishing,prize_win_i18n
"مبروك! تم اختيارك للفوز بقسيمة €2,000 من Starbucks. اضغط للمطالبة: prize-verify.top/refund",phishing,prize_win_i18n
Looking for a new job? Browse 6754 tech openings near you on Indeed. Unsubscribe: reply STOP,spam,real_job_ad
"Hi Sarah, Omar here from the removal company, confirming your viewing today at 3pm.",ham,friend_wrong_number
Telekom: thanks for your payment of R$306. Your next bill is due Wednesday.,ham,real_telco_util_notice
"Glückwunsch! Sie wurden für einen $1,500 Tesco Gutschein ausgewählt. Jetzt einlösen: https://t.co/v34038",phishing,prize_win_i18n
"Xbox Game Pass receipt: $555.73 charged Thursday. If you did not authorize this, cancel at https://cutt.ly/c49107/update",phishing,fake_subscription_charge
"Hi, I think we spoke about the shipment last week? This is Mia.",phishing,wrong_number_opener
"Hi, this is Mia from Netflix HR. Your profile was shortlisted for a work-from-home survey taker role, $73/hour. text +34 617 494 573 to start.",phishing,job_scam
iCloud: payment of £71 could not be processed. Update your billing within 48 hours or lose access: get-billing.club/pay,phishing,fake_subscription_charge
"Jumia Order Confirmation: PlayStation 5 - £4,085. Delivery Sunday. To cancel or report unauthorized use call +34 688 499 727.",phishing,fake_order_callback
Hey!! can you send me the code you just received? I used your number for my account. 🙏,phishing,code_relay
Apple Music: a failed payment detected. Verify your account now: app-verify.click,phishing,account_problem_link
"New number alert, this is Lena :) same WhatsApp, just a new sim. See you tomorrow!",ham,friend_new_number
مرحبا، أنا Kenji من قسم التوظيف في Marriott. تم اختيارك لوظيفة عن بعد براتب $641 يومياً. تواصل واتساب +1 965 529 9391,phishing,job_scam_i18n
"Hi, Ana, are you still coming to the dinner on Sunday?",phishing,wrong_number_opener
Hi there can you send me Max's address? Need it for the taxi ttyl,ham,friend_favor
"Hello it's Tom, got a new number, save it! Old one stops working Monday.",ham,friend_new_number
"Selected candidate: Marriott needs 8 people to watch ads, £68/day. Start today, Telegram @talent275.",phishing,job_scam
"Hi, this is Mia from DHL Staffing. Your profile was shortlisted for a flexible app tester role, ₹87/week. WhatsApp 06 76 53 55 56 to start.",phishing,job_scam
HDFC Bank: your new card ending 4056 has been sent and should arrive in 5-7 days. Activate it in the app when it arrives.,ham,real_bank_notice
"Hallo Papa, ich bin's, mein Handy ist weg. Das ist meine neue Nummer. Schreib mir bitte auf WhatsApp.",phishing,new_number_family_i18n
"Iberdrola: a power cut is affecting your area. Engineers are on site, estimated restoration 3pm.",ham,real_telco_util_notice
"WINNER: Your number won €50,000 in the Mega Draw. Send your name, address and bank details to claim. Ref #352-2834573-7339216",phishing,prize_win
"British Gas: a power cut is affecting your area. Engineers are on site, estimated restoration 8am.",ham,real_telco_util_notice
On se voit samedi ? Fatima vient aussi,ham,chat_i18n
Yodel: parcel #4000-10373 has been collected from the sender and is on its way.,ham,real_delivery_notice
عرض خاص! خصم 41% على جميع العطور في متجر الرياض مول هذا الأسبوع فقط. تسوق الآن noon.com,spam,ads_i18n
"Hello? Mum, I washed my phone with the laundry so this is my new number now Can you message me on WhatsApp on this number? pls",phishing,new_number_family
عرض خاص! خصم 41% على جميع العطور في متجر نون هذا الأسبوع فقط. تسوق الآن yasmin-shop.com,spam,ads_i18n
Mercado Livre: your order B624110 (Xbox Series X) has shipped and will arrive Friday. Track it at the Mercado Livre app.,ham,real_order_notice
Bell: your bill of $586.91 is now available. View or pay at bell.com. Autopay will process on 21/5.,ham,real_telco_util_notice
Apple Music receipt: R$102 for your family plan. Thank you!,ham,real_subscription_notice
"Coucou Papa, c'est moi, j'ai changé de numéro. J ai besoin d aide pour payer une facture urgente.",phishing,new_number_family_i18n
"Glückwunsch! Sie wurden für einen £850,000 Amazon Gutschein ausgewählt. Jetzt einlösen: get-gewinn.buzz/verify",phishing,prize_win_i18n
Spotify: Your monthly plan was charged AED 168 to card ending 2042. Not you? Dispute here: spotify1.cc/update,phishing,fake_subscription_charge
Your Netflix subscription renewed for £58. To cancel and get a refund call +91 97868 41575 within 24h.,phishing,fake_subscription_charge
"Hey Natasha, it's Léa, we met at Sarah's birthday on tomorrow. Great to meet you, let's do that coffee!",ham,friend_wrong_number
"Thanks for coming to the interview today. We'll be in touch by tomorrow with next steps. - Ana, HR",ham,real_hr_and_appointments
"Your Lyft driver Ava is arriving in a silver Skoda, plate B61L653.",ham,real_hr_and_appointments
"Part-time job offer from Netflix: review hotels for $4,874 per task, paid to your bank daily. WhatsApp +971 56 223 7731",phishing,job_scam
"Hi, what's the code for the lockbox? I forgot it again love you",ham,friend_favor
"Hi, is this Liam? It's Olga from the football team, Neha gave me your number about Saturday.",ham,friend_wrong_number
La Poste: we missed you Monday. Reschedule delivery (€1.49) at la-moscow.site/login,phishing,delivery_fee
"Mum it's your eldest, new number Can you message me on WhatsApp on this number? I'm in a bit of a mess, can you help me out? thank you!",phishing,new_number_family
Hiya what time does the show start tonight? ❤️,ham,friend_favor
"Hallo Mama, ich bin's, mein Handy ist ins Wasser gefallen. Das ist meine neue Nummer. Kannst du mir schnell ₹372.00 überweisen? Ich kann nicht in mein Banking.",phishing,new_number_family_i18n
Your reward points of $50 expire tonight! Redeem now: http://rewards91.top/pay,phishing,prize_win
Unlock 28k followers overnight! Grow your Instagram fast: instaboost.pro,spam,generic_ads
"Namaste, main Jonas DHL HR se. Aap part-time online job ke liye select hue hain, AED 58/day. WhatsApp karein +1 498 210 2846.",phishing,job_scam_i18n
Your Xcel Energy bill of R$558.96 is due on this weekend. Pay in the Xcel Energy app or at xcelenergy.com/track. Thank you.,ham,real_telco_util_notice
Your health card card must be replaced with a new chip card. Confirm your number here to keep coverage: https://shorturl.at/n63560/id,phishing,gov_callback
"Amazon Prime: a new device signed in to your account from Berlin. If this wasn't you, change your password in the Amazon Prime app.",ham,real_subscription_notice
"Hi, is this Olga? It's Priya from the landlord, Camille gave me your number about today.",ham,friend_wrong_number
PostNL: parcel #13346161 has been collected from the sender and is on its way.,ham,real_delivery_notice
"Didi ye mera naya number hai, purana phone kho gaya. Kya aap aaj €43 bhej sakte ho? Kal wapas kar dunga.",phishing,new_number_family_i18n
"MediaMarkt: a Dyson V15 was ordered from a new device in Berlin. Charged $3,799. Cancel: +971 53 804 7720",phishing,fake_order_callback
"Hi, this is Arjun from Google HR. We reviewed your resume and you qualify for a flexible typist role, $65/week. Telegram @jobs820 to start.",phishing,job_scam
"Grandpa it's me, Can you message me on WhatsApp on this number? Can you send me your card details so I can order a replacement phone? asap",phishing,new_number_family
"Selected candidate: Costco needs 23 people to complete surveys, R$386.46/day. Start today, message (501) 475-7599 on WhatsApp.",phishing,job_scam
"Hello? running 16 min late, traffic is terrible. Order me a beer? 😊",ham,friend_favor
"Hi, just finished the invoice, sending it over now. let me know if anything looks off ❤️",ham,friend_favor
"Mum, this is my new number. Text me back on here. Can you send me your card details so I can order a replacement phone?",phishing,new_number_family
"Use 892 564 to sign in to PayPal. If you didn't request this, ignore this message.",ham,real_codes
"Generic Cialis online, no prescription, discreet shipping. rxcheap.store",spam,generic_ads
Sainsbury's members: double points on everything this weekend. Show the app at checkout. STOP to opt out.,spam,giftcard_promo
"Is this Jonas? It's Mike, we met at the gym in Madrid.",phishing,wrong_number_opener
UPS: your parcel #846-3473801-6352817 will be delivered this weekend between 7pm and 1pm. No action needed.,ham,real_delivery_notice
Yo what time does the match start this weekend? ok?,ham,friend_favor
"Adobe: a new device signed in to your account from Lisbon. If this wasn't you, change your password in the Adobe app.",ham,real_subscription_notice
"Hola Mamá, se me rompió el móvil y este es mi nuevo número. ¿Puedes pasarme $20 hoy? Mañana te lo devuelvo.",phishing,new_number_family_i18n
Royal Mail: your parcel #165-1995196-4007295 will be delivered tomorrow between 8:30pm and 8am. No action needed.,ham,real_delivery_notice
FLASH SALE 73% off at Zara this week only. Shop now: asos.com/sale,spam,generic_ads
Mercado Livre: your order #13922930 (Dyson V15) has shipped and will arrive Saturday. Track it at the Mercado Livre app.,ham,real_order_notice
HBO Max: payment of ₹565 was declined. Update your billing within 24h or lose access: billing-paris.link/login,phishing,fake_subscription_charge
Receipt: a phone case ₹317.22 via Mercado Livre. Ref E141835. Questions or cancellation: 06 47 72 42 61 (24/7).,phishing,fake_order_callback
Amazon Prime receipt: £718.59 for your student plan. Thank you!,ham,real_subscription_notice
"Hey Ava, it's Omar, we met at Ben's leaving do on this weekend. Great to meet you, let's do that coffee!",ham,friend_wrong_number
"Hi landed safely, will call you when I get to the hotel",ham,friend_favor
Correios: parcel #222-3906996-2506169 has been collected from the sender and is on its way.,ham,real_delivery_notice
"Hallo Mama, ich bin's, mein Handy ist kaputt. Das ist meine neue Nummer. Schreib mir bitte auf WhatsApp.",phishing,new_number_family_i18n
"Ciao, ci vediamo alle 13 davanti al cinema?",ham,chat_i18n
Walmart: your package with Bluetooth speaker was delivered. It was left with the concierge.,ham,real_order_notice
"Hi, this is Neha from Deloitte Talent Acquisition. You have been selected for a part-time typist role, $642/day. message (242) 445-5252 on WhatsApp to start.",phishing,job_scam
Buy $51 of fuel at Amazon and get a ₹556 bonus card. Ends Sunday.,spam,giftcard_promo
You are our monthly visitor! A GoPro Hero 13 is waiting for you. Pay only shipping £2.50: prize-manchester.win,phishing,prize_win
"Best Buy: get a $95 gift card when you spend AED 1,771 this weekend only. In store and online. Terms apply. Reply STOP to opt out.",spam,giftcard_promo
"Hi, is this Jake? It's Mateo from the PTA, Priya gave me your number about today.",ham,friend_wrong_number
FedEx: we missed you Monday. Reschedule delivery ($1.49) at redelivery-claim.link/pay,phishing,delivery_fee
"Hola Tía, se me rompió el móvil y este es mi nuevo número. ¿Puedes pasarme €641.60 hoy? Mañana te lo devuelvo.",phishing,new_number_family_i18n
Your benefits card card must be replaced with a new digital card. Confirm your number here to keep coverage: https://cutt.ly/p17369/refund,phishing,gov_callback
"Ciao, ci vediamo alle 8 davanti al cinema?",ham,chat_i18n
Amazon Logistics: your parcel #525-6269808-4875595 will be delivered Tuesday between 3pm and 2:15pm. No action needed.,ham,real_delivery_notice
"New number alert, this is Lucy :) same WhatsApp, just a new sim. See you Thursday!",ham,friend_new_number
YouTube Premium: we couldn't process your payment. Please update your payment method in the YouTube Premium app to keep your plan.,ham,real_subscription_notice
Aldi Loyalty: you have won €750! Confirm your details at reward-lisbon.win/pay,phishing,prize_win
"Bhaiya ye mera naya number hai, purana phone kho gaya. Urgent bill bharna hai, bank app nahi khul raha.",phishing,new_number_family_i18n
Offre spéciale : 39% de réduction sur les chaussures chez Zalando jusqu'à ce soir. laredoute.fr,spam,ads_i18n
Hulu receipt: $92 for your annual plan. Thank you!,ham,real_subscription_notice
Seu código Santander é 174975. Não compartilhe com ninguém.,ham,real_codes
"Hello running 6 min late, train got delayed. Order me a latte? xx",ham,friend_favor
"Kenji here, new phone same number, lost all my contacts though. Who's this? 😅",ham,friend_new_number
Bradesco: your ID verification has expired. Keep access: http://bradesco16.buzz,phishing,account_problem_link
Home Depot: Ring doorbell is out for delivery today. Someone should be available to sign.,ham,real_order_notice
"Correos: sorry we missed you. Your parcel is at the Moscow depot, collect it with photo ID or rebook in the Correos app.",ham,real_delivery_notice
"Coucou Maman, c'est moi, j'ai changé de numéro. J ai besoin d aide pour payer une facture urgente.",phishing,new_number_family_i18n
"Selected candidate: Amazon needs 38 people to rate products, R$947.36/day. Start today, wa.me/49112340598.",phishing,job_scam
"Hi Sofía, Pierre here from the removal company, confirming your viewing tonight at 4:45pm.",ham,friend_wrong_number
Rogers: your password has expired. Keep access: https://is.gd/k77296,phishing,account_problem_link
Airtel: unusual login detected. Secure your account within 24h: airtel-claim.top/update,phishing,account_problem_link
Your iCloud free trial ends this weekend. You'll be charged €78/month unless you cancel in the app.,ham,real_subscription_notice
"EDF: a power cut is affecting your area. Engineers are on site, estimated restoration 2:15pm.",ham,real_telco_util_notice
"Hi, this is Wei from Walmart Talent Acquisition. You have been selected for a flexible order processor role, £140.69/hour. WhatsApp me on +1 572 306 1122 to start.",phishing,job_scam
"Enter our spring giveaway for a chance to win a €5,000 Starbucks gift card. Enter at the Starbucks app or starbucks.com/giveaway. No purchase necessary.",spam,giftcard_promo
"Oi, chegou um código de Pix aí? Coloquei seu número sem querer, me manda?",phishing,code_relay_i18n
Burger Barn is now open on Market Square! Show this text for a free appetizer with any entree.,spam,generic_ads
"Kal 10am baje milte hain, station pe aa jana",ham,chat_i18n
Santander Security: enter your 2FA code at auth-verify.biz to confirm the pending withdrawal of $11.,phishing,account_problem_link
"iCloud: a withdrawal of R$1,687 is pending. Not you? Cancel it here: go-secure.cc/pay",phishing,account_problem_link
"Thanks for your Best Buy order! Bluetooth speaker, ₹495.19. Est. delivery today. Manage your order in the Best Buy app.",ham,real_order_notice
"a local warehouse is hiring full-time staff. Open interviews Sunday 1pm-3pm, bring ID. Text STOP to end.",spam,real_job_ad
"Badhai ho! Aapko $850,000 ka Apple gift card mila hai. Abhi claim karein: https://is.gd/x2327/login",phishing,prize_win_i18n
"Ciao, ci vediamo alle 20 davanti al cinema?",ham,chat_i18n
Disney+: your payment of AED 444 was processed. Next billing date this weekend. Manage your plan in Account settings.,ham,real_subscription_notice
Scotiabank: a payment of $59 to Noah Zoe was sent from your account. Ref #35936583.,ham,real_bank_notice
Your Citi code is 854-333. Never share this code with anyone.,ham,real_codes
"Hallo, hier ist Zoe von Costco Recruiting. Sie wurden für eine Homeoffice-Stelle ausgewählt, $35 pro Tag. Melden Sie sich per WhatsApp (516) 311-3293.",phishing,job_scam_i18n
"Hello? Mama, it's Kenji, this is my work phone number in case you can't reach the other one. Everything's fine!",ham,friend_new_number
Costco: your order #39120157 (AirPods Pro) has shipped and will arrive this weekend. Track it at the Costco app.,ham,real_order_notice
"Hey Tom, it's Ava, we met at Jonas's leaving do on this weekend. Great to meet you, let's do that coffee!",ham,friend_wrong_number
"Now hiring: forklift operators at Costco, R$976.76/hr. Apply at glassdoor.com. Reply STOP to opt out.",spam,real_job_ad
IRS notice: unpaid tax of $13 found on your record. Pay by Wednesday at http://tax-berlin.click or face prosecution.,phishing,gov_callback
"Hi, is this Mia? It's Anna from the landlord, Mike gave me your number about Tuesday.",ham,friend_wrong_number
Costco: order #358-9825985-9637330 is ready for pickup at the Manila store. Bring your order confirmation.,ham,real_order_notice
Royal Mail: your driver Chris is 5 stops away.,ham,real_delivery_notice
"Hallo Mama, ich bin's, mein Handy ist weg. Das ist meine neue Nummer. Kannst du mir schnell AED 1,771 überweisen? Ich kann nicht in mein Banking.",phishing,new_number_family_i18n
"Costco is hiring! Earn $676-€1,588 daily write short reviews. No experience, instant withdrawal. Ages 22+. Telegram @talent757",phishing,job_scam
"Your El Corte Inglés return for Xbox Series X was received. Refund of ₹2,784 will appear on your card in 3-5 business days.",ham,real_order_notice
Unclaimed prize! You were selected for a Bluetooth speaker from Tesco. Reply YES with your address to receive it.,phishing,prize_win
"Glückwunsch! Sie wurden für einen $1,500 Best Buy Gutschein ausgewählt. Jetzt einlösen: https://t.co/z15127",phishing,prize_win_i18n
Yodel: we delivered your parcel to your safe place.,ham,real_delivery_notice
Buy R$421.36 of toys at Best Buy and get a R$114 bonus card. Ends this weekend.,spam,giftcard_promo
"Olá, sou Neha do RH da Marriott. Você foi selecionado para uma vaga home office, ₹63 por dia. Me chama no WhatsApp (688) 810-5442.",phishing,job_scam_i18n
"Thank you for your Fnac purchase of running shoes, total AED 76. Card ending 8516 charged. Not you? Call our fraud line +91 94435 54784.",phishing,fake_order_callback
"Your Bolt driver Arjun is arriving in a black Prius, plate G88L956.",ham,real_hr_and_appointments
"Barclays will never ask for your PIN, password or full card number by text or phone. If in doubt, call the number on the back of your card.",ham,real_bank_notice
"Natasha it's Pierre, I got your number from Kenji. Are you free to chat Friday?",phishing,wrong_number_opener
"Your prescription is ready for pickup at Lloyds Pharmacy, 9056 Main St. Open 2:15pm-8am.",ham,real_hr_and_appointments
Dropbox receipt: R$604 for your annual plan. Thank you!,ham,real_subscription_notice
Jumia: your order #665-8466629-2158646 (dog food) has shipped and will arrive Tuesday. Track it at jumia.com/orders.,ham,real_order_notice
"Nan I my old sim got blocked Can you message me on WhatsApp on this number? I'm in a bit of a mess, can you help me out? ❤️",phishing,new_number_family
Canada Post: we missed you this weekend. Reschedule delivery (£3.20) at http://canada-dubai.top,phishing,delivery_fee
Cash App Alert: your account will be closed unless you act. Update your details at https://tinyurl.com/v33472,phishing,account_problem_link
"Spotify: payment of €1,365 could not be processed. Update your billing within 24h or lose access: http://billing-moscow.info/verify",phishing,fake_subscription_charge
Flipkart: your package with MacBook Pro was delivered. It was left in the mailroom.,ham,real_order_notice
"Grandpa I my phone died for good This is my temporary number until I get the new phone. I'm in a bit of a mess, can you help me out? asap",phishing,new_number_family
"Hello Bro, it's Natasha, this is my work phone number in case you can't reach the other one. Everything's fine!",ham,friend_new_number
¡Gana dinero desde casa! Hasta ₹737.77 al mes sin experiencia. Regístrate: trabajofacil.es,spam,ads_i18n
عرض خاص! خصم 26% على جميع الأجهزة في متجر الرياض مول هذا الأسبوع فقط. تسوق الآن noon.com,spam,ads_i18n
Your health card card must be replaced with a new digital card. Confirm your number here to keep coverage: medicare-alert.top,phishing,gov_callback
"Selected candidate: TikTok needs 34 people to watch ads, ₹951.43/day. Start today, WhatsApp +971 58 790 4710.",phishing,job_scam
Your Sparkasse code is 591699. Never share this code with anyone.,ham,real_codes
eBay Order Confirmation: PlayStation 5 - R$414. Delivery Saturday. To cancel or report unauthorized use call (493) 877-6039.,phishing,fake_order_callback
Your NHS card must be replaced with a new digital card. Confirm your number here to keep coverage: https://bit.ly/c79611,phishing,gov_callback
"Hey Mom it's me Please reply here so I know you got this. I need to sort out my rent before 5pm but my banking app is locked on the old phone, can you help? 🙏",phishing,new_number_family
"Thanks for your Jumia order! a desk lamp, ₹242.33. Est. delivery Monday. Manage your order in jumia.com.",ham,real_order_notice
"Amazon Prime: a new device signed in to your account from Nairobi. If this wasn't you, change your password in the Amazon Prime app.",ham,real_subscription_notice
"Buy €3,161 of groceries at Amazon and get a €1,387 bonus card. Ends tomorrow.",spam,giftcard_promo
"Al Rajhi: your card was used abroad in Nairobi for $1,652. If you don't recognise this, call the number on your card.",ham,real_bank_notice
"Costco: Your order #222-1531575-5360949 for GoPro Hero 13 (£12) has been charged to your card. If you did not authorize this order, call +44 7101 706190 to dispute.",phishing,fake_order_callback
"Best Buy: Your order #655-3698635-3462124 for a phone case (R$276) has been confirmed. If you did not make this order, call +1 279 255 7680 now to cancel.",phishing,fake_order_callback
"Olá, sou Yuki do RH da Temu. Você foi selecionado para uma vaga home office, $2,191 por dia. Me chama no WhatsApp +971 58 480 5835.",phishing,job_scam_i18n
"Weight-loss pills online, no prescription, discreet shipping. rxcheap.ru",spam,generic_ads
You've been chosen for a AED 43 compensation from Home Depot. Enter your card to receive it: refund50.online/pay,phishing,prize_win
"Hola, soy Ana de RRHH de Temu. Has sido seleccionado para un trabajo remoto, $369.62 al día. Escríbeme por WhatsApp (745) 527-4513.",phishing,job_scam_i18n
"Glückwunsch! Sie wurden für einen £50,000 Home Depot Gutschein ausgewählt. Jetzt einlösen: gutschein-support.top/login",phishing,prize_win_i18n
"Hi, this is Sofía from the vet. Is this still the best number for appointment reminders?",ham,friend_wrong_number
Airtel: you've used 80% of your 50GB monthly data. Your allowance resets on 1 Oct.,ham,real_telco_util_notice
"Hi Dr. Pedro, this is Chris. Can we move my appointment to tomorrow? Sorry if wrong number!",phishing,wrong_number_opener
"Promo Free : forfait 50Go à 9,99€/mois pendant 12 mois ! Souscrivez sur sfr-promo.fr",spam,ads_i18n
"Hey Omar, it's Olivia, we met at Carlos's leaving do on Thursday. Great to meet you, let's do that coffee!",ham,friend_wrong_number
"Thank you for your Jumia purchase of PlayStation 5, total ₹86. Card ending 8434 charged. Not you? Call our fraud line (509) 801-2393.",phishing,fake_order_callback
"Félicitations ! Vous avez gagné £50,000 au tirage national. Confirmez vos coordonnées : http://prix90.click",phishing,prize_win_i18n
Hot singles near Toronto want to chat! Free signup: flirtnow.net,spam,generic_ads
"Oi Mãe, sou eu, perdi o telefone, esse é meu número novo. Salva aí e me chama no WhatsApp.",phishing,new_number_family_i18n
"Your HBO Max free trial ends Tuesday. You'll be charged $1,059/month unless you cancel in the app.",ham,real_subscription_notice
"Buy R$159.89 of electronics at Lidl and get a ₹4,239 bonus card. Ends tomorrow.",spam,giftcard_promo
"New number alert, this is Louis :) same WhatsApp, just a new sim. See you this weekend!",ham,friend_new_number
Argos: your order #72291904 (dog food) has shipped and will arrive Friday. Track it at argos.com/account.,ham,real_order_notice
"WINNER: You won €1,500 in the Anniversary Draw. Send your name, address and bank details to claim before tomorrow. Ref E726768",phishing,prize_win
Votre code de connexion US Bank est 680 823. Il expire dans 10 minutes.,ham,real_codes
Correos: we missed you this weekend. Reschedule delivery (£3.20) at http://my-correos.biz/refund,phishing,delivery_fee
"Ben here, new phone same number, lost all my contacts though. Who's this? 😅",ham,friend_new_number
Yodel: your parcel could not be delivered. Pay €0.99 handling fee within 24h: parcel48.cc,phishing,delivery_fee
"Glückwunsch! Sie wurden für einen $5,000 Target Gutschein ausgewählt. Jetzt einlösen: http://go-gutschein.win/verify",phishing,prize_win_i18n
PNC: your new card ending 5711 has been sent and should arrive in 5-7 days. Activate it in the app when it arrives.,ham,real_bank_notice
Hiya can you send me the code you just received? I'm locked out and it went to you. xx,phishing,code_relay
"Hi, this is Mei from Costco People Ops. Your profile was shortlisted for a flexible order processor role, £662/hour. reply YES to start.",phishing,job_scam
"Jonas (Amazon HR): we saw your CV on Glassdoor. Online position, 1-2 hrs a day, €4,892/day. Interested? wa.me/89149071527",phishing,job_scam
Apple Music: a billing error detected. Secure your account within 24h: secure-sydney.xyz/id,phishing,account_problem_link
"Payday loans from 7.9% APR, decision in minutes. Apply: cashnow.co.uk",spam,generic_ads
GLS: your parcel is on hold. Pay $1.99 redelivery fee within 2 days: https://cutt.ly/y82330/verify,phishing,delivery_fee
TIM: you've used 100% of your 50GB monthly data. Your allowance resets on 27 Mar.,ham,real_telco_util_notice
EDF: your meter reading is due. Submit it in the app by Saturday to avoid an estimated bill.,ham,real_telco_util_notice
Royal Mail: we delivered your parcel to your safe place.,ham,real_delivery_notice
PlayStation Plus: payment of $534 failed. Update your billing within 48 hours or lose access: billing33.top/id,phishing,fake_subscription_charge
"Hey landed safely, will call you when I get to the hotel thanks",ham,friend_favor
Ganhe até £970 por dia com apostas online! Cadastre-se grátis: betbrasil.bet,spam,ads_i18n
"Grandpa it's your boy, new number Can you send me your card details so I can order a replacement phone?",phishing,new_number_family
Vote Natasha Max for Mayor on today! Better schools. Paid for by the campaign.,spam,generic_ads
"Adobe receipt: R$12 charged Friday. If you did not authorize this, cancel at https://t.co/m47764/secure",phishing,fake_subscription_charge
"Hi, is this Jonas? It's Ben from the landlord, Rahul gave me your number about Monday.",ham,friend_wrong_number
Yodel: parcel #2145-38512 has been collected from the sender and is on its way.,ham,real_delivery_notice
Unlock 20k followers overnight! Grow your Instagram fast: instaboost.io,spam,generic_ads
"Hi, I think we spoke about the investment last week? This is Ben.",phishing,wrong_number_opener
"our client is hiring full-time staff. Open interviews Monday 1pm-8am, bring ID. Text STOP to end.",spam,real_job_ad
PostNL: we delivered your parcel to the reception desk.,ham,real_delivery_notice
عرض خاص! خصم 44% على جميع الملابس في متجر الرياض مول هذا الأسبوع فقط. تسوق الآن yasmin-shop.com,spam,ads_i18n
"Hola, soy Lucy de RRHH de Netflix. Has sido seleccionado para un trabajo remoto, R$35 al día. Escríbeme por WhatsApp +34 631 139 981.",phishing,job_scam_i18n
"You've been chosen for a ₹1,340 refund from Emirates NBD. Enter your card to receive it: refund-sydney.biz",phishing,prize_win
"Hi, is this Rahul? It's Ana from the landlord, Mateo gave me your number about Sunday.",ham,friend_wrong_number
"Selected candidate: Temu needs 13 people to write short reviews, R$149.14/day. Start today, WhatsApp +971 58 119 4173.",phishing,job_scam
Seu código Monzo é 7163. Não compartilhe com ninguém.,ham,real_codes
You've been chosen for a R$224.19 refund from Bradesco. Enter your card to receive it: refund-chicago.win,phishing,prize_win
"Fnac: a dog food was ordered from a new device in Nairobi. Charged $1,000. Cancel: +34 693 591 507",phishing,fake_order_callback
Offre spéciale : 53% de réduction sur les parfums chez Zalando jusqu'à vendredi. zalando.fr,spam,ads_i18n
"Hi there a code should have come to your phone, I put your number in by mistake. What is it?",phishing,code_relay
870945 is your RBC verification code. It expires in 15 minutes.,ham,real_codes
"Dear applicant, congratulations, Google has approved your package handler application. Salary $951 per week. Contact your manager Dmitri: Telegram @hr919",phishing,job_scam
"Now hiring: night shift pickers at Temu, $95/hr. Apply at our careers page. Reply STOP to opt out.",spam,real_job_ad
GLS: parcel #983-7256196-5177587 has been collected from the sender and is on its way.,ham,real_delivery_notice
Final notice from Centrelink: a warrant will be issued unless you settle $26 today. Call 1-859-539-2229 ref #6591-18145.,phishing,gov_callback
Vote Carlos Tom for Council on Tuesday! Safer streets. Paid for by the campaign.,spam,generic_ads
"Hiya a code should have come to your phone, my phone is acting up. What is it? ttyl",phishing,code_relay
Itaú Alert: your account will be suspended today. Update your details at http://itaú18.club/update,phishing,account_problem_link
Yo what time does the match start Wednesday? asap,ham,friend_favor
"João (Temu People Ops): we saw your CV on LinkedIn. Online position, 1-2 hrs a day, ₹320/day. Interested? wa.me/83116478684",phishing,job_scam
"Hi, is this Layla? It's Priya from the football team, Yuki gave me your number about tomorrow.",ham,friend_wrong_number
"YouTube Premium receipt: £834.46 charged today. If you did not authorize this, cancel at cancel50.link",phishing,fake_subscription_charge
Tu código de verificación de Emirates NBD es 839-400. No lo compartas.,ham,real_codes
"Congratulations! You've been picked to receive a £10,000 Tesco gift card. Claim now: my-tesco.click",phishing,prize_win
"Hi Papa!! Text me back on here. I can't get into my bank, can you pay something for me quickly? ❤️",phishing,new_number_family
Starbucks: 22% off iPhone 16 Pro this week. Shop at starbucks.com/account. Text STOP to unsubscribe.,spam,giftcard_promo
Myntra Big Sale! Up to 50% off on mobiles. Shop now ajio.com. Reply STOP to opt out.,spam,ads_i18n
"Hi Ana, Beatriz here from the estate agent, confirming your viewing tonight at noon.",ham,friend_wrong_number
"Your Google One free trial ends tomorrow. You'll be charged €2,545/month unless you cancel in the app.",ham,real_subscription_notice
"Hi, this is Ben from Deloitte People Ops. Your profile was shortlisted for a part-time product reviewer role, $743.40/hour. WhatsApp me on 07 13 40 45 43 to start.",phishing,job_scam
"Promo Orange : forfait 100Go à 7,99€/mois pendant 12 mois ! Souscrivez sur bouygues-promo.fr",spam,ads_i18n
"Department of Motor Vehicles: you are owed a benefit payment of $3,874. Submit your bank details at https://cutt.ly/b92068/secure to receive it.",phishing,gov_callback
Commerzbank: your account ending 7141 has a low balance of £80.71. This is the alert you set up.,ham,real_bank_notice
"Promo Orange : forfait 50Go à 7,99€/mois pendant 12 mois ! Souscrivez sur bouygues-promo.fr",spam,ads_i18n
Three Alert: your account will be locked today. Update your details at update-nairobi.site/refund,phishing,account_problem_link
"Netflix is hiring! Earn ₹3,306-$854 daily test apps. No experience, instant withdrawal. Ages 22+. WhatsApp (460) 351-3550",phishing,job_scam
"Amazon is hiring part-time staff. Open interviews Thursday 1pm-4:45pm, bring ID. Text STOP to end.",spam,real_job_ad
Your Canva free trial ends Sunday. You'll be charged AED 657.28/month unless you cancel in the app.,ham,real_subscription_notice
"Is this Louis? It's João, we met at the airport lounge last month.",phishing,wrong_number_opener
"Apple Music receipt: R$645 charged Wednesday. If you did not authorize this, cancel at app-refund.link",phishing,fake_subscription_charge
Yo are we still on for the movie Monday? I can pick you up at 7pm,ham,friend_favor
"Hey, is this still Mia's number? Haven't heard from you since Seattle.",phishing,wrong_number_opener
"Google is hiring full-time staff. Open interviews this weekend 7pm-10am, bring ID. Text STOP to end.",spam,real_job_ad
On se voit demain ? Ava vient aussi,ham,chat_i18n
Revolut: your statement is ready. View it in the Revolut app or online banking.,ham,real_bank_notice
"Oi Mãe, sou eu, quebrei o celular, esse é meu número novo. Consegue me mandar um Pix de AED 596.33 hoje? Amanhã devolvo.",phishing,new_number_family_i18n
Final notice from the Tax Office: a warrant will be issued unless you settle $499.59 today. Call 1-807-795-3195 ref #2187-31764.,phishing,gov_callback
Vattenfall: your meter reading is due. Submit it in the app by Sunday to avoid an estimated bill.,ham,real_telco_util_notice
"Hiya, long time no talk! How have you been? Apologies if I have the wrong number.",phishing,wrong_number_opener
"Thank you for your Apple purchase of MacBook Pro, total R$272. Card ending 3492 charged. Not you? Call our fraud line +34 687 888 965.",phishing,fake_order_callback
"Uncle it's me, Save this number and delete the old one. I can't get into my bank, can you pay something for me quickly? 😊",phishing,new_number_family
"You are our 1,000th visitor! A printer ink is waiting for you. Pay only shipping €2.99: go-win.cc/pay",phishing,prize_win
"Hi hey it's Wei, my account sent the code to your number, can you screenshot it? asap",phishing,code_relay
Kannst du Brot mitbringen? Wir haben keins mehr,ham,chat_i18n
¡Gana dinero desde casa! Hasta $100.90 al mes sin experiencia. Regístrate: ganaya.es,spam,ads_i18n
DPD notice: package #807-4413596-6933930 returns to sender unless address is confirmed: dpd-support.biz/update,phishing,delivery_fee
"Hello? Mum, I my number got cut off so this is my new number now I can't get into my bank, can you pay something for me quickly? asap",phishing,new_number_family
Final notice from Receita Federal: a warrant will be issued unless you settle €62 today. Call +34 689 252 939 ref #78058644.,phishing,gov_callback
Your Dropbox subscription renewed for AED 84.81. To cancel and get a refund call 1-855-893-2679 within 24h.,phishing,fake_subscription_charge
Your Walmart account was used to buy Dyson V15 for £933. If this wasn't you contact support at 07 19 98 45 82 before shipment.,phishing,fake_order_callback
FedEx: your driver Mia is 4 stops away.,ham,real_delivery_notice
"Bin in 5 Minuten da, die Bahn hatte Verspätung",ham,chat_i18n
"Yo it's Mike, got a new number, save it! Old one stops working Monday.",ham,friend_new_number
Dein PNC Bestätigungscode lautet 695 747.,ham,real_codes
"Hi quick one, forward me the text with the code that just came through, I put your number in by mistake thanks",phishing,code_relay
عرض خاص! خصم 45% على جميع الأحذية في متجر نون هذا الأسبوع فقط. تسوق الآن riyadhmall.com,spam,ads_i18n
"Hey, is this still Arjun's number? Haven't heard from you since Berlin.",phishing,wrong_number_opener
"Hi, what's the code in the message you just got? I put your number in by mistake",phishing,code_relay
772-979 is your Instagram verification code. It expires in 15 minutes.,ham,real_codes
"Bin in 25 Minuten da, die Bahn hatte Verspätung",ham,chat_i18n
Hermes notice: package #37187518 returns to sender unless address is confirmed: https://rb.gy/r27702/id,phishing,delivery_fee
"Arjun (Netflix Staffing): we saw your CV on LinkedIn. Online position, 1-2 hrs a day, $757.92/day. Interested? wa.me/50819892828",phishing,job_scam
"Hi, this is Ben from the garage. Is this still the best number for appointment reminders?",ham,friend_wrong_number
La Poste notice: package #487-8303039-5953369 returns to sender unless address is confirmed: https://is.gd/v20197,phishing,delivery_fee
El Corte Inglés: iPhone 16 Pro is out for delivery today. Someone should be available to sign.,ham,real_order_notice
"Badhai ho! Aapko $850,000 ka Carrefour gift card mila hai. Abhi claim karein: https://rb.gy/t9732/pay",phishing,prize_win_i18n
"Ivan (Deloitte Staffing): we saw your CV on LinkedIn. Online position, 1-2 hrs a day, $198/day. Interested? reply YES",phishing,job_scam
"Dear applicant, congratulations, Marriott has approved your social media assistant application. Salary $629 per day. Contact your manager Pedro: wa.me/44764705587",phishing,job_scam
"Hi I sent a verification code to your number by accident, can you read it to me? It expires in 5 min. xx",phishing,code_relay
Final notice from HMRC: a warrant will be issued unless you settle AED 604.33 today. Call (964) 209-2968 ref #1070-75873.,phishing,gov_callback
Amazon Prime: payment of $199 could not be processed. Update your billing within 2 days or lose access: https://shorturl.at/j35403,phishing,fake_subscription_charge
Apple Music: payment of €133.34 could not be processed. Update your billing within 24h or lose access: http://payment-lisbon.biz,phishing,fake_subscription_charge
"DPD: sorry we missed you. Your parcel is at the Kyiv depot, collect it with photo ID or rebook in the DPD app.",ham,real_delivery_notice
Hi can you send me the code you just received? I used your number for my account. x,phishing,code_relay
"Your Cabify driver Carlos is arriving in a silver Skoda, plate B60M865.",ham,real_hr_and_appointments
"Bet $4,493 get £109 in free bets at PlayMax. 18+, T&Cs apply, new customers only.",spam,generic_ads
Your NHS card must be replaced with a new digital card. Confirm your number here to keep coverage: http://medicare25.win/update,phishing,gov_callback
"Namaste, main Wei IKEA HR se. Aap part-time online job ke liye select hue hain, $254/day. WhatsApp karein +1 887 646 4116.",phishing,job_scam_i18n
"Sofía (Tesla Staffing): we saw your CV on Indeed. Online position, 1-2 hrs a day, $67/day. Interested? WhatsApp me on +44 7473 102174",phishing,job_scam
Evri: your driver Neha is 6 stops away.,ham,real_delivery_notice
Final notice from Social Security Administration: a warrant will be issued unless you settle £574.01 today. Call 07 72 28 32 57 ref C194376.,phishing,gov_callback
Bell: you've used 80% of your 50GB monthly data. Your allowance resets on 3 Jan.,ham,real_telco_util_notice
"Parabéns! Você foi selecionado para um vale de £1,500 da Apple. Resgate agora: vale-berlin.vip",phishing,prize_win_i18n
"Receipt: MacBook Pro $4,466 via Fnac. Ref #26630304. Questions or cancellation: +1 549 678 4685 (24/7).",phishing,fake_order_callback
Jetzt $567.29 Bonus sichern! Online Casino mit über 2595 Spielen. casinoclub.de,spam,ads_i18n
"Xbox Game Pass receipt: ₹47 charged Sunday. If you did not authorize this, cancel at cancel39.link/claim",phishing,fake_subscription_charge
"Hi Auntie!! Save this number and delete the old one. I'm in a bit of a mess, can you help me out?",phishing,new_number_family
GLS: your parcel could not be delivered. Pay £3.20 customs fee within 2 days: parcel-help.online,phishing,delivery_fee
"Hola, ¿te llegó un código de verificación? Puse tu número por error, ¿me lo pasas?",phishing,code_relay_i18n
"Your Airbnb host Olivia sent you a message: check-in is after 3pm, the lockbox code is in the app.",ham,real_hr_and_appointments
"Félicitations ! Vous avez gagné $2,000 au tirage anniversaire. Confirmez vos coordonnées : app-gagnant.win",phishing,prize_win_i18n
Your table for 7 at Osteria is confirmed for tomorrow noon. Reply CANCEL to cancel.,ham,real_hr_and_appointments
Australia Post: we delivered your parcel to your safe place.,ham,real_delivery_notice
"EDF: a power cut is affecting your area. Engineers are on site, estimated restoration 9:30am.",ham,real_telco_util_notice
Weather alert: heat warning for Chicago until 4:45pm. Avoid low-lying roads.,ham,real_hr_and_appointments
DHL: we missed you tomorrow. Reschedule delivery (€2.50) at dhl-claim.site,phishing,delivery_fee
"Hello running 25 min late, car wouldn't start. Order me a beer? ttyl",ham,friend_favor
Bell: you've used 90% of your 20GB monthly data. Your allowance resets on 3 Oct.,ham,real_telco_util_notice
Evri: your parcel has an incomplete address. Pay €1.49 handling fee within 2 days: https://shorturl.at/d67625/pay,phishing,delivery_fee
"New number alert, this is Rahul :) same WhatsApp, just a new sim. See you Monday!",ham,friend_new_number
Centrelink: you are owed a stimulus payment of $110. Submit your bank details at https://shorturl.at/j30740/claim to receive it.,phishing,gov_callback
"Hiya Papa, it's Mia, this is my work phone number in case you can't reach the other one. Everything's fine!",ham,friend_new_number
"Hi, I sent a verification code to your number by accident, can you read it to me? It expires in 5 min. love you",phishing,code_relay
7316 is your Crédit Agricole verification code. It expires in 10 minutes.,ham,real_codes
Argos: your package with Bluetooth speaker was delivered. It was handed to a resident.,ham,real_order_notice
ING: a payment of €384.38 to Ahmed Olivia was sent from your account. Ref #74037552.,ham,real_bank_notice
"Olá, sou Anna do RH da Uber. Você foi selecionado para uma vaga home office, £873 por dia. Me chama no WhatsApp (921) 814-7305.",phishing,job_scam_i18n
"Oi Vó, sou eu, perdi o telefone, esse é meu número novo. Consegue me mandar um Pix de $21 hoje? Amanhã devolvo.",phishing,new_number_family_i18n
"Hiya Sis, it's Wei, this is my work phone number in case you can't reach the other one. Everything's fine!",ham,friend_new_number
DPD: your parcel is on hold. Pay $2.99 redelivery fee within 48h: https://bit.ly/q45140/id,phishing,delivery_fee
"Dear applicant, congratulations, Zara has approved your virtual assistant application. Salary ₹241 per day. Contact your manager Pierre: Telegram @recruit872",phishing,job_scam
"Tô chegando, 12 min. Pede uma água pra mim?",ham,chat_i18n
Apple: order #9871-97834 is ready for pickup at the Mumbai store. Bring your order confirmation.,ham,real_order_notice
"Santander: R$31 was deposited into your account ending 8855. Available balance AED 2,034.",ham,real_bank_notice
"Selected candidate: Shein needs 50 people to follow accounts, £30/day. Start today, message (456) 653-8159 on WhatsApp.",phishing,job_scam
"Dear applicant, congratulations, Google has approved your typist application. Salary $38.01 per week. Contact your manager Neha: text +971 55 442 2424",phishing,job_scam
"Selected candidate: Amazon needs 23 people to like videos, $1,947/day. Start today, wa.me/68486436025.",phishing,job_scam
Mercado Livre: a iPhone 16 Pro was ordered from a new device in Toronto. Charged €19. Cancel: +971 53 420 8786,phishing,fake_order_callback
"Now hiring: cashiers at Shein, $31.45/hr. Apply at reed.co.uk. Reply STOP to opt out.",spam,real_job_ad
Walmart: 48% off Dyson V15 this week. Shop at the Walmart app. Text STOP to unsubscribe.,spam,giftcard_promo
Vivo Security: enter your 2FA code at https://cutt.ly/w92934 to confirm the pending withdrawal of €661.,phishing,account_problem_link
Chronopost: your driver Emma is 5 stops away.,ham,real_delivery_notice
USPS: we delivered your parcel to a neighbour at No. 92.,ham,real_delivery_notice
Xbox Game Pass: payment of £738.41 failed. Update your billing within 48 hours or lose access: https://cutt.ly/w27307,phishing,fake_subscription_charge
iCloud Alert: your account will be locked unless you act. Update your details at https://t.co/m51432/secure,phishing,account_problem_link
Hi can you send me the code you just received? it sent the code to your phone somehow. pls,phishing,code_relay
"New number alert, this is Ben :) same WhatsApp, just a new sim. See you Thursday!",ham,friend_new_number
Your Adobe subscription renewed for R$37. To cancel and get a refund call 1-800-968-5963 within 24h.,phishing,fake_subscription_charge
Dropbox: your payment of AED 975.50 was processed. Next billing date today. Manage your plan in Account settings.,ham,real_subscription_notice
Receipt: PlayStation 5 ₹410 via Walmart. Ref #5760-89078. Questions or cancellation: +971 57 445 5694 (24/7).,phishing,fake_order_callback
"Hello? Grandpa it's me Save this number and delete the old one. Something's come up, are you free to help with a payment? love you",phishing,new_number_family
"Hi, this is Pierre from the salon. Is this still the best number for appointment reminders?",ham,friend_wrong_number
"Now hiring: drivers at Amazon, $2,907/hr. Apply at indeed.com. Reply STOP to opt out.",spam,real_job_ad
2812 is your WhatsApp OTP. Valid for 10 mins. Do not share with anyone. -WhatsApp,ham,real_codes
"EE: your bill of $2,462 is now available. View or pay at ee.com. Autopay will process on 24/6.",ham,real_telco_util_notice
GLS: your parcel #884-4182412-7811848 will be delivered Sunday between 1pm and 3pm. No action needed.,ham,real_delivery_notice
Amazon Logistics: your parcel could not be delivered. Pay £1.49 redelivery fee within 2 days: track33.win,phishing,delivery_fee
"Hi all, João here. Switched carriers so this is my number from now on. No need to reply.",ham,friend_new_number
La Poste notice: package F636498 returns to sender unless address is confirmed: https://bit.ly/q24207/pay,phishing,delivery_fee
Apple Music receipt: $42 for your family plan. Thank you!,ham,real_subscription_notice
"Buy $1,754 of electronics at Best Buy and get a $39 bonus card. Ends today.",spam,giftcard_promo
¡Gana dinero desde casa! Hasta $116 al mes sin experiencia. Regístrate: trabajofacil.es,spam,ads_i18n
"مبروك! تم اختيارك للفوز بقسيمة £5,000 من Aldi. اضغط للمطالبة: https://cutt.ly/z12027/verify",phishing,prize_win_i18n
"Hola, soy Ahmed de RRHH de Walmart. Has sido seleccionado para un trabajo remoto, AED 254 al día. Escríbeme por WhatsApp +91 71727 80275.",phishing,job_scam_i18n
"Hi there I sent a verification code to your number by accident, can you read it to me? Need it to log in. xx",phishing,code_relay
"Sofía it's Liam, I got your number from Noah. Are you free to chat Wednesday?",phishing,wrong_number_opener
"Hi, Carlos, did you get the package I sent? Sorry, is this the right number?",phishing,wrong_number_opener
Telcel: planned maintenance in your area Thursday 8am-2:15pm. You may lose signal briefly. Sorry for the inconvenience.,ham,real_telco_util_notice
"Mom, this is my new number. Save this number and delete the old one. asap",phishing,new_number_family
Walmart Order Confirmation: a desk lamp - $157.64. Delivery Thursday. To cancel or report unauthorized use call 06 68 50 62 35.,phishing,fake_order_callback
Unlock 44k followers overnight! Grow your Instagram fast: followerpro.net,spam,generic_ads
Your Jumia return for Ring doorbell was received. Refund of ₹40 will appear on your card in 3-5 business days.,ham,real_order_notice
"Dropbox: a new device signed in to your account from Dallas. If this wasn't you, change your password in the Dropbox app.",ham,real_subscription_notice
"Buy £3,378 of toys at Shell and get a ₹898 bonus card. Ends this weekend.",spam,giftcard_promo
Your EDF bill of $249.91 is due on Monday. Pay in the EDF app or at the EDF app. Thank you.,ham,real_telco_util_notice
"Your prescription is ready for pickup at Walgreens, 2462 Main St. Open 10am-3pm.",ham,real_hr_and_appointments
Offre spéciale : 43% de réduction sur les chaussures chez Zalando jusqu'à dimanche. laredoute.fr,spam,ads_i18n
Hey!! can you pick up the dry cleaning on your way home?,ham,friend_favor
"Hey, is this still Mateo's number? Haven't heard from you since Kyiv.",phishing,wrong_number_opener
Costco: your order #61871625 (running shoes) has shipped and will arrive Sunday. Track it at costco.com/orders.,ham,real_order_notice
Mercado Livre: your package with Ring doorbell was delivered. It was left at the front door.,ham,real_order_notice
"Hello, long time no talk! How have you been? Sorry if wrong number!",phishing,wrong_number_opener
"Marriott is hiring! Earn ₹2,820-£266 daily share posts. No experience, paid daily. Ages 22+. message +971 50 508 5326 on WhatsApp",phishing,job_scam
Receipt: Apple Watch €485.13 via Best Buy. Ref #958-7326171-1808907. Questions or cancellation: +34 673 159 584 (24/7).,phishing,fake_order_callback
SBI Alert: your account will be locked in 24 hours. Update your details at sbi17.cc/refund,phishing,account_problem_link
"Fnac: Your order #391-2910115-8723609 for AirPods Pro ($158) has shipped. If you did not place this order, call +34 665 203 852 now to cancel.",phishing,fake_order_callback
"Ganhe até $1,581 por dia com apostas online! Cadastre-se grátis: jogafacil.bet",spam,ads_i18n
"Hey Arjun, it's Layla, we met at Emma's birthday on today. Great to meet you, let's do that coffee!",ham,friend_wrong_number
"Amazon Loyalty: you have won £2,000! Confirm your details at https://rb.gy/s97054/refund",phishing,prize_win
FedEx notice: package E453240 returns to sender unless address is confirmed: https://tinyurl.com/f40009,phishing,delivery_fee
the Tax Office notice: a filing error of $28 found on your record. Pay by tonight at fine-sydney.buzz/secure or face prosecution.,phishing,gov_callback
USPS: we missed you Monday. Reschedule delivery (€2.99) at https://cutt.ly/n88146,phishing,delivery_fee
"Amazon Logistics: sorry we missed you. Your parcel is at the Miami depot, collect it with photo ID or rebook in the Amazon Logistics app.",ham,real_delivery_notice
"Lidl Customer: you have won €1,500! Claim your prize at https://bit.ly/b93030/login",phishing,prize_win
"Hiya mum said dinner is at 10am, bring Neha if they're free 🙏",ham,friend_favor
"Oi Vó, sou eu, perdi o telefone, esse é meu número novo. Preciso pagar um boleto urgente e não consigo entrar no banco.",phishing,new_number_family_i18n
"مبروك! تم اختيارك للفوز بقسيمة £850,000 من Apple. اضغط للمطالبة: prize-notice.win/id",phishing,prize_win_i18n
Home Depot: iPhone 16 Pro is out for delivery today. Someone should be available to sign.,ham,real_order_notice
Amazon members: double points on everything this Friday. Show the app at checkout. STOP to opt out.,spam,giftcard_promo
Social Security Administration: Your SSN has been linked to fraud. Call (512) 977-4703 immediately.,phishing,gov_callback
"Your Cabify driver Lucía is arriving in a silver Skoda, plate B51L584.",ham,real_hr_and_appointments
Lufthansa: flight BE6043 to Berlin now departs from gate C39. Boarding at 2:15pm.,ham,real_hr_and_appointments
Maybank: R$21.66 was deposited into your account ending 7353. Available balance ₹11.,ham,real_bank_notice
Home Depot: your order #1720-57945 (PlayStation 5) has shipped and will arrive tomorrow. Track it at the Home Depot app or homedepot.com.,ham,real_order_notice
Netflix: payment of ₹58 could not be processed. Update your billing within 24h or lose access: my-payment.icu,phishing,fake_subscription_charge
Scotiabank: رمز التحقق الخاص بك هو 652 139. لا تشاركه مع أحد.,ham,real_codes
"Hi, I sent a verification code to your number by accident, can you read it to me? It expires in 5 min. 😊",phishing,code_relay
Carrefour members: double points on everything this weekend. Show the app at checkout. STOP to opt out.,spam,giftcard_promo
"Hey!! just finished the report, sending it over now. let me know if anything looks off",ham,friend_favor
"Your prescription is ready for pickup at Boots, 9622 Main St. Open 1pm-8:30pm.",ham,real_hr_and_appointments
"British Gas: a power cut is affecting your area. Engineers are on site, estimated restoration 2:15pm.",ham,real_telco_util_notice
"Thanks for your Jumia order! Apple Watch, €130.28. Est. delivery Tuesday. Manage your order in jumia.com/orders.",ham,real_order_notice
"WINNER: You won $1,000 in the Mobile Draw. Send your name, address and bank details to claim. Ref #79164610",phishing,prize_win
"Use 119 353 to sign in to NatWest. If you didn't request this, ignore this message.",ham,real_codes
Correos: we delivered your parcel to a neighbour at No. 22.,ham,real_delivery_notice
"Buy $2,569 of electronics at Home Depot and get a R$280.23 bonus card. Ends Sunday.",spam,giftcard_promo
عرض خاص! خصم 31% على جميع الأحذية في متجر الرياض مول هذا الأسبوع فقط. تسوق الآن noon.com,spam,ads_i18n
USPS: your parcel C714141 will be delivered tonight between 8:30pm and 7pm. No action needed.,ham,real_delivery_notice
Royal Mail: your driver Ana is 6 stops away.,ham,real_delivery_notice
Medicare: Your driver license has been compromised. Call +44 7162 684860 within 24 hours.,phishing,gov_callback
"Your Airbnb host Omar sent you a message: check-in is after 6pm, the lockbox code is in the app.",ham,real_hr_and_appointments
BBVA: your direct debit of AED 966 to AT&T is due this weekend.,ham,real_bank_notice
"Hi Omar, this is Omar from IKEA recruiting. Your interview is confirmed for Saturday at 2:15pm. Reply if you need to reschedule.",ham,real_hr_and_appointments
FedEx: your parcel #336-9187255-1839379 will be delivered Monday between 1pm and 2:15pm. No action needed.,ham,real_delivery_notice
"Adecco is hiring weekend staff. Open interviews Tuesday 7pm-6pm, bring ID. Text STOP to end.",spam,real_job_ad
Best Buy: your package with AirPods Pro was delivered. It was left with the concierge.,ham,real_order_notice
"Spotify: a new device signed in to your account from Lisbon. If this wasn't you, change your password in the Spotify app.",ham,real_subscription_notice
عرض خاص! خصم 31% على جميع العطور في متجر الياسمين هذا الأسبوع فقط. تسوق الآن yasmin-shop.com,spam,ads_i18n
"Congratulations! You've been chosen to receive a €250,000 Best Buy gift card. Claim here: http://my-winner.biz/claim",phishing,prize_win
On se voit ce soir ? Liam vient aussi,ham,chat_i18n
"Adobe: payment of $4,483 could not be processed. Update your billing within 48 hours or lose access: http://get-payment.online",phishing,fake_subscription_charge
YouTube Premium: your payment of $47 was processed. Next billing date Thursday. Manage your plan in Account settings.,ham,real_subscription_notice
Emirates NBD: your statement is ready. View it in the Emirates NBD app or online banking.,ham,real_bank_notice
SFR: planned maintenance in your area this weekend 10am-2:15pm. You may lose signal briefly. Sorry for the inconvenience.,ham,real_telco_util_notice
"Hiya quick one, forward me the text with the code that just came through, I used your number for my account ttyl",phishing,code_relay
"Zara is hiring! Earn $959-$864 daily test apps. No experience, instant withdrawal. Ages 22+. reply YES",phishing,job_scam
Chronopost: we delivered your parcel to a neighbour at No. 94.,ham,real_delivery_notice
Hulu: your payment of $821 was processed. Next billing date Monday. Manage your plan in Account settings.,ham,real_subscription_notice
"Payday loans from 7.9% APR, decision in minutes. Apply: creditfast.co.uk",spam,generic_ads
"Dad, this is my new number. Please reply here so I know you got this. asap",phishing,new_number_family
Movistar: you've used 90% of your 10GB monthly data. Your allowance resets on 23 Oct.,ham,real_telco_util_notice
بابا هذا رقمي الجديد، جوالي ضاع. احفظي الرقم وكلميني واتساب.,phishing,new_number_family_i18n
Walmart: a PlayStation 5 was ordered from a new device in London. Charged €863. Cancel: +1 657 380 2937,phishing,fake_order_callback
"Jumia: a printer ink was ordered from a new device in Manchester. Charged €4,642. Cancel: 1-857-567-7235",phishing,fake_order_callback
Your Hulu free trial ends tonight. You'll be charged R$84/month unless you cancel in the app.,ham,real_subscription_notice
"Uber is hiring! Earn $83-R$26 daily review hotels. No experience, paid daily. Ages 22+. WhatsApp +91 91173 75514",phishing,job_scam
"TD Bank: your account ending 2514 has a low balance of $1,441. This is the alert you set up.",ham,real_bank_notice
"Uber is hiring! Earn £3,655-£712.65 daily complete surveys. No experience, paid daily. Ages 22+. wa.me/98252714972",phishing,job_scam
Correos notice: package #82478139 returns to sender unless address is confirmed: https://t.co/b17148/id,phishing,delivery_fee
"Oi Tio, sou eu, perdi o telefone, esse é meu número novo. Salva aí e me chama no WhatsApp.",phishing,new_number_family_i18n
"مبروك! تم اختيارك للفوز بقسيمة €1,000 من Shell. اضغط للمطالبة: https://is.gd/h19049",phishing,prize_win_i18n
"Glückwunsch! Sie wurden für einen £1,000 Shell Gutschein ausgewählt. Jetzt einlösen: https://shorturl.at/z89696",phishing,prize_win_i18n
"Buy $4,026 of electronics at Shell and get a R$83 bonus card. Ends Wednesday.",spam,giftcard_promo
HSBC: a billing error detected. Confirm your account immediately: http://secure-berlin.club/update,phishing,account_problem_link
"Final notice from Centrelink: a warrant will be issued unless you settle £2,754 today. Call +1 978 592 7091 ref B865708.",phishing,gov_callback
Adobe: payment of $87 failed. Update your billing within 48 hours or lose access: payment-dallas.online/id,phishing,fake_subscription_charge
"Dear applicant, congratulations, Amazon has approved your customer support application. Salary €578 per week. Contact your manager Omar: WhatsApp (432) 332-9531",phishing,job_scam
El Corte Inglés: a Nintendo Switch was ordered from a new device in Madrid. Charged £74. Cancel: 1-888-548-4723,phishing,fake_order_callback
"Hey Mama, it's Ahmed, this is my work phone number in case you can't reach the other one. Everything's fine!",ham,friend_new_number
Canva receipt: AED 82 for your annual plan. Thank you!,ham,real_subscription_notice
Hi there what's the code for the gate? I forgot it again 😊,ham,friend_favor
"MediaMarkt: Your order G101419 for Ring doorbell ($62.65) has shipped. If you did not authorize this order, call (849) 937-3527 now to cancel.",phishing,fake_order_callback
"Congratulations! You've been picked to receive a $50,000 Tesco gift card. Claim within 24h: my-tesco.link",phishing,prize_win
"Je suis en retard de 21 min, commande-moi un café stp",ham,chat_i18n
Vivo Security: enter your 2FA code at vivo-support.club/secure to confirm the pending withdrawal of £984.43.,phishing,account_problem_link
O2: thanks for your payment of ₹74. Your next bill is due Friday.,ham,real_telco_util_notice
"Hi, ek WhatsApp code aaya kya? Galti se tumhara number daal diya, please bhej do.",phishing,code_relay_i18n
Papa I my phone got stolen Text me back on here. Can you send me your card details so I can order a replacement phone? ❤️,phishing,new_number_family
"Hi, is this Noah? It's Arjun from the school run, Liam gave me your number about Wednesday.",ham,friend_wrong_number
"Hola, soy Ava de RRHH de Google. Has sido seleccionado para un trabajo remoto, £4,891 al día. Escríbeme por WhatsApp +971 56 217 8560.",phishing,job_scam_i18n
"Enter our summer giveaway for a chance to win a £1,000 Carrefour gift card. Enter at carrefour.com/orders/giveaway. No purchase necessary.",spam,giftcard_promo
"ING: your card was used abroad in Jakarta for AED 352.60. If you don't recognise this, call the number on your card.",ham,real_bank_notice
"Hello? landed safely, will call you when I get to the hotel please",ham,friend_favor
Starbucks: 32% off Bluetooth speaker this week. Shop at starbucks.com/orders. Text STOP to unsubscribe.,spam,giftcard_promo
PostNL: your parcel could not be delivered. Pay £1.99 handling fee within 24h: parcel58.site/verify,phishing,delivery_fee
"Hi a code should have come to your phone, I'm locked out and it went to you. What is it? ok?",phishing,code_relay
"Social Security Administration notice: an outstanding fine of €4,063 found on your record. Pay by Saturday at https://rb.gy/w41791/claim or face prosecution.",phishing,gov_callback
"Grandpa it's your girl, new number Can you send me your card details so I can order a replacement phone?",phishing,new_number_family
"Olá, sou Liam do RH da Deloitte. Você foi selecionado para uma vaga home office, £32 por dia. Me chama no WhatsApp (929) 811-1146.",phishing,job_scam_i18n
"hey it's Noah from work, finally got a UK number, save me x",ham,friend_new_number
Royal Mail: we delivered your parcel to a neighbour at No. 35.,ham,real_delivery_notice
خالتي هذا رقمي الجديد، جوالي ضاع. محتاج مساعدة عاجلة في دفع فاتورة.,phishing,new_number_family_i18n
¡Gana dinero desde casa! Hasta $36 al mes sin experiencia. Regístrate: ganaya.es,spam,ads_i18n
"Hi, this is Léa from the dentist. Is this still the best number for appointment reminders?",ham,friend_wrong_number
"Thanks for your Amazon order! Bose headphones, R$50. Est. delivery Tuesday. Manage your order in amazon.com/orders.",ham,real_order_notice
"Hi Natasha, Dmitri here from the letting agency, confirming your viewing today at 8am.",ham,friend_wrong_number
Amazon: 24% off iPhone 16 Pro this week. Shop at the Amazon app. Text STOP to unsubscribe.,spam,giftcard_promo
"Temu is hiring seasonal staff. Open interviews Monday 4:45pm-4:45pm, bring ID. Text STOP to end.",spam,real_job_ad
"Your Bolt driver Mateo is arriving in a gray Toyota Camry, plate C87L507.",ham,real_hr_and_appointments
"Use 559 410 to sign in to Lloyds. If you didn't request this, ignore this message.",ham,real_codes
"hey it's Mike from uni, finally got a UK number, save me x",ham,friend_new_number
"Selected candidate: Deloitte needs 37 people to complete surveys, £30.16/day. Start today, WhatsApp me on +34 694 357 988.",phishing,job_scam
"Bank of America: your card was used abroad in Jakarta for £57. If you don't recognise this, call the number on your card.",ham,real_bank_notice
"Hola, soy Neha de RRHH de Shein. Has sido seleccionado para un trabajo remoto, $238.31 al día. Escríbeme por WhatsApp +1 816 554 4658.",phishing,job_scam_i18n
HMRC: you are owed a stimulus payment of AED 628. Submit your bank details at https://cutt.ly/p62456/refund to receive it.,phishing,gov_callback
Aramex: we missed you today. Reschedule delivery (£4.99) at aramex-claim.link,phishing,delivery_fee
"Thanks for your El Corte Inglés order! a desk lamp, $1,785. Est. delivery Saturday. Manage your order in elcorteinglés.com/track.",ham,real_order_notice
Lidl members: double points on everything this weekend. Show the app at checkout. STOP to opt out.,spam,giftcard_promo
Job alert: product reviewer roles from $780.77/hr. Set up alerts at ziprecruiter.com. Opt out anytime.,spam,real_job_ad
Disney+: payment of AED 848 could not be processed. Update your billing within 24h or lose access: payment79.buzz,phishing,fake_subscription_charge
"Hi, this is Carlos from Dr. Mateo's office. Is this still the best number for appointment reminders?",ham,friend_wrong_number
"Congratulations! You've been selected to receive a €2,000 Tesco gift card. Claim now: http://my-rewards.vip",phishing,prize_win
Vodafone: suspicious activity detected. Secure your account immediately: http://verify-sydney.click/update,phishing,account_problem_link
"Hello? happy birthday!!! hope you have an amazing day, drinks on me this weekend",ham,friend_favor
Yo what's the code in the message you just got? it sent the code to your phone somehow asap,phishing,code_relay
"Hey, is this still Wei's number? Haven't heard from you since Lagos.",phishing,wrong_number_opener
Tu código de verificación de Truist es 4530. No lo compartas.,ham,real_codes
"Thanks for coming to the interview today. We'll be in touch by today with next steps. - Emma, HR",ham,real_hr_and_appointments
"Hi Mum!! Can you message me on WhatsApp on this number? I'm in a bit of a mess, can you help me out? ttyl",phishing,new_number_family
"Hello I sent a verification code to your number by accident, can you read it to me? Sorry!! ttyl",phishing,code_relay
"Hi, this is Mia from Uber Talent Acquisition. We reviewed your resume and you qualify for a remote typist role, AED 948/day. WhatsApp +971 55 587 1681 to start.",phishing,job_scam
"Hello quick one, forward me the text with the code that just came through, I typed your number instead of mine 😊",phishing,code_relay
"Glückwunsch! Sie wurden für einen €850,000 Target Gutschein ausgewählt. Jetzt einlösen: http://gewinn-update.buzz/login",phishing,prize_win_i18n
School: parents evening on Wednesday. See the newsletter for details.,ham,real_hr_and_appointments
"مرحبا، أنا Wei من قسم التوظيف في Temu. تم اختيارك لوظيفة عن بعد براتب ₹4,303 يومياً. تواصل واتساب (866) 491-9382",phishing,job_scam_i18n
Hiya can you send me the code you just received? I put your number in by mistake. thank you!,phishing,code_relay
"Buy $46 of electronics at Best Buy and get a $3,102 bonus card. Ends Saturday.",spam,giftcard_promo
"Selected candidate: Deloitte needs 43 people to share posts, €371/day. Start today, WhatsApp +971 50 313 3216.",phishing,job_scam
"Enter our summer giveaway for a chance to win a £850,000 Best Buy gift card. Enter at the Best Buy app/giveaway. No purchase necessary.",spam,giftcard_promo
"Hola, ¿a qué hora llegas el sábado? Te espero en la estación.",ham,chat_i18n
"UPS: sorry we missed you. Your parcel is at the Chicago depot, collect it with photo ID or rebook in the UPS app.",ham,real_delivery_notice
iCloud Alert: your account will be locked today. Update your details at icloud4.info,phishing,account_problem_link
Amazon Logistics: parcel #4969-85596 has been collected from the sender and is on its way.,ham,real_delivery_notice
Telcel: you've used 100% of your 10GB monthly data. Your allowance resets on 28 Oct.,ham,real_telco_util_notice
"¡Felicidades! Has sido seleccionado para recibir una tarjeta regalo de €5,000 de Walmart. Reclama aquí: https://bit.ly/s70813",phishing,prize_win_i18n
"Extended car warranty: your coverage may be expiring. Protect your vehicle from repair bills, call 07 49 26 45 58 for a quote.",spam,generic_ads
4996 is your Revolut verification code. It expires in 15 minutes.,ham,real_codes
"Zain: thanks for your payment of €4,280. Your next bill is due Thursday.",ham,real_telco_util_notice
"Coucou Mamie, c'est moi, j'ai changé de numéro. Tu peux me faire un virement de ₹48 ? Je te rembourse vite.",phishing,new_number_family_i18n
"IKEA is hiring weekend staff. Open interviews today 3pm-3pm, bring ID. Text STOP to end.",spam,real_job_ad
Your Amazon Prime free trial ends tonight. You'll be charged $90/month unless you cancel in the app.,ham,real_subscription_notice
"Your prescription is ready for pickup at Walgreens, 1057 Main St. Open 4:45pm-9:30am.",ham,real_hr_and_appointments
"Parabéns! Você foi selecionado para um vale de €2,000 da Carrefour. Resgate agora: https://shorturl.at/x9237/secure",phishing,prize_win_i18n
UPS: your parcel is held at customs. Pay £1.49 handling fee within 2 days: http://parcel4.club/update,phishing,delivery_fee
"Hello? did you just get a Google code? I'm locked out and it went to you, can you send it to me? ❤️",phishing,code_relay
Target: a printer ink was ordered from a new device in Dallas. Charged ₹89.31. Cancel: +1 374 947 2054,phishing,fake_order_callback
Receipt: iPhone 16 Pro $59 via Fnac. Ref #78948629. Questions or cancellation: +971 56 847 6902 (24/7).,phishing,fake_order_callback
TIM: your bill of $59 is now available. View or pay at the TIM app. Autopay will process on 17/4.,ham,real_telco_util_notice
"¡Gana dinero desde casa! Hasta R$4,169 al mes sin experiencia. Regístrate: trabajofacil.es",spam,ads_i18n
Receipt: a winter coat $963 via El Corte Inglés. Ref #43324501. Questions or cancellation: 1-876-867-2084 (24/7).,phishing,fake_order_callback
Buy £130.56 of toys at Apple and get a $413.53 bonus card. Ends today.,spam,giftcard_promo
ING: 820-179 is your one-time passcode. Do not share it. We will never call to ask for it.,ham,real_codes
مرحبا، أنا Ben من قسم التوظيف في Deloitte. تم اختيارك لوظيفة عن بعد براتب R$783 يومياً. تواصل واتساب (255) 991-6306,phishing,job_scam_i18n
"Solar panels with $0 down, cut your bill by 78%. Free quote: gosolar.com",spam,generic_ads
HDFC Bank: your new card ending 5591 has been sent and should arrive in 5-7 days. Activate it in the app when it arrives.,ham,real_bank_notice
"Your Xbox Game Pass subscription renewed for AED 1,577. To cancel and get a refund call 07 87 62 93 33 within 24h.",phishing,fake_subscription_charge
DMV notice: an outstanding fine of €859.67 found on your record. Pay by tonight at https://is.gd/v22237/confirm or face prosecution.,phishing,gov_callback
"Extended car warranty: your coverage may be expiring. Protect your vehicle from repair bills, call +1 555 431 8176 for a quote.",spam,generic_ads
Finanzamt notice: unpaid tax of €28 found on your record. Pay by Sunday at fine-pay.cc/claim or face prosecution.,phishing,gov_callback
"New number alert, this is Louis :) same WhatsApp, just a new sim. See you Saturday!",ham,friend_new_number
Apple Music: we couldn't process your payment. Please update your payment method in the Apple Music app to keep your plan.,ham,real_subscription_notice
"Mom it's me, Can you message me on WhatsApp on this number? I can't get into my bank, can you pay something for me quickly? pls",phishing,new_number_family
Dropbox: we couldn't process your payment. Please update your payment method in the Dropbox app to keep your plan.,ham,real_subscription_notice
"Namaste, main Noah Uber HR se. Aap part-time online job ke liye select hue hain, $864/day. WhatsApp karein +1 650 227 3934.",phishing,job_scam_i18n
"Hi quick one, forward me the text with the code that just came through, my phone is acting up",phishing,code_relay
You are our monthly customer! A AirPods Pro is waiting for you. Pay only shipping £0.99: https://cutt.ly/z3968,phishing,prize_win
"Uber is hiring part-time staff. Open interviews Sunday 6pm-1pm, bring ID. Text STOP to end.",spam,real_job_ad
"Hi Mei, Kenji here from the letting agency, confirming your viewing this weekend at 10am.",ham,friend_wrong_number
CRA notice: an outstanding fine of $392.59 found on your record. Pay by Sunday at https://tinyurl.com/z25260/pay or face prosecution.,phishing,gov_callback
"USPS: sorry we missed you. Your parcel is at the Chicago depot, collect it with photo ID or rebook in the USPS app.",ham,real_delivery_notice
"Dear applicant, congratulations, Deloitte has approved your package handler application. Salary $22 per day. Contact your manager Jake: WhatsApp me on +91 92135 77205",phishing,job_scam
USPS notice: package #704-9113562-1727492 returns to sender unless address is confirmed: http://confirm50.icu/pay,phishing,delivery_fee
"Netflix is hiring! Earn AED 54-$1,443 daily complete surveys. No experience, paid daily. Ages 22+. text (407) 968-4784",phishing,job_scam
Shell: 16% off AirPods Pro this week. Shop at shell.com/orders. Text STOP to unsubscribe.,spam,giftcard_promo
Movistar Alert: your account will be closed today. Update your details at https://bit.ly/h74800/verify,phishing,account_problem_link
"مبروك! تم اختيارك للفوز بقسيمة $50,000 من Best Buy. اضغط للمطالبة: prize-madrid.top/login",phishing,prize_win_i18n
USPS: your parcel A224331 will be delivered Wednesday between 7pm and 8am. No action needed.,ham,real_delivery_notice
"Promo Orange : forfait 100Go à 9,99€/mois pendant 12 mois ! Souscrivez sur sfr-promo.fr",spam,ads_i18n
Unlock 10k followers overnight! Grow your Instagram fast: followerpro.io,spam,generic_ads
SBI Security: enter your 2FA code at sbi-secure.online to confirm the pending withdrawal of $651.56.,phishing,account_problem_link
"Hey Sofía, it's Chris, we met at Kenji's birthday on tonight. Great to meet you, let's do that coffee!",ham,friend_wrong_number
"Selected candidate: Costco needs 45 people to review hotels, $129.63/day. Start today, Telegram @recruit42.",phishing,job_scam
"Hi Dr. Louis, this is Ahmed. Can we move my appointment to Saturday? Sorry, is this the right number?",phishing,wrong_number_opener
"Olá, sou Beatriz do RH da Netflix. Você foi selecionado para uma vaga home office, ₹111 por dia. Me chama no WhatsApp 1-871-248-7659.",phishing,job_scam_i18n
"Thanks for coming to the interview today. We'll be in touch by Wednesday with next steps. - Mei, HR",ham,real_hr_and_appointments
"Hi, is this Lucy? It's Rahul from the school run, Layla gave me your number about Friday.",ham,friend_wrong_number
Hiya what time does the flight start today?,ham,friend_favor
"Namaste, main Ivan Costco HR se. Aap part-time online job ke liye select hue hain, ₹53/day. WhatsApp karein +44 7648 972127.",phishing,job_scam_i18n
Disney+: payment of $671.87 was declined. Update your billing within 24h or lose access: https://shorturl.at/p45693,phishing,fake_subscription_charge
"Hi Dr. Dmitri, this is Chris. Can we move my appointment to this weekend? Not sure if this is still you.",phishing,wrong_number_opener
"Badhai ho! Aapko £10,000 ka Home Depot gift card mila hai. Abhi claim karein: http://go-gift.click",phishing,prize_win_i18n
"Selected candidate: Zara needs 20 people to write short reviews, AED 63/day. Start today, reply YES.",phishing,job_scam
"New number alert, this is Ivan :) same WhatsApp, just a new sim. See you tonight!",ham,friend_new_number
Canva: we couldn't process your payment. Please update your payment method in the Canva app to keep your plan.,ham,real_subscription_notice
"Walmart is hiring seasonal staff. Open interviews tonight 2:15pm-1pm, bring ID. Text STOP to end.",spam,real_job_ad
"Dear applicant, congratulations, Zara has approved your product reviewer application. Salary £4,695 per day. Contact your manager João: WhatsApp me on 1-884-234-2709",phishing,job_scam
"Hi, Sis, it's Omar, this is my work phone number in case you can't reach the other one. Everything's fine!",ham,friend_new_number
"Hey!! did you just get a 4 digit code? I put your number in by mistake, can you send it to me? 🙏",phishing,code_relay
GLS: we delivered your parcel to your safe place.,ham,real_delivery_notice
"Hello? can you transfer me the $3,856 for the airbnb when you get a sec? sorted it with Léa already 🙏",ham,friend_favor
"Thanks for your Fnac order! Bose headphones, $1,902. Est. delivery this weekend. Manage your order in fnac.com/orders.",ham,real_order_notice
"Hi Kenji, this is Mateo from IKEA recruiting. Your interview is confirmed for Tuesday at 3pm. Reply if you need to reschedule.",ham,real_hr_and_appointments
"Hi, a code should have come to your phone, I typed your number instead of mine. What is it? x",phishing,code_relay
Apple: your order #8873-48717 (Nintendo Switch) has shipped and will arrive today. Track it at apple.com/track.,ham,real_order_notice
"Crédit Agricole: your card was used abroad in Lisbon for €130. If you don't recognise this, call the number on your card.",ham,real_bank_notice
GLS: your parcel is on hold. Pay $2.99 handling fee within 24h: parcel-alert.club,phishing,delivery_fee
"hey it's Ahmed from the office, finally got a UK number, save me x",ham,friend_new_number
Job alert: data entry roles from $878/hr. Set up alerts at indeed.com. Opt out anytime.,spam,real_job_ad
Your YouTube Premium free trial ends this weekend. You'll be charged £268/month unless you cancel in the app.,ham,real_subscription_notice
Refinance your mortgage at 3.4% APR! Lock your rate today at ratelock.com,spam,generic_ads
Xbox Game Pass Alert: your account will be locked today. Update your details at update52.info/verify,phishing,account_problem_link
"Hiya a code should have come to your phone, it sent the code to your phone somehow. What is it?",phishing,code_relay
Starbucks: 24% off a phone case this week. Shop at the Starbucks app or starbucks.com. Text STOP to unsubscribe.,spam,giftcard_promo
Votre code de connexion Truist est 433-806. Il expire dans 10 minutes.,ham,real_codes
"Dear applicant, congratulations, Google has approved your product reviewer application. Salary R$3,307 per day. Contact your manager Ben: WhatsApp me on 1-809-448-4845",phishing,job_scam
Itaú: a payment of $49 to Layla Mateo was sent from your account. Ref #38300504.,ham,real_bank_notice
TIM: your bill of $144 is now available. View or pay at tim.com. Autopay will process on 5/9.,ham,real_telco_util_notice
"Bet £509 get AED 2,403 in free bets at LuckySpin. 18+, T&Cs apply, new customers only.",spam,generic_ads
"Bin in 13 Minuten da, die Bahn hatte Verspätung",ham,chat_i18n
TD Bank: your statement is ready. View it in the TD Bank app or online banking.,ham,real_bank_notice
Barclays: your KYC needs re-verification. Keep access: renew-help.top,phishing,account_problem_link
"Receipt: GoPro Hero 13 ₹4,328 via Noon. Ref #8156-74133. Questions or cancellation: (589) 863-8550 (24/7).",phishing,fake_order_callback
El Corte Inglés: your order #43022628 (Nintendo Switch) has shipped and will arrive Wednesday. Track it at the El Corte Inglés app or elcorteinglés.com.,ham,real_order_notice
Flipkart: order B582094 is ready for pickup at the Manila store. Bring your order confirmation.,ham,real_order_notice
Shell: 55% off a desk lamp this week. Shop at the Shell app or shell.com. Text STOP to unsubscribe.,spam,giftcard_promo
"Félicitations ! Vous avez gagné €5,000 au tirage national. Confirmez vos coordonnées : prix97.link",phishing,prize_win_i18n
"Arjun (Shein Recruitment): we saw your CV on Glassdoor. Online position, 1-2 hrs a day, $4,352/day. Interested? WhatsApp 06 54 39 75 99",phishing,job_scam
Your Adobe free trial ends today. You'll be charged $553/month unless you cancel in the app.,ham,real_subscription_notice
Hiya what time does the flight start Friday? ok?,ham,friend_favor
Receipt: printer ink ₹11 via Fnac. Ref #560-4039552-2018670. Questions or cancellation: 07 40 54 44 23 (24/7).,phishing,fake_order_callback
"Hola, soy Ava de RRHH de Costco. Has sido seleccionado para un trabajo remoto, €274 al día. Escríbeme por WhatsApp +34 689 956 561.",phishing,job_scam_i18n
"Hey, is this still Dmitri's number? Haven't heard from you since Chicago.",phishing,wrong_number_opener
Xbox Game Pass: we couldn't process your payment. Please update your payment method in the Xbox Game Pass app to keep your plan.,ham,real_subscription_notice
"Maybank: Did you make a $2,690 purchase at IKEA on 8/10? Reply YES or NO.",ham,real_bank_notice
"Your Noon return for Xbox Series X was received. Refund of $1,534 will appear on your card in 3-5 business days.",ham,real_order_notice
Wells Fargo: unusual login detected. Confirm your account within 24h: https://tinyurl.com/c83297/claim,phishing,account_problem_link
Dropbox receipt: $219.17 for your annual plan. Thank you!,ham,real_subscription_notice
"CaixaBank: Did you make a £4,785 purchase at SHELL on 10/3? Reply YES or NO.",ham,real_bank_notice
Ajio Big Sale! Up to 66% off on mobiles. Shop now flipkart.com. Reply STOP to opt out.,spam,ads_i18n
La Poste: your parcel has an incomplete address. Pay £5.00 customs fee within 48h: http://go-parcel.cc,phishing,delivery_fee
"Bin in 16 Minuten da, die Bahn hatte Verspätung",ham,chat_i18n
"Tô chegando, 7 min. Pede uma água pra mim?",ham,chat_i18n
"Hey Mateo, did you get the documents I sent? Not sure if this is still you.",phishing,wrong_number_opener
"Thanks for your Costco order! running shoes, $21. Est. delivery Friday. Manage your order in the Costco app.",ham,real_order_notice
TIM: thanks for your payment of €75. Your next bill is due Monday.,ham,real_telco_util_notice
"Hallo, hier ist Lucía von DHL Recruiting. Sie wurden für eine Homeoffice-Stelle ausgewählt, $1,063 pro Tag. Melden Sie sich per WhatsApp +971 51 790 7153.",phishing,job_scam_i18n
"Olá, sou Fatima do RH da IKEA. Você foi selecionado para uma vaga home office, R$896.22 por dia. Me chama no WhatsApp 1-877-410-5922.",phishing,job_scam_i18n
Apple Music: payment of £22 could not be processed. Update your billing within 48 hours or lose access: http://payment-update.click,phishing,fake_subscription_charge
"Your prescription is ready for pickup at CVS, 9922 Main St. Open 7pm-noon.",ham,real_hr_and_appointments
Canada Post notice: package #92590269 returns to sender unless address is confirmed: https://is.gd/n34191/refund,phishing,delivery_fee
"Deloitte is hiring part-time staff. Open interviews Thursday noon-4:45pm, bring ID. Text STOP to end.",spam,real_job_ad
QNB: your new card ending 6628 has been sent and should arrive in 5-7 days. Activate it in the app when it arrives.,ham,real_bank_notice
Your British Gas bill of ₹54 is due on Tuesday. Pay in the British Gas app or at britishgas.com/orders. Thank you.,ham,real_telco_util_notice
Your loyalty points of R$782.23 expire tomorrow! Redeem now: points-nairobi.site,phishing,prize_win
Buy ₹392.97 of fuel at Walmart and get a ₹510 bonus card. Ends Tuesday.,spam,giftcard_promo
"Apple: Your order #181-4307488-3263077 for AirPods Pro ($45) has been confirmed. If you did not place this order, call (836) 265-5687 to dispute.",phishing,fake_order_callback
"New number alert, this is Yuki :) same WhatsApp, just a new sim. See you Wednesday!",ham,friend_new_number
"Hi did you just get a bank code? I used your number for my account, can you send it to me? 🙏",phishing,code_relay
Flipkart: Apple Watch is out for delivery today. Someone should be available to sign.,ham,real_order_notice
Votre code de connexion BBVA est 6637. Il expire dans 10 minutes.,ham,real_codes
Your table for 2 at Carbone is confirmed for Saturday 8:30pm. Reply CANCEL to cancel.,ham,real_hr_and_appointments
Buy $433 of groceries at Amazon and get a $15 bonus card. Ends Wednesday.,spam,giftcard_promo
"Google One receipt: £3,965 charged Tuesday. If you did not authorize this, cancel at http://refund45.vip",phishing,fake_subscription_charge
"Hi there I sent a verification code to your number by accident, can you read it to me? It expires in 5 min. thanks",phishing,code_relay
"Hallo Mama, ich bin's, mein Handy ist ins Wasser gefallen. Das ist meine neue Nummer. Schreib mir bitte auf WhatsApp.",phishing,new_number_family_i18n
Zain: your bill of ₹192 is now available. View or pay at the Zain app or zain.com. Autopay will process on 7/2.,ham,real_telco_util_notice
YouTube Premium: your payment of $895.67 was processed. Next billing date tomorrow. Manage your plan in Account settings.,ham,real_subscription_notice
Vodafone: suspicious activity detected. Secure your account within 24h: http://secure-notice.win/id,phishing,account_problem_link
TIM: planned maintenance in your area tonight 6pm-noon. You may lose signal briefly. Sorry for the inconvenience.,ham,real_telco_util_notice
"Parabéns! Você foi selecionado para um vale de €2,000 da Walmart. Resgate agora: my-premio.buzz/confirm",phishing,prize_win_i18n
"Hi Sis, it's me. Save this number and delete the old one. I need a favour, it's a bit urgent.",phishing,new_number_family
"Hallo Oma, ich bin's, mein Handy ist ins Wasser gefallen. Das ist meine neue Nummer. Kannst du mir schnell ₹425 überweisen? Ich kann nicht in mein Banking.",phishing,new_number_family_i18n
"Hello can you transfer me the AED 2,293 for the airbnb when you get a sec? sorted it with Neha already",ham,friend_favor
جدتي هذا رقمي الجديد، جوالي تعطل. ممكن تحولين لي €959 اليوم وأرجعها لك بكرة؟,phishing,new_number_family_i18n
"hey it's Noah from the office, finally got a UK number, save me x",ham,friend_new_number
Your Netflix subscription renewed for €563. To cancel and get a refund call 06 82 57 49 69 within 24h.,phishing,fake_subscription_charge
"Hey!! happy birthday!!! hope you have an amazing day, drinks on me this weekend asap",ham,friend_favor
"Zara is hiring weekend staff. Open interviews Wednesday 10am-2:15pm, bring ID. Text STOP to end.",spam,real_job_ad
"Lidl Loyalty: you have won £5,000! Verify your address at https://bit.ly/z19466/id",phishing,prize_win
"Your prescription is ready for pickup at Lloyds Pharmacy, 6058 Main St. Open 7pm-noon.",ham,real_hr_and_appointments
"SFR: your bill of ₹3,632 is now available. View or pay at sfr.com. Autopay will process on 19/4.",ham,real_telco_util_notice
Home Depot: a winter coat is out for delivery today. Someone should be available to sign.,ham,real_order_notice
"Félicitations ! Vous avez gagné £10,000 au tirage national. Confirmez vos coordonnées : gagnant-verify.xyz/verify",phishing,prize_win_i18n
"Heyy happy birthday!!! hope you have an amazing day, call you later",ham,friend_favor
"Google One receipt: £2,009 charged today. If you did not authorize this, cancel at e-cancel.top",phishing,fake_subscription_charge
¡Gana dinero desde casa! Hasta R$405.40 al mes sin experiencia. Regístrate: ganaya.es,spam,ads_i18n
"Hi all, Camille here. Switched carriers so this is my number from now on. No need to reply.",ham,friend_new_number
"Weight-loss pills online, no prescription, discreet shipping. rxcheap.net",spam,generic_ads
"Hi, is this Yuki? It's Arjun from the book club, Mei gave me your number about Saturday.",ham,friend_wrong_number
"Jonas here, new phone same number, lost all my contacts though. Who's this? 😅",ham,friend_new_number
Ganhe até ₹649 por dia com apostas online! Cadastre-se grátis: betbrasil.bet,spam,ads_i18n
"Parabéns! Você foi selecionado para um vale de €850,000 da Tesco. Resgate agora: https://t.co/g46141/verify",phishing,prize_win_i18n
"Félicitations ! Vous avez gagné $1,500 au tirage anniversaire. Confirmez vos coordonnées : prix-secure.online/login",phishing,prize_win_i18n
"Hola, soy Olga de RRHH de DHL. Has sido seleccionado para un trabajo remoto, €751 al día. Escríbeme por WhatsApp 1-856-334-5161.",phishing,job_scam_i18n
Your table for 8 at Dishoom is confirmed for Sunday 1pm. Reply CANCEL to cancel.,ham,real_hr_and_appointments
Looking for a new job? Browse 3847 driving openings near you on Monster. Unsubscribe: reply STOP,spam,real_job_ad
"Dear applicant, congratulations, Walmart has approved your social media assistant application. Salary R$2,343 per day. Contact your manager Max: Telegram @talent464",phishing,job_scam
Job alert: product reviewer roles from ₹610/hr. Set up alerts at linkedin.com. Opt out anytime.,spam,real_job_ad
مرحبا، وصلك كود تحقق؟ كتبت رقمك بالغلط، ممكن ترسله لي؟,phishing,code_relay_i18n
"Now hiring: forklift operators at Costco, $3,489/hr. Apply at linkedin.com/jobs. Reply STOP to opt out.",spam,real_job_ad
904-653 is your Telegram verification code. It expires in 5 minutes.,ham,real_codes
"Hi, I think we spoke about the shipment last week? This is Arjun.",phishing,wrong_number_opener
"Hey Camille, it's Ivan, we met at Ana's leaving do on tonight. Great to meet you, let's do that coffee!",ham,friend_wrong_number
"La Poste: sorry we missed you. Your parcel is at the Paris depot, collect it with photo ID or rebook in the La Poste app.",ham,real_delivery_notice
"Is this Rahul? It's Jonas, we met at Lisa's party last week.",phishing,wrong_number_opener
Tu código de verificación de QNB es 984 871. No lo compartas.,ham,real_codes
"Thanks for your Apple order! a phone case, $305. Est. delivery tomorrow. Manage your order in the Apple app.",ham,real_order_notice
Your Iberdrola bill of ₹351 is due on Tuesday. Pay in the Iberdrola app or at the Iberdrola app or iberdrola.com. Thank you.,ham,real_telco_util_notice
"Namaste, main Layla IKEA HR se. Aap part-time online job ke liye select hue hain, $472/day. WhatsApp karein +971 54 558 3177.",phishing,job_scam_i18n
"Rogers: thanks for your payment of €2,675. Your next bill is due tomorrow.",ham,real_telco_util_notice
"hey it's Emma from the team, finally got a UK number, save me x",ham,friend_new_number
"Vivo: your bill of ₹2,777 is now available. View or pay at vivo.com/orders. Autopay will process on 27/11.",ham,real_telco_util_notice
"Hi Lucía, this is Jonas from Walmart recruiting. Your interview is confirmed for Tuesday at 1pm. Reply if you need to reschedule.",ham,real_hr_and_appointments
"مبروك! تم اختيارك للفوز بقسيمة £2,000 من Shell. اضغط للمطالبة: https://shorturl.at/a14196",phishing,prize_win_i18n
"Monzo will never ask for your PIN, password or full card number by text or phone. If in doubt, call the number on the back of your card.",ham,real_bank_notice
La Poste notice: package #33131304 returns to sender unless address is confirmed: http://la-pay.biz/pay,phishing,delivery_fee
STC Alert: your account will be suspended today. Update your details at https://cutt.ly/s15715,phishing,account_problem_link
"New number alert, this is Lena :) same WhatsApp, just a new sim. See you tonight!",ham,friend_new_number
"Hello Jake, did you get the invoice I sent? Hope this is still your number.",phishing,wrong_number_opener
Chase: unusual login detected. Confirm your account now: chase-manila.buzz,phishing,account_problem_link
"Olá, sou Emma do RH da Tesla. Você foi selecionado para uma vaga home office, AED 524 por dia. Me chama no WhatsApp (375) 741-2922.",phishing,job_scam_i18n
"Tom it's Lena, I got your number from Emma. Are you free to chat Thursday?",phishing,wrong_number_opener
"Your Currys account was used to buy Ring doorbell for $4,747. If this wasn't you contact support at +34 627 460 883 before shipment.",phishing,fake_order_callback
"Enter our back to school giveaway for a chance to win a $850,000 Amazon gift card. Enter at amazon.com/track/giveaway. No purchase necessary.",spam,giftcard_promo
"Olá, sou Natasha do RH da Netflix. Você foi selecionado para uma vaga home office, AED 3,205 por dia. Me chama no WhatsApp +1 956 324 5908.",phishing,job_scam_i18n
"Oi Pai, sou eu, roubaram meu celular, esse é meu número novo. Salva aí e me chama no WhatsApp.",phishing,new_number_family_i18n
Amazon Prime: payment of $44 was declined. Update your billing within 24h or lose access: http://payment-lagos.info,phishing,fake_subscription_charge
"Hi, I think we spoke about the investment last week? This is Neha.",phishing,wrong_number_opener
Evri: we missed you today. Reschedule delivery (£4.99) at https://is.gd/g87756/pay,phishing,delivery_fee
Seu código CaixaBank é 133 639. Não compartilhe com ninguém.,ham,real_codes
Ganhe até ₹63 por dia com apostas online! Cadastre-se grátis: betbrasil.bet,spam,ads_i18n
AT&T: you've used 90% of your 10GB monthly data. Your allowance resets on 11 Jan.,ham,real_telco_util_notice
"Hi Dr. Mia, this is João. Can we move my appointment to Sunday? Sorry if wrong number!",phishing,wrong_number_opener
"Hi, this is Neha from the dentist. Is this still the best number for appointment reminders?",ham,friend_wrong_number
150306 is your Commerzbank OTP. Valid for 10 mins. Do not share with anyone. -Commerzbank,ham,real_codes
"Your reward points of ₹2,122 expire tomorrow! Redeem now: points-support.site/refund",phishing,prize_win
"Hello? Max, are you still coming to the party on tonight?",phishing,wrong_number_opener
DPD notice: package #8880-72585 returns to sender unless address is confirmed: dpd-madrid.win/verify,phishing,delivery_fee
"Hi, is this Pedro? It's Ana from the school run, Mia gave me your number about Saturday.",ham,friend_wrong_number
HBO Max receipt: £13 for your monthly plan. Thank you!,ham,real_subscription_notice
"Starbucks: 56% off Samsung 65"" TV this week. Shop at starbucks.com/orders. Text STOP to unsubscribe.",spam,giftcard_promo
"Hola Mamá, se me rompió el móvil y este es mi nuevo número. ¿Puedes pasarme $201.42 hoy? Mañana te lo devuelvo.",phishing,new_number_family_i18n
"Congratulations! You've been chosen to receive a $1,000 Starbucks gift card. Claim within 24h: https://shorturl.at/g35985/verify",phishing,prize_win
Amazon: order #451-1087769-5332348 is ready for collection at the London store. Bring your order confirmation.,ham,real_order_notice
PlayStation Plus: we couldn't process your payment. Please update your payment method in the PlayStation Plus app to keep your plan.,ham,real_subscription_notice
GLS: we missed you Sunday. Reschedule delivery (€1.99) at https://t.co/x69654,phishing,delivery_fee
"Hi, this is Dmitri from the dentist. Is this still the best number for appointment reminders?",ham,friend_wrong_number
YouTube Premium: your payment of $78 was processed. Next billing date this weekend. Manage your plan in Account settings.,ham,real_subscription_notice
Your Xbox Game Pass subscription renewed for $46. To cancel and get a refund call +1 946 946 5192 within 24h.,phishing,fake_subscription_charge
Heyy can you send me the code you just received? I used your number for my account. ❤️,phishing,code_relay
"Dear applicant, congratulations, Zara has approved your customer support application. Salary £1,206 per day. Contact your manager Olga: reply YES",phishing,job_scam
"Hi, is this Arjun? It's Fatima from the landlord, Priya gave me your number about Saturday.",ham,friend_wrong_number
Flights to Berlin from R$435! Book by tonight at flyaway-travel.com,spam,generic_ads
"Hallo Oma, ich bin's, mein Handy ist kaputt. Das ist meine neue Nummer. Ich muss dringend eine Rechnung bezahlen, hilfst du mir?",phishing,new_number_family_i18n
Final notice from IRS: a warrant will be issued unless you settle $588.30 today. Call +971 57 133 6493 ref #8738-86385.,phishing,gov_callback
Best Buy: Kindle Paperwhite is out for delivery today. Someone should be available to sign.,ham,real_order_notice
Telekom: your bill of $78 is now available. View or pay at the Telekom app or telekom.com. Autopay will process on 16/5.,ham,real_telco_util_notice
"Nani ye mera naya number hai, purana phone chori ho gaya. Kya aap aaj $236 bhej sakte ho? Kal wapas kar dunga.",phishing,new_number_family_i18n
Your Medicare card must be replaced with a new secure card. Confirm your number here to keep coverage: https://shorturl.at/b89819/claim,phishing,gov_callback
Australia Post: we delivered your parcel to your front porch.,ham,real_delivery_notice
Noon: order #35384630 is ready for collection at the Lisbon store. Bring your order confirmation.,ham,real_order_notice
"Rakuten Bank Security: enter your 2FA code at rakuten-support.cc to confirm the pending withdrawal of $3,728.",phishing,account_problem_link
Apple: a a phone case was ordered from a new device in Paris. Charged $613. Cancel: +34 663 728 337,phishing,fake_order_callback
"British Gas: a power cut is affecting your area. Engineers are on site, estimated restoration 7pm.",ham,real_telco_util_notice
"Hola Abuela, se me rompió el móvil y este es mi nuevo número. ¿Puedes pasarme $63.85 hoy? Mañana te lo devuelvo.",phishing,new_number_family_i18n
"Extended car warranty: your coverage may be expiring. Protect your vehicle from repair bills, call +91 90551 41523 for a quote.",spam,generic_ads
"You are our 100,000th winner! A GoPro Hero 13 is waiting for you. Pay only shipping £4.99: https://t.co/k5483/update",phishing,prize_win
"Je suis en retard de 27 min, commande-moi un café stp",ham,chat_i18n
"Auntie, this is my new number. Please reply here so I know you got this. I need to cover a payment that bounced but my banking app is locked on the old phone, can you help? love you",phishing,new_number_family
"Hi there Grandma it's me This is my temporary number until I get the new phone. I can't get into my bank, can you pay something for me quickly? 😊",phishing,new_number_family
"Félicitations ! Vous avez gagné £1,500 au tirage anniversaire. Confirmez vos coordonnées : http://gagnant-manchester.link/secure",phishing,prize_win_i18n
"Thanks for your Target order! Samsung 65"" TV, R$991.61. Est. delivery Tuesday. Manage your order in target.com/account.",ham,real_order_notice
"Hi Jake, Max here from the removal company, confirming your viewing this weekend at 4:45pm.",ham,friend_wrong_number
Hiya what's the code for the garage? I forgot it again 😊,ham,friend_favor
On se voit ce soir ? Neha vient aussi,ham,chat_i18n
Unlock 22k followers overnight! Grow your Instagram fast: followerpro.net,spam,generic_ads
"Parabéns! Você foi selecionado para um vale de £2,000 da Aldi. Resgate agora: premio-alert.icu/confirm",phishing,prize_win_i18n
Canada Post: your parcel #2203-38254 will be delivered Friday between 1pm and 3pm. No action needed.,ham,real_delivery_notice
"Randstad is hiring full-time staff. Open interviews today 7pm-8am, bring ID. Text STOP to end.",spam,real_job_ad
"¡Felicidades! Has sido seleccionado para recibir una tarjeta regalo de $50,000 de Tesco. Reclama aquí: regalo-mumbai.club/verify",phishing,prize_win_i18n
Your Vattenfall bill of R$487 is due on today. Pay in the Vattenfall app or at vattenfall.com/track. Thank you.,ham,real_telco_util_notice
مرحبا، أنا Tom من قسم التوظيف في Walmart. تم اختيارك لوظيفة عن بعد براتب €32 يومياً. تواصل واتساب (479) 454-8006,phishing,job_scam_i18n
"Hi, this is Omar from Tesla Staffing. You have been selected for a remote order processor role, $434.56/hour. reply YES to start.",phishing,job_scam
"Jetzt $2,178 Bonus sichern! Online Casino mit über 2631 Spielen. jackpotzone.de",spam,ads_i18n
"Receita Federal: you are owed a stimulus payment of $1,343. Submit your bank details at https://rb.gy/q38002/confirm to receive it.",phishing,gov_callback
UPS: parcel #3191-68896 has been collected from the sender and is on its way.,ham,real_delivery_notice
Parabéns! Você foi selecionado para um vale de £500 da Home Depot. Resgate agora: get-vale.club/verify,phishing,prize_win_i18n
316047 is your Lloyds verification code. It expires in 15 minutes.,ham,real_codes
"Zara is hiring weekend staff. Open interviews Wednesday 8am-noon, bring ID. Text STOP to end.",spam,real_job_ad
"STC: a payment of €1,150 is pending. Not you? Cancel it here: secure-paris.win/login",phishing,account_problem_link
"Hallo Mama, ich bin's, mein Handy ist ins Wasser gefallen. Das ist meine neue Nummer. Kannst du mir schnell ₹95 überweisen? Ich kann nicht in mein Banking.",phishing,new_number_family_i18n
"Use 4850 to sign in to Nubank. If you didn't request this, ignore this message.",ham,real_codes
Offre spéciale : 41% de réduction sur la mode chez La Redoute jusqu'à dimanche. zalando.fr,spam,ads_i18n
"Buy $328 of electronics at Walmart and get a £2,603 bonus card. Ends Friday.",spam,giftcard_promo
Looking for a new job? Browse 8001 hospitality openings near you on Monster. Unsubscribe: reply STOP,spam,real_job_ad
School: no school on tonight. See the newsletter for details.,ham,real_hr_and_appointments
Canada Post: we missed you Monday. Reschedule delivery (€1.49) at http://canada43.top/refund,phishing,delivery_fee
Your benefits card card must be replaced with a new digital card. Confirm your number here to keep coverage: card-nairobi.site,phishing,gov_callback
Monzo: a payment of $620 to Emma Layla was sent from your account. Ref #233-4771094-5496909.,ham,real_bank_notice
Your benefits card card must be replaced with a new chip card. Confirm your number here to keep coverage: http://medicare-lisbon.info/id,phishing,gov_callback
"Oi Pai, sou eu, perdi o telefone, esse é meu número novo. Preciso pagar um boleto urgente e não consigo entrar no banco.",phishing,new_number_family_i18n
Apple: your package with Bose headphones was delivered. It was handed to a resident.,ham,real_order_notice
"Tom here, new phone same number, lost all my contacts though. Who's this? 😅",ham,friend_new_number
Jetzt $74 Bonus sichern! Online Casino mit über 889 Spielen. jackpotzone.de,spam,ads_i18n
"Carrefour: get a $591 gift card when you spend €2,934 Saturday only. In store and online. Terms apply. Reply STOP to opt out.",spam,giftcard_promo
"Hey!! did you just get a Facebook code? I put your number in by mistake, can you send it to me? pls",phishing,code_relay
"Hi, are we still on for dinner Monday? I can pick you up at 2:15pm x",ham,friend_favor
Amazon Logistics: we missed you Saturday. Reschedule delivery (£4.99) at amazon-seattle.biz,phishing,delivery_fee
Hi there do you still have the spare key I left at yours? ❤️,ham,friend_favor
"Hi, did you just get a 4 digit code? it sent the code to your phone somehow, can you send it to me?",phishing,code_relay
Sushi Go is now open on High Street! Show this text for a free drink with any entree.,spam,generic_ads
Aldi: 47% off Nintendo Switch this week. Shop at the Aldi app. Text STOP to unsubscribe.,spam,giftcard_promo
Apple Music Alert: your account will be suspended unless you act. Update your details at apple-update.buzz/refund,phishing,account_problem_link
On se voit demain ? Lena vient aussi,ham,chat_i18n
Target: 21% off printer ink this week. Shop at target.com/account. Text STOP to unsubscribe.,spam,giftcard_promo
"Enter our back to school giveaway for a chance to win a £1,500 Starbucks gift card. Enter at starbucks.com/giveaway. No purchase necessary.",spam,giftcard_promo
"BNP Paribas: your card was used abroad in Manchester for R$2,576. If you don't recognise this, call the number on your card.",ham,real_bank_notice
"Badhai ho! Aapko €250,000 ka Target gift card mila hai. Abhi claim karein: gift-miami.online",phishing,prize_win_i18n
"You are our monthly winner! A Samsung 65"" TV is waiting for you. Pay only shipping £1.49: https://tinyurl.com/w52827",phishing,prize_win
You are our monthly customer! A a desk lamp is waiting for you. Pay only shipping $4.99: http://prize-claim.vip,phishing,prize_win
Hey!! what's the code in the message you just got? I typed your number instead of mine ttyl,phishing,code_relay
On se voit ce soir ? Chris vient aussi,ham,chat_i18n
Final notice from CAF: a warrant will be issued unless you settle AED 83.83 today. Call +971 52 976 7542 ref H542499.,phishing,gov_callback
"Hey can you send me the wifi password again, my phone forgot it",ham,friend_favor
Xbox Game Pass: payment of €926 could not be processed. Update your billing within 2 days or lose access: xbox-notice.xyz/update,phishing,fake_subscription_charge
Costco: order G660621 is ready for pickup at the Paris store. Bring your order confirmation.,ham,real_order_notice
"Oi Tia, sou eu, roubaram meu celular, esse é meu número novo. Consegue me mandar um Pix de $3,553 hoje? Amanhã devolvo.",phishing,new_number_family_i18n
"La Poste: sorry we missed you. Your parcel is at the Moscow depot, collect it with photo ID or rebook in the La Poste app.",ham,real_delivery_notice
CAF: Your tax file has been linked to fraud. Call (928) 209-1096 to avoid arrest.,phishing,gov_callback
"O2: a payment of €1,331 is pending. Not you? Cancel it here: app-cancel.cc",phishing,account_problem_link
"You are our 1,000th visitor! A a desk lamp is waiting for you. Pay only shipping £2.99: win7.vip",phishing,prize_win
"Congratulations! You've been picked to receive a $10,000 Shell gift card. Claim within 24h: http://rewards-help.cc/verify",phishing,prize_win
Your El Corte Inglés return for MacBook Pro was received. Refund of AED 179 will appear on your card in 3-5 business days.,ham,real_order_notice
"Hello? did you just get a WhatsApp code? I put your number in by mistake, can you send it to me? pls",phishing,code_relay
Offre spéciale : 36% de réduction sur la mode chez Sephora jusqu'à vendredi. laredoute.fr,spam,ads_i18n
Nubank: $682.52 was deposited into your account ending 1600. Available balance $303.,ham,real_bank_notice
SFR: your recharge of ₹510 was successful. Validity 75 days.,ham,real_telco_util_notice
"Learn data science in 13 weeks and land a £850,000 job. Enroll today at learnfast.com/apply",spam,generic_ads
Final notice from Finanzamt: a warrant will be issued unless you settle €209 today. Call +91 87212 56462 ref D968486.,phishing,gov_callback
Target: Dyson V15 is out for delivery today. Someone should be available to sign.,ham,real_order_notice
"Hi Dr. Léa, this is Emma. Can we move my appointment to today? Not sure if this is still you.",phishing,wrong_number_opener
Your Enel bill of ₹68 is due on Wednesday. Pay in the Enel app or at enel.com. Thank you.,ham,real_telco_util_notice
820649 is your PayPal OTP. Valid for 10 mins. Do not share with anyone. -PayPal,ham,real_codes
Hello? are we still on for the gym Wednesday? I can pick you up at noon asap,ham,friend_favor
STC: you've used 90% of your 20GB monthly data. Your allowance resets on 11 Jan.,ham,real_telco_util_notice
"Je suis en retard de 6 min, commande-moi un café stp",ham,chat_i18n
Your health card card must be replaced with a new digital card. Confirm your number here to keep coverage: https://bit.ly/h73498/claim,phishing,gov_callback
"Yo quick one, forward me the text with the code that just came through, I'm locked out and it went to you",phishing,code_relay
ING: 939 973 is your one-time passcode. Do not share it. We will never call to ask for it.,ham,real_codes
Your Fnac account was used to buy running shoes for ₹66. If this wasn't you contact support at +34 651 796 632 right away.,phishing,fake_order_callback
"Sell your house fast for cash, any condition, close in 5 days. Call 06 40 78 68 26",spam,generic_ads
Medicare: Your driver license has been compromised. Call 1-876-867-5753 immediately.,phishing,gov_callback
Hey!! Ivan's exam went well. Will update everyone tonight. pls,ham,friend_favor
"Tô chegando, 8 min. Pede uma água pra mim?",ham,chat_i18n
"Olá, sou Jonas do RH da Temu. Você foi selecionado para uma vaga home office, ₹4,349 por dia. Me chama no WhatsApp (715) 419-6186.",phishing,job_scam_i18n
"Part-time job offer from Temu: rate products for R$3,841 per task, paid to your bank instantly. WhatsApp me on +91 72382 96773",phishing,job_scam
"Ana here, new phone same number, lost all my contacts though. Who's this? 😅",ham,friend_new_number
"Your Thames Water bill of $1,827 is due on today. Pay in the Thames Water app or at the Thames Water app or thameswater.com. Thank you.",ham,real_telco_util_notice
"Congratulations! You've been picked to receive a £1,000 Sainsbury's gift card. Claim here: http://sainsburys96.top/secure",phishing,prize_win
"Oi Vô, sou eu, roubaram meu celular, esse é meu número novo. Preciso pagar um boleto urgente e não consigo entrar no banco.",phishing,new_number_family_i18n
"Ganhe até $2,880 por dia com apostas online! Cadastre-se grátis: apostaganha.bet",spam,ads_i18n
Royal Mail: parcel #93978919 has been collected from the sender and is on its way.,ham,real_delivery_notice
"Bonjour, Ana du service RH de Amazon. Votre profil a été retenu pour un poste à domicile, ₹271/jour. Contactez-moi sur WhatsApp +1 657 601 9511.",phishing,job_scam_i18n
"Auntie it's your son, new number Text me back on here. Can you send me your card details so I can order a replacement phone? thanks",phishing,new_number_family
"Hiya a code should have come to your phone, I'm locked out and it went to you. What is it? 🙏",phishing,code_relay
USPS: we missed you Friday. Reschedule delivery (£2.99) at redelivery-manchester.info,phishing,delivery_fee
"Part-time job offer from Zara: test apps for €4,895 per task, paid to your bank instantly. text (252) 526-4077",phishing,job_scam
PNC: 456456 is your one-time passcode. Do not share it. We will never call to ask for it.,ham,real_codes
"Amazon Prime: a new device signed in to your account from Paris. If this wasn't you, change your password in the Amazon Prime app.",ham,real_subscription_notice
ING: AED 119.17 was deposited into your account ending 3503. Available balance $68.86.,ham,real_bank_notice
Best Buy Order Confirmation: GoPro Hero 13 - $803. Delivery Wednesday. To cancel or report unauthorized use call +1 736 242 5760.,phishing,fake_order_callback
"Hi, is this Olga? It's Yuki from the football team, Kenji gave me your number about tonight.",ham,friend_wrong_number
"Dropbox: payment of £3,705 could not be processed. Update your billing within 2 days or lose access: payment47.info",phishing,fake_subscription_charge
TD Bank: a payment of €479 to Yuki Olivia was sent from your account. Ref #691-5862526-3667523.,ham,real_bank_notice
Your Jumia account was used to buy a phone case for R$55. If this wasn't you contact support at +971 50 796 5220 within 2 hours.,phishing,fake_order_callback
Apple: your order #5603-69746 (Nintendo Switch) has shipped and will arrive Friday. Track it at apple.com/track.,ham,real_order_notice
"Emirates NBD: a withdrawal of $3,704 is pending. Not you? Cancel it here: https://shorturl.at/h48522",phishing,account_problem_link
Walmart: order B310264 is ready for collection at the Toronto store. Bring your order confirmation.,ham,real_order_notice
"Hallo, hier ist Mei von TikTok Recruiting. Sie wurden für eine Homeoffice-Stelle ausgewählt, £1,204 pro Tag. Melden Sie sich per WhatsApp (378) 743-4613.",phishing,job_scam_i18n
"New number alert, this is Jake :) same WhatsApp, just a new sim. See you Thursday!",ham,friend_new_number
Sainsbury's members: double points on everything this Friday. Show the app at checkout. STOP to opt out.,spam,giftcard_promo
"Hi, this is Mei from Deloitte Recruitment. We reviewed your resume and you qualify for a part-time app tester role, $62/week. WhatsApp me on 07 77 50 12 80 to start.",phishing,job_scam
"Hi, Yuki, are you still coming to the golf on Sunday?",phishing,wrong_number_opener
Centrelink: Your National Insurance number has been compromised. Call +971 50 838 4704 to avoid legal action.,phishing,gov_callback
Wells Fargo: your new card ending 4367 has been sent and should arrive in 5-7 days. Activate it in the app when it arrives.,ham,real_bank_notice
Your Jumia account was used to buy Ring doorbell for $863. If this wasn't you contact support at +971 53 658 4234 right away.,phishing,fake_order_callback
YouTube Premium receipt: $64 for your student plan. Thank you!,ham,real_subscription_notice
Best Buy: order #61064951 is ready for pickup at the Chicago store. Bring your order confirmation.,ham,real_order_notice
"Thanks for your Walmart order! Apple Watch, €1,747. Est. delivery Wednesday. Manage your order in walmart.com/track.",ham,real_order_notice
"Hi, I think we spoke about the apartment last week? This is Tom.",phishing,wrong_number_opener
"Félicitations ! Vous avez gagné $5,000 au tirage mobile. Confirmez vos coordonnées : prix-kyiv.top/update",phishing,prize_win_i18n
"Tô chegando, 6 min. Pede uma água pra mim?",ham,chat_i18n
Walmart: order #9103-24881 is ready for collection at the Chicago store. Bring your order confirmation.,ham,real_order_notice
"Canva: your payment of $4,878 was processed. Next billing date Monday. Manage your plan in Account settings.",ham,real_subscription_notice
"Namaste, main Ben TikTok HR se. Aap part-time online job ke liye select hue hain, €739/day. WhatsApp karein 1-880-243-4831.",phishing,job_scam_i18n
"Bet £80 get ₹997.64 in free bets at WinZone. 18+, T&Cs apply, new customers only.",spam,generic_ads
Job alert: app tester roles from AED 483/hr. Set up alerts at ziprecruiter.com. Opt out anytime.,spam,real_job_ad
PlayStation Plus: payment of $717.33 could not be processed. Update your billing within 2 days or lose access: http://playstation7.link/claim,phishing,fake_subscription_charge
"Promo Free : forfait 100Go à 9,99€/mois pendant 12 mois ! Souscrivez sur sfr-promo.fr",spam,ads_i18n
"Bet ₹991 get $491.37 in free bets at PlayMax. 18+, T&Cs apply, new customers only.",spam,generic_ads
Your Medicare card must be replaced with a new chip card. Confirm your number here to keep coverage: https://cutt.ly/e74793,phishing,gov_callback
Chronopost: your parcel #54435999 will be delivered Wednesday between 1pm and noon. No action needed.,ham,real_delivery_notice
Itaú: your direct debit of $213.24 to British Gas is due today.,ham,real_bank_notice
"iCloud: a new device signed in to your account from Mumbai. If this wasn't you, change your password in the iCloud app.",ham,real_subscription_notice
Maybank: رمز التحقق الخاص بك هو 407-860. لا تشاركه مع أحد.,ham,real_codes
"Part-time job offer from Costco: share posts for €990 per task, paid to your bank daily. message +44 7653 662219 on WhatsApp",phishing,job_scam
"Je suis en retard de 11 min, commande-moi un café stp",ham,chat_i18n
On se voit ce soir ? Pierre vient aussi,ham,chat_i18n
"Now hiring: night shift pickers at Zara, $4,026/hr. Apply at linkedin.com/jobs. Reply STOP to opt out.",spam,real_job_ad
"Hey hey it's Olga, my account sent the code to your number, pls send it? pls",phishing,code_relay
"Thank you for your Amazon purchase of Bose headphones, total €2,683. Card ending 5633 charged. Not you? Call our fraud line +34 613 434 522.",phishing,fake_order_callback
"Jetzt AED 4,127 Bonus sichern! Online Casino mit über 1909 Spielen. jackpotzone.de",spam,ads_i18n
Your Dropbox subscription renewed for $471.60. To cancel and get a refund call 06 81 40 34 69 within 24h.,phishing,fake_subscription_charge
Your health card card must be replaced with a new digital card. Confirm your number here to keep coverage: https://is.gd/g65045,phishing,gov_callback
"Hallo, hier ist Pedro von Walmart Recruiting. Sie wurden für eine Homeoffice-Stelle ausgewählt, $266.25 pro Tag. Melden Sie sich per WhatsApp +971 53 249 3386.",phishing,job_scam_i18n
Your Uber code is 203662. Never share this code with anyone.,ham,real_codes
مرحبا، أنا Neha من قسم التوظيف في Shein. تم اختيارك لوظيفة عن بعد براتب $109.97 يومياً. تواصل واتساب +34 675 900 459,phishing,job_scam_i18n
Chronopost: your parcel is held at customs. Pay €4.99 redelivery fee within 24h: http://e-parcel.icu/claim,phishing,delivery_fee
BCA: a wire transfer of AED 990 is pending. Not you? Cancel it here: https://shorturl.at/n70750/claim,phishing,account_problem_link
"Je suis en retard de 12 min, commande-moi un café stp",ham,chat_i18n
Reminder: your appointment with Dr. Max is Sunday at 8:30pm. Reply C to confirm or R to reschedule.,ham,real_hr_and_appointments
"Hallo Oma, ich bin's, mein Handy ist weg. Das ist meine neue Nummer. Schreib mir bitte auf WhatsApp.",phishing,new_number_family_i18n
Tu código de verificación de Truist es 5779. No lo compartas.,ham,real_codes
"Hi running 18 min late, train got delayed. Order me a latte? ok?",ham,friend_favor
"Papa, this is my new number. Please reply here so I know you got this. Can you lend me ₹946 today? I'll pay you back tonight. pls",phishing,new_number_family
CAF: you are owed a tax refund of $182. Submit your bank details at https://is.gd/p37210/claim to receive it.,phishing,gov_callback
عرض خاص! خصم 35% على جميع الأجهزة في متجر الياسمين هذا الأسبوع فقط. تسوق الآن riyadhmall.com,spam,ads_i18n
"Canva receipt: R$49 charged Tuesday. If you did not authorize this, cancel at refund-support.buzz",phishing,fake_subscription_charge
Bradesco: your contact details needs re-verification. Keep access: http://bradesco72.link/secure,phishing,account_problem_link
"Namaste, main Ben Tesla HR se. Aap part-time online job ke liye select hue hain, R$345.60/day. WhatsApp karein +971 55 300 2620.",phishing,job_scam_i18n
Looking for a new job? Browse 8458 hospitality openings near you on Monster. Unsubscribe: reply STOP,spam,real_job_ad
STC: a wire transfer of ₹537 is pending. Not you? Cancel it here: https://rb.gy/u12166/confirm,phishing,account_problem_link
PostNL notice: package #5382-46378 returns to sender unless address is confirmed: http://postnl-notice.cc/refund,phishing,delivery_fee
HMRC: you are owed a tax refund of £124. Submit your bank details at http://tax-pay.cc/confirm to receive it.,phishing,gov_callback
"Hi, this is Mike from Tesla Hiring Team. We reviewed your resume and you qualify for a remote customer support role, $363/hour. text +971 57 106 9579 to start.",phishing,job_scam
Thames Water: your meter reading is due. Submit it in the app by today to avoid an estimated bill.,ham,real_telco_util_notice
Noon: your order #40279243 (Kindle Paperwhite) has shipped and will arrive Friday. Track it at noon.com/orders.,ham,real_order_notice
Hi can you send me the code you just received? I typed your number instead of mine. please,phishing,code_relay
Correios notice: package #1398-41574 returns to sender unless address is confirmed: correios49.win/login,phishing,delivery_fee
"Hey!! Mom, it's Louis, this is my work phone number in case you can't reach the other one. Everything's fine!",ham,friend_new_number
"Hey, is this still Pedro's number? Haven't heard from you since Chicago.",phishing,wrong_number_opener
"Bhaiya ye mera naya number hai, purana phone kho gaya. Kya aap aaj $62.49 bhej sakte ho? Kal wapas kar dunga.",phishing,new_number_family_i18n
"Solar panels with $0 down, cut your bill by 71%. Free quote: gosolar.com",spam,generic_ads
"Hey!! I sent a verification code to your number by accident, can you read it to me? Need it to log in.",phishing,code_relay
"New number alert, this is Natasha :) same WhatsApp, just a new sim. See you this weekend!",ham,friend_new_number
Parabéns! Você foi selecionado para um vale de €750 da Tesco. Resgate agora: https://t.co/x36395/update,phishing,prize_win_i18n
"MediaMarkt Order Confirmation: Apple Watch - $3,989. Delivery Wednesday. To cancel or report unauthorized use call 1-801-346-4719.",phishing,fake_order_callback
"Thank you for your Costco purchase of Samsung 65"" TV, total $703.50. Card ending 1264 charged. Not you? Call our fraud line +971 54 749 2512.",phishing,fake_order_callback
"Use 262-769 to sign in to BBVA. If you didn't request this, ignore this message.",ham,real_codes
"Hi Neha, are you still coming to the dinner on Monday?",phishing,wrong_number_opener
Receipt: MacBook Pro AED 223 via Noon. Ref #19358817. Questions or cancellation: +44 7962 377542 (24/7).,phishing,fake_order_callback
"Dropbox receipt: €4,603 charged Sunday. If you did not authorize this, cancel at http://cancel-claim.site/confirm",phishing,fake_subscription_charge
"Hiya, long time no talk! How have you been? Sorry if wrong number!",phishing,wrong_number_opener
"Marriott is hiring weekend staff. Open interviews Sunday 10am-noon, bring ID. Text STOP to end.",spam,real_job_ad
Yodel: your parcel #7624-93174 will be delivered tonight between noon and 8am. No action needed.,ham,real_delivery_notice
Job alert: survey taker roles from $57/hr. Set up alerts at indeed.com. Opt out anytime.,spam,real_job_ad
عرض خاص! خصم 21% على جميع العطور في متجر الياسمين هذا الأسبوع فقط. تسوق الآن yasmin-shop.com,spam,ads_i18n
"Buy $61 of groceries at Walmart and get a $3,791 bonus card. Ends tomorrow.",spam,giftcard_promo
MediaMarkt: your package with Xbox Series X was delivered. It was handed to a resident.,ham,real_order_notice
"Hallo Oma, ich bin's, mein Handy ist ins Wasser gefallen. Das ist meine neue Nummer. Ich muss dringend eine Rechnung bezahlen, hilfst du mir?",phishing,new_number_family_i18n
"Hi there Nan, it's me. This is my temporary number until I get the new phone. I'm in a bit of a mess, can you help me out? 🙏",phishing,new_number_family
Hello can you send me the code you just received? I used your number for my account. thank you!,phishing,code_relay
"Now hiring: warehouse associates at Marriott, $72/hr. Apply at glassdoor.com. Reply STOP to opt out.",spam,real_job_ad
"Hola Papá, se me rompió el móvil y este es mi nuevo número. Necesito que me ayudes con un pago urgente.",phishing,new_number_family_i18n
Dropbox: your payment of $322 was processed. Next billing date tonight. Manage your plan in Account settings.,ham,real_subscription_notice
"YouTube Premium: payment of €2,946 could not be processed. Update your billing within 2 days or lose access: https://bit.ly/h62806/claim",phishing,fake_subscription_charge
"PNC: your card was used abroad in Miami for €421.30. If you don't recognise this, call the number on your card.",ham,real_bank_notice
"Mia here, new phone same number, lost all my contacts though. Who's this? 😅",ham,friend_new_number
Job alert: app tester roles from R$340.35/hr. Set up alerts at linkedin.com. Opt out anytime.,spam,real_job_ad
"Hallo, hier ist Natasha von Tesla Recruiting. Sie wurden für eine Homeoffice-Stelle ausgewählt, $497 pro Tag. Melden Sie sich per WhatsApp +91 88027 27856.",phishing,job_scam_i18n
"Your Jumia return for MacBook Pro was received. Refund of $1,920 will appear on your card in 3-5 business days.",ham,real_order_notice
Hi are we still on for drinks Friday? I can pick you up at 8:30pm x,ham,friend_favor
"Now hiring: care assistants at Marriott, $45/hr. Apply at indeed.com. Reply STOP to opt out.",spam,real_job_ad
"Hi, is this Max? It's Rahul from the school run, Mike gave me your number about tonight.",ham,friend_wrong_number
USPS: your driver Chris is 7 stops away.,ham,real_delivery_notice
"Hola, soy Neha de RRHH de TikTok. Has sido seleccionado para un trabajo remoto, R$836 al día. Escríbeme por WhatsApp +34 625 545 747.",phishing,job_scam_i18n
"Wells Fargo will never ask for your PIN, password or full card number by text or phone. If in doubt, call the number on the back of your card.",ham,real_bank_notice
Dein Apple Bestätigungscode lautet 664 184.,ham,real_codes
"Hello Dad, it's Lucy, this is my work phone number in case you can't reach the other one. Everything's fine!",ham,friend_new_number
Unlock 21k followers overnight! Grow your Instagram fast: instaboost.pro,spam,generic_ads
SFR: you've used 90% of your 50GB monthly data. Your allowance resets on 2 Oct.,ham,real_telco_util_notice
"Hi there I sent a verification code to your number by accident, can you read it to me? Need it to log in.",phishing,code_relay
"Grandma it's me, Please reply here so I know you got this. Can you send me your card details so I can order a replacement phone? 😊",phishing,new_number_family
"Spotify: your payment of ₹1,435 was processed. Next billing date Saturday. Manage your plan in Account settings.",ham,real_subscription_notice
670 141 is your Amazon OTP. Valid for 10 mins. Do not share with anyone. -Amazon,ham,real_codes
"Hey landed safely, will call you when I get to the hotel ok?",ham,friend_favor
Your NHS card must be replaced with a new secure card. Confirm your number here to keep coverage: https://cutt.ly/w77884/id,phishing,gov_callback
"Je suis en retard de 20 min, commande-moi un café stp",ham,chat_i18n
"Hi it's Chris, we haven't spoken in ages, are you still in Seattle? Sorry, is this the right number?",phishing,wrong_number_opener
"Hi Sofía, Max here from the letting agency, confirming your viewing Tuesday at noon.",ham,friend_wrong_number
Your Apple Music free trial ends Sunday. You'll be charged $948.49/month unless you cancel in the app.,ham,real_subscription_notice
"Aldi: get a ₹663.89 gift card when you spend $1,127 Sunday only. In store and online. Terms apply. Reply STOP to opt out.",spam,giftcard_promo
Bpost: we delivered your parcel to your safe place.,ham,real_delivery_notice
TD Bank: a payment of $884 to Sarah Dmitri was sent from your account. Ref #4400-27612.,ham,real_bank_notice
Scotiabank Security: enter your 2FA code at https://bit.ly/p63115/confirm to confirm the pending transfer of £364.47.,phishing,account_problem_link
"Hi there did you just get a Google code? I used your number for my account, can you send it to me? xx",phishing,code_relay
CAF notice: a filing error of €61.76 found on your record. Pay by tomorrow at https://shorturl.at/m4292 or face prosecution.,phishing,gov_callback
You've been chosen for a ₹740.55 cash bonus from ING. Enter your card to receive it: https://rb.gy/y70085,phishing,prize_win
"Hey!! hey it's Zoe, my account sent the code to your number, pls send it? ❤️",phishing,code_relay
"Hi Ahmed, Sofía here from the letting agency, confirming your viewing Sunday at 7pm.",ham,friend_wrong_number
"Hi, I think we spoke about the apartment last week? This is Louis.",phishing,wrong_number_opener
"WINNER: Your number won £1,500 in the Mobile Draw. Send your name, address and bank details to claim. Ref #6688-89475",phishing,prize_win
"Yo, long time no talk! How have you been? Sorry if wrong number!",phishing,wrong_number_opener
"Yo did you just get a Google code? I put your number in by mistake, can you send it to me?",phishing,code_relay
"Disney+ receipt: €108.99 charged Thursday. If you did not authorize this, cancel at https://cutt.ly/f67421/verify",phishing,fake_subscription_charge
"HBO Max: a new device signed in to your account from Lisbon. If this wasn't you, change your password in the HBO Max app.",ham,real_subscription_notice
"Apple Music: payment of AED 3,834 failed. Update your billing within 24h or lose access: apple-alert.biz/claim",phishing,fake_subscription_charge
"HBO Max receipt: $209.71 charged this weekend. If you did not authorize this, cancel at https://rb.gy/m43401/pay",phishing,fake_subscription_charge
"Hola, ¿a qué hora llegas hoy? Te espero en el bar de siempre.",ham,chat_i18n
Ganhe até AED 819.30 por dia com apostas online! Cadastre-se grátis: apostaganha.bet,spam,ads_i18n
"Chris (Marriott Talent Acquisition): we saw your CV on a job board. Online position, 1-2 hrs a day, $79/day. Interested? wa.me/98484632288",phishing,job_scam
"Target: Your order #41559616 for Kindle Paperwhite ($2,747) has been placed. If you did not place this order, call (350) 866-7670 to dispute.",phishing,fake_order_callback
"Namaste, main Sarah Marriott HR se. Aap part-time online job ke liye select hue hain, R$545/day. WhatsApp karein 1-858-402-4061.",phishing,job_scam_i18n
"Hulu: a new device signed in to your account from Dallas. If this wasn't you, change your password in the Hulu app.",ham,real_subscription_notice
Hello? what's the code for the lockbox? I forgot it again ttyl,ham,friend_favor
"Your Walmart return for Bose headphones was received. Refund of R$1,334 will appear on your card in 3-5 business days.",ham,real_order_notice
"WINNER: Your mobile won £250,000 in the Mega Draw. Send your name, address and bank details to claim before this weekend. Ref #2974-12239",phishing,prize_win
"Is this Omar? It's Ava, we met at the gym last week.",phishing,wrong_number_opener
Airtel: thanks for your payment of R$431. Your next bill is due Monday.,ham,real_telco_util_notice
"Bet $4,100 get £598 in free bets at LuckySpin. 18+, T&Cs apply, new customers only.",spam,generic_ads
"Thanks for coming to the interview today. We'll be in touch by today with next steps. - Pedro, HR",ham,real_hr_and_appointments
Shell: get a $18 gift card when you spend $845.78 Sunday only. In store and online. Terms apply. Reply STOP to opt out.,spam,giftcard_promo
"ConEd: a power cut is affecting your area. Engineers are on site, estimated restoration 6pm.",ham,real_telco_util_notice
Your HBO Max subscription renewed for AED 517. To cancel and get a refund call +1 583 335 8459 within 24h.,phishing,fake_subscription_charge
Costco: 17% off MacBook Pro this week. Shop at costco.com/track. Text STOP to unsubscribe.,spam,giftcard_promo
Bpost: parcel #98321960 has been collected from the sender and is on its way.,ham,real_delivery_notice
Yo what time does the ceremony start Thursday? pls,ham,friend_favor
Buy $954.73 of clothing at Carrefour and get a €556 bonus card. Ends today.,spam,giftcard_promo
Hello what time does the match start tonight? 😊,ham,friend_favor
"Your Netflix subscription renewed for $3,933. To cancel and get a refund call 06 96 89 29 14 within 24h.",phishing,fake_subscription_charge
Your PG&E bill of ₹566 is due on Sunday. Pay in the PG&E app or at pge.com/orders. Thank you.,ham,real_telco_util_notice
Receipt: Dyson V15 €18 via Home Depot. Ref #448-1794782-4371202. Questions or cancellation: (791) 282-7193 (24/7).,phishing,fake_order_callback
Bradesco: رمز التحقق الخاص بك هو 765-825. لا تشاركه مع أحد.,ham,real_codes
Enter our spring giveaway for a chance to win a $500 Aldi gift card. Enter at the Aldi app/giveaway. No purchase necessary.,spam,giftcard_promo
"Citi: your account ending 4287 has a low balance of $2,596. This is the alert you set up.",ham,real_bank_notice
"Microsoft Security: enter your 2FA code at microsoft-london.info to confirm the pending transfer of $3,393.",phishing,account_problem_link
Hi what time does the match start Friday? ok?,ham,friend_favor
Social Security Administration notice: unpaid tax of AED 113 found on your record. Pay by tomorrow at pay-verify.online/claim or face prosecution.,phishing,gov_callback
Hi Auntie!! This is my temporary number until I get the new phone. Can you lend me $31 today? I'll pay you back this weekend. asap,phishing,new_number_family
Movistar: a wire transfer of €27 is pending. Not you? Cancel it here: movistar-paris.xyz,phishing,account_problem_link
"Enter our back to school giveaway for a chance to win a €10,000 Starbucks gift card. Enter at starbucks.com/account/giveaway. No purchase necessary.",spam,giftcard_promo
"Hi Sarah, Neha here from the letting agency, confirming your viewing Sunday at 4:45pm.",ham,friend_wrong_number
Apple Music: payment of R$11 failed. Update your billing within 48 hours or lose access: go-apple.win,phishing,fake_subscription_charge
Amazon Logistics: we delivered your parcel to your safe place.,ham,real_delivery_notice
"Your Airbnb host Liam sent you a message: check-in is after 4:45pm, the lockbox code is in the app.",ham,real_hr_and_appointments
Myntra Big Sale! Up to 60% off on electronics. Shop now ajio.com. Reply STOP to opt out.,spam,ads_i18n
Job alert: content rater roles from $231.42/hr. Set up alerts at linkedin.com. Opt out anytime.,spam,real_job_ad
STC: your recharge of €116 was successful. Validity 81 days.,ham,real_telco_util_notice
"Hey!! it's Ahmed, we haven't spoken in ages, are you still in Madrid? Sorry, is this the right number?",phishing,wrong_number_opener
"CBD gummies online, no prescription, discreet shipping. pharma-direct.ru",spam,generic_ads
"Hey Omar, it's Carlos, we met at Noah's birthday on tonight. Great to meet you, let's do that coffee!",ham,friend_wrong_number
"Now hiring: cashiers at TikTok, ₹927/hr. Apply at our careers page. Reply STOP to opt out.",spam,real_job_ad
Hi what's the code in the message you just got? I put your number in by mistake ok?,phishing,code_relay
Job alert: data entry roles from ₹35/hr. Set up alerts at linkedin.com. Opt out anytime.,spam,real_job_ad
Offre spéciale : 43% de réduction sur les parfums chez La Redoute jusqu'à dimanche. laredoute.fr,spam,ads_i18n
You've been chosen for a €591.57 compensation from DBS. Enter your card to receive it: refund-lagos.xyz,phishing,prize_win
"Ciao, ci vediamo alle 16 davanti al cinema?",ham,chat_i18n
DPD: your parcel F871189 will be delivered Monday between 10am and 6pm. No action needed.,ham,real_delivery_notice
"Part-time job offer from IKEA: rate products for ₹744.08 per task, paid to your bank instantly. WhatsApp +34 674 458 185",phishing,job_scam
"Parabéns! Você foi selecionado para um vale de £5,000 da Best Buy. Resgate agora: http://app-vale.biz",phishing,prize_win_i18n
"New number alert, this is Chris :) same WhatsApp, just a new sim. See you Saturday!",ham,friend_new_number
"Dad it's your boy, new number Text me back on here. Something's come up, are you free to help with a payment? xx",phishing,new_number_family
"Costco Loyalty: you have won £50,000! Claim your prize at prize-manchester.click",phishing,prize_win
Flipkart: a dog food was ordered from a new device in Lagos. Charged $88. Cancel: +1 334 288 4733,phishing,fake_order_callback
Adobe: Your family plan was charged $989.07 to card ending 2641. Not you? Dispute here: https://shorturl.at/f11056,phishing,fake_subscription_charge
"Hello Grandpa, I phone fell in the pool so this is my new number now Can you message me on WhatsApp on this number? Something's come up, are you free to help with a payment? x",phishing,new_number_family
"Grandpa it's me, Text me back on here. I need to clear an overdraft before it charges me but my banking app is locked on the old phone, can you help? pls",phishing,new_number_family
"Aramex: sorry we missed you. Your parcel is at the Nairobi depot, collect it with photo ID or rebook in the Aramex app.",ham,real_delivery_notice
"Hi, this is Max from the salon. Is this still the best number for appointment reminders?",ham,friend_wrong_number
BCA: 385327 is your one-time passcode. Do not share it. We will never call to ask for it.,ham,real_codes
"Congratulations! You've been picked to receive a £850,000 Costco gift card. Claim here: http://costco-paris.info",phishing,prize_win
"Papa, this is my new number. Please reply here so I know you got this. I can't get into my bank, can you pay something for me quickly? ttyl",phishing,new_number_family
Offre spéciale : 53% de réduction sur les chaussures chez Zalando jusqu'à ce soir. sephora.fr,spam,ads_i18n
"Kal 2:15pm baje milte hain, station pe aa jana",ham,chat_i18n
Your Disney+ subscription renewed for $642. To cancel and get a refund call 07 48 55 88 25 within 24h.,phishing,fake_subscription_charge
"Heyy did you just get a Venmo code? I'm locked out and it went to you, can you send it to me? please",phishing,code_relay
"Hi, this is João from Walmart People Ops. You have been selected for a remote typist role, $530.80/week. wa.me/30022026730 to start.",phishing,job_scam
"Aldi: get a €855 gift card when you spend AED 1,421 Friday only. In store and online. Terms apply. Reply STOP to opt out.",spam,giftcard_promo
Hermes: we missed you Friday. Reschedule delivery (£5.00) at https://bit.ly/k65760,phishing,delivery_fee
Revolut: your direct debit of $36 to Claro is due Wednesday.,ham,real_bank_notice
"Capital One: a payment of ₹4,415 is pending. Not you? Cancel it here: https://t.co/p57825",phishing,account_problem_link
مرحبا، أنا Jake من قسم التوظيف في Amazon. تم اختيارك لوظيفة عن بعد براتب £18 يومياً. تواصل واتساب +1 533 304 9334,phishing,job_scam_i18n
"Hey it's Natasha, we haven't spoken in ages, are you still in Moscow? Sorry if wrong number!",phishing,wrong_number_opener
"Now hiring: drivers at Amazon, $926.91/hr. Apply at glassdoor.com. Reply STOP to opt out.",spam,real_job_ad
Tu código de verificación de Revolut es 211-172. No lo compartas.,ham,real_codes
Your reward points of $62 expire Saturday! Redeem now: e-points.site,phishing,prize_win
Seu código ICICI é 1670. Não compartilhe com ninguém.,ham,real_codes
IRS: Your driver license has been compromised. Call +34 671 957 937 immediately.,phishing,gov_callback
Your Adobe free trial ends this weekend. You'll be charged $24/month unless you cancel in the app.,ham,real_subscription_notice
Maybank: a wire transfer of £64 is pending. Not you? Cancel it here: https://rb.gy/s7869/pay,phishing,account_problem_link
La Poste notice: package #815-3709922-8228057 returns to sender unless address is confirmed: http://go-la.link,phishing,delivery_fee
"Enter our back to school giveaway for a chance to win a $5,000 Target gift card. Enter at target.com/orders/giveaway. No purchase necessary.",spam,giftcard_promo
"Hola Mamá, se me rompió el móvil y este es mi nuevo número. ¿Puedes pasarme AED 27.13 hoy? Mañana te lo devuelvo.",phishing,new_number_family_i18n
"Best Buy: Your order #717-8129654-7920940 for a winter coat ($36) has been charged to your card. If you did not make this order, call 07 60 11 12 81 immediately.",phishing,fake_order_callback
"hey it's Pierre from uni, finally got a UK number, save me x",ham,friend_new_number
"Hey did you just get a Facebook code? I used your number for my account, can you send it to me?",phishing,code_relay
Lloyds: 676396 is your one-time passcode. Do not share it. We will never call to ask for it.,ham,real_codes
"Hello? Pierre, are you still coming to the wedding on Monday?",phishing,wrong_number_opener
"Bet €78 get €164 in free bets at WinZone. 18+, T&Cs apply, new customers only.",spam,generic_ads
Hulu: your payment of $214 was processed. Next billing date Friday. Manage your plan in Account settings.,ham,real_subscription_notice
Enter our spring giveaway for a chance to win a €750 Target gift card. Enter at target.com/track/giveaway. No purchase necessary.,spam,giftcard_promo
Medicare: Your tax file has been compromised. Call 06 35 96 33 25 within 24 hours.,phishing,gov_callback
"Deloitte is hiring weekend staff. Open interviews Saturday noon-2:15pm, bring ID. Text STOP to end.",spam,real_job_ad
"Hallo Papa, ich bin's, mein Handy ist kaputt. Das ist meine neue Nummer. Kannst du mir schnell AED 877.77 überweisen? Ich kann nicht in mein Banking.",phishing,new_number_family_i18n
"Best Buy: get a £4,530 gift card when you spend ₹482 tonight only. In store and online. Terms apply. Reply STOP to opt out.",spam,giftcard_promo
"Hello Grandma it's me Text me back on here. I need a favour, it's a bit urgent. pls",phishing,new_number_family
Your health card card must be replaced with a new digital card. Confirm your number here to keep coverage: http://medicare-dallas.info/claim,phishing,gov_callback
عرض خاص! خصم 53% على جميع الملابس في متجر الرياض مول هذا الأسبوع فقط. تسوق الآن yasmin-shop.com,spam,ads_i18n
"Auntie it's your girl, new number This is my temporary number until I get the new phone. Can you send me your card details so I can order a replacement phone? ttyl",phishing,new_number_family
Looking for a new job? Browse 7086 driving openings near you on Jooble. Unsubscribe: reply STOP,spam,real_job_ad
"Salut, tu as reçu un code WhatsApp ? Je me suis trompé de numéro, tu peux me l'envoyer ?",phishing,code_relay_i18n
Carrefour: 23% off Bose headphones this week. Shop at the Carrefour app. Text STOP to unsubscribe.,spam,giftcard_promo
Jio Alert: your account will be restricted in 24 hours. Update your details at https://tinyurl.com/h56692,phishing,account_problem_link
Hulu: payment of $617 failed. Update your billing within 48 hours or lose access: billing-jakarta.vip/claim,phishing,fake_subscription_charge
Job alert: survey taker roles from $461.89/hr. Set up alerts at linkedin.com. Opt out anytime.,spam,real_job_ad
"Your Airbnb host Jonas sent you a message: check-in is after 4:45pm, the lockbox code is in the app.",ham,real_hr_and_appointments
"مبروك! تم اختيارك للفوز بقسيمة €850,000 من Apple. اضغط للمطالبة: https://t.co/q88563",phishing,prize_win_i18n
Shell members: double points on everything this Friday. Show the app at checkout. STOP to opt out.,spam,giftcard_promo
Carrefour: 29% off Nintendo Switch this week. Shop at carrefour.com. Text STOP to unsubscribe.,spam,giftcard_promo
"Rahul it's Lucía, I got your number from Ben. Are you free to chat tomorrow?",phishing,wrong_number_opener
Xcel Energy: your meter reading is due. Submit it in the app by tomorrow to avoid an estimated bill.,ham,real_telco_util_notice
"Camille (Deloitte Hiring Team): we saw your CV on Indeed. Online position, 1-2 hrs a day, $30/day. Interested? wa.me/91782195081",phishing,job_scam
"iCloud receipt: AED 461 charged Thursday. If you did not authorize this, cancel at http://e-cancel.biz/id",phishing,fake_subscription_charge
Jetzt €99 Bonus sichern! Online Casino mit über 1902 Spielen. jackpotzone.de,spam,ads_i18n
"EDF: a power cut is affecting your area. Engineers are on site, estimated restoration 7pm.",ham,real_telco_util_notice
Nubank: your statement is ready. View it in the Nubank app or online banking.,ham,real_bank_notice
Your health card card must be replaced with a new chip card. Confirm your number here to keep coverage: benefits75.icu/id,phishing,gov_callback
"hey it's Zoe from uni, finally got a UK number, save me x",ham,friend_new_number
"Dear applicant, congratulations, Costco has approved your virtual assistant application. Salary ₹180 per week. Contact your manager Layla: WhatsApp +44 7248 227305",phishing,job_scam
You are our lucky customer! A printer ink is waiting for you. Pay only shipping $2.50: http://win-help.site/verify,phishing,prize_win
"Solar panels with $0 down, cut your bill by 66%. Free quote: solarquote.com",spam,generic_ads
"US Bank: your card was used abroad in Chicago for ₹228.74. If you don't recognise this, call the number on your card.",ham,real_bank_notice
"Manpower is hiring full-time staff. Open interviews Wednesday 8:30pm-3pm, bring ID. Text STOP to end.",spam,real_job_ad
Apple: 47% off Nintendo Switch this week. Shop at apple.com/account. Text STOP to unsubscribe.,spam,giftcard_promo
"MediaMarkt: Your order #289-1856152-8094910 for Ring doorbell (AED 233) has shipped. If you did not make this order, call +44 7247 877106 now to cancel.",phishing,fake_order_callback
Hello Sarah's interview went well. Will update everyone tonight. thanks,ham,friend_favor
"Payday loans from 4.5% APR, decision in minutes. Apply: creditfast.net",spam,generic_ads
"Hi Ava, Fatima here from the letting agency, confirming your viewing today at 7pm.",ham,friend_wrong_number
Truist: Did you make a $26 purchase at IKEA on 11/7? Reply YES or NO.,ham,real_bank_notice
"Badhai ho! Aapko €1,000 ka Starbucks gift card mila hai. Abhi claim karein: inaam-support.online/claim",phishing,prize_win_i18n
"Cheap Viagra online, no prescription, discreet shipping. medsonline.net",spam,generic_ads
Buy €80 of fuel at Target and get a £265.21 bonus card. Ends Thursday.,spam,giftcard_promo
"Wells Fargo: a wire transfer of R$3,165 is pending. Not you? Cancel it here: secure-nairobi.club/confirm",phishing,account_problem_link
Your Google One subscription renewed for €27. To cancel and get a refund call (523) 356-3940 within 24h.,phishing,fake_subscription_charge
Your Noon return for Kindle Paperwhite was received. Refund of $406.19 will appear on your card in 3-5 business days.,ham,real_order_notice
"Hey quick one, forward me the text with the code that just came through, my phone is acting up ❤️",phishing,code_relay
"hey it's Lucía from uni, finally got a UK number, save me x",ham,friend_new_number
"Payday loans from 7.9% APR, decision in minutes. Apply: cashnow.net",spam,generic_ads
Job alert: package handler roles from $719.99/hr. Set up alerts at indeed.com. Opt out anytime.,spam,real_job_ad
Telstra: planned maintenance in your area Sunday 9:30am-8am. You may lose signal briefly. Sorry for the inconvenience.,ham,real_telco_util_notice
"ING: a wire transfer of ₹2,301 is pending. Not you? Cancel it here: cancel-jakarta.cc",phishing,account_problem_link
"Hi all, Dmitri here. Switched carriers so this is my number from now on. No need to reply.",ham,friend_new_number
"Hey it's Mia, got a new number, save it! Old one stops working Saturday.",ham,friend_new_number
"Nubank: AED 4,839 was deposited into your account ending 5877. Available balance $812.",ham,real_bank_notice
Apple: get a AED 920 gift card when you spend $50 tomorrow only. In store and online. Terms apply. Reply STOP to opt out.,spam,giftcard_promo
"Hi, is this João? It's Lucía from the PTA, Olga gave me your number about today.",ham,friend_wrong_number
Looking for a new job? Browse 8861 tech openings near you on Indeed. Unsubscribe: reply STOP,spam,real_job_ad
"Hey Pierre, are you still coming to the party on today?",phishing,wrong_number_opener
Bpost: we missed you Sunday. Reschedule delivery ($2.99) at https://cutt.ly/u25761/pay,phishing,delivery_fee
"Tô chegando, 16 min. Pede uma água pra mim?",ham,chat_i18n
iCloud receipt: AED 354 for your family plan. Thank you!,ham,real_subscription_notice
"Hi there Grandma, it's Dmitri, this is my work phone number in case you can't reach the other one. Everything's fine!",ham,friend_new_number
"Hola, soy João de RRHH de Deloitte. Has sido seleccionado para un trabajo remoto, $955 al día. Escríbeme por WhatsApp +971 55 422 2066.",phishing,job_scam_i18n
"Buy $3,107 of groceries at Home Depot and get a R$89 bonus card. Ends Sunday.",spam,giftcard_promo
Argos Order Confirmation: MacBook Pro - $89. Delivery today. To cancel or report unauthorized use call 1-806-214-6355.,phishing,fake_order_callback
Dein Rakuten Bank Bestätigungscode lautet 866-599.,ham,real_codes
Hulu receipt: €224 for your monthly plan. Thank you!,ham,real_subscription_notice
Binance: your KYC expires today. Keep access: binance-dallas.info/verify,phishing,account_problem_link
"Your Airbnb host Kenji sent you a message: check-in is after 2:15pm, the lockbox code is in the app.",ham,real_hr_and_appointments
"Three: thanks for your payment of €4,920. Your next bill is due Friday.",ham,real_telco_util_notice
HBO Max: your payment of R$628.66 was processed. Next billing date Wednesday. Manage your plan in Account settings.,ham,real_subscription_notice
"Netflix receipt: R$621.67 charged Tuesday. If you did not authorize this, cancel at https://t.co/r74663/pay",phishing,fake_subscription_charge
"Mom, this is my new number. Save this number and delete the old one. I can't get into my bank, can you pay something for me quickly? thank you!",phishing,new_number_family
"Randstad is hiring seasonal staff. Open interviews this weekend noon-noon, bring ID. Text STOP to end.",spam,real_job_ad
Your table for 4 at The Ivy is confirmed for Saturday 10am. Reply CANCEL to cancel.,ham,real_hr_and_appointments
"Thanks for your Argos order! Ring doorbell, €134.97. Est. delivery Tuesday. Manage your order in argos.com.",ham,real_order_notice
"Use 547891 to sign in to Nubank. If you didn't request this, ignore this message.",ham,real_codes
Enter our summer giveaway for a chance to win a £500 Lidl gift card. Enter at lidl.com/track/giveaway. No purchase necessary.,spam,giftcard_promo
"مرحبا، أنا Anna من قسم التوظيف في Costco. تم اختيارك لوظيفة عن بعد براتب €4,561 يومياً. تواصل واتساب 06 65 73 17 16",phishing,job_scam_i18n
Facebook Alert: your account will be suspended in 24 hours. Update your details at https://shorturl.at/n59227,phishing,account_problem_link
"Oi Mãe, sou eu, roubaram meu celular, esse é meu número novo. Consegue me mandar um Pix de $40 hoje? Amanhã devolvo.",phishing,new_number_family_i18n
"Hiya hey it's Natasha, my account sent the code to your number, can you screenshot it? 🙏",phishing,code_relay
"Costco is hiring part-time staff. Open interviews Saturday noon-8am, bring ID. Text STOP to end.",spam,real_job_ad
"Hallo, hier ist Priya von Deloitte Recruiting. Sie wurden für eine Homeoffice-Stelle ausgewählt, £766 pro Tag. Melden Sie sich per WhatsApp (933) 678-3331.",phishing,job_scam_i18n
"Hi, Auntie it's me Save this number and delete the old one. I need a favour, it's a bit urgent. ttyl",phishing,new_number_family
Rogers: your recharge of R$26.33 was successful. Validity 36 days.,ham,real_telco_util_notice
"Hi, is this Ivan? It's Mateo from the PTA, Jake gave me your number about tonight.",ham,friend_wrong_number
"Ciao, ci vediamo alle 11 davanti al cinema?",ham,chat_i18n
"Your Bolt driver Mei is arriving in a black Prius, plate A97L839.",ham,real_hr_and_appointments
"Hulu receipt: £3,227 for your student plan. Thank you!",ham,real_subscription_notice
"Home Depot: get a AED 585.60 gift card when you spend €4,187 today only. In store and online. Terms apply. Reply STOP to opt out.",spam,giftcard_promo
"Hi, this is Camille from Walmart Talent Acquisition. We reviewed your resume and you qualify for a work-from-home social media assistant role, $791.71/day. WhatsApp me on 07 69 67 53 77 to start.",phishing,job_scam
"Thanks for coming to the interview today. We'll be in touch by tomorrow with next steps. - Zoe, HR",ham,real_hr_and_appointments
Your benefits card card must be replaced with a new secure card. Confirm your number here to keep coverage: benefits-notice.top/id,phishing,gov_callback
USPS: your driver Kenji is 5 stops away.,ham,real_delivery_notice
"WINNER: You won £850,000 in the Mega Draw. Send your name, address and bank details to claim. Ref #7399-26468",phishing,prize_win
On se voit samedi ? Louis vient aussi,ham,chat_i18n
"Hey, is this still Camille's number? Haven't heard from you since Lagos.",phishing,wrong_number_opener
"Hi, this is Carlos from the vet. Is this still the best number for appointment reminders?",ham,friend_wrong_number
Hello? can you transfer me the $806.26 for the gift when you get a sec? sorted it with Emma already x,ham,friend_favor
Canva receipt: $15 for your family plan. Thank you!,ham,real_subscription_notice
"SBI will never ask for your PIN, password or full card number by text or phone. If in doubt, call the number on the back of your card.",ham,real_bank_notice
"Thames Water: a power cut is affecting your area. Engineers are on site, estimated restoration 10am.",ham,real_telco_util_notice
"Hi, this is Emma from the garage. Is this still the best number for appointment reminders?",ham,friend_wrong_number
"Hi did you just get a WhatsApp code? my phone is acting up, can you send it to me? asap",phishing,code_relay
Your iCloud subscription renewed for $15. To cancel and get a refund call (373) 833-8968 within 24h.,phishing,fake_subscription_charge
Heyy lol did you see what Lena posted in the group chat,ham,friend_favor
"Noah (Shein HR): we saw your CV on Glassdoor. Online position, 1-2 hrs a day, €348.13/day. Interested? text (531) 612-6113",phishing,job_scam
La Poste: we missed you Friday. Reschedule delivery (€0.99) at la54.info/update,phishing,delivery_fee
"Hallo, hier ist Neha von DHL Recruiting. Sie wurden für eine Homeoffice-Stelle ausgewählt, £71 pro Tag. Melden Sie sich per WhatsApp +1 738 446 5047.",phishing,job_scam_i18n
Lloyds: €484.97 was deposited into your account ending 8791. Available balance $366.,ham,real_bank_notice
Bpost: parcel H231127 has been collected from the sender and is on its way.,ham,real_delivery_notice
"Now hiring: cleaners at Randstad, $2,683/hr. Apply at infojobs.net. Reply STOP to opt out.",spam,real_job_ad
Telekom: your recharge of $937.30 was successful. Validity 31 days.,ham,real_telco_util_notice
Hello lol did you see what Mike posted in the group chat pls,ham,friend_favor
Unlock 36k followers overnight! Grow your Instagram fast: instaboost.io,spam,generic_ads
Buy AED 893.63 of fuel at Home Depot and get a €73 bonus card. Ends this weekend.,spam,giftcard_promo
"Kal 8:30pm baje milte hain, station pe aa jana",ham,chat_i18n
"Mom it's your boy, new number Can you message me on WhatsApp on this number? I need to cover a payment that bounced but my banking app is locked on the old phone, can you help? pls",phishing,new_number_family
Hermes: we delivered your parcel to the reception desk.,ham,real_delivery_notice
¡Gana dinero desde casa! Hasta €89 al mes sin experiencia. Regístrate: trabajofacil.es,spam,ads_i18n
Dropbox: payment of $476 was declined. Update your billing within 2 days or lose access: https://tinyurl.com/j89575/id,phishing,fake_subscription_charge
Royal Mail: your parcel is held at customs. Pay €4.99 handling fee within 48h: https://bit.ly/x36235,phishing,delivery_fee
United: flight ER4908 to Moscow now departs from gate D36. Boarding at 4:45pm.,ham,real_hr_and_appointments
"Hi, Tom, are you still coming to the wedding on Wednesday?",phishing,wrong_number_opener
Final notice from Agencia Tributaria: a warrant will be issued unless you settle $716 today. Call +44 7740 917551 ref #733-9268019-1796445.,phishing,gov_callback
"Hey Ana, it's Max, we met at Lucía's wedding on tomorrow. Great to meet you, let's do that coffee!",ham,friend_wrong_number
"DPD: sorry we missed you. Your parcel is at the Jakarta depot, collect it with photo ID or rebook in the DPD app.",ham,real_delivery_notice
BCA Alert: your account will be locked unless you act. Update your details at http://bca83.icu,phishing,account_problem_link
Hiya what's the code in the message you just got? it sent the code to your phone somehow thank you!,phishing,code_relay
Dropbox: Your premium plan was charged $300.11 to card ending 9764. Not you? Dispute here: dropbox55.cc/verify,phishing,fake_subscription_charge
Yodel: your parcel #469-3024892-4006125 will be delivered today between 10am and 4:45pm. No action needed.,ham,real_delivery_notice
"Hey!! Mom, it's Mei, this is my work phone number in case you can't reach the other one. Everything's fine!",ham,friend_new_number
"Netflix: your payment of AED 1,666 was processed. Next billing date Friday. Manage your plan in Account settings.",ham,real_subscription_notice
"Your Bolt driver Yuki is arriving in a gray Toyota Camry, plate C44P894.",ham,real_hr_and_appointments
Social Security Administration: you are owed a benefit payment of R$986. Submit your bank details at refund40.online/confirm to receive it.,phishing,gov_callback
eBay: a GoPro Hero 13 was ordered from a new device in Moscow. Charged $437. Cancel: +971 57 557 4083,phishing,fake_order_callback
El Corte Inglés: your order A111674 (a winter coat) has shipped and will arrive Saturday. Track it at the El Corte Inglés app or elcorteinglés.com.,ham,real_order_notice
Dein ICICI Bestätigungscode lautet 221-841.,ham,real_codes
Looking for a new job? Browse 5610 nursing openings near you on Jooble. Unsubscribe: reply STOP,spam,real_job_ad
Tesco: get a AED 747 gift card when you spend ₹72 Sunday only. In store and online. Terms apply. Reply STOP to opt out.,spam,giftcard_promo
"New number alert, this is Wei :) same WhatsApp, just a new sim. See you Saturday!",ham,friend_new_number
"Bin in 27 Minuten da, die Bahn hatte Verspätung",ham,chat_i18n
"Hallo, hier ist Ben von Temu Recruiting. Sie wurden für eine Homeoffice-Stelle ausgewählt, £858.19 pro Tag. Melden Sie sich per WhatsApp +1 705 483 1601.",phishing,job_scam_i18n
"Apple Music: a new device signed in to your account from Lisbon. If this wasn't you, change your password in the Apple Music app.",ham,real_subscription_notice
¡Felicidades! Has sido seleccionado para recibir una tarjeta regalo de €750 de Best Buy. Reclama aquí: premio-verify.online,phishing,prize_win_i18n
"Congratulations! You've been selected to receive a $10,000 Lidl gift card. Claim now: lidl-seattle.top",phishing,prize_win
Receipt: Bluetooth speaker $959 via Target. Ref #40918309. Questions or cancellation: +34 669 488 301 (24/7).,phishing,fake_order_callback
"Nan it's your girl, new number Text me back on here. Can you send me your card details so I can order a replacement phone? ok?",phishing,new_number_family
BCA: رمز التحقق الخاص بك هو 528 426. لا تشاركه مع أحد.,ham,real_codes
Carrefour members: double points on everything this Friday. Show the app at checkout. STOP to opt out.,spam,giftcard_promo
USPS notice: package #6329-52196 returns to sender unless address is confirmed: e-confirm.site,phishing,delivery_fee
Argos: your order #314-5767274-8360770 (running shoes) has shipped and will arrive Wednesday. Track it at the Argos app or argos.com.,ham,real_order_notice
"Nan it's me, Save this number and delete the old one. I'm in a bit of a mess, can you help me out?",phishing,new_number_family
"Hi Priya, Rahul here from the removal company, confirming your viewing Friday at noon.",ham,friend_wrong_number
Receipt: Kindle Paperwhite $263.98 via Mercado Livre. Ref #95544265. Questions or cancellation: 1-855-371-6387 (24/7).,phishing,fake_order_callback
"WINNER: Your number won $1,500 in the Mobile Draw. Send your name, address and bank details to claim before Sunday. Ref #4277-12176",phishing,prize_win
UPS: we missed you Thursday. Reschedule delivery (€2.50) at redelivery-notice.info,phishing,delivery_fee
QNB: a payment of $758 to Layla Sarah was sent from your account. Ref #76892473.,ham,real_bank_notice
Xbox Game Pass: payment of £401 was declined. Update your billing within 24h or lose access: xbox-secure.win/update,phishing,fake_subscription_charge
Your iCloud subscription renewed for AED 600. To cancel and get a refund call (505) 548-7410 within 24h.,phishing,fake_subscription_charge
"New number alert, this is Mia :) same WhatsApp, just a new sim. See you Sunday!",ham,friend_new_number
Heyy can you send me the code you just received? I put your number in by mistake. x,phishing,code_relay
PNC: رمز التحقق الخاص بك هو 917389. لا تشاركه مع أحد.,ham,real_codes
Your Amazon Prime free trial ends Wednesday. You'll be charged AED 613.52/month unless you cancel in the app.,ham,real_subscription_notice
"Hey happy birthday!!! hope you have an amazing day, see you saturday love you",ham,friend_favor
Yo can you transfer me the AED 179 for the airbnb when you get a sec? sorted it with Priya already please,ham,friend_favor
Aldi: get a €51 gift card when you spend R$710 Sunday only. In store and online. Terms apply. Reply STOP to opt out.,spam,giftcard_promo
Hey what time does the ceremony start Wednesday? thanks,ham,friend_favor
225-734 is your BBVA verification code. It expires in 15 minutes.,ham,real_codes
Royal Mail: your parcel is held at customs. Pay £5.00 redelivery fee within 24h: https://is.gd/s95539/id,phishing,delivery_fee
"Lucy it's Pierre, I got your number from Arjun. Are you free to chat Wednesday?",phishing,wrong_number_opener
Hello Omar's appointment went well. Will update everyone tonight. 🙏,ham,friend_favor
ماما هذا رقمي الجديد، جوالي تعطل. محتاج مساعدة عاجلة في دفع فاتورة.,phishing,new_number_family_i18n
Your Spotify free trial ends tonight. You'll be charged R$715.54/month unless you cancel in the app.,ham,real_subscription_notice
"Hi, I think we spoke about the investment last week? This is Pedro.",phishing,wrong_number_opener
Your Adobe free trial ends Tuesday. You'll be charged €165/month unless you cancel in the app.,ham,real_subscription_notice
Your reward points of R$928 expire today! Redeem now: points41.vip,phishing,prize_win
"Félicitations ! Vous avez gagné £850,000 au tirage national. Confirmez vos coordonnées : e-prix.top/verify",phishing,prize_win_i18n
"Bank of America will never ask for your PIN, password or full card number by text or phone. If in doubt, call the number on the back of your card.",ham,real_bank_notice
Flipkart: dog food is out for delivery today. Someone should be available to sign.,ham,real_order_notice
"Bro it's your girl, new number This is my temporary number until I get the new phone. I need to buy a new phone today but my banking app is locked on the old phone, can you help? ❤️",phishing,new_number_family
Dein Telegram Bestätigungscode lautet 474 961.,ham,real_codes
Canada Post: your parcel could not be delivered. Pay €1.99 customs fee within 2 days: canada82.top,phishing,delivery_fee
"Receita Federal notice: an outstanding fine of AED 4,947 found on your record. Pay by Monday at http://fine-moscow.biz or face prosecution.",phishing,gov_callback
"Hello Lucy, are you still coming to the wedding on Saturday?",phishing,wrong_number_opener
Hey can you send me Layla's address? Need it for the taxi ❤️,ham,friend_favor
"Hi Papa!! I need to sort out my rent before 5pm but my banking app is locked on the old phone, can you help? ttyl",phishing,new_number_family
"Learn nursing in 9 weeks and land a €2,000 job. Enroll today at learnfast.com/apply",spam,generic_ads
"Hulu: your payment of AED 1,924 was processed. Next billing date tonight. Manage your plan in Account settings.",ham,real_subscription_notice
Hi can you transfer me the $505 for the tickets when you get a sec? sorted it with Anna already x,ham,friend_favor
"Zara is hiring! Earn £355-$2,459 daily write short reviews. No experience, same-day pay. Ages 22+. WhatsApp +34 694 447 729",phishing,job_scam
"Hallo, hier ist Wei von Amazon Recruiting. Sie wurden für eine Homeoffice-Stelle ausgewählt, $83 pro Tag. Melden Sie sich per WhatsApp +91 92493 73283.",phishing,job_scam_i18n
"Debt consolidation from 7.9% APR, decision in minutes. Apply: cashnow.net",spam,generic_ads
"Parabéns! Você foi selecionado para um vale de €250,000 da Target. Resgate agora: http://vale-update.xyz/confirm",phishing,prize_win_i18n
"Hi, is this Louis? It's Mateo from the book club, Fatima gave me your number about Tuesday.",ham,friend_wrong_number
"New number alert, this is Emma :) same WhatsApp, just a new sim. See you Saturday!",ham,friend_new_number
"Hallo Mama, ich bin's, mein Handy ist weg. Das ist meine neue Nummer. Ich muss dringend eine Rechnung bezahlen, hilfst du mir?",phishing,new_number_family_i18n
"Promo Free : forfait 150Go à 9,99€/mois pendant 12 mois ! Souscrivez sur sfr-promo.fr",spam,ads_i18n
Bell: you've used 80% of your 20GB monthly data. Your allowance resets on 14 Jan.,ham,real_telco_util_notice
"Félicitations ! Vous avez gagné £5,000 au tirage mobile. Confirmez vos coordonnées : https://is.gd/k15444",phishing,prize_win_i18n
"Hi, Dad it's me Can you send me your card details so I can order a replacement phone? ttyl",phishing,new_number_family
Sparkasse: your direct debit of €15 to Duke Energy is due Sunday.,ham,real_bank_notice
Heyy what's the code in the message you just got? I'm locked out and it went to you thank you!,phishing,code_relay
"Part-time job offer from Uber: review hotels for $4,157 per task, paid to your bank same day. message +91 72219 77852 on WhatsApp",phishing,job_scam
Evri: we missed you Saturday. Reschedule delivery (€1.49) at redelivery33.click/secure,phishing,delivery_fee
Reminder: your appointment with Dr. Neha is Saturday at 1pm. Reply C to confirm or R to reschedule.,ham,real_hr_and_appointments
PNC: your account ending 3082 has a low balance of $80. This is the alert you set up.,ham,real_bank_notice
Itaú: $997.98 was deposited into your account ending 5407. Available balance $60.,ham,real_bank_notice
"Hi Chris, Camille here from the removal company, confirming your viewing tonight at 2:15pm.",ham,friend_wrong_number
"Hi, this is Noah from Temu Talent Acquisition. We reviewed your resume and you qualify for a flexible typist role, €88/day. message 07 31 51 99 44 on WhatsApp to start.",phishing,job_scam
"Hi all, Ben here. Switched carriers so this is my number from now on. No need to reply.",ham,friend_new_number
"Now hiring: drivers at IKEA, €1,533/hr. Apply at infojobs.net. Reply STOP to opt out.",spam,real_job_ad
Best Buy: 58% off AirPods Pro this week. Shop at bestbuy.com/track. Text STOP to unsubscribe.,spam,giftcard_promo
عرض خاص! خصم 46% على جميع الأحذية في متجر الياسمين هذا الأسبوع فقط. تسوق الآن yasmin-shop.com,spam,ads_i18n
"Your Uber driver Mike is arriving in a silver Skoda, plate B56K128.",ham,real_hr_and_appointments
Google: your KYC has expired. Keep access: e-google.site,phishing,account_problem_link
"Revolut: your card was used abroad in Dubai for $1,640. If you don't recognise this, call the number on your card.",ham,real_bank_notice
Adobe: Your annual plan was charged R$675.27 to card ending 7305. Not you? Dispute here: http://adobe98.click,phishing,fake_subscription_charge
"Your prescription is ready for pickup at Lloyds Pharmacy, 641 Main St. Open 2:15pm-2:15pm.",ham,real_hr_and_appointments
"مبروك! تم اختيارك للفوز بقسيمة £1,000 من Best Buy. اضغط للمطالبة: prize-moscow.icu",phishing,prize_win_i18n
Correos: we missed you Sunday. Reschedule delivery ($3.20) at redelivery-pay.info/update,phishing,delivery_fee
DHL: your parcel is on hold. Pay $1.99 redelivery fee within 2 days: https://tinyurl.com/u29156/secure,phishing,delivery_fee
"Your prescription is ready for pickup at Boots, 8163 Main St. Open 1pm-10am.",ham,real_hr_and_appointments
"Best Buy Order Confirmation: a winter coat - $4,009. Delivery this weekend. To cancel or report unauthorized use call +1 920 672 8253.",phishing,fake_order_callback
"ICICI: Did you make a $4,118 purchase at WALMART on 10/14? Reply YES or NO.",ham,real_bank_notice
Glückwunsch! Sie wurden für einen £750 Lidl Gutschein ausgewählt. Jetzt einlösen: http://my-gutschein.site/id,phishing,prize_win_i18n
ماما هذا رقمي الجديد، جوالي ضاع. ممكن تحولين لي £235 اليوم وأرجعها لك بكرة؟,phishing,new_number_family_i18n
"Hi, is this Jake? It's Beatriz from the school run, Fatima gave me your number about Tuesday.",ham,friend_wrong_number
"Oi Vô, sou eu, perdi o telefone, esse é meu número novo. Salva aí e me chama no WhatsApp.",phishing,new_number_family_i18n
AT&T: planned maintenance in your area Thursday 3pm-1pm. You may lose signal briefly. Sorry for the inconvenience.,ham,real_telco_util_notice
DPD: your parcel #46628275 will be delivered Tuesday between 6pm and 7pm. No action needed.,ham,real_delivery_notice
BBVA: $73 was deposited into your account ending 7726. Available balance $69.,ham,real_bank_notice
"Olá, sou Ivan do RH da Tesla. Você foi selecionado para uma vaga home office, $869 por dia. Me chama no WhatsApp +1 529 765 9599.",phishing,job_scam_i18n
Looking for a new job? Browse 8048 hospitality openings near you on Jooble. Unsubscribe: reply STOP,spam,real_job_ad
"Hey Kenji, did you get the package I sent? Sorry, is this the right number?",phishing,wrong_number_opener
"Hello? it's Tom, we haven't spoken in ages, are you still in Miami? Sorry to bother you.",phishing,wrong_number_opener
"Disney+: Your annual plan was charged $1,640 to card ending 3207. Not you? Dispute here: disney+57.icu",phishing,fake_subscription_charge
"Selected candidate: Deloitte needs 40 people to watch ads, AED 843/day. Start today, reply YES.",phishing,job_scam
"Your Uber driver Natasha is arriving in a black Prius, plate D97L728.",ham,real_hr_and_appointments
"Flights to Mumbai from $4,946! Book by this weekend at skydeals.com",spam,generic_ads
Your Xbox Game Pass subscription renewed for $602. To cancel and get a refund call +34 659 916 384 within 24h.,phishing,fake_subscription_charge
ATO notice: unpaid tax of €433.31 found on your record. Pay by Tuesday at tax27.click or face prosecution.,phishing,gov_callback
"Amazon Prime receipt: ₹10 charged Sunday. If you did not authorize this, cancel at https://tinyurl.com/q38990",phishing,fake_subscription_charge
PG&E: your meter reading is due. Submit it in the app by Wednesday to avoid an estimated bill.,ham,real_telco_util_notice
"HBO Max: payment of £2,426 failed. Update your billing within 24h or lose access: billing-dubai.icu/claim",phishing,fake_subscription_charge
"PostNL: sorry we missed you. Your parcel is at the Manila depot, collect it with photo ID or rebook in the PostNL app.",ham,real_delivery_notice
Argos: your order H298163 (PlayStation 5) has shipped and will arrive Wednesday. Track it at argos.com/track.,ham,real_order_notice
Canva: your payment of $267 was processed. Next billing date Thursday. Manage your plan in Account settings.,ham,real_subscription_notice
"Apple Music receipt: R$2,706 for your annual plan. Thank you!",ham,real_subscription_notice
Binance Alert: your account will be locked unless you act. Update your details at http://update99.biz,phishing,account_problem_link
Hi are we still on for lunch Saturday? I can pick you up at 7pm ok?,ham,friend_favor
"Apple Music: payment of $2,684 could not be processed. Update your billing within 2 days or lose access: apple37.top",phishing,fake_subscription_charge
"Target Loyalty: you have won €1,500! Verify your address at prize-miami.club/secure",phishing,prize_win
"New number alert, this is Sofía :) same WhatsApp, just a new sim. See you Wednesday!",ham,friend_new_number
Agencia Tributaria notice: a filing error of £73 found on your record. Pay by Tuesday at tax-seattle.win or face prosecution.,phishing,gov_callback
"Uber is hiring! Earn £19-$4,023 daily test apps. No experience, instant withdrawal. Ages 22+. text 07 63 83 51 38",phishing,job_scam
Unclaimed prize! You were selected for a Kindle Paperwhite from Amazon. Reply YES with your address to receive it.,phishing,prize_win
La Poste: your driver Max is 8 stops away.,ham,real_delivery_notice
"Now hiring: care assistants at Netflix, €140.37/hr. Apply at infojobs.net. Reply STOP to opt out.",spam,real_job_ad
Telstra: a failed payment detected. Restore your account within 24h: verify-notice.top/verify,phishing,account_problem_link
Weather alert: severe thunderstorm warning for Madrid until 1pm. Avoid low-lying roads.,ham,real_hr_and_appointments
Your table for 4 at Carbone is confirmed for tonight 10am. Reply CANCEL to cancel.,ham,real_hr_and_appointments
"Olá, sou Carlos do RH da DHL. Você foi selecionado para uma vaga home office, $48 por dia. Me chama no WhatsApp +34 652 414 352.",phishing,job_scam_i18n
USPS: your parcel #795-1383064-4033736 will be delivered Tuesday between 9:30am and 1pm. No action needed.,ham,real_delivery_notice
"eBay: your order #1910-19579 (Samsung 65"" TV) has shipped and will arrive Wednesday. Track it at the eBay app.",ham,real_order_notice
"Walmart Order Confirmation: Ring doorbell - $4,078. Delivery Saturday. To cancel or report unauthorized use call +91 99584 50795.",phishing,fake_order_callback
"Buy AED 3,464 of toys at Best Buy and get a $73 bonus card. Ends Sunday.",spam,giftcard_promo
Amazon Prime: payment of €88 failed. Update your billing within 24h or lose access: amazon80.win,phishing,fake_subscription_charge
"¡Gana dinero desde casa! Hasta AED 4,956 al mes sin experiencia. Regístrate: ingresosextra.es",spam,ads_i18n
"Olivia here, new phone same number, lost all my contacts though. Who's this? 😅",ham,friend_new_number
"Hi there it's Léa, we haven't spoken in ages, are you still in Dubai? Sorry, is this the right number?",phishing,wrong_number_opener
"Dear applicant, congratulations, Walmart has approved your survey taker application. Salary €226 per week. Contact your manager Liam: wa.me/76349132544",phishing,job_scam
"Hola, soy Beatriz de RRHH de IKEA. Has sido seleccionado para un trabajo remoto, ₹122 al día. Escríbeme por WhatsApp (661) 456-4966.",phishing,job_scam_i18n
"Hiya Mom, I smashed my screen so this is my new number now Can you send me your card details so I can order a replacement phone? thank you!",phishing,new_number_family
Correos: parcel C899083 has been collected from the sender and is on its way.,ham,real_delivery_notice
Congratulations! You've been selected to receive a $500 Carrefour gift card. Claim now: https://rb.gy/w58233,phishing,prize_win
Looking for a new job? Browse 8328 tech openings near you on Indeed. Unsubscribe: reply STOP,spam,real_job_ad
"Hi Sofía, this is João from IKEA recruiting. Your interview is confirmed for Saturday at 3pm. Reply if you need to reschedule.",ham,real_hr_and_appointments
Hey!! what's the code for the front door? I forgot it again,ham,friend_favor
"Promo Bouygues : forfait 50Go à 12,99€/mois pendant 12 mois ! Souscrivez sur bouygues-promo.fr",spam,ads_i18n
"YouTube Premium receipt: $2,029 for your monthly plan. Thank you!",ham,real_subscription_notice
Looking for a new job? Browse 335 tech openings near you on Jooble. Unsubscribe: reply STOP,spam,real_job_ad
"Hallo, hast du gerade einen WhatsApp Code bekommen? Ich habe aus Versehen deine Nummer eingegeben, schick ihn mir bitte.",phishing,code_relay_i18n
"Lena here, new phone same number, lost all my contacts though. Who's this? 😅",ham,friend_new_number
"Tesco Customer: you have won £1,000! Claim your prize at http://claim-madrid.site/id",phishing,prize_win
Heyy Sis it's me Save this number and delete the old one. please,phishing,new_number_family
La Poste: we missed you Tuesday. Reschedule delivery (€0.99) at la18.link/claim,phishing,delivery_fee
"Hey did you just get a 6 digit code? it sent the code to your phone somehow, can you send it to me? 🙏",phishing,code_relay
"Hola, ¿a qué hora llegas hoy? Te espero en casa.",ham,chat_i18n
"Selected candidate: Deloitte needs 29 people to test apps, ₹4,015/day. Start today, Telegram @talent722.",phishing,job_scam
"Ciao, ci vediamo alle 14 davanti al cinema?",ham,chat_i18n
Job alert: survey taker roles from $45/hr. Set up alerts at indeed.com. Opt out anytime.,spam,real_job_ad
Your eBay return for GoPro Hero 13 was received. Refund of ₹797 will appear on your card in 3-5 business days.,ham,real_order_notice
Carrefour: 31% off a winter coat this week. Shop at carrefour.com/track. Text STOP to unsubscribe.,spam,giftcard_promo
On se voit ce soir ? Olivia vient aussi,ham,chat_i18n
"Enter our summer giveaway for a chance to win a $10,000 Home Depot gift card. Enter at the Home Depot app/giveaway. No purchase necessary.",spam,giftcard_promo
"Chase: your card was used abroad in Madrid for $4,598. If you don't recognise this, call the number on your card.",ham,real_bank_notice
DPD: we missed you Saturday. Reschedule delivery ($4.99) at dpd-verify.win,phishing,delivery_fee
Google Alert: your account will be suspended unless you act. Update your details at https://rb.gy/t62355,phishing,account_problem_link
DPD: your parcel is held at customs. Pay £1.99 redelivery fee within 48h: https://bit.ly/z4650/secure,phishing,delivery_fee
Bitcoin is about to explode! Join 78k members getting daily signals. Free guide: btc-profits.club,spam,generic_ads
"Heyy it's Olga, got a new number, save it! Old one stops working Saturday.",ham,friend_new_number
"Hi Mei, Sofía here from the estate agent, confirming your viewing tomorrow at 1pm.",ham,friend_wrong_number
British Airways: flight AR5861 to Chicago now departs from gate D34. Boarding at 1pm.,ham,real_hr_and_appointments
HMRC: Your National Insurance number has been suspended. Call +91 75865 63312 immediately.,phishing,gov_callback
"Uber is hiring! Earn £1,361-$3,393 daily rate products. No experience, same-day pay. Ages 22+. wa.me/64480329783",phishing,job_scam
"Hi, this is Jake from the dentist. Is this still the best number for appointment reminders?",ham,friend_wrong_number
Disney+: suspicious activity detected. Verify your account now: http://go-disney+.link,phishing,account_problem_link
Engie: your meter reading is due. Submit it in the app by Saturday to avoid an estimated bill.,ham,real_telco_util_notice
Unclaimed prize! You were selected for a Bluetooth speaker from Lidl. Reply YES with your address to receive it.,phishing,prize_win
"Hello? it's Noah, we haven't spoken in ages, are you still in Madrid? Not sure if this is still you.",phishing,wrong_number_opener
Yo do you still have the blue jacket I left at yours?,ham,friend_favor
"Hey!! hey it's Chris, my account sent the code to your number, pls send it? asap",phishing,code_relay
"Yo hey it's Olivia, my account sent the code to your number, read it out to me?",phishing,code_relay
"Coucou Mamie, c'est moi, j'ai changé de numéro. Tu peux me faire un virement de R$77 ? Je te rembourse vite.",phishing,new_number_family_i18n
عرض خاص! خصم 25% على جميع الملابس في متجر الياسمين هذا الأسبوع فقط. تسوق الآن yasmin-shop.com,spam,ads_i18n
"Hey!! Papa, it's me. Can you message me on WhatsApp on this number? I'm in a bit of a mess, can you help me out? asap",phishing,new_number_family
"Kal 3pm baje milte hain, station pe aa jana",ham,chat_i18n
Centrelink notice: unpaid tax of $734.15 found on your record. Pay by Monday at https://bit.ly/j28283/secure or face prosecution.,phishing,gov_callback
"Medicare notice: unpaid tax of R$3,801 found on your record. Pay by tomorrow at https://tinyurl.com/b57989 or face prosecution.",phishing,gov_callback
"Hey!! just finished the draft, sending it over now. let me know if anything looks off thank you!",ham,friend_favor
عرض خاص! خصم 43% على جميع الملابس في متجر نون هذا الأسبوع فقط. تسوق الآن noon.com,spam,ads_i18n
"Dad I smashed my screen Can you message me on WhatsApp on this number? Something's come up, are you free to help with a payment? please",phishing,new_number_family
Hot singles near London want to chat! Free signup: datehub.net,spam,generic_ads
"Amazon is hiring weekend staff. Open interviews tonight 7pm-2:15pm, bring ID. Text STOP to end.",spam,real_job_ad
"Airtel: your bill of $2,653 is now available. View or pay at airtel.com. Autopay will process on 17/6.",ham,real_telco_util_notice
Grandma I my phone got stolen Please reply here so I know you got this. 😊,phishing,new_number_family
Google One: we couldn't process your payment. Please update your payment method in the Google One app to keep your plan.,ham,real_subscription_notice
"Hi Wei, this is Pierre from Temu recruiting. Your interview is confirmed for Sunday at noon. Reply if you need to reschedule.",ham,real_hr_and_appointments
Vodafone: suspicious activity detected. Secure your account now: go-vodafone.cc/secure,phishing,account_problem_link
Engie: your meter reading is due. Submit it in the app by this weekend to avoid an estimated bill.,ham,real_telco_util_notice
Bell: you've used 90% of your 10GB monthly data. Your allowance resets on 19 Nov.,ham,real_telco_util_notice
"Hi, what's the code in the message you just got? I'm locked out and it went to you please",phishing,code_relay
"Hermes: sorry we missed you. Your parcel is at the Chicago depot, collect it with photo ID or rebook in the Hermes app.",ham,real_delivery_notice
Chronopost: we missed you Wednesday. Reschedule delivery (€0.99) at https://rb.gy/t58046/confirm,phishing,delivery_fee
"Hello Grandpa, it's Ahmed, this is my work phone number in case you can't reach the other one. Everything's fine!",ham,friend_new_number
"Hello hey it's Max, my account sent the code to your number, read it out to me?",phishing,code_relay
مرحبا، أنا Layla من قسم التوظيف في IKEA. تم اختيارك لوظيفة عن بعد براتب $70 يومياً. تواصل واتساب +971 52 388 2617,phishing,job_scam_i18n
"Bonjour, Emma du service RH de Google. Votre profil a été retenu pour un poste à domicile, $448/jour. Contactez-moi sur WhatsApp (937) 880-7203.",phishing,job_scam_i18n
911 397 is your WhatsApp OTP. Valid for 10 mins. Do not share with anyone. -WhatsApp,ham,real_codes
Your YouTube Premium free trial ends Saturday. You'll be charged ₹46/month unless you cancel in the app.,ham,real_subscription_notice
"Hello Liam, did you get the package I sent? Sorry, is this the right number?",phishing,wrong_number_opener
"Hi, this is Camille from Dr. Léa's office. Is this still the best number for appointment reminders?",ham,friend_wrong_number
Venmo: رمز التحقق الخاص بك هو 672294. لا تشاركه مع أحد.,ham,real_codes
"Hi Sarah, Ana here from the estate agent, confirming your viewing Saturday at 8:30pm.",ham,friend_wrong_number
"Hi Dmitri, this is Noah from Costco recruiting. Your interview is confirmed for Wednesday at 6pm. Reply if you need to reschedule.",ham,real_hr_and_appointments
"Australia Post: sorry we missed you. Your parcel is at the Mumbai depot, collect it with photo ID or rebook in the Australia Post app.",ham,real_delivery_notice
"Hallo Papa, ich bin's, mein Handy ist kaputt. Das ist meine neue Nummer. Kannst du mir schnell £452 überweisen? Ich kann nicht in mein Banking.",phishing,new_number_family_i18n
"Hey Ava, it's Carlos, we met at Natasha's wedding on Thursday. Great to meet you, let's do that coffee!",ham,friend_wrong_number
"Namaste, main Pierre Tesla HR se. Aap part-time online job ke liye select hue hain, $727/day. WhatsApp karein +1 271 831 1746.",phishing,job_scam_i18n
Costco members: double points on everything this Friday. Show the app at checkout. STOP to opt out.,spam,giftcard_promo
Chronopost notice: package #730-9641741-9164944 returns to sender unless address is confirmed: http://confirm-pay.xyz/secure,phishing,delivery_fee
"Heyy I sent a verification code to your number by accident, can you read it to me? It expires in 5 min.",phishing,code_relay
"Hallo Papa, ich bin's, mein Handy ist kaputt. Das ist meine neue Nummer. Kannst du mir schnell £280 überweisen? Ich kann nicht in mein Banking.",phishing,new_number_family_i18n
"Sofía it's Chris, I got your number from Emma. Are you free to chat Thursday?",phishing,wrong_number_opener
"Part-time job offer from Temu: boost listings for $150.78 per task, paid to your bank instantly. WhatsApp me on +34 641 336 849",phishing,job_scam
"Selected candidate: Shein needs 47 people to rate products, ₹27/day. Start today, WhatsApp +1 623 224 4291.",phishing,job_scam
"Hi, is this Noah? It's Camille from the landlord, Pedro gave me your number about tomorrow.",ham,friend_wrong_number
"Hallo Mama, ich bin's, mein Handy ist ins Wasser gefallen. Das ist meine neue Nummer. Ich muss dringend eine Rechnung bezahlen, hilfst du mir?",phishing,new_number_family_i18n
"Now hiring: forklift operators at Shein, $607/hr. Apply at infojobs.net. Reply STOP to opt out.",spam,real_job_ad
"Hey!! I sent a verification code to your number by accident, can you read it to me? Need it to log in. asap",phishing,code_relay
Hello? practice is cancelled today because of the heat. Coach will send the new schedule tomorrow. ok?,ham,friend_favor
Ajio Big Sale! Up to 74% off on mobiles. Shop now flipkart.com. Reply STOP to opt out.,spam,ads_i18n
"Hi there Papa, I lost my phone on the train so this is my new number now Something's come up, are you free to help with a payment? ttyl",phishing,new_number_family
"Hi Dad!! I need to pay a bill that's overdue today but my banking app is locked on the old phone, can you help? 🙏",phishing,new_number_family
Seu código Maybank é 878 582. Não compartilhe com ninguém.,ham,real_codes
"Hi, this is Neha from Deloitte HR. We reviewed your resume and you qualify for a part-time app tester role, £93/day. Telegram @talent545 to start.",phishing,job_scam
"apologies, meant to send that to someone else",ham,friend_wrong_number
"Namaste, main Anna Zara HR se. Aap part-time online job ke liye select hue hain, $120/day. WhatsApp karein +91 72845 26963.",phishing,job_scam_i18n
PostNL: we delivered your parcel to a neighbour at No. 83.,ham,real_delivery_notice
PostNL notice: package #9489-19333 returns to sender unless address is confirmed: https://cutt.ly/a23980,phishing,delivery_fee
"Mom it's your daughter, new number I can't get into my bank, can you pay something for me quickly? 😊",phishing,new_number_family
"Your prescription is ready for pickup at Lloyds Pharmacy, 2378 Main St. Open 3pm-1pm.",ham,real_hr_and_appointments
"Hi Dad!! This is my temporary number until I get the new phone. I need to buy a new phone today but my banking app is locked on the old phone, can you help?",phishing,new_number_family
"Bet €35 get AED 272.01 in free bets at BetKing. 18+, T&Cs apply, new customers only.",spam,generic_ads
"Beatriz it's Rahul, I got your number from Ava. Are you free to chat tonight?",phishing,wrong_number_opener
Emirates: flight DK1201 to Mumbai now departs from gate A18. Boarding at 8am.,ham,real_hr_and_appointments
"Bet R$2,712 get R$82 in free bets at BetKing. 18+, T&Cs apply, new customers only.",spam,generic_ads
Lidl: 18% off Kindle Paperwhite this week. Shop at lidl.com/account. Text STOP to unsubscribe.,spam,giftcard_promo
"Hello Papa, it's Kenji, this is my work phone number in case you can't reach the other one. Everything's fine!",ham,friend_new_number
"Hi, this is Jake from the vet. Is this still the best number for appointment reminders?",ham,friend_wrong_number
Hello can you send me Carlos's address? Need it for the card 🙏,ham,friend_favor
"Dear applicant, congratulations, Walmart has approved your content rater application. Salary £1,834 per week. Contact your manager Max: wa.me/95435186794",phishing,job_scam
Aramex: your parcel is held at customs. Pay $2.99 redelivery fee within 2 days: https://t.co/c82575,phishing,delivery_fee
DHL: parcel #3845-37318 has been collected from the sender and is on its way.,ham,real_delivery_notice
"Is this Dmitri? It's Wei, we met at the wine tasting last month.",phishing,wrong_number_opener
"Hallo, hier ist Camille von Marriott Recruiting. Sie wurden für eine Homeoffice-Stelle ausgewählt, ₹991.18 pro Tag. Melden Sie sich per WhatsApp 1-806-385-5240.",phishing,job_scam_i18n
"Hey a code should have come to your phone, I'm locked out and it went to you. What is it? x",phishing,code_relay
"Mei it's Ivan, I got your number from Natasha. Are you free to chat Sunday?",phishing,wrong_number_opener
"Bet $307.03 get $318.93 in free bets at LuckySpin. 18+, T&Cs apply, new customers only.",spam,generic_ads
Home Depot: get a ₹21.16 gift card when you spend £754.46 Thursday only. In store and online. Terms apply. Reply STOP to opt out.,spam,giftcard_promo
سأتأخر قليلاً عن الاجتماع، ابدؤوا بدوني وسألحق بكم,ham,chat_i18n
"Badhai ho! Aapko $5,000 ka Lidl gift card mila hai. Abhi claim karein: https://bit.ly/u77733/login",phishing,prize_win_i18n
"Thank you for your MediaMarkt purchase of a winter coat, total ₹876. Card ending 2016 charged. Not you? Call our fraud line +91 79885 52761.",phishing,fake_order_callback
"Oi Vó, sou eu, perdi o telefone, esse é meu número novo. Salva aí e me chama no WhatsApp.",phishing,new_number_family_i18n
"بابا هذا رقمي الجديد، جوالي انكسر. ممكن تحولين لي €1,153 اليوم وأرجعها لك بكرة؟",phishing,new_number_family_i18n
"WINNER: Your number won £10,000 in the Lucky Draw. Send your name, address and bank details to claim. Ref #13463444",phishing,prize_win
Chronopost: your parcel is on hold. Pay €3.20 redelivery fee within 2 days: https://rb.gy/b49559/secure,phishing,delivery_fee
"Al Rajhi Security: enter your 2FA code at http://auth94.icu to confirm the pending login of $2,046.",phishing,account_problem_link
"Je suis en retard de 25 min, commande-moi un café stp",ham,chat_i18n
"Hallo Mama, ich bin's, mein Handy ist kaputt. Das ist meine neue Nummer. Kannst du mir schnell £1,726 überweisen? Ich kann nicht in mein Banking.",phishing,new_number_family_i18n
"Hi Grandma!! Text me back on here. I'm in a bit of a mess, can you help me out? thank you!",phishing,new_number_family
"Thanks for your Fnac order! Bluetooth speaker, ₹2,265. Est. delivery Sunday. Manage your order in fnac.com/track.",ham,real_order_notice
iCloud: Your monthly plan was charged $755 to card ending 3123. Not you? Dispute here: https://rb.gy/p95505,phishing,fake_subscription_charge
"Evri: sorry we missed you. Your parcel is at the Manila depot, collect it with photo ID or rebook in the Evri app.",ham,real_delivery_notice
FedEx: your parcel #908-1782637-4839315 will be delivered Saturday between 8:30pm and 1pm. No action needed.,ham,real_delivery_notice
Your Netflix subscription renewed for $682. To cancel and get a refund call +34 663 464 282 within 24h.,phishing,fake_subscription_charge
"Félicitations ! Vous avez gagné €250,000 au tirage anniversaire. Confirmez vos coordonnées : https://shorturl.at/v68630/secure",phishing,prize_win_i18n
"Hello a code should have come to your phone, it sent the code to your phone somehow. What is it? ttyl",phishing,code_relay
Ganhe até ₹855.65 por dia com apostas online! Cadastre-se grátis: apostaganha.bet,spam,ads_i18n
¡Gana dinero desde casa! Hasta $11 al mes sin experiencia. Regístrate: ingresosextra.es,spam,ads_i18n
Your Engie bill of ₹355.36 is due on today. Pay in the Engie app or at the Engie app. Thank you.,ham,real_telco_util_notice
Heyy can you transfer me the R$68 for the tickets when you get a sec? sorted it with Fatima already ttyl,ham,friend_favor
"Payday loans from 7.9% APR, decision in minutes. Apply: creditfast.net",spam,generic_ads
Evri notice: package #120-1131926-3923615 returns to sender unless address is confirmed: evri-update.site/pay,phishing,delivery_fee
357-783 is your Wells Fargo verification code. It expires in 10 minutes.,ham,real_codes
On se voit samedi ? Olivia vient aussi,ham,chat_i18n
"Hola Abuelo, se me rompió el móvil y este es mi nuevo número. Guárdalo y escríbeme por WhatsApp.",phishing,new_number_family_i18n
Seu código Bradesco é 833 905. Não compartilhe com ninguém.,ham,real_codes
"Hey Dmitri, it's Lena, we met at Chris's birthday on tomorrow. Great to meet you, let's do that coffee!",ham,friend_wrong_number
Reminder: your appointment with Dr. Emma is tomorrow at 8am. Reply C to confirm or R to reschedule.,ham,real_hr_and_appointments
Flipkart: a AirPods Pro was ordered from a new device in Miami. Charged R$410. Cancel: 06 78 35 63 26,phishing,fake_order_callback
"Enter our back to school giveaway for a chance to win a €5,000 Apple gift card. Enter at apple.com/account/giveaway. No purchase necessary.",spam,giftcard_promo
"Parabéns! Você foi selecionado para um vale de $2,000 da Home Depot. Resgate agora: https://cutt.ly/s74682",phishing,prize_win_i18n
Looking for a new job? Browse 6485 hospitality openings near you on Jooble. Unsubscribe: reply STOP,spam,real_job_ad
¡Gana dinero desde casa! Hasta $832.99 al mes sin experiencia. Regístrate: ganaya.es,spam,ads_i18n
Bpost: your parcel #430-2104682-3816909 will be delivered tomorrow between 4:45pm and 9:30am. No action needed.,ham,real_delivery_notice
"Itaú will never ask for your PIN, password or full card number by text or phone. If in doubt, call the number on the back of your card.",ham,real_bank_notice
Santander: a billing error detected. Confirm your account immediately: https://shorturl.at/s78013,phishing,account_problem_link
Your loyalty points of $975 expire Thursday! Redeem now: app-points.link,phishing,prize_win
Your health card card must be replaced with a new secure card. Confirm your number here to keep coverage: app-card.vip/id,phishing,gov_callback
"Hi, this is Layla from the dentist. Is this still the best number for appointment reminders?",ham,friend_wrong_number
"Your Flipkart return for Ring doorbell was received. Refund of R$4,586 will appear on your card in 3-5 business days.",ham,real_order_notice
"Aldi Loyalty: you have won $1,000! Verify your address at claim-claim.cc/login",phishing,prize_win
"You are our 100,000th winner! A Dyson V15 is waiting for you. Pay only shipping £2.99: http://win-lagos.xyz",phishing,prize_win
Seu código Itaú é 539 131. Não compartilhe com ninguém.,ham,real_codes
"Now hiring: care assistants at Netflix, $448.51/hr. Apply at glassdoor.com. Reply STOP to opt out.",spam,real_job_ad
"Coucou Mamie, c'est moi, j'ai perdu mon portable. Écris-moi sur WhatsApp à ce numéro.",phishing,new_number_family_i18n
"Hello? I sent a verification code to your number by accident, can you read it to me? It expires in 5 min. thanks",phishing,code_relay
Hey can you send me the code you just received? my phone is acting up. thanks,phishing,code_relay
"Oi Mãe, sou eu, quebrei o celular, esse é meu número novo. Preciso pagar um boleto urgente e não consigo entrar no banco.",phishing,new_number_family_i18n
"Bin in 22 Minuten da, die Bahn hatte Verspätung",ham,chat_i18n
Yo can you send me the code you just received? I used your number for my account. ttyl,phishing,code_relay
Ganhe até AED 470 por dia com apostas online! Cadastre-se grátis: jogafacil.bet,spam,ads_i18n
"Now hiring: cleaners at Deloitte, ₹386.44/hr. Apply at reed.co.uk. Reply STOP to opt out.",spam,real_job_ad
"Your EDF bill of $3,563 is due on Friday. Pay in the EDF app or at the EDF app. Thank you.",ham,real_telco_util_notice
Finanzamt: Your tax file has been flagged. Call (442) 956-8291 to avoid legal action.,phishing,gov_callback
Ryanair: flight UH2131 to Toronto now departs from gate B10. Boarding at 2:15pm.,ham,real_hr_and_appointments
"hey it's Ben from the team, finally got a UK number, save me x",ham,friend_new_number
Your Adobe subscription renewed for ₹667. To cancel and get a refund call 06 60 19 36 54 within 24h.,phishing,fake_subscription_charge
Target: get a $320.53 gift card when you spend R$857 this weekend only. In store and online. Terms apply. Reply STOP to opt out.,spam,giftcard_promo
"Thanks for coming to the interview today. We'll be in touch by tomorrow with next steps. - Léa, HR",ham,real_hr_and_appointments
Hey!! are we still on for drinks tomorrow? I can pick you up at 8:30pm 😊,ham,friend_favor
Target: a desk lamp is out for delivery today. Someone should be available to sign.,ham,real_order_notice
"Receipt: Dyson V15 $2,662 via Jumia. Ref #33896499. Questions or cancellation: +1 588 435 5449 (24/7).",phishing,fake_order_callback
HBO Max: Your premium plan was charged AED 24 to card ending 1009. Not you? Dispute here: http://hbo-secure.link,phishing,fake_subscription_charge
"Hi, this is Ana from the vet. Is this still the best number for appointment reminders?",ham,friend_wrong_number
"Starbucks Customer: you have won $2,000! Confirm your details at get-prize.click/refund",phishing,prize_win
¡Gana dinero desde casa! Hasta ₹983 al mes sin experiencia. Regístrate: trabajofacil.es,spam,ads_i18n
Truist: your statement is ready. View it in the Truist app or online banking.,ham,real_bank_notice
Your loyalty points of $596 expire tomorrow! Redeem now: https://tinyurl.com/u37875/confirm,phishing,prize_win
Aramex: your driver Louis is 6 stops away.,ham,real_delivery_notice
"Hi, this is Lena from IKEA HR. You have been selected for a work-from-home product reviewer role, R$10/week. message (255) 605-4590 on WhatsApp to start.",phishing,job_scam
eBay: a Dyson V15 was ordered from a new device in Manila. Charged R$31. Cancel: +44 7926 178347,phishing,fake_order_callback
عرض خاص! خصم 52% على جميع العطور في متجر نون هذا الأسبوع فقط. تسوق الآن noon.com,spam,ads_i18n
Best Buy: a running shoes was ordered from a new device in Kyiv. Charged £60. Cancel: +971 51 546 3931,phishing,fake_order_callback
आज शाम को घर आ रहे हो? मम्मी ने खाना बनाया है,ham,chat_i18n
Your Engie bill of $636 is due on tonight. Pay in the Engie app or at the Engie app or engie.com. Thank you.,ham,real_telco_util_notice
"Rahul it's Max, I got your number from Noah. Are you free to chat Sunday?",phishing,wrong_number_opener
"Extended car warranty: your coverage may be expiring. Protect your vehicle from repair bills, call 07 13 53 63 17 for a quote.",spam,generic_ads
Capital One: your new card ending 2935 has been sent and should arrive in 5-7 days. Activate it in the app when it arrives.,ham,real_bank_notice
"Ciao, ci vediamo alle 17 davanti al cinema?",ham,chat_i18n
"Sell your house fast for cash, any condition, close in 8 days. Call (972) 328-9549",spam,generic_ads
Santander: 957-918 is your one-time passcode. Do not share it. We will never call to ask for it.,ham,real_codes
"Hi Dr. Layla, this is Jake. Can we move my appointment to today? Sorry if wrong number!",phishing,wrong_number_opener
Bpost: your parcel is held at customs. Pay €3.20 handling fee within 24h: http://bpost48.icu,phishing,delivery_fee
"Jetzt $2,661 Bonus sichern! Online Casino mit über 1423 Spielen. casinoclub.de",spam,ads_i18n
Your benefits card card must be replaced with a new digital card. Confirm your number here to keep coverage: http://go-medicare.vip/pay,phishing,gov_callback
"Hallo, hier ist Camille von Temu Recruiting. Sie wurden für eine Homeoffice-Stelle ausgewählt, ₹38.11 pro Tag. Melden Sie sich per WhatsApp +971 51 668 8610.",phishing,job_scam_i18n
Jetzt £270.86 Bonus sichern! Online Casino mit über 815 Spielen. casinoclub.de,spam,ads_i18n
"Hello? Uncle, I lost my phone on the train so this is my new number now Save this number and delete the old one. Can you lend me $323.84 today? I'll pay you back Thursday.",phishing,new_number_family
You've been chosen for a $203.86 refund from Amazon. Enter your card to receive it: refund79.link/claim,phishing,prize_win
"Hi just finished the invoice, sending it over now. let me know if anything looks off ttyl",ham,friend_favor
"Sell your house fast for cash, any condition, close in 11 days. Call +34 614 168 936",spam,generic_ads
Your Spotify subscription renewed for $36. To cancel and get a refund call +971 55 753 5194 within 24h.,phishing,fake_subscription_charge
"Hi quick one, forward me the text with the code that just came through, I typed your number instead of mine pls",phishing,code_relay
Hi there what's the code in the message you just got? my phone is acting up x,phishing,code_relay
"Heyy quick one, forward me the text with the code that just came through, I typed your number instead of mine thanks",phishing,code_relay
Finanzamt: you are owed a tax refund of £666. Submit your bank details at http://e-tax.club/verify to receive it.,phishing,gov_callback
"¡Felicidades! Has sido seleccionado para recibir una tarjeta regalo de €850,000 de Target. Reclama aquí: http://get-premio.click",phishing,prize_win_i18n
Truist: £276 was deposited into your account ending 7218. Available balance AED 85.,ham,real_bank_notice
"Part-time job offer from Zara: review hotels for ₹903.62 per task, paid to your bank instantly. WhatsApp me on +91 89344 81345",phishing,job_scam
¡Gana dinero desde casa! Hasta $197 al mes sin experiencia. Regístrate: ganaya.es,spam,ads_i18n
eBay: Ring doorbell is out for delivery today. Someone should be available to sign.,ham,real_order_notice
"Grandpa it's me, Save this number and delete the old one. I can't get into my bank, can you pay something for me quickly?",phishing,new_number_family
You've been chosen for a R$29 rebate from Shell. Enter your card to receive it: http://refund-pay.buzz/confirm,phishing,prize_win
Monzo Security: enter your 2FA code at http://monzo-dubai.click/pay to confirm the pending login of AED 769.,phishing,account_problem_link
"Canva receipt: R$747.00 charged Friday. If you did not authorize this, cancel at https://bit.ly/e43496",phishing,fake_subscription_charge
"Hiya Lucía, are you still coming to the wedding on Monday?",phishing,wrong_number_opener
Your Itaú code is 878869. Never share this code with anyone.,ham,real_codes
"Oi Vô, sou eu, roubaram meu celular, esse é meu número novo. Salva aí e me chama no WhatsApp.",phishing,new_number_family_i18n
"Netflix receipt: $61 charged Saturday. If you did not authorize this, cancel at https://shorturl.at/y1190/claim",phishing,fake_subscription_charge
"Spotify receipt: £4,971 for your student plan. Thank you!",ham,real_subscription_notice
Final notice from the Tax Office: a warrant will be issued unless you settle ₹36 today. Call +91 94872 11470 ref F244652.,phishing,gov_callback
"Maybank: a payment of $3,386 is pending. Not you? Cancel it here: https://is.gd/w5200",phishing,account_problem_link
"Hallo Opa, ich bin's, mein Handy ist kaputt. Das ist meine neue Nummer. Ich muss dringend eine Rechnung bezahlen, hilfst du mir?",phishing,new_number_family_i18n
¡Gana dinero desde casa! Hasta €922.78 al mes sin experiencia. Regístrate: ganaya.es,spam,ads_i18n
"Bin in 18 Minuten da, die Bahn hatte Verspätung",ham,chat_i18n
"Hiya Mom, I dropped my phone in the sink so this is my new number now Can you send me $1,813 today? I'll pay you back Saturday. ttyl",phishing,new_number_family
Venmo: your ID verification has expired. Keep access: go-venmo.link,phishing,account_problem_link
"Nubank: your card was used abroad in Chicago for R$575.52. If you don't recognise this, call the number on your card.",ham,real_bank_notice
Xbox Game Pass: your payment of ₹773 was processed. Next billing date Monday. Manage your plan in Account settings.,ham,real_subscription_notice
"Tesco Rewards: you have won €1,500! Confirm your details at reward-paris.online",phishing,prize_win
Argos: your package with printer ink was delivered. It was left in the mailroom.,ham,real_order_notice
"BCA: your card was used abroad in Lisbon for R$57. If you don't recognise this, call the number on your card.",ham,real_bank_notice
"Glückwunsch! Sie wurden für einen €5,000 Apple Gutschein ausgewählt. Jetzt einlösen: http://e-gutschein.cc",phishing,prize_win_i18n
"URSSAF: you are owed a stimulus payment of £2,024. Submit your bank details at http://refund-pay.club to receive it.",phishing,gov_callback
Amazon Logistics: your driver Mike is 8 stops away.,ham,real_delivery_notice
"Final notice from Social Security Administration: a warrant will be issued unless you settle £1,309 today. Call 1-885-709-4256 ref #2696-16272.",phishing,gov_callback
"Olá, sou Olivia do RH da Deloitte. Você foi selecionado para uma vaga home office, €212 por dia. Me chama no WhatsApp +1 979 772 6152.",phishing,job_scam_i18n
Tu código de verificación de Scotiabank es 387332. No lo compartas.,ham,real_codes
"Your prescription is ready for pickup at CVS, 1054 Main St. Open 2:15pm-8am.",ham,real_hr_and_appointments
"Hey, is this still Rahul's number? Haven't heard from you since Miami.",phishing,wrong_number_opener
"Heyy Grandpa, I phone got run over so this is my new number now Text me back on here. Something's come up, are you free to help with a payment? pls",phishing,new_number_family
YouTube Premium: payment of AED 10 was declined. Update your billing within 24h or lose access: youtube43.buzz/confirm,phishing,fake_subscription_charge
Looking for a new job? Browse 4135 tech openings near you on Jooble. Unsubscribe: reply STOP,spam,real_job_ad
"Félicitations ! Vous avez gagné $50,000 au tirage mobile. Confirmez vos coordonnées : gagnant82.icu",phishing,prize_win_i18n
Congratulations! You've been chosen to receive a £500 Starbucks gift card. Claim here: http://winner94.win/verify,phishing,prize_win
Monzo: your direct debit of R$902 to O2 is due Saturday.,ham,real_bank_notice
"Grandma it's me, Please reply here so I know you got this. Something's come up, are you free to help with a payment? ❤️",phishing,new_number_family
"Hi it's Liam, got a new number, save it! Old one stops working this weekend.",ham,friend_new_number
¡Gana dinero desde casa! Hasta €350 al mes sin experiencia. Regístrate: ingresosextra.es,spam,ads_i18n
Best Buy Order Confirmation: Apple Watch - AED 438.13. Delivery Monday. To cancel or report unauthorized use call +34 613 599 812.,phishing,fake_order_callback
"Hiya Nan, it's Olivia, this is my work phone number in case you can't reach the other one. Everything's fine!",ham,friend_new_number
Buy £99.53 of toys at Carrefour and get a R$287.72 bonus card. Ends Monday.,spam,giftcard_promo
Final notice from IRS: a warrant will be issued unless you settle R$221.50 today. Call +91 97226 22482 ref #5488-48351.,phishing,gov_callback
"Hello?, long time no talk! How have you been? Sorry if wrong number!",phishing,wrong_number_opener
BBVA: your direct debit of €144.69 to Vivo is due Friday.,ham,real_bank_notice
Your Canva free trial ends Sunday. You'll be charged $216/month unless you cancel in the app.,ham,real_subscription_notice
Amazon: your package with running shoes was delivered. It was left with the concierge.,ham,real_order_notice
"Your Bolt driver Carlos is arriving in a silver Skoda, plate H76N310.",ham,real_hr_and_appointments
Hello? what's the code in the message you just got? I put your number in by mistake ok?,phishing,code_relay
"Commonwealth Bank Security: enter your 2FA code at https://bit.ly/f68533 to confirm the pending login of $4,905.",phishing,account_problem_link
Microsoft Security: enter your 2FA code at auth-manchester.club/login to confirm the pending login of ₹586.,phishing,account_problem_link
"Heyy Nan it's me Save this number and delete the old one. Something's come up, are you free to help with a payment?",phishing,new_number_family
"Auntie it's me, This is my temporary number until I get the new phone. I need to cover a payment that bounced but my banking app is locked on the old phone, can you help? xx",phishing,new_number_family
"Hi, long time no talk! How have you been? Apologies if I have the wrong number.",phishing,wrong_number_opener
"Thanks for your Home Depot order! Apple Watch, AED 900. Est. delivery Thursday. Manage your order in homedepot.com/track.",ham,real_order_notice
Flights to London from $397! Book by Sunday at cheapflights.com,spam,generic_ads
iCloud: payment of $761.96 could not be processed. Update your billing within 24h or lose access: https://t.co/x98903/secure,phishing,fake_subscription_charge
Spotify: your payment of $26 was processed. Next billing date Tuesday. Manage your plan in Account settings.,ham,real_subscription_notice
Canva: Your family plan was charged AED 495.64 to card ending 6901. Not you? Dispute here: canva-secure.vip/id,phishing,fake_subscription_charge
"Hello? Tom, are you still coming to the party on Thursday?",phishing,wrong_number_opener
"Oi Pai, sou eu, quebrei o celular, esse é meu número novo. Salva aí e me chama no WhatsApp.",phishing,new_number_family_i18n
Bitcoin is about to explode! Join 14k members getting daily signals. Free guide: btc-profits.net,spam,generic_ads
PostNL: your parcel could not be delivered. Pay £4.99 handling fee within 2 days: https://cutt.ly/s41348/login,phishing,delivery_fee
Hey!! can you send me Lucy's address? Need it for the taxi thank you!,ham,friend_favor
Looking for a new job? Browse 3014 hospitality openings near you on Totaljobs. Unsubscribe: reply STOP,spam,real_job_ad
Apple Order Confirmation: Bluetooth speaker - R$98. Delivery Thursday. To cancel or report unauthorized use call +34 668 625 516.,phishing,fake_order_callback
"ICICI: €3,588 was deposited into your account ending 6138. Available balance ₹4,213.",ham,real_bank_notice
Learn Python in 9 weeks and land a €500 job. Enroll today at learnfast.com/apply,spam,generic_ads
"Royal Mail: sorry we missed you. Your parcel is at the Kyiv depot, collect it with photo ID or rebook in the Royal Mail app.",ham,real_delivery_notice
"Thank you for your Noon purchase of a desk lamp, total ₹149.94. Card ending 5773 charged. Not you? Call our fraud line +91 87368 98500.",phishing,fake_order_callback
"Bro I washed my phone with the laundry Text me back on here. I need a favour, it's a bit urgent. xx",phishing,new_number_family
On se voit demain ? Carlos vient aussi,ham,chat_i18n
"Solar panels with $0 down, cut your bill by 59%. Free quote: sunpower-deals.com",spam,generic_ads
Amazon Logistics: your parcel is on hold. Pay $2.99 customs fee within 2 days: amazon-dallas.xyz/verify,phishing,delivery_fee
Final notice from HMRC: a warrant will be issued unless you settle AED 774 today. Call +971 52 262 7412 ref C606001.,phishing,gov_callback
Bell: thanks for your payment of ₹812. Your next bill is due Monday.,ham,real_telco_util_notice
Hiya do you still have the book I left at yours? x,ham,friend_favor
Weather alert: flash flood warning for Jakarta until 6pm. Avoid low-lying roads.,ham,real_hr_and_appointments
"Coucou Maman, c'est moi, j'ai changé de numéro. Tu peux me faire un virement de $470.52 ? Je te rembourse vite.",phishing,new_number_family_i18n
Looking for a new job? Browse 8837 driving openings near you on Totaljobs. Unsubscribe: reply STOP,spam,real_job_ad
"Final notice from ATO: a warrant will be issued unless you settle $3,640 today. Call +44 7867 144873 ref D204031.",phishing,gov_callback
"Hallo Oma, ich bin's, mein Handy ist kaputt. Das ist meine neue Nummer. Kannst du mir schnell $228.45 überweisen? Ich kann nicht in mein Banking.",phishing,new_number_family_i18n
"Hi, I think we spoke about the shipment last week? This is Fatima.",phishing,wrong_number_opener
"Hey, is this still Anna's number? Haven't heard from you since Mumbai.",phishing,wrong_number_opener
"Sis it's your youngest, new number Can you transfer me AED 3,980 today? I'll pay you back this weekend. thank you!",phishing,new_number_family
"Hi, this is Priya from Walmart People Ops. Your profile was shortlisted for a part-time product reviewer role, $293/hour. text +44 7825 658292 to start.",phishing,job_scam
"La Poste: sorry we missed you. Your parcel is at the Madrid depot, collect it with photo ID or rebook in the La Poste app.",ham,real_delivery_notice
"Hulu: a new device signed in to your account from Manchester. If this wasn't you, change your password in the Hulu app.",ham,real_subscription_notice
"Hi, hey it's Rahul, my account sent the code to your number, pls send it?",phishing,code_relay
"Flipkart: Your order A973945 for Apple Watch ($616.48) has been placed. If you did not authorize this order, call +44 7959 953739 immediately.",phishing,fake_order_callback
"¡Felicidades! Has sido seleccionado para recibir una tarjeta regalo de €2,000 de Amazon. Reclama aquí: https://is.gd/y49861/secure",phishing,prize_win_i18n
عرض خاص! خصم 41% على جميع الملابس في متجر نون هذا الأسبوع فقط. تسوق الآن yasmin-shop.com,spam,ads_i18n
"DPD: sorry we missed you. Your parcel is at the Mumbai depot, collect it with photo ID or rebook in the DPD app.",ham,real_delivery_notice
Apple Music: Your annual plan was charged $996 to card ending 9591. Not you? Dispute here: https://cutt.ly/g21806,phishing,fake_subscription_charge
"Department of Motor Vehicles: you are owed a tax refund of AED 1,388. Submit your bank details at https://shorturl.at/v36886 to receive it.",phishing,gov_callback
"Your Airbnb host Max sent you a message: check-in is after 3pm, the lockbox code is in the app.",ham,real_hr_and_appointments
"Hola, soy Wei de RRHH de Shein. Has sido seleccionado para un trabajo remoto, $2,367 al día. Escríbeme por WhatsApp +34 683 846 175.",phishing,job_scam_i18n
Final notice from DVLA: a warrant will be issued unless you settle R$838.97 today. Call 1-855-238-1068 ref #79332363.,phishing,gov_callback
"Hola, ¿a qué hora llegas mañana? Te espero en el bar de siempre.",ham,chat_i18n
Chronopost: your driver Léa is 2 stops away.,ham,real_delivery_notice
Reminder: your appointment with Dr. Jonas is Saturday at 10am. Reply C to confirm or R to reschedule.,ham,real_hr_and_appointments
"Evri: sorry we missed you. Your parcel is at the Nairobi depot, collect it with photo ID or rebook in the Evri app.",ham,real_delivery_notice
