text,label
Il tuo codice di verifica Uber è 0540. Non condividerlo con nessuno.,ham
Ваш код подтверждения Сбербанк: 3105. Никому не сообщайте его.,ham
"JNE: Paket Anda 186039806122 telah dikirim, tiba besok.",ham
"ゆうちょ銀行: Your card was used for ¥4,990 at WALMART #2891. Reply YES if this was you, NO if not.",ham
Your electricity bill of 14 500 ₽ is due Jun 21. Pay in the app or at your provider's website to avoid late fees.,ham
Your electricity bill of Rp 1.482.000 is due Jun 21. Pay in the app or at your provider's website to avoid late fees.,ham
"BNP Paribas: Votre carte a été utilisée pour 499,99 €. Répondez OUI si c'est vous, NON sinon.",ham
UPS: Out for delivery today. Your driver is Marcus in a grey van.,ham
PostNL: Je pakket 6383536043 is vandaag bezorgd.,ham
SEUR: Su paquete 899812294432 fue entregado hoy a las 14:14.,ham
СДЭК: Ваша посылка 5532459133 доставлена сегодня.,ham
PTT Kargo: Kargonuz 6468628555 bugün teslim edildi.,ham
BRT: Il tuo pacco 040527651621 è stato consegnato oggi.,ham
三井住友銀行の確認コードは868319です。誰にも教えないでください。,ham
СДЭК: Ваша посылка 597834938352 доставлена сегодня.,ham
"Your electricity bill of ¥1,980 is due Jun 21. Pay in the app or at your provider's website to avoid late fees.",ham
G-4335 is your Google verification code.,ham
Il tuo codice di verifica WhatsApp è 8793. Non condividerlo con nessuno.,ham
Your electricity bill of £278.44 is due Jun 21. Pay in the app or at your provider's website to avoid late fees.,ham
"三菱UFJ銀行: A new device signed in to your account. If this was you, no action needed.",ham
رمز التحقق الخاص بـ Amazon هو 2647. لا تشاركه مع أي شخص.,ham
"Your electricity bill of € 12,90 is due Jun 21. Pay in the app or at your provider's website to avoid late fees.",ham
Il tuo codice di verifica Google è 243077. Non condividerlo con nessuno.,ham
【日本郵便】お荷物4915194763を本日お届けしました。,ham
"Wells Fargo: Your card was used for £1.10 at WALMART #2891. Reply YES if this was you, NO if not.",ham
Tu código de verificación de Netflix es 3057. No lo compartas con nadie.,ham
"Su factura de luz de 1,99 € vence el 21 de junio. Pague en la app para evitar recargos.",ham
Votre code de vérification Uber est 698060. Ne le partagez avec personne.,ham
"Paytm: Aapke card se ₹1,482 ka transaction hua. Reply YES agar aapne kiya, NO agar nahi.",ham
"Deutsche Bank: Ihre Karte wurde für 499,99 € verwendet. Antworten Sie JA wenn das Sie waren, sonst NEIN.",ham
"Sua conta de luz de R$ 49,90 vence em 21/06. Pague no aplicativo.",ham
Kode verifikasi Microsoft Anda adalah 143143. Jangan berikan kepada siapa pun.,ham
Your electricity bill of 499 TL is due Jun 21. Pay in the app or at your provider's website to avoid late fees.,ham
Poste Italiane: Il tuo pacco 5131961309 è stato consegnato oggi.,ham
קוד האימות שלך ל-Microsoft הוא 030873. אל תשתף אותו עם אף אחד.,ham
Reminder: Your dental appointment with Dr. Patel is tomorrow at 9:30 AM. Reply C to confirm or R to reschedule.,ham
"Garanti BBVA: Your card was used for 1.482 TL at WALMART #2891. Reply YES if this was you, NO if not.",ham
"Ihre Stromrechnung über 184,50 € ist am 21. Juni fällig. Zahlen Sie in der App.",ham
"Ciao, ci vediamo domani alle 15 per un caffè? Portami quel libro se puoi",ham
Your electricity bill of ¥9.90 is due Jun 21. Pay in the app or at your provider's website to avoid late fees.,ham
رمز التحقق الخاص بـ WhatsApp هو 4591. لا تشاركه مع أي شخص.,ham
"Hoi, zien we elkaar morgen om 15 uur voor koffie? Neem dat boek mee",ham
"BBVA: Se usó su tarjeta por 1,99 € en un comercio. Responda SÍ si fue usted, NO si no.",ham
Je Uber verificatiecode is 459131. Deel deze met niemand.,ham
【佐川急便】お荷物161726567090を本日お届けしました。,ham
Aapka Uber verification code hai 8568. Kisi ke saath share na karein.,ham
Poste Italiane: Il tuo pacco 873933443819 è stato consegnato oggi.,ham
【中国邮政】您的包裹369085753990已于今日送达。,ham
Je ING verificatiecode is 6457. Deel deze met niemand.,ham
Correos: Su paquete 2607992631 fue entregado hoy a las 14:14.,ham
"みずほ銀行: Your card was used for ¥14,800 at WALMART #2891. Reply YES if this was you, NO if not.",ham
Amazon doğrulama kodunuz 716540. Kimseyle paylaşmayın.,ham
"Nubank: Seu cartão foi usado em R$ 1.482,00. Responda SIM se foi você, NÃO caso contrário.",ham
Votre code de vérification Google est 0693. Ne le partagez avec personne.,ham
DPD: Ihr Paket 992175196526 wurde heute zugestellt.,ham
"Deutsche Bank: Ihre Karte wurde für 184,50 € verwendet. Antworten Sie JA wenn das Sie waren, sonst NEIN.",ham
"LCL: Votre carte a été utilisée pour 1,99 €. Répondez OUI si c'est vous, NON sinon.",ham
您的WhatsApp验证码是579260，请勿告诉他人。,ham
DPD: Ваша посылка 306455642024 доставлена сегодня.,ham
Votre code de vérification Microsoft est 684258. Ne le partagez avec personne.,ham
"بنك الرياض: Your card was used for 500 ريال at WALMART #2891. Reply YES if this was you, NO if not.",ham
"ICICI: Aapke card se ₹99 ka transaction hua. Reply YES agar aapne kiya, NO agar nahi.",ham
Aapka Google verification code hai 0996. Kisi ke saath share na karein.,ham
"建设银行: Your card was used for ¥49.90 at WALMART #2891. Reply YES if this was you, NO if not.",ham
"J&T: Paket Anda 2973060478 telah dikirim, tiba besok.",ham
Kode verifikasi Microsoft Anda adalah 4764. Jangan berikan kepada siapa pun.,ham
Your electricity bill of $1.99 is due Jun 21. Pay in the app or at your provider's website to avoid late fees.,ham
Kode verifikasi Amazon Anda adalah 4027. Jangan berikan kepada siapa pun.,ham
"Pos Indonesia: Paket Anda 492842014707 telah dikirim, tiba besok.",ham
DHL: Je pakket 3217459427 is vandaag bezorgd.,ham
"Bank of America: A new device signed in to your account. If this was you, no action needed.",ham
您的Google验证码是070485，请勿告诉他人。,ham
"בנק לאומי: A new device signed in to your account. If this was you, no action needed.",ham
"みずほ銀行: Your card was used for ¥4,990 at WALMART #2891. Reply YES if this was you, NO if not.",ham
"Su factura de luz de 8,450 MXN vence el 21 de junio. Pague en la app para evitar recargos.",ham
"Halo, besok jadi ketemu jam 3 buat kopi? Bawain bukunya ya",ham
Ваш код подтверждения Uber: 405542. Никому не сообщайте его.,ham
Amazonの確認コードは5297です。誰にも教えないでください。,ham
DHL: Sua encomenda 4754481053 foi entregue hoje às 14h.,ham
"بنك الرياض: A new device signed in to your account. If this was you, no action needed.",ham
"SiCepat: Paket Anda 3263496603 telah dikirim, tiba besok.",ham
Amazonの確認コードは1729です。誰にも教えないでください。,ham
Ваш код подтверждения Microsoft: 4417. Никому не сообщайте его.,ham
GLS: Il tuo pacco 8266141236 è stato consegnato oggi.,ham
Your electricity bill of £1.10 is due Jun 21. Pay in the app or at your provider's website to avoid late fees.,ham
Your electricity bill of 1.99 دولار is due Jun 21. Pay in the app or at your provider's website to avoid late fees.,ham
"Crédit Agricole: Votre carte a été utilisée pour 499,99 €. Répondez OUI si c'est vous, NON sinon.",ham
Can you send me the $40 for the concert tickets when you get a chance?,ham
"Sparkasse: Ihre Karte wurde für 1,99 € verwendet. Antworten Sie JA wenn das Sie waren, sonst NEIN.",ham
"Hey, are we still meeting for coffee at 3pm tomorrow?",ham
Royal Mail: Your package 492126935181 was delivered to your mailbox at 2:14 PM.,ham
"בנק לאומי: Your card was used for 9.90 ₪ at WALMART #2891. Reply YES if this was you, NO if not.",ham
Votre code de vérification Microsoft est 473422. Ne le partagez avec personne.,ham
PostNL: Je pakket 702608103290 is vandaag bezorgd.,ham
Amazon Logistics: Your order has shipped and arrives Thursday by 8 PM. Track at amazonlogistics.com,ham
"Your electricity bill of ¥14,800 is due Jun 21. Pay in the app or at your provider's website to avoid late fees.",ham
Your electricity bill of ₹499 is due Jun 21. Pay in the app or at your provider's website to avoid late fees.,ham
Correios: Sua encomenda 5062108445 foi entregue hoje às 14h.,ham
"Volksbank: Ihre Karte wurde für 1,99 € verwendet. Antworten Sie JA wenn das Sie waren, sonst NEIN.",ham
【圆通速递】您的包裹6647337604已于今日送达。,ham
您的Netflix验证码是1333，请勿告诉他人。,ham
Ihr Netflix Bestätigungscode ist 413158. Geben Sie ihn niemandem weiter.,ham
"Тинькофф: Your card was used for 14 500 ₽ at WALMART #2891. Reply YES if this was you, NO if not.",ham
קוד האימות שלך ל-Amazon הוא 1544. אל תשתף אותו עם אף אחד.,ham
"La Banque Postale: Votre carte a été utilisée pour 184,50 €. Répondez OUI si c'est vous, NON sinon.",ham
Votre code de vérification Uber est 3072. Ne le partagez avec personne.,ham
"Bradesco: Seu cartão foi usado em R$ 49,90. Responda SIM se foi você, NÃO caso contrário.",ham
SEUR: Su paquete 5286376416 fue entregado hoy a las 14:14.,ham
"LCL: Votre carte a été utilisée pour 12,90 €. Répondez OUI si c'est vous, NON sinon.",ham
DHL: Sua encomenda 032534091254 foi entregue hoje às 14h.,ham
Google doğrulama kodunuz 6483. Kimseyle paylaşmayın.,ham
Amazon Logistics: Out for delivery today. Your driver is Marcus in a grey van.,ham
"Salut, on se voit toujours pour le café demain à 15h? Tu peux me passer les 20€ quand tu peux",ham
DHL: Your order has shipped and arrives Thursday by 8 PM. Track at dhl.com,ham
"BRI: A new device signed in to your account. If this was you, no action needed.",ham
Your electricity bill of $499.99 is due Jun 21. Pay in the app or at your provider's website to avoid late fees.,ham
"Société Générale: Votre carte a été utilisée pour 184,50 €. Répondez OUI si c'est vous, NON sinon.",ham
"三菱UFJ銀行: Your card was used for ¥4,990 at WALMART #2891. Reply YES if this was you, NO if not.",ham
【佐川急便】お荷物8504759489を本日お届けしました。,ham
"BRI: Your card was used for Rp 9.900 at WALMART #2891. Reply YES if this was you, NO if not.",ham
FedEx: Out for delivery today. Your driver is Marcus in a grey van.,ham
Your prescription is ready for pickup at the pharmacy on Oak St. Questions? Call the number on your bottle.,ham
البريد السعودي: Your package 387265744967 was delivered to your mailbox at 2:14 PM.,ham
Colissimo: Votre colis 8058876967 sera livré demain entre 9h et 12h.,ham
Seu código de verificação Uber: 192873. Não compartilhe com ninguém.,ham
"ING: A new device signed in to your account. If this was you, no action needed.",ham
GLS: Ihr Paket 2752310678 wurde heute zugestellt.,ham
"BNI: A new device signed in to your account. If this was you, no action needed.",ham
DHL: Out for delivery today. Your driver is Marcus in a grey van.,ham
"Your electricity bill of $1,482.00 is due Jun 21. Pay in the app or at your provider's website to avoid late fees.",ham
Votre code de vérification La Banque Postale est 8406. Ne le partagez avec personne.,ham
【圆通速递】您的包裹062767745000已于今日送达。,ham
رمز التحقق الخاص بـ Netflix هو 422488. لا تشاركه مع أي شخص.,ham
Je Microsoft verificatiecode is 469563. Deel deze met niemand.,ham
Mondial Relay: Votre colis 8316840241 sera livré demain entre 9h et 12h.,ham
"ICICI: Aapke card se ₹1,482 ka transaction hua. Reply YES agar aapne kiya, NO agar nahi.",ham
رمز التحقق الخاص بـ Google هو 884721. لا تشاركه مع أي شخص.,ham
"CaixaBank: Se usó su tarjeta por 1,99 € en un comercio. Responda SÍ si fue usted, NO si no.",ham
DHL: Je pakket 8281570110 is vandaag bezorgd.,ham
"Ziraat Bankası: Your card was used for 19,90 TL at WALMART #2891. Reply YES if this was you, NO if not.",ham
【京东物流】您的包裹3980569803已于今日送达。,ham
"Ihre Stromrechnung über 9,90 € ist am 21. Juni fällig. Zahlen Sie in der App.",ham
"ゆうちょ銀行: A new device signed in to your account. If this was you, no action needed.",ham
"Citibank: Your card was used for $499.99 at WALMART #2891. Reply YES if this was you, NO if not.",ham
Seu código de verificação Uber: 6344. Não compartilhe com ninguém.,ham
7743 is your Uber verification code.,ham
Your electricity bill of 1.482 TL is due Jun 21. Pay in the app or at your provider's website to avoid late fees.,ham
"מזרחי טפחות: A new device signed in to your account. If this was you, no action needed.",ham
Il tuo codice di verifica Netflix è 8402. Non condividerlo con nessuno.,ham
"Poste Italiane: A new device signed in to your account. If this was you, no action needed.",ham
Your Microsoft verification code is 0030. Never share this code. We will never call you to ask for it.,ham
"Sua conta de luz de R$ 1.482,00 vence em 21/06. Pague no aplicativo.",ham
קוד האימות שלך ל-Microsoft הוא 683687. אל תשתף אותו עם אף אחד.,ham
"Votre facture d'électricité de 1,99 € est due le 21 juin. Payez dans l'application.",ham
"BPER: Your card was used for 184,50 € at WALMART #2891. Reply YES if this was you, NO if not.",ham
Tu código de verificación de Microsoft es 0930. No lo compartas con nadie.,ham
Почта России: Ваша посылка 9325985909 доставлена сегодня.,ham
البريد السعودي: Your order has shipped and arrives Thursday by 8 PM. Track at البريدالسعودي.com,ham
Sequoia: Sua encomenda 098572723679 foi entregue hoje às 14h.,ham
India Post: Aapka parcel 7219305227 aaj deliver ho gaya.,ham
رمز التحقق الخاص بـ Uber هو 8133. لا تشاركه مع أي شخص.,ham
דואר ישראל: Your package 358393839751 was delivered to your mailbox at 2:14 PM.,ham
"Your electricity bill of ₹1,482 is due Jun 21. Pay in the app or at your provider's website to avoid late fees.",ham
"ゆうちょ銀行: Your card was used for ¥14,800 at WALMART #2891. Reply YES if this was you, NO if not.",ham
【ヤマト運輸】お荷物5057784895を本日お届けしました。,ham
"工商银行: Your card was used for ¥49.90 at WALMART #2891. Reply YES if this was you, NO if not.",ham
Hermes: Ihr Paket 2740362833 wurde heute zugestellt.,ham
"工商银行: A new device signed in to your account. If this was you, no action needed.",ham
"מזרחי טפחות: Your card was used for 1,490 ₪ at WALMART #2891. Reply YES if this was you, NO if not.",ham
Je Google verificatiecode is 564880. Deel deze met niemand.,ham
Aapka Netflix verification code hai 140561. Kisi ke saath share na karein.,ham
Ваш код подтверждения Сбербанк: 209774. Никому не сообщайте его.,ham
رمز التحقق الخاص بـ Uber هو 2390. لا تشاركه مع أي شخص.,ham
"Your electricity bill of 19,90 TL is due Jun 21. Pay in the app or at your provider's website to avoid late fees.",ham
【中国邮政】您的包裹4522238023已于今日送达。,ham
DPD: Ihr Paket 2276885429 wurde heute zugestellt.,ham
Amazon Logistics: Your package 793578506804 was delivered to your mailbox at 2:14 PM.,ham
Tu código de verificación de Banorte es 0696. No lo compartas con nadie.,ham
"בנק דיסקונט: A new device signed in to your account. If this was you, no action needed.",ham
Your electricity bill of ₹99 is due Jun 21. Pay in the app or at your provider's website to avoid late fees.,ham
Tu código de verificación de Google es 800361. No lo compartas con nadie.,ham
"Oi amor, cheguei bem, te ligo mais tarde. Não esquece de me mandar os 40 do show",ham
Reminder: Kal aapka doctor appointment 9:30 baje hai. Confirm karne ke liye C reply karein.,ham
"BNI: Your card was used for Rp 49.900 at WALMART #2891. Reply YES if this was you, NO if not.",ham
Aapka ICICI verification code hai 856475. Kisi ke saath share na karein.,ham
"Сбербанк: Your card was used for 499 ₽ at WALMART #2891. Reply YES if this was you, NO if not.",ham
"Itaú: Seu cartão foi usado em R$ 49,90. Responda SIM se foi você, NÃO caso contrário.",ham
您的Netflix验证码是7451，请勿告诉他人。,ham
رمز التحقق الخاص بـ Uber هو 0056. لا تشاركه مع أي شخص.,ham
"SNS Bank: A new device signed in to your account. If this was you, no action needed.",ham
Kode verifikasi WhatsApp Anda adalah 3769. Jangan berikan kepada siapa pun.,ham
Kode verifikasi Microsoft Anda adalah 373621. Jangan berikan kepada siapa pun.,ham
FedEx: Your order has shipped and arrives Thursday by 8 PM. Track at fedex.com,ham
Il tuo codice di verifica Amazon è 6027. Non condividerlo con nessuno.,ham
"Your electricity bill of 184,50 € is due Jun 21. Pay in the app or at your provider's website to avoid late fees.",ham
Your electricity bill of 499 ₽ is due Jun 21. Pay in the app or at your provider's website to avoid late fees.,ham
Your Google verification code is 0512. Never share this code. We will never call you to ask for it.,ham
Ваш код подтверждения Netflix: 3100. Никому не сообщайте его.,ham
WhatsApp doğrulama kodunuz 286465. Kimseyle paylaşmayın.,ham
MRW: Su paquete 2397975957 fue entregado hoy a las 14:14.,ham
"中国银行: Your card was used for ¥1,482 at WALMART #2891. Reply YES if this was you, NO if not.",ham
PTT Kargo: Kargonuz 372125616462 bugün teslim edildi.,ham
"Ziraat Bankası: A new device signed in to your account. If this was you, no action needed.",ham
PTT Kargo: Kargonuz 9559892994 bugün teslim edildi.,ham
"Your electricity bill of ¥4,990 is due Jun 21. Pay in the app or at your provider's website to avoid late fees.",ham
Poste Italiane: Il tuo pacco 6080047863 è stato consegnato oggi.,ham
Votre code de vérification Google est 6423. Ne le partagez avec personne.,ham
SDA: Il tuo pacco 1525421387 è stato consegnato oggi.,ham
"אמא, אני מאחר בעשר דקות, תתחילו לאכול בלעדיי",ham
PostNL: Je pakket 772949389943 is vandaag bezorgd.,ham
Erinnerung: Ihr Termin beim Bürgeramt ist morgen um 10:15 Uhr. Bitte Ausweis mitbringen.,ham
Ваш код подтверждения Amazon: 3433. Никому не сообщайте его.,ham
"Your electricity bill of 1,99 € is due Jun 21. Pay in the app or at your provider's website to avoid late fees.",ham
Your electricity bill of Rp 9.900 is due Jun 21. Pay in the app or at your provider's website to avoid late fees.,ham
Blue Dart: Aapka parcel 2188679601 aaj deliver ho gaya.,ham
"CaixaBank: Se usó su tarjeta por 184,50 € en un comercio. Responda SÍ si fue usted, NO si no.",ham
"Ihre Stromrechnung über 1,99 € ist am 21. Juni fällig. Zahlen Sie in der App.",ham
"J&T: Paket Anda 3909348128 telah dikirim, tiba besok.",ham
"Your electricity bill of 1,490 ₪ is due Jun 21. Pay in the app or at your provider's website to avoid late fees.",ham
Mondial Relay: Votre colis 662460748727 sera livré demain entre 9h et 12h.,ham
"Mamá ya llegué a casa, te llamo después de cenar, besos",ham
Ваш код подтверждения WhatsApp: 8079. Никому не сообщайте его.,ham
USPS: Your order has shipped and arrives Thursday by 8 PM. Track at usps.com,ham
"BNP Paribas: Votre carte a été utilisée pour 1,99 €. Répondez OUI si c'est vous, NON sinon.",ham
Your electricity bill of 500 ريال is due Jun 21. Pay in the app or at your provider's website to avoid late fees.,ham
Your table for 4 is confirmed for 7:30 PM tonight. Reply CANCEL to release the reservation.,ham
"Mandiri: Your card was used for Rp 49.900 at WALMART #2891. Reply YES if this was you, NO if not.",ham
"Your electricity bill of € 1,99 is due Jun 21. Pay in the app or at your provider's website to avoid late fees.",ham
Kode verifikasi Amazon Anda adalah 613053. Jangan berikan kepada siapa pun.,ham
קוד האימות שלך ל-Microsoft הוא 728325. אל תשתף אותו עם אף אחד.,ham
"Bank of America: Your card was used for $1.99 at WALMART #2891. Reply YES if this was you, NO if not.",ham
"Your electricity bill of ¥1,482 is due Jun 21. Pay in the app or at your provider's website to avoid late fees.",ham
DHL: Your package 0158157040 was delivered to your mailbox at 2:14 PM.,ham
"ICICI: Aapke card se ₹499 ka transaction hua. Reply YES agar aapne kiya, NO agar nahi.",ham
Aapka Google verification code hai 027974. Kisi ke saath share na karein.,ham
"Oye, ¿seguimos para el café mañana a las 3?",ham
Your electricity bill of 10 ريال is due Jun 21. Pay in the app or at your provider's website to avoid late fees.,ham
"JNE: Paket Anda 5207487662 telah dikirim, tiba besok.",ham
"مصرف الراجحي: A new device signed in to your account. If this was you, no action needed.",ham
Ihr Google Bestätigungscode ist 2626. Geben Sie ihn niemandem weiter.,ham
Microsoft doğrulama kodunuz 4648. Kimseyle paylaşmayın.,ham
Netflix doğrulama kodunuz 7595. Kimseyle paylaşmayın.,ham
Lembrete: Sua consulta é amanhã às 9h30. Responda C para confirmar.,ham
【佐川急便】お荷物035958566529を本日お届けしました。,ham
DPD: Votre colis 483535033724 sera livré demain entre 9h et 12h.,ham
Tu código de verificación de WhatsApp es 2352. No lo compartas con nadie.,ham
"Альфа-Банк: A new device signed in to your account. If this was you, no action needed.",ham
Почта России: Ваша посылка 181849619557 доставлена сегодня.,ham
"BRI: Your card was used for Rp 1.482.000 at WALMART #2891. Reply YES if this was you, NO if not.",ham
PTT Kargo: Kargonuz 949759298348 bugün teslim edildi.,ham
お母さん、今駅に着いたよ。夕飯までには帰る。,ham
Blue Dart: Aapka parcel 7814052044 aaj deliver ho gaya.,ham
Aras Kargo: Kargonuz 688319956070 bugün teslim edildi.,ham
Je Amazon verificatiecode is 1449. Deel deze met niemand.,ham
Yurtiçi Kargo: Kargonuz 0389488946 bugün teslim edildi.,ham
DHL: Sua encomenda 0242348745 foi entregue hoje às 14h.,ham
Mondial Relay: Votre colis 920853371098 sera livré demain entre 9h et 12h.,ham
"Barclays: A new device signed in to your account. If this was you, no action needed.",ham
Seu código de verificação Netflix: 786371. Não compartilhe com ninguém.,ham
"Привет! Встретимся завтра в 18:00 у метро, как договаривались?",ham
UPS: Your order has shipped and arrives Thursday by 8 PM. Track at ups.com,ham
Tu código de verificación de Bancomer es 093418. No lo compartas con nadie.,ham
رمز التحقق الخاص بـ Amazon هو 485837. لا تشاركه مع أي شخص.,ham
Ihr Google Bestätigungscode ist 500517. Geben Sie ihn niemandem weiter.,ham
"BPER: A new device signed in to your account. If this was you, no action needed.",ham
"Your electricity bill of 499,99 € is due Jun 21. Pay in the app or at your provider's website to avoid late fees.",ham
"Rabobank: Your card was used for € 12,90 at WALMART #2891. Reply YES if this was you, NO if not.",ham
"SiCepat: Paket Anda 210861013209 telah dikirim, tiba besok.",ham
"UniCredit: A new device signed in to your account. If this was you, no action needed.",ham
Correos: Su paquete 9241140787 fue entregado hoy a las 14:14.,ham
Aras Kargo: Kargonuz 3809771153 bugün teslim edildi.,ham
"Votre facture d'électricité de 12,90 € est due le 21 juin. Payez dans l'application.",ham
Il tuo codice di verifica WhatsApp è 2317. Non condividerlo con nessuno.,ham
"بنك مصر: Your card was used for 500 ريال at WALMART #2891. Reply YES if this was you, NO if not.",ham
FedEx: Your package 6869026421 was delivered to your mailbox at 2:14 PM.,ham
"Paytm: Aapke card se ₹499 ka transaction hua. Reply YES agar aapne kiya, NO agar nahi.",ham
Sequoia: Sua encomenda 114932219345 foi entregue hoje às 14h.,ham
"SiCepat: Paket Anda 056285765169 telah dikirim, tiba besok.",ham
"Su factura de luz de 499,99 € vence el 21 de junio. Pague en la app para evitar recargos.",ham
Correos: Su paquete 224825782955 fue entregado hoy a las 14:14.,ham
Kode verifikasi Uber Anda adalah 5843. Jangan berikan kepada siapa pun.,ham
Your electricity bill of Rp 49.900 is due Jun 21. Pay in the app or at your provider's website to avoid late fees.,ham
"ABN AMRO: Your card was used for € 184,50 at WALMART #2891. Reply YES if this was you, NO if not.",ham
Boxberry: Ваша посылка 6232226810 доставлена сегодня.,ham
Blue Dart: Aapka parcel 598710086545 aaj deliver ho gaya.,ham
Ваш код подтверждения Uber: 8889. Никому не сообщайте его.,ham
Microsoftの確認コードは7383です。誰にも教えないでください。,ham
Delhivery: Aapka parcel 8263219440 aaj deliver ho gaya.,ham
Rappel: Votre rendez-vous chez le médecin est demain à 9h30. Répondez C pour confirmer.,ham
Seu código de verificação Uber: 5758. Não compartilhe com ninguém.,ham
Your Microsoft verification code is 295246. Never share this code. We will never call you to ask for it.,ham
Dinner at ours Saturday? Bring that wine you mentioned,ham
DHL: Sua encomenda 087472783677 foi entregue hoje às 14h.,ham
"Votre facture d'électricité de 499,99 € est due le 21 juin. Payez dans l'application.",ham
Seu código de verificação Google: 1242. Não compartilhe com ninguém.,ham
"Running 10 mins late, order me a flat white if you get there first",ham
"Su factura de luz de 184,50 € vence el 21 de junio. Pague en la app para evitar recargos.",ham
"BPER: Your card was used for 499,99 € at WALMART #2891. Reply YES if this was you, NO if not.",ham
"Альфа-Банк: Your card was used for 499 ₽ at WALMART #2891. Reply YES if this was you, NO if not.",ham
Colissimo: Votre colis 335624816834 sera livré demain entre 9h et 12h.,ham
Il tuo codice di verifica Microsoft è 787249. Non condividerlo con nessuno.,ham
Seu código de verificação WhatsApp: 071315. Não compartilhe com ninguém.,ham
"中国银行: A new device signed in to your account. If this was you, no action needed.",ham
0807 is your HSBC verification code.,ham
سمسا: Out for delivery today. Your driver is Marcus in a grey van.,ham
"Akbank: A new device signed in to your account. If this was you, no action needed.",ham
"Selam, yarın saat 3'te kahve için buluşuyor muyuz? Kitabı getir lütfen",ham
Ihr Amazon Bestätigungscode ist 736667. Geben Sie ihn niemandem weiter.,ham
Seu código de verificação Uber: 180383. Não compartilhe com ninguém.,ham
"Banco do Brasil: Seu cartão foi usado em R$ 1.482,00. Responda SIM se foi você, NÃO caso contrário.",ham
קוד האימות שלך ל-Google הוא 552652. אל תשתף אותו עם אף אחד.,ham
DHL: Je pakket 894267014531 is vandaag bezorgd.,ham
"Poste Italiane: Your card was used for 184,50 € at WALMART #2891. Reply YES if this was you, NO if not.",ham
"Hey, treffen wir uns morgen um 15 Uhr auf einen Kaffee? Bring bitte das Buch mit",ham
Your electricity bill of 9.90 ₪ is due Jun 21. Pay in the app or at your provider's website to avoid late fees.,ham
"Beta khana kha lena, main der se aaungi aaj office se. Doodh laana yaad rakhna",ham
"البنك الأهلي: Your card was used for 500 ريال at WALMART #2891. Reply YES if this was you, NO if not.",ham
"招商银行: A new device signed in to your account. If this was you, no action needed.",ham
WhatsAppの確認コードは3870です。誰にも教えないでください。,ham
【京东物流】您的包裹3819157577已于今日送达。,ham
您的Uber验证码是910269，请勿告诉他人。,ham
妈，我到学校了，晚上视频聊。记得帮我带下书,ham
"Santander: Seu cartão foi usado em R$ 9,90. Responda SIM se foi você, NÃO caso contrário.",ham
"BCA: A new device signed in to your account. If this was you, no action needed.",ham
Ihr Microsoft Bestätigungscode ist 875443. Geben Sie ihn niemandem weiter.,ham
Il tuo codice di verifica Google è 710247. Non condividerlo con nessuno.,ham
Je Microsoft verificatiecode is 9383. Deel deze met niemand.,ham
Jadlog: Sua encomenda 989662898314 foi entregue hoje às 14h.,ham
"Your electricity bill of € 184,50 is due Jun 21. Pay in the app or at your provider's website to avoid late fees.",ham
Tu código de verificación de Microsoft es 687556. No lo compartas con nadie.,ham
דואר ישראל: Your order has shipped and arrives Thursday by 8 PM. Track at דוארישראל.com,ham
أمي وصلت بالسلامة، سأتصل بك مساءً. لا تنسي تجيبي الكتاب,ham
"Deutsche Bank: Ihre Karte wurde für 1,99 € verwendet. Antworten Sie JA wenn das Sie waren, sonst NEIN.",ham
Je ABN AMRO verificatiecode is 0338. Deel deze met niemand.,ham
Netflix doğrulama kodunuz 943929. Kimseyle paylaşmayın.,ham
Ihr Amazon Bestätigungscode ist 778336. Geben Sie ihn niemandem weiter.,ham
Votre code de vérification Amazon est 5003. Ne le partagez avec personne.,ham
البريد السعودي: Out for delivery today. Your driver is Marcus in a grey van.,ham
Your electricity bill of 1 990 ₽ is due Jun 21. Pay in the app or at your provider's website to avoid late fees.,ham
Seu código de verificação Netflix: 0620. Não compartilhe com ninguém.,ham
BRT: Il tuo pacco 3846314392 è stato consegnato oggi.,ham
三井住友銀行の確認コードは325075です。誰にも教えないでください。,ham
【日本郵便】お荷物504729564525を本日お届けしました。,ham
【佐川急便】お荷物448726716099を本日お届けしました。,ham
Your electricity bill of ¥49.90 is due Jun 21. Pay in the app or at your provider's website to avoid late fees.,ham
DHL: Su paquete 678056054935 fue entregado hoy a las 14:14.,ham
"Barclays: Your card was used for $499.99 at WALMART #2891. Reply YES if this was you, NO if not.",ham
"Garanti BBVA: Your card was used for 499 TL at WALMART #2891. Reply YES if this was you, NO if not.",ham
PostNL: Je pakket 847202011013 is vandaag bezorgd.,ham
Aapka Netflix verification code hai 7523. Kisi ke saath share na karein.,ham
"Votre facture d'électricité de 184,50 € est due le 21 juin. Payez dans l'application.",ham
קוד האימות שלך ל-Google הוא 4152. אל תשתף אותו עם אף אחד.,ham
Google doğrulama kodunuz 2547. Kimseyle paylaşmayın.,ham
G-415730 is your Google verification code.,ham
BRT: Il tuo pacco 2362133888 è stato consegnato oggi.,ham
Netflixの確認コードは8335です。誰にも教えないでください。,ham
"بنك الرياض: Your card was used for 1.99 دولار at WALMART #2891. Reply YES if this was you, NO if not.",ham
"מזרחי טפחות: Your card was used for 9.90 ₪ at WALMART #2891. Reply YES if this was you, NO if not.",ham
您的Netflix验证码是983184，请勿告诉他人。,ham
"Citibank: A new device signed in to your account. If this was you, no action needed.",ham
"Citibank: Your card was used for $3.95 at WALMART #2891. Reply YES if this was you, NO if not.",ham
Recordatorio: Su cita con el Dr. Pérez es mañana a las 9:30. Responda C para confirmar.,ham
【ヤマト運輸】お荷物169403178105を本日お届けしました。,ham
DTDC: Aapka parcel 666211326394 aaj deliver ho gaya.,ham
Aapka Amazon verification code hai 215418. Kisi ke saath share na karein.,ham
Correos: Su paquete 2856842473 fue entregado hoy a las 14:14.,ham
DPD: Ihr Paket 346510683489 wurde heute zugestellt.,ham
"Commerzbank: Ihre Karte wurde für 1,99 € verwendet. Antworten Sie JA wenn das Sie waren, sonst NEIN.",ham
Your electricity bill of 278 ₪ is due Jun 21. Pay in the app or at your provider's website to avoid late fees.,ham
Je Amazon verificatiecode is 333249. Deel deze met niemand.,ham
"Сбербанк: A new device signed in to your account. If this was you, no action needed.",ham
DHL: Ihr Paket 949653794242 wurde heute zugestellt.,ham
"SNS Bank: Your card was used for € 12,90 at WALMART #2891. Reply YES if this was you, NO if not.",ham
GLS: Ihr Paket 663322266510 wurde heute zugestellt.,ham
Chronopost: Votre colis 384611849355 sera livré demain entre 9h et 12h.,ham
"ВТБ: Your card was used for 14 500 ₽ at WALMART #2891. Reply YES if this was you, NO if not.",ham
MNG Kargo: Kargonuz 8856417633 bugün teslim edildi.,ham
Tu código de verificación de Banorte es 803018. No lo compartas con nadie.,ham
"Garanti BBVA: A new device signed in to your account. If this was you, no action needed.",ham
Kode verifikasi Microsoft Anda adalah 2756. Jangan berikan kepada siapa pun.,ham
"ABN AMRO: Your card was used for € 1,99 at WALMART #2891. Reply YES if this was you, NO if not.",ham
"Société Générale: Votre carte a été utilisée pour 1,99 €. Répondez OUI si c'est vous, NON sinon.",ham
Your Microsoft verification code is 4410. Never share this code. We will never call you to ask for it.,ham
¿Me pasas los 40€ del concierto cuando puedas?,ham
DPD: Je pakket 383534352664 is vandaag bezorgd.,ham
Blue Dart: Aapka parcel 2355140755 aaj deliver ho gaya.,ham
קוד האימות שלך ל-Amazon הוא 8894. אל תשתף אותו עם אף אחד.,ham
СДЭК: Ваша посылка 3833689473 доставлена сегодня.,ham
Amazonの確認コードは586495です。誰にも教えないでください。,ham
דואר ישראל: Out for delivery today. Your driver is Marcus in a grey van.,ham
"Banorte: Se usó su tarjeta por 8,450 MXN en un comercio. Responda SÍ si fue usted, NO si no.",ham
"Poste Italiane: Your card was used for 499,99 € at WALMART #2891. Reply YES if this was you, NO if not.",ham
Ihr Google Bestätigungscode ist 8056. Geben Sie ihn niemandem weiter.,ham
"工商银行: Your card was used for ¥9.90 at WALMART #2891. Reply YES if this was you, NO if not.",ham
您的Netflix验证码是2378，请勿告诉他人。,ham
"Banco Sabadell: Se usó su tarjeta por 184,50 € en un comercio. Responda SÍ si fue usted, NO si no.",ham
"Commerzbank: Ihre Karte wurde für 184,50 € verwendet. Antworten Sie JA wenn das Sie waren, sonst NEIN.",ham
"三井住友銀行: A new device signed in to your account. If this was you, no action needed.",ham
İş Bankası doğrulama kodunuz 0477. Kimseyle paylaşmayın.,ham
您的Netflix验证码是9260，请勿告诉他人。,ham
"ВТБ: A new device signed in to your account. If this was you, no action needed.",ham
【京东物流】您的包裹5010671864已于今日送达。,ham
DPD: Ваша посылка 1005422602 доставлена сегодня.,ham
"BRI: Your card was used for Rp 49.900 at WALMART #2891. Reply YES if this was you, NO if not.",ham
DPD: Ihr Paket 599178373945 wurde heute zugestellt.,ham
DTDC: Aapka parcel 4159091606 aaj deliver ho gaya.,ham
【中国邮政】您的包裹577191816949已于今日送达。,ham
أرامكس: Out for delivery today. Your driver is Marcus in a grey van.,ham
Ihr Netflix Bestätigungscode ist 3184. Geben Sie ihn niemandem weiter.,ham
"Santander: Seu cartão foi usado em R$ 1.482,00. Responda SIM se foi você, NÃO caso contrário.",ham
קוד האימות שלך ל-בנק הפועלים הוא 0894. אל תשתף אותו עם אף אחד.,ham
"HDFC Bank: Aapke card se ₹99 ka transaction hua. Reply YES agar aapne kiya, NO agar nahi.",ham
Chronopost: Votre colis 1939048410 sera livré demain entre 9h et 12h.,ham
Aapka ICICI verification code hai 563968. Kisi ke saath share na karein.,ham
Lose 15 lbs in 2 weeks with this 1 weird trick doctors HATE! Free trial: https://shorturl.at/p97178,spam
Lose 15 lbs in 2 weeks with this 1 weird trick doctors HATE! Free trial: https://cutt.ly/f107650,spam
Lose 15 lbs in 2 weeks with this 1 weird trick doctors HATE! Free trial: https://shorturl.at/j009007,spam
"WIN BIG! Mega Jackpot Casino - 200 FREE spins, no deposit! Play: https://tinyurl.com/f2070 18+",spam
Lose 15 lbs in 2 weeks with this 1 weird trick doctors HATE! Free trial: https://is.gd/z7209,spam
Earn $3000/week working from home! No experience needed. Limited spots: https://tinyurl.com/w022203,spam
Schnellkredit bis 5.000€ heute! Auch bei negativer Schufa. Beantragen: https://t.ly/p211413,spam
"Cassino online: R$ 49,90 de bônus grátis para novos jogadores! https://is.gd/f373074",spam
"WIN BIG! Mega Jackpot Casino - 200 FREE spins, no deposit! Play: https://bit.ly/j7488 18+",spam
"WIN BIG! Mega Jackpot Casino - 200 FREE spins, no deposit! Play: https://cutt.ly/q792823 18+",spam
"Need cash fast? Get up to $5,000 deposited TODAY. Bad credit OK! Apply: https://tinyurl.com/r814376",spam
Gagnez 700€/semaine depuis chez vous! Aucune expérience. Rejoignez: https://shorturl.at/d894944,spam
"Need cash fast? Get up to $5,000 deposited TODAY. Bad credit OK! Apply: https://is.gd/f198084",spam
200 Freispiele ohne Einzahlung im Jackpot Casino! Jetzt spielen: https://rb.gy/w859555,spam
SALDI 80% di sconto solo oggi! Acquista: https://bit.ly/y9908,spam
Pinjaman cepat cair hari ini hingga 10 juta tanpa jaminan! Daftar: https://t.ly/e32497,spam
Lose 15 lbs in 2 weeks with this 1 weird trick doctors HATE! Free trial: https://bit.ly/v687648,spam
Empréstimo rápido até R$5.000 hoje! Nome sujo aprova. Solicite: https://is.gd/a8257,spam
"WIN BIG! Mega Jackpot Casino - 200 FREE spins, no deposit! Play: https://is.gd/q7528 18+",spam
限时90折！仅限今天，立即抢购：https://t.ly/f2299,spam
SALE! Aaj sirf 50% off. Abhi khareedein: https://is.gd/y9691,spam
"WIN BIG! Mega Jackpot Casino - 200 FREE spins, no deposit! Play: https://t.ly/r6586 18+",spam
FLASH SALE 50% Rabatt nur heute! Jetzt kaufen: https://bit.ly/t6058,spam
Gagnez 700€/semaine depuis chez vous! Aucune expérience. Rejoignez: https://cutt.ly/x176999,spam
Lose 15 lbs in 2 weeks with this 1 weird trick doctors HATE! Free trial: https://tinyurl.com/m2237,spam
Empréstimo rápido até R$5.000 hoje! Nome sujo aprova. Solicite: https://bit.ly/h6725,spam
PROMOÇÃO! 50% de desconto só hoje. Compre já: https://rb.gy/z781353,spam
¿Necesitas dinero? Hasta 5.000€ hoy mismo. Sin aval. Solicita: https://bit.ly/y502742,spam
"Need cash fast? Get up to $5,000 deposited TODAY. Bad credit OK! Apply: https://cutt.ly/g67877",spam
"Need cash fast? Get up to $5,000 deposited TODAY. Bad credit OK! Apply: https://cutt.ly/h4016",spam
Lose 15 lbs in 2 weeks with this 1 weird trick doctors HATE! Free trial: https://t.ly/z792557,spam
FLASH SALE 90% OFF everything today only! Shop now: https://tinyurl.com/y5936 Reply STOP to opt out,spam
Lose 15 lbs in 2 weeks with this 1 weird trick doctors HATE! Free trial: https://is.gd/s132159,spam
"Need cash fast? Get up to $5,000 deposited TODAY. Bad credit OK! Apply: https://is.gd/d931585",spam
Lose 15 lbs in 2 weeks with this 1 weird trick doctors HATE! Free trial: https://t.ly/m396371,spam
Bina diet weight ghatao! Ayurvedic capsule sirf 999. Order: https://tinyurl.com/b877531,spam
Earn $3000/week working from home! No experience needed. Limited spots: https://bit.ly/s5946,spam
"Cassino online: R$ 1.482,00 de bônus grátis para novos jogadores! https://is.gd/p49173",spam
¿Necesitas dinero? Hasta 5.000€ hoy mismo. Sin aval. Solicita: https://shorturl.at/e32729,spam
خصم 70% على منتجات التخسيس! اطلب الآن: https://t.ly/s7885,spam
"Need cash fast? Get up to $5,000 deposited TODAY. Bad credit OK! Apply: https://is.gd/g89022",spam
Gagnez 700€/semaine depuis chez vous! Aucune expérience. Rejoignez: https://tinyurl.com/s1271,spam
تخفيضات 70% على كل المنتجات اليوم فقط! تسوق الآن: https://cutt.ly/a565520,spam
"Need cash fast? Get up to $5,000 deposited TODAY. Bad credit OK! Apply: https://t.ly/s5707",spam
Earn $3000/week working from home! No experience needed. Limited spots: https://bit.ly/c29027,spam
Раздача! 499 ₽ каждому новому игроку казино: https://bit.ly/h32108 18+,spam
Earn $3000/week working from home! No experience needed. Limited spots: https://cutt.ly/u3315,spam
מבצע! 90% הנחה היום בלבד! לרכישה: https://cutt.ly/e7179,spam
خصم 70% على منتجات التخسيس! اطلب الآن: https://cutt.ly/w14517,spam
"Need cash fast? Get up to $5,000 deposited TODAY. Bad credit OK! Apply: https://bit.ly/s035701",spam
Pinjaman cepat cair hari ini hingga 10 juta tanpa jaminan! Daftar: https://cutt.ly/v459438,spam
Earn $3000/week working from home! No experience needed. Limited spots: https://tinyurl.com/k343844,spam
Earn $3000/week working from home! No experience needed. Limited spots: https://is.gd/s5615,spam
"Need cash fast? Get up to $5,000 deposited TODAY. Bad credit OK! Apply: https://t.ly/m9354",spam
"Bahis sitemize üye ol, 1.482 TL deneme bonusu kap: https://cutt.ly/e6516",spam
"WIN BIG! Mega Jackpot Casino - 200 FREE spins, no deposit! Play: https://shorturl.at/q052684 18+",spam
РАСПРОДАЖА! Скидка 70% только сегодня! Купить: https://tinyurl.com/m1375,spam
"Need cash fast? Get up to $5,000 deposited TODAY. Bad credit OK! Apply: https://cutt.ly/h378655",spam
"Need cash fast? Get up to $5,000 deposited TODAY. Bad credit OK! Apply: https://tinyurl.com/w01730",spam
UITVERKOOP 80% korting alleen vandaag! Shop nu: https://rb.gy/a95844,spam
מבצע! 70% הנחה היום בלבד! לרכישה: https://bit.ly/s63543,spam
PROMO! -70% sur tout aujourd'hui seulement. Achetez: https://rb.gy/g42637,spam
Lose 15 lbs in 2 weeks with this 1 weird trick doctors HATE! Free trial: https://is.gd/f926667,spam
Lose 15 lbs in 2 weeks with this 1 weird trick doctors HATE! Free trial: https://tinyurl.com/q374451,spam
"WIN BIG! Mega Jackpot Casino - 200 FREE spins, no deposit! Play: https://is.gd/w80976 18+",spam
"¡Pierde 10 kilos en 2 semanas! Producto natural, prueba gratis: https://rb.gy/b38734",spam
מבצע! 80% הנחה היום בלבד! לרכישה: https://is.gd/p2642,spam
"Bahis sitemize üye ol, 1.482 TL deneme bonusu kap: https://t.ly/w726188",spam
"Need cash fast? Get up to $5,000 deposited TODAY. Bad credit OK! Apply: https://bit.ly/k77884",spam
Earn $3000/week working from home! No experience needed. Limited spots: https://cutt.ly/z0657,spam
"Bahis sitemize üye ol, 499 TL deneme bonusu kap: https://is.gd/c1498",spam
200 Freispiele ohne Einzahlung im Jackpot Casino! Jetzt spielen: https://shorturl.at/c8625,spam
"Need cash fast? Get up to $5,000 deposited TODAY. Bad credit OK! Apply: https://t.ly/v6911",spam
UITVERKOOP 70% korting alleen vandaag! Shop nu: https://tinyurl.com/y0078,spam
PROMO! -50% sur tout aujourd'hui seulement. Achetez: https://t.ly/h773679,spam
Earn $3000/week working from home! No experience needed. Limited spots: https://cutt.ly/m8871,spam
¿Necesitas dinero? Hasta 5.000€ hoy mismo. Sin aval. Solicita: https://cutt.ly/h58982,spam
FLASH SALE 80% Rabatt nur heute! Jetzt kaufen: https://is.gd/f7043,spam
"Need cash fast? Get up to $5,000 deposited TODAY. Bad credit OK! Apply: https://cutt.ly/x28647",spam
خصم 70% على منتجات التخسيس! اطلب الآن: https://bit.ly/z563594,spam
Lose 15 lbs in 2 weeks with this 1 weird trick doctors HATE! Free trial: https://is.gd/q43626,spam
200 Freispiele ohne Einzahlung im Jackpot Casino! Jetzt spielen: https://bit.ly/c15451,spam
Earn $3000/week working from home! No experience needed. Limited spots: https://shorturl.at/n74150,spam
"Turant loan chahiye? Aaj hi 50,000 tak. Bina document. Apply: https://t.ly/u7210",spam
"WIN BIG! Mega Jackpot Casino - 200 FREE spins, no deposit! Play: https://is.gd/c83728 18+",spam
Earn $3000/week working from home! No experience needed. Limited spots: https://bit.ly/g99017,spam
在宅ワークで月50万円！スマホだけでOK。登録: https://tinyurl.com/x635304,spam
网赚兼职日入500元，无需经验，加微信：zq37423,spam
"Need cash fast? Get up to $5,000 deposited TODAY. Bad credit OK! Apply: https://shorturl.at/b184764",spam
"¡GANA! Casino VULKAN regala 8,450 MXN a nuevos jugadores: https://t.ly/b5415 +18",spam
Lose 15 lbs in 2 weeks with this 1 weird trick doctors HATE! Free trial: https://cutt.ly/h7449,spam
PROMO 50% diskon hari ini saja! Beli sekarang: https://tinyurl.com/g2624,spam
"Need cash fast? Get up to $5,000 deposited TODAY. Bad credit OK! Apply: https://cutt.ly/e8676",spam
"WIN BIG! Mega Jackpot Casino - 200 FREE spins, no deposit! Play: https://is.gd/c20358 18+",spam
"Need cash fast? Get up to $5,000 deposited TODAY. Bad credit OK! Apply: https://t.ly/g1594",spam
تخفيضات 70% على كل المنتجات اليوم فقط! تسوق الآن: https://tinyurl.com/h554799,spam
"Bahis sitemize üye ol, 499 TL deneme bonusu kap: https://cutt.ly/m6485",spam
"Turant loan chahiye? Aaj hi 50,000 tak. Bina document. Apply: https://cutt.ly/r86057",spam
Perdez 10 kg en 2 semaines avec cette astuce! Essai gratuit: https://tinyurl.com/k536236,spam
Lose 15 lbs in 2 weeks with this 1 weird trick doctors HATE! Free trial: https://rb.gy/m770834,spam
تخفيضات 80% على كل المنتجات اليوم فقط! تسوق الآن: https://shorturl.at/t884662,spam
Earn $3000/week working from home! No experience needed. Limited spots: https://cutt.ly/y746059,spam
"¡Pierde 10 kilos en 2 semanas! Producto natural, prueba gratis: https://tinyurl.com/p7537",spam
¡OFERTA! 70% de descuento solo hoy. Compra ya: https://cutt.ly/q40831,spam
本日限定90%OFFセール！今すぐ購入: https://cutt.ly/j85976,spam
Lose 15 lbs in 2 weeks with this 1 weird trick doctors HATE! Free trial: https://cutt.ly/z7373,spam
Lose 15 lbs in 2 weeks with this 1 weird trick doctors HATE! Free trial: https://cutt.ly/p165627,spam
Bina diet weight ghatao! Ayurvedic capsule sirf 999. Order: https://bit.ly/z2021,spam
限时90折！仅限今天，立即抢购：https://is.gd/c780843,spam
¡Gana 800€/semana desde casa! Sin experiencia. Únete: https://shorturl.at/n888585,spam
"Need cash fast? Get up to $5,000 deposited TODAY. Bad credit OK! Apply: https://is.gd/g576637",spam
SALDI 90% di sconto solo oggi! Acquista: https://bit.ly/c53365,spam
Empréstimo rápido até R$5.000 hoje! Nome sujo aprova. Solicite: https://rb.gy/q4120,spam
"Need cash fast? Get up to $5,000 deposited TODAY. Bad credit OK! Apply: https://rb.gy/n962251",spam
Earn $3000/week working from home! No experience needed. Limited spots: https://shorturl.at/w48479,spam
Lose 15 lbs in 2 weeks with this 1 weird trick doctors HATE! Free trial: https://shorturl.at/h575184,spam
200 Freispiele ohne Einzahlung im Jackpot Casino! Jetzt spielen: https://is.gd/u9430,spam
Lose 15 lbs in 2 weeks with this 1 weird trick doctors HATE! Free trial: https://bit.ly/h365732,spam
"Need cash fast? Get up to $5,000 deposited TODAY. Bad credit OK! Apply: https://rb.gy/a3073",spam
PROMO! -90% sur tout aujourd'hui seulement. Achetez: https://rb.gy/y008693,spam
FLASH SALE 90% OFF everything today only! Shop now: https://cutt.ly/r8625 Reply STOP to opt out,spam
Lose 15 lbs in 2 weeks with this 1 weird trick doctors HATE! Free trial: https://t.ly/j070713,spam
"WIN BIG! Mega Jackpot Casino - 200 FREE spins, no deposit! Play: https://tinyurl.com/r438395 18+",spam
"Need cash fast? Get up to $5,000 deposited TODAY. Bad credit OK! Apply: https://bit.ly/v7121",spam
Lose 15 lbs in 2 weeks with this 1 weird trick doctors HATE! Free trial: https://shorturl.at/r5915,spam
"Need cash fast? Get up to $5,000 deposited TODAY. Bad credit OK! Apply: https://shorturl.at/m74981",spam
"¡GANA! Casino VULKAN regala 8,450 MXN a nuevos jugadores: https://cutt.ly/a915755 +18",spam
"WIN BIG! Mega Jackpot Casino - 200 FREE spins, no deposit! Play: https://is.gd/y4261 18+",spam
"Bahis sitemize üye ol, 1.482 TL deneme bonusu kap: https://tinyurl.com/z6976",spam
Pinjaman cepat cair hari ini hingga 10 juta tanpa jaminan! Daftar: https://bit.ly/y71832,spam
SALE! Aaj sirf 90% off. Abhi khareedein: https://cutt.ly/q16005,spam
"Need cash fast? Get up to $5,000 deposited TODAY. Bad credit OK! Apply: https://t.ly/b652169",spam
在宅ワークで月50万円！スマホだけでOK。登録: https://bit.ly/n404554,spam
"WIN BIG! Mega Jackpot Casino - 200 FREE spins, no deposit! Play: https://t.ly/z82694 18+",spam
"Need cash fast? Get up to $5,000 deposited TODAY. Bad credit OK! Apply: https://shorturl.at/s51361",spam
Lose 15 lbs in 2 weeks with this 1 weird trick doctors HATE! Free trial: https://shorturl.at/k73350,spam
PROMO! -70% sur tout aujourd'hui seulement. Achetez: https://shorturl.at/n1626,spam
מבצע! 70% הנחה היום בלבד! לרכישה: https://t.ly/m72648,spam
SALE! Aaj sirf 90% off. Abhi khareedein: https://t.ly/z9156,spam
PROMOÇÃO! 80% de desconto só hoje. Compre já: https://t.ly/z54746,spam
200 Freispiele ohne Einzahlung im Jackpot Casino! Jetzt spielen: https://tinyurl.com/r1550,spam
Pinjaman cepat cair hari ini hingga 10 juta tanpa jaminan! Daftar: https://bit.ly/q809112,spam
İNDİRİM! Bugüne özel %70 indirim! Hemen al: https://bit.ly/p7685,spam
"WIN BIG! Mega Jackpot Casino - 200 FREE spins, no deposit! Play: https://is.gd/j1612 18+",spam
Lose 15 lbs in 2 weeks with this 1 weird trick doctors HATE! Free trial: https://cutt.ly/w4948,spam
"WIN BIG! Mega Jackpot Casino - 200 FREE spins, no deposit! Play: https://rb.gy/d596719 18+",spam
PROMOÇÃO! 80% de desconto só hoje. Compre já: https://bit.ly/v20627,spam
"WIN BIG! Mega Jackpot Casino - 200 FREE spins, no deposit! Play: https://shorturl.at/u5343 18+",spam
"WIN BIG! Mega Jackpot Casino - 200 FREE spins, no deposit! Play: https://bit.ly/v954237 18+",spam
Lose 15 lbs in 2 weeks with this 1 weird trick doctors HATE! Free trial: https://cutt.ly/z404678,spam
Gagnez 700€/semaine depuis chez vous! Aucune expérience. Rejoignez: https://rb.gy/y6695,spam
"WIN BIG! Mega Jackpot Casino - 200 FREE spins, no deposit! Play: https://shorturl.at/f313376 18+",spam
Earn $3000/week working from home! No experience needed. Limited spots: https://cutt.ly/q9252,spam
Lose 15 lbs in 2 weeks with this 1 weird trick doctors HATE! Free trial: https://is.gd/t789731,spam
İNDİRİM! Bugüne özel %90 indirim! Hemen al: https://bit.ly/u579411,spam
"WIN BIG! Mega Jackpot Casino - 200 FREE spins, no deposit! Play: https://rb.gy/u056151 18+",spam
Earn $3000/week working from home! No experience needed. Limited spots: https://is.gd/k4118,spam
Lose 15 lbs in 2 weeks with this 1 weird trick doctors HATE! Free trial: https://is.gd/w6610,spam
¡OFERTA! 90% de descuento solo hoy. Compra ya: https://t.ly/u03459,spam
Lose 15 lbs in 2 weeks with this 1 weird trick doctors HATE! Free trial: https://rb.gy/s6144,spam
FLASH SALE 80% Rabatt nur heute! Jetzt kaufen: https://t.ly/f1409,spam
خصم 70% على منتجات التخسيس! اطلب الآن: https://rb.gy/z637582,spam
Lose 15 lbs in 2 weeks with this 1 weird trick doctors HATE! Free trial: https://rb.gy/g02223,spam
Earn $3000/week working from home! No experience needed. Limited spots: https://rb.gy/h14063,spam
"WIN BIG! Mega Jackpot Casino - 200 FREE spins, no deposit! Play: https://t.ly/z4963 18+",spam
Earn $3000/week working from home! No experience needed. Limited spots: https://t.ly/q03265,spam
"Bahis sitemize üye ol, 19,90 TL deneme bonusu kap: https://rb.gy/k620455",spam
"WIN BIG! Mega Jackpot Casino - 200 FREE spins, no deposit! Play: https://rb.gy/d6505 18+",spam
¡Gana 800€/semana desde casa! Sin experiencia. Únete: https://shorturl.at/r31197,spam
Crédit rapide jusqu'à 10 000€ en 24h sans justificatif. Demandez: https://tinyurl.com/p51688,spam
PROMOÇÃO! 70% de desconto só hoje. Compre já: https://is.gd/a7674,spam
Earn $3000/week working from home! No experience needed. Limited spots: https://cutt.ly/y99071,spam
"Need cash fast? Get up to $5,000 deposited TODAY. Bad credit OK! Apply: https://bit.ly/q76331",spam
Earn $3000/week working from home! No experience needed. Limited spots: https://shorturl.at/f4510,spam
Earn $3000/week working from home! No experience needed. Limited spots: https://bit.ly/j56357,spam
"WIN BIG! Mega Jackpot Casino - 200 FREE spins, no deposit! Play: https://is.gd/c40379 18+",spam
Lose 15 lbs in 2 weeks with this 1 weird trick doctors HATE! Free trial: https://rb.gy/a6978,spam
Раздача! 1 990 ₽ каждому новому игроку казино: https://bit.ly/c89215 18+,spam
PROMO 50% diskon hari ini saja! Beli sekarang: https://rb.gy/b2572,spam
200 Freispiele ohne Einzahlung im Jackpot Casino! Jetzt spielen: https://bit.ly/h55136,spam
Earn $3000/week working from home! No experience needed. Limited spots: https://cutt.ly/z1007,spam
Lose 15 lbs in 2 weeks with this 1 weird trick doctors HATE! Free trial: https://t.ly/e757853,spam
Earn $3000/week working from home! No experience needed. Limited spots: https://shorturl.at/k34963,spam
خصم 70% على منتجات التخسيس! اطلب الآن: https://tinyurl.com/j12481,spam
"Turant loan chahiye? Aaj hi 50,000 tak. Bina document. Apply: https://cutt.ly/z8221",spam
Earn $3000/week working from home! No experience needed. Limited spots: https://cutt.ly/s29849,spam
¡OFERTA! 70% de descuento solo hoy. Compra ya: https://cutt.ly/c437718,spam
"Need cash fast? Get up to $5,000 deposited TODAY. Bad credit OK! Apply: https://is.gd/a61879",spam
"Need cash fast? Get up to $5,000 deposited TODAY. Bad credit OK! Apply: https://rb.gy/w5180",spam
"Need cash fast? Get up to $5,000 deposited TODAY. Bad credit OK! Apply: https://t.ly/y42044",spam
在宅ワークで月50万円！スマホだけでOK。登録: https://rb.gy/e175933,spam
本日限定50%OFFセール！今すぐ購入: https://rb.gy/b38468,spam
"Cassino online: R$ 49,90 de bônus grátis para novos jogadores! https://t.ly/g245391",spam
SALE! Aaj sirf 70% off. Abhi khareedein: https://tinyurl.com/a63416,spam
Раздача! 499 ₽ каждому новому игроку казино: https://cutt.ly/g1417 18+,spam
"WIN BIG! Mega Jackpot Casino - 200 FREE spins, no deposit! Play: https://shorturl.at/x247682 18+",spam
Bina diet weight ghatao! Ayurvedic capsule sirf 999. Order: https://t.ly/t95666,spam
Earn $3000/week working from home! No experience needed. Limited spots: https://is.gd/y024718,spam
Lose 15 lbs in 2 weeks with this 1 weird trick doctors HATE! Free trial: https://shorturl.at/q94820,spam
"WIN BIG! Mega Jackpot Casino - 200 FREE spins, no deposit! Play: https://shorturl.at/s224615 18+",spam
¡OFERTA! 50% de descuento solo hoy. Compra ya: https://t.ly/s43550,spam
Lose 15 lbs in 2 weeks with this 1 weird trick doctors HATE! Free trial: https://cutt.ly/c965055,spam
İNDİRİM! Bugüne özel %50 indirim! Hemen al: https://t.ly/g703135,spam
"WIN BIG! Mega Jackpot Casino - 200 FREE spins, no deposit! Play: https://t.ly/q064294 18+",spam
Empréstimo rápido até R$5.000 hoje! Nome sujo aprova. Solicite: https://tinyurl.com/t249402,spam
"Bahis sitemize üye ol, 1.482 TL deneme bonusu kap: https://tinyurl.com/c8214",spam
Lose 15 lbs in 2 weeks with this 1 weird trick doctors HATE! Free trial: https://rb.gy/m627757,spam
Earn $3000/week working from home! No experience needed. Limited spots: https://bit.ly/c09386,spam
Lose 15 lbs in 2 weeks with this 1 weird trick doctors HATE! Free trial: https://bit.ly/g306748,spam
¡OFERTA! 90% de descuento solo hoy. Compra ya: https://cutt.ly/z102126,spam
PROMO! -80% sur tout aujourd'hui seulement. Achetez: https://bit.ly/a7955,spam
"WIN BIG! Mega Jackpot Casino - 200 FREE spins, no deposit! Play: https://bit.ly/e3192 18+",spam
200 Freispiele ohne Einzahlung im Jackpot Casino! Jetzt spielen: https://rb.gy/e994503,spam
"Turant loan chahiye? Aaj hi 50,000 tak. Bina document. Apply: https://is.gd/m0425",spam
"WIN BIG! Mega Jackpot Casino - 200 FREE spins, no deposit! Play: https://t.ly/z11341 18+",spam
¿Necesitas dinero? Hasta 5.000€ hoy mismo. Sin aval. Solicita: https://cutt.ly/v633194,spam
Earn $3000/week working from home! No experience needed. Limited spots: https://shorturl.at/b6402,spam
Bina diet weight ghatao! Ayurvedic capsule sirf 999. Order: https://bit.ly/y0058,spam
Lose 15 lbs in 2 weeks with this 1 weird trick doctors HATE! Free trial: https://shorturl.at/j51944,spam
SALE! Aaj sirf 70% off. Abhi khareedein: https://cutt.ly/k4236,spam
Lose 15 lbs in 2 weeks with this 1 weird trick doctors HATE! Free trial: https://tinyurl.com/s301728,spam
מבצע! 70% הנחה היום בלבד! לרכישה: https://cutt.ly/x969267,spam
¡Gana 800€/semana desde casa! Sin experiencia. Únete: https://tinyurl.com/n974370,spam
"WIN BIG! Mega Jackpot Casino - 200 FREE spins, no deposit! Play: https://shorturl.at/f2415 18+",spam
"Need cash fast? Get up to $5,000 deposited TODAY. Bad credit OK! Apply: https://shorturl.at/s1667",spam
"Cassino online: R$ 49,90 de bônus grátis para novos jogadores! https://is.gd/v55468",spam
"¡Pierde 10 kilos en 2 semanas! Producto natural, prueba gratis: https://is.gd/r6052",spam
מבצע! 50% הנחה היום בלבד! לרכישה: https://rb.gy/x0531,spam
"Need cash fast? Get up to $5,000 deposited TODAY. Bad credit OK! Apply: https://is.gd/q17833",spam
"WIN BIG! Mega Jackpot Casino - 200 FREE spins, no deposit! Play: https://bit.ly/j7223 18+",spam
FLASH SALE 80% Rabatt nur heute! Jetzt kaufen: https://t.ly/g72102,spam
"Need cash fast? Get up to $5,000 deposited TODAY. Bad credit OK! Apply: https://t.ly/e0842",spam
FLASH SALE 70% OFF everything today only! Shop now: https://cutt.ly/k4996 Reply STOP to opt out,spam
Lose 15 lbs in 2 weeks with this 1 weird trick doctors HATE! Free trial: https://tinyurl.com/c7615,spam
"Turant loan chahiye? Aaj hi 50,000 tak. Bina document. Apply: https://bit.ly/t585061",spam
"¡GANA! Casino VULKAN regala 184,50 € a nuevos jugadores: https://tinyurl.com/q4806 +18",spam
Lose 15 lbs in 2 weeks with this 1 weird trick doctors HATE! Free trial: https://rb.gy/q333120,spam
Earn $3000/week working from home! No experience needed. Limited spots: https://t.ly/b086079,spam
Schnellkredit bis 5.000€ heute! Auch bei negativer Schufa. Beantragen: https://shorturl.at/a76084,spam
"WIN BIG! Mega Jackpot Casino - 200 FREE spins, no deposit! Play: https://cutt.ly/q93109 18+",spam
Empréstimo rápido até R$5.000 hoje! Nome sujo aprova. Solicite: https://cutt.ly/k636111,spam
Earn $3000/week working from home! No experience needed. Limited spots: https://cutt.ly/z832653,spam
Earn $3000/week working from home! No experience needed. Limited spots: https://cutt.ly/r4262,spam
Earn $3000/week working from home! No experience needed. Limited spots: https://t.ly/p760893,spam
"Need cash fast? Get up to $5,000 deposited TODAY. Bad credit OK! Apply: https://cutt.ly/p6175",spam
UITVERKOOP 80% korting alleen vandaag! Shop nu: https://tinyurl.com/n146235,spam
"Need cash fast? Get up to $5,000 deposited TODAY. Bad credit OK! Apply: https://shorturl.at/e8013",spam
"WIN BIG! Mega Jackpot Casino - 200 FREE spins, no deposit! Play: https://is.gd/m5858 18+",spam
Earn $3000/week working from home! No experience needed. Limited spots: https://is.gd/v57372,spam
网赚兼职日入500元，无需经验，加微信：zq31760,spam
"Need cash fast? Get up to $5,000 deposited TODAY. Bad credit OK! Apply: https://rb.gy/m9550",spam
Earn $3000/week working from home! No experience needed. Limited spots: https://bit.ly/k733659,spam
Earn $3000/week working from home! No experience needed. Limited spots: https://bit.ly/t3980,spam
Lose 15 lbs in 2 weeks with this 1 weird trick doctors HATE! Free trial: https://t.ly/c081618,spam
Lose 15 lbs in 2 weeks with this 1 weird trick doctors HATE! Free trial: https://shorturl.at/m051426,spam
Раздача! 1 990 ₽ каждому новому игроку казино: https://rb.gy/f149758 18+,spam
Gagnez 700€/semaine depuis chez vous! Aucune expérience. Rejoignez: https://t.ly/y3687,spam
"Bahis sitemize üye ol, 499 TL deneme bonusu kap: https://cutt.ly/r739341",spam
"Turant loan chahiye? Aaj hi 50,000 tak. Bina document. Apply: https://is.gd/u83601",spam
İNDİRİM! Bugüne özel %80 indirim! Hemen al: https://rb.gy/n9877,spam
"WIN BIG! Mega Jackpot Casino - 200 FREE spins, no deposit! Play: https://bit.ly/h025882 18+",spam
Earn $3000/week working from home! No experience needed. Limited spots: https://tinyurl.com/u77260,spam
Earn $3000/week working from home! No experience needed. Limited spots: https://shorturl.at/v02080,spam
Lose 15 lbs in 2 weeks with this 1 weird trick doctors HATE! Free trial: https://rb.gy/g43587,spam
Earn $3000/week working from home! No experience needed. Limited spots: https://is.gd/t773479,spam
网赚兼职日入500元，无需经验，加微信：zq63106,spam
"WIN BIG! Mega Jackpot Casino - 200 FREE spins, no deposit! Play: https://rb.gy/w25359 18+",spam
FLASH SALE 80% OFF everything today only! Shop now: https://bit.ly/b58565 Reply STOP to opt out,spam
Раздача! 499 ₽ каждому новому игроку казино: https://t.ly/e009128 18+,spam
"Need cash fast? Get up to $5,000 deposited TODAY. Bad credit OK! Apply: https://bit.ly/g36554",spam
"Cassino online: R$ 9,90 de bônus grátis para novos jogadores! https://bit.ly/d65674",spam
"WIN BIG! Mega Jackpot Casino - 200 FREE spins, no deposit! Play: https://cutt.ly/d162311 18+",spam
Perdez 10 kg en 2 semaines avec cette astuce! Essai gratuit: https://is.gd/r4580,spam
"WIN BIG! Mega Jackpot Casino - 200 FREE spins, no deposit! Play: https://t.ly/w766823 18+",spam
"WIN BIG! Mega Jackpot Casino - 200 FREE spins, no deposit! Play: https://is.gd/a5914 18+",spam
Perdez 10 kg en 2 semaines avec cette astuce! Essai gratuit: https://rb.gy/d78621,spam
Lose 15 lbs in 2 weeks with this 1 weird trick doctors HATE! Free trial: https://is.gd/y30406,spam
Earn $3000/week working from home! No experience needed. Limited spots: https://bit.ly/p17572,spam
Earn $3000/week working from home! No experience needed. Limited spots: https://is.gd/a3784,spam
Lose 15 lbs in 2 weeks with this 1 weird trick doctors HATE! Free trial: https://cutt.ly/g864641,spam
"Need cash fast? Get up to $5,000 deposited TODAY. Bad credit OK! Apply: https://shorturl.at/x64944",spam
"Need cash fast? Get up to $5,000 deposited TODAY. Bad credit OK! Apply: https://shorturl.at/q122779",spam
"Need cash fast? Get up to $5,000 deposited TODAY. Bad credit OK! Apply: https://bit.ly/j200066",spam
"Need cash fast? Get up to $5,000 deposited TODAY. Bad credit OK! Apply: https://is.gd/g2425",spam
"Need cash fast? Get up to $5,000 deposited TODAY. Bad credit OK! Apply: https://bit.ly/c24947",spam
SALDI 70% di sconto solo oggi! Acquista: https://t.ly/k69672,spam
"Cassino online: R$ 9,90 de bônus grátis para novos jogadores! https://shorturl.at/m296961",spam
PROMO 50% diskon hari ini saja! Beli sekarang: https://cutt.ly/h647440,spam
Lose 15 lbs in 2 weeks with this 1 weird trick doctors HATE! Free trial: https://t.ly/x40144,spam
"WIN BIG! Mega Jackpot Casino - 200 FREE spins, no deposit! Play: https://rb.gy/s5391 18+",spam
Perdez 10 kg en 2 semaines avec cette astuce! Essai gratuit: https://bit.ly/t272271,spam
"WIN BIG! Mega Jackpot Casino - 200 FREE spins, no deposit! Play: https://shorturl.at/g3185 18+",spam
"WIN BIG! Mega Jackpot Casino - 200 FREE spins, no deposit! Play: https://cutt.ly/x80909 18+",spam
Empréstimo rápido até R$5.000 hoje! Nome sujo aprova. Solicite: https://t.ly/k800018,spam
"¡Pierde 10 kilos en 2 semanas! Producto natural, prueba gratis: https://rb.gy/m6034",spam
PROMOÇÃO! 70% de desconto só hoje. Compre já: https://is.gd/j4901,spam
Gagnez 700€/semaine depuis chez vous! Aucune expérience. Rejoignez: https://shorturl.at/k8943,spam
"WIN BIG! Mega Jackpot Casino - 200 FREE spins, no deposit! Play: https://bit.ly/a02266 18+",spam
خصم 70% على منتجات التخسيس! اطلب الآن: https://tinyurl.com/s43224,spam
"Need cash fast? Get up to $5,000 deposited TODAY. Bad credit OK! Apply: https://is.gd/r74009",spam
Schnellkredit bis 5.000€ heute! Auch bei negativer Schufa. Beantragen: https://cutt.ly/h312476,spam
Schnellkredit bis 5.000€ heute! Auch bei negativer Schufa. Beantragen: https://bit.ly/j9281,spam
"Need cash fast? Get up to $5,000 deposited TODAY. Bad credit OK! Apply: https://tinyurl.com/k765600",spam
Lose 15 lbs in 2 weeks with this 1 weird trick doctors HATE! Free trial: https://bit.ly/g55993,spam
"WIN BIG! Mega Jackpot Casino - 200 FREE spins, no deposit! Play: https://tinyurl.com/k60277 18+",spam
Earn $3000/week working from home! No experience needed. Limited spots: https://rb.gy/v1131,spam
PROMOÇÃO! 90% de desconto só hoje. Compre já: https://rb.gy/k4985,spam
"WIN BIG! Mega Jackpot Casino - 200 FREE spins, no deposit! Play: https://rb.gy/q9104 18+",spam
Earn $3000/week working from home! No experience needed. Limited spots: https://is.gd/s5711,spam
PROMO 50% diskon hari ini saja! Beli sekarang: https://shorturl.at/p05267,spam
"Need cash fast? Get up to $5,000 deposited TODAY. Bad credit OK! Apply: https://t.ly/t61669",spam
UITVERKOOP 90% korting alleen vandaag! Shop nu: https://shorturl.at/a1910,spam
"WIN BIG! Mega Jackpot Casino - 200 FREE spins, no deposit! Play: https://bit.ly/h936669 18+",spam
Gagnez 700€/semaine depuis chez vous! Aucune expérience. Rejoignez: https://is.gd/c897461,spam
"¡Pierde 10 kilos en 2 semanas! Producto natural, prueba gratis: https://is.gd/y433862",spam
Earn $3000/week working from home! No experience needed. Limited spots: https://shorturl.at/s8232,spam
Lose 15 lbs in 2 weeks with this 1 weird trick doctors HATE! Free trial: https://is.gd/m9090,spam
"WIN BIG! Mega Jackpot Casino - 200 FREE spins, no deposit! Play: https://t.ly/k687241 18+",spam
"WIN BIG! Mega Jackpot Casino - 200 FREE spins, no deposit! Play: https://shorturl.at/k578832 18+",spam
Lose 15 lbs in 2 weeks with this 1 weird trick doctors HATE! Free trial: https://rb.gy/j332456,spam
限时90折！仅限今天，立即抢购：https://cutt.ly/y476268,spam
Раздача! 499 ₽ каждому новому игроку казино: https://t.ly/k751343 18+,spam
Earn $3000/week working from home! No experience needed. Limited spots: https://rb.gy/m9128,spam
"WIN BIG! Mega Jackpot Casino - 200 FREE spins, no deposit! Play: https://cutt.ly/k336026 18+",spam
"Need cash fast? Get up to $5,000 deposited TODAY. Bad credit OK! Apply: https://t.ly/j274515",spam
Lose 15 lbs in 2 weeks with this 1 weird trick doctors HATE! Free trial: https://bit.ly/f856876,spam
"Need cash fast? Get up to $5,000 deposited TODAY. Bad credit OK! Apply: https://t.ly/m3085",spam
限时90折！仅限今天，立即抢购：https://shorturl.at/k431377,spam
Earn $3000/week working from home! No experience needed. Limited spots: https://t.ly/x9005,spam
Lose 15 lbs in 2 weeks with this 1 weird trick doctors HATE! Free trial: https://is.gd/e8499,spam
Earn $3000/week working from home! No experience needed. Limited spots: https://bit.ly/n8007,spam
Lose 15 lbs in 2 weeks with this 1 weird trick doctors HATE! Free trial: https://tinyurl.com/d76262,spam
"WIN BIG! Mega Jackpot Casino - 200 FREE spins, no deposit! Play: https://rb.gy/q888737 18+",spam
Perdez 10 kg en 2 semaines avec cette astuce! Essai gratuit: https://cutt.ly/b74852,spam
Crédit rapide jusqu'à 10 000€ en 24h sans justificatif. Demandez: https://rb.gy/v97561,spam
¿Necesitas dinero? Hasta 5.000€ hoy mismo. Sin aval. Solicita: https://t.ly/c2220,spam
מבצע! 50% הנחה היום בלבד! לרכישה: https://cutt.ly/s30952,spam
"Need cash fast? Get up to $5,000 deposited TODAY. Bad credit OK! Apply: https://rb.gy/a229037",spam
SALDI 70% di sconto solo oggi! Acquista: https://is.gd/g46921,spam
Kerja dari rumah hingga 5 juta/minggu tanpa pengalaman! Gabung: https://shorturl.at/d8885,spam
تخفيضات 80% على كل المنتجات اليوم فقط! تسوق الآن: https://shorturl.at/a22611,spam
"Need cash fast? Get up to $5,000 deposited TODAY. Bad credit OK! Apply: https://bit.ly/r712750",spam
РАСПРОДАЖА! Скидка 90% только сегодня! Купить: https://cutt.ly/p70734,spam
Kerja dari rumah hingga 5 juta/minggu tanpa pengalaman! Gabung: https://is.gd/x75921,spam
UITVERKOOP 50% korting alleen vandaag! Shop nu: https://cutt.ly/e072773,spam
FLASH SALE 90% Rabatt nur heute! Jetzt kaufen: https://tinyurl.com/x435702,spam
UITVERKOOP 50% korting alleen vandaag! Shop nu: https://rb.gy/y688311,spam
PROMO! -90% sur tout aujourd'hui seulement. Achetez: https://bit.ly/p488332,spam
"Need cash fast? Get up to $5,000 deposited TODAY. Bad credit OK! Apply: https://shorturl.at/f920965",spam
"Need cash fast? Get up to $5,000 deposited TODAY. Bad credit OK! Apply: https://is.gd/d2664",spam
Earn $3000/week working from home! No experience needed. Limited spots: https://tinyurl.com/t8845,spam
تخفيضات 70% على كل المنتجات اليوم فقط! تسوق الآن: https://bit.ly/v99703,spam
PROMO! -50% sur tout aujourd'hui seulement. Achetez: https://bit.ly/h9255,spam
¡Gana 800€/semana desde casa! Sin experiencia. Únete: https://bit.ly/y402505,spam
UITVERKOOP 90% korting alleen vandaag! Shop nu: https://t.ly/v580053,spam
"WIN BIG! Mega Jackpot Casino - 200 FREE spins, no deposit! Play: https://shorturl.at/k072595 18+",spam
¡OFERTA! 90% de descuento solo hoy. Compra ya: https://cutt.ly/h452590,spam
Раздача! 14 500 ₽ каждому новому игроку казино: https://tinyurl.com/h8334 18+,spam
Earn $3000/week working from home! No experience needed. Limited spots: https://shorturl.at/w04572,spam
"WIN BIG! Mega Jackpot Casino - 200 FREE spins, no deposit! Play: https://tinyurl.com/f3070 18+",spam
"WIN BIG! Mega Jackpot Casino - 200 FREE spins, no deposit! Play: https://bit.ly/a060501 18+",spam
"Need cash fast? Get up to $5,000 deposited TODAY. Bad credit OK! Apply: https://rb.gy/h24565",spam
FLASH SALE 90% OFF everything today only! Shop now: https://t.ly/s1464 Reply STOP to opt out,spam
خصم 70% على منتجات التخسيس! اطلب الآن: https://bit.ly/r68372,spam
¡OFERTA! 50% de descuento solo hoy. Compra ya: https://is.gd/w717778,spam
Gagnez 700€/semaine depuis chez vous! Aucune expérience. Rejoignez: https://shorturl.at/a5656,spam
"Need cash fast? Get up to $5,000 deposited TODAY. Bad credit OK! Apply: https://shorturl.at/a0473",spam
限时70折！仅限今天，立即抢购：https://shorturl.at/x11223,spam
"WIN BIG! Mega Jackpot Casino - 200 FREE spins, no deposit! Play: https://t.ly/p06708 18+",spam
Pinjaman cepat cair hari ini hingga 10 juta tanpa jaminan! Daftar: https://is.gd/a817359,spam
Lose 15 lbs in 2 weeks with this 1 weird trick doctors HATE! Free trial: https://cutt.ly/t14402,spam
Lose 15 lbs in 2 weeks with this 1 weird trick doctors HATE! Free trial: https://cutt.ly/e55673,spam
"Need cash fast? Get up to $5,000 deposited TODAY. Bad credit OK! Apply: https://t.ly/w2195",spam
"Need cash fast? Get up to $5,000 deposited TODAY. Bad credit OK! Apply: https://t.ly/t436572",spam
Pinjaman cepat cair hari ini hingga 10 juta tanpa jaminan! Daftar: https://t.ly/h8200,spam
网赚兼职日入500元，无需经验，加微信：zq50984,spam
Earn $3000/week working from home! No experience needed. Limited spots: https://rb.gy/r42016,spam
Earn $3000/week working from home! No experience needed. Limited spots: https://is.gd/w255623,spam
PROMO 50% diskon hari ini saja! Beli sekarang: https://t.ly/k358192,spam
"Need cash fast? Get up to $5,000 deposited TODAY. Bad credit OK! Apply: https://t.ly/r178920",spam
"Turant loan chahiye? Aaj hi 50,000 tak. Bina document. Apply: https://cutt.ly/s135418",spam
РАСПРОДАЖА! Скидка 70% только сегодня! Купить: https://cutt.ly/p009779,spam
"WIN BIG! Mega Jackpot Casino - 200 FREE spins, no deposit! Play: https://cutt.ly/n2198 18+",spam
"Turant loan chahiye? Aaj hi 50,000 tak. Bina document. Apply: https://tinyurl.com/x18075",spam
网赚兼职日入500元，无需经验，加微信：zq21873,spam
FLASH SALE 50% Rabatt nur heute! Jetzt kaufen: https://tinyurl.com/j009943,spam
РАСПРОДАЖА! Скидка 90% только сегодня! Купить: https://shorturl.at/d945888,spam
本日限定80%OFFセール！今すぐ購入: https://shorturl.at/p3867,spam
Earn $3000/week working from home! No experience needed. Limited spots: https://cutt.ly/p9896,spam
İNDİRİM! Bugüne özel %90 indirim! Hemen al: https://shorturl.at/x12487,spam
Earn $3000/week working from home! No experience needed. Limited spots: https://bit.ly/n636249,spam
Crédit rapide jusqu'à 10 000€ en 24h sans justificatif. Demandez: https://shorturl.at/e36112,spam
Lose 15 lbs in 2 weeks with this 1 weird trick doctors HATE! Free trial: https://cutt.ly/e4939,spam
Lose 15 lbs in 2 weeks with this 1 weird trick doctors HATE! Free trial: https://is.gd/e6437,spam
"Need cash fast? Get up to $5,000 deposited TODAY. Bad credit OK! Apply: https://rb.gy/t2162",spam
"Need cash fast? Get up to $5,000 deposited TODAY. Bad credit OK! Apply: https://cutt.ly/r84796",spam
PROMO! -70% sur tout aujourd'hui seulement. Achetez: https://rb.gy/t7840,spam
Empréstimo rápido até R$5.000 hoje! Nome sujo aprova. Solicite: https://shorturl.at/v85177,spam
Lose 15 lbs in 2 weeks with this 1 weird trick doctors HATE! Free trial: https://t.ly/u2579,spam
Crédit rapide jusqu'à 10 000€ en 24h sans justificatif. Demandez: https://rb.gy/q8612,spam
РАСПРОДАЖА! Скидка 50% только сегодня! Купить: https://shorturl.at/p680271,spam
РАСПРОДАЖА! Скидка 50% только сегодня! Купить: https://bit.ly/c0531,spam
"Need cash fast? Get up to $5,000 deposited TODAY. Bad credit OK! Apply: https://t.ly/j23973",spam
Crédit rapide jusqu'à 10 000€ en 24h sans justificatif. Demandez: https://bit.ly/n17706,spam
PROMO 70% diskon hari ini saja! Beli sekarang: https://shorturl.at/e625428,spam
Lose 15 lbs in 2 weeks with this 1 weird trick doctors HATE! Free trial: https://cutt.ly/w20701,spam
İNDİRİM! Bugüne özel %50 indirim! Hemen al: https://tinyurl.com/a2052,spam
SALE! Aaj sirf 90% off. Abhi khareedein: https://tinyurl.com/q063076,spam
SALDI 50% di sconto solo oggi! Acquista: https://tinyurl.com/c58476,spam
Lose 15 lbs in 2 weeks with this 1 weird trick doctors HATE! Free trial: https://shorturl.at/d32535,spam
网赚兼职日入500元，无需经验，加微信：zq98097,spam
SALE! Aaj sirf 50% off. Abhi khareedein: https://is.gd/g041011,spam
Earn $3000/week working from home! No experience needed. Limited spots: https://cutt.ly/z8803,spam
Schnellkredit bis 5.000€ heute! Auch bei negativer Schufa. Beantragen: https://t.ly/e0914,spam
Earn $3000/week working from home! No experience needed. Limited spots: https://is.gd/e60925,spam
Earn $3000/week working from home! No experience needed. Limited spots: https://shorturl.at/m72554,spam
Earn $3000/week working from home! No experience needed. Limited spots: https://cutt.ly/s61798,spam
Lose 15 lbs in 2 weeks with this 1 weird trick doctors HATE! Free trial: https://t.ly/u507114,spam
¡OFERTA! 80% de descuento solo hoy. Compra ya: https://shorturl.at/s878037,spam
"WIN BIG! Mega Jackpot Casino - 200 FREE spins, no deposit! Play: https://rb.gy/m8542 18+",spam
"WIN BIG! Mega Jackpot Casino - 200 FREE spins, no deposit! Play: https://is.gd/s4618 18+",spam
Lose 15 lbs in 2 weeks with this 1 weird trick doctors HATE! Free trial: https://tinyurl.com/f40952,spam
"Need cash fast? Get up to $5,000 deposited TODAY. Bad credit OK! Apply: https://shorturl.at/f083448",spam
Lose 15 lbs in 2 weeks with this 1 weird trick doctors HATE! Free trial: https://shorturl.at/a722992,spam
"¡GANA! Casino VULKAN regala 1,99 € a nuevos jugadores: https://bit.ly/z6558 +18",spam
¡Gana 800€/semana desde casa! Sin experiencia. Únete: https://cutt.ly/e77925,spam
"WIN BIG! Mega Jackpot Casino - 200 FREE spins, no deposit! Play: https://shorturl.at/g63331 18+",spam
PROMO 50% diskon hari ini saja! Beli sekarang: https://t.ly/n3921,spam
Earn $3000/week working from home! No experience needed. Limited spots: https://shorturl.at/e7161,spam
Earn $3000/week working from home! No experience needed. Limited spots: https://bit.ly/d426568,spam
Earn $3000/week working from home! No experience needed. Limited spots: https://t.ly/c134849,spam
Lose 15 lbs in 2 weeks with this 1 weird trick doctors HATE! Free trial: https://is.gd/k56791,spam
Lose 15 lbs in 2 weeks with this 1 weird trick doctors HATE! Free trial: https://shorturl.at/f0731,spam
Empréstimo rápido até R$5.000 hoje! Nome sujo aprova. Solicite: https://is.gd/s5097,spam
"Need cash fast? Get up to $5,000 deposited TODAY. Bad credit OK! Apply: https://tinyurl.com/v1631",spam
"WIN BIG! Mega Jackpot Casino - 200 FREE spins, no deposit! Play: https://cutt.ly/t1992 18+",spam
Раздача! 499 ₽ каждому новому игроку казино: https://bit.ly/j54875 18+,spam
Kerja dari rumah hingga 5 juta/minggu tanpa pengalaman! Gabung: https://bit.ly/p1127,spam
Schnellkredit bis 5.000€ heute! Auch bei negativer Schufa. Beantragen: https://bit.ly/c09729,spam
İNDİRİM! Bugüne özel %90 indirim! Hemen al: https://tinyurl.com/k124435,spam
本日限定70%OFFセール！今すぐ購入: https://t.ly/d44768,spam
Lose 15 lbs in 2 weeks with this 1 weird trick doctors HATE! Free trial: https://shorturl.at/m7223,spam
"WIN BIG! Mega Jackpot Casino - 200 FREE spins, no deposit! Play: https://is.gd/t8189 18+",spam
Lose 15 lbs in 2 weeks with this 1 weird trick doctors HATE! Free trial: https://bit.ly/s3980,spam
מבצע! 70% הנחה היום בלבד! לרכישה: https://tinyurl.com/a7164,spam
Lose 15 lbs in 2 weeks with this 1 weird trick doctors HATE! Free trial: https://is.gd/g6263,spam
Schnellkredit bis 5.000€ heute! Auch bei negativer Schufa. Beantragen: https://shorturl.at/k85565,spam
Earn $3000/week working from home! No experience needed. Limited spots: https://bit.ly/q87733,spam
PROMOÇÃO! 50% de desconto só hoje. Compre já: https://is.gd/p52070,spam
¿Necesitas dinero? Hasta 5.000€ hoy mismo. Sin aval. Solicita: https://tinyurl.com/p827388,spam
PROMOÇÃO! 80% de desconto só hoje. Compre já: https://bit.ly/a370806,spam
"WIN BIG! Mega Jackpot Casino - 200 FREE spins, no deposit! Play: https://is.gd/k3727 18+",spam
SALDI 50% di sconto solo oggi! Acquista: https://tinyurl.com/e97814,spam
Lose 15 lbs in 2 weeks with this 1 weird trick doctors HATE! Free trial: https://t.ly/j219527,spam
"WIN BIG! Mega Jackpot Casino - 200 FREE spins, no deposit! Play: https://rb.gy/u8366 18+",spam
Lose 15 lbs in 2 weeks with this 1 weird trick doctors HATE! Free trial: https://cutt.ly/s7357,spam
Lose 15 lbs in 2 weeks with this 1 weird trick doctors HATE! Free trial: https://bit.ly/n57668,spam
Lose 15 lbs in 2 weeks with this 1 weird trick doctors HATE! Free trial: https://is.gd/m73914,spam
تخفيضات 80% على كل المنتجات اليوم فقط! تسوق الآن: https://tinyurl.com/u4529,spam
Earn $3000/week working from home! No experience needed. Limited spots: https://shorturl.at/z116259,spam
"WIN BIG! Mega Jackpot Casino - 200 FREE spins, no deposit! Play: https://t.ly/s7483 18+",spam
¿Necesitas dinero? Hasta 5.000€ hoy mismo. Sin aval. Solicita: https://tinyurl.com/m780480,spam
Earn $3000/week working from home! No experience needed. Limited spots: https://tinyurl.com/f062210,spam
Earn $3000/week working from home! No experience needed. Limited spots: https://shorturl.at/b98086,spam
在宅ワークで月50万円！スマホだけでOK。登録: https://bit.ly/w81272,spam
Lose 15 lbs in 2 weeks with this 1 weird trick doctors HATE! Free trial: https://tinyurl.com/r644471,spam
Earn $3000/week working from home! No experience needed. Limited spots: https://shorturl.at/m1093,spam
限时70折！仅限今天，立即抢购：https://tinyurl.com/x786290,spam
限时50折！仅限今天，立即抢购：https://tinyurl.com/j6022,spam
"WIN BIG! Mega Jackpot Casino - 200 FREE spins, no deposit! Play: https://bit.ly/y63808 18+",spam
"Need cash fast? Get up to $5,000 deposited TODAY. Bad credit OK! Apply: https://rb.gy/d45293",spam
İNDİRİM! Bugüne özel %90 indirim! Hemen al: https://t.ly/v999258,spam
Earn $3000/week working from home! No experience needed. Limited spots: https://is.gd/h8541,spam
"Need cash fast? Get up to $5,000 deposited TODAY. Bad credit OK! Apply: https://t.ly/u1999",spam
"WIN BIG! Mega Jackpot Casino - 200 FREE spins, no deposit! Play: https://shorturl.at/t02082 18+",spam
Lose 15 lbs in 2 weeks with this 1 weird trick doctors HATE! Free trial: https://t.ly/w76815,spam
Lose 15 lbs in 2 weeks with this 1 weird trick doctors HATE! Free trial: https://is.gd/d8967,spam
200 Freispiele ohne Einzahlung im Jackpot Casino! Jetzt spielen: https://is.gd/p67206,spam
Lose 15 lbs in 2 weeks with this 1 weird trick doctors HATE! Free trial: https://bit.ly/e0614,spam
在宅ワークで月50万円！スマホだけでOK。登録: https://rb.gy/w1996,spam
Lose 15 lbs in 2 weeks with this 1 weird trick doctors HATE! Free trial: https://t.ly/w2539,spam
"WIN BIG! Mega Jackpot Casino - 200 FREE spins, no deposit! Play: https://bit.ly/e512875 18+",spam
تخفيضات 70% على كل المنتجات اليوم فقط! تسوق الآن: https://shorturl.at/a8524,spam
Kerja dari rumah hingga 5 juta/minggu tanpa pengalaman! Gabung: https://bit.ly/p97175,spam
"WIN BIG! Mega Jackpot Casino - 200 FREE spins, no deposit! Play: https://shorturl.at/f061675 18+",spam
本日限定70%OFFセール！今すぐ購入: https://rb.gy/r9137,spam
Earn $3000/week working from home! No experience needed. Limited spots: https://tinyurl.com/j97376,spam
"WIN BIG! Mega Jackpot Casino - 200 FREE spins, no deposit! Play: https://is.gd/x534455 18+",spam
Kerja dari rumah hingga 5 juta/minggu tanpa pengalaman! Gabung: https://cutt.ly/h155054,spam
Earn $3000/week working from home! No experience needed. Limited spots: https://rb.gy/a3281,spam
"WIN BIG! Mega Jackpot Casino - 200 FREE spins, no deposit! Play: https://t.ly/y7136 18+",spam
"Need cash fast? Get up to $5,000 deposited TODAY. Bad credit OK! Apply: https://shorturl.at/m341701",spam
Lose 15 lbs in 2 weeks with this 1 weird trick doctors HATE! Free trial: https://tinyurl.com/e72984,spam
Bina diet weight ghatao! Ayurvedic capsule sirf 999. Order: https://shorturl.at/c20748,spam
"WIN BIG! Mega Jackpot Casino - 200 FREE spins, no deposit! Play: https://bit.ly/c534195 18+",spam
"WIN BIG! Mega Jackpot Casino - 200 FREE spins, no deposit! Play: https://bit.ly/r653619 18+",spam
Earn $3000/week working from home! No experience needed. Limited spots: https://rb.gy/e85579,spam
"WIN BIG! Mega Jackpot Casino - 200 FREE spins, no deposit! Play: https://shorturl.at/p6602 18+",spam
限时80折！仅限今天，立即抢购：https://tinyurl.com/k180951,spam
Earn $3000/week working from home! No experience needed. Limited spots: https://rb.gy/e82254,spam
Perdez 10 kg en 2 semaines avec cette astuce! Essai gratuit: https://tinyurl.com/u19845,spam
Perdez 10 kg en 2 semaines avec cette astuce! Essai gratuit: https://rb.gy/k92928,spam
PROMO 80% diskon hari ini saja! Beli sekarang: https://cutt.ly/j0552,spam
SALDI 90% di sconto solo oggi! Acquista: https://tinyurl.com/w4768,spam
Earn $3000/week working from home! No experience needed. Limited spots: https://tinyurl.com/e78445,spam
"WIN BIG! Mega Jackpot Casino - 200 FREE spins, no deposit! Play: https://is.gd/n50106 18+",spam
"Need cash fast? Get up to $5,000 deposited TODAY. Bad credit OK! Apply: https://shorturl.at/h7588",spam
"WIN BIG! Mega Jackpot Casino - 200 FREE spins, no deposit! Play: https://rb.gy/k93552 18+",spam
Earn $3000/week working from home! No experience needed. Limited spots: https://shorturl.at/u637347,spam
网赚兼职日入500元，无需经验，加微信：zq68855,spam
FLASH SALE 90% Rabatt nur heute! Jetzt kaufen: https://rb.gy/y522639,spam
Earn $3000/week working from home! No experience needed. Limited spots: https://cutt.ly/q4089,spam
Perdez 10 kg en 2 semaines avec cette astuce! Essai gratuit: https://shorturl.at/g53336,spam
Lose 15 lbs in 2 weeks with this 1 weird trick doctors HATE! Free trial: https://is.gd/s94520,spam
¡Gana 800€/semana desde casa! Sin experiencia. Únete: https://rb.gy/q40468,spam
"Cassino online: R$ 49,90 de bônus grátis para novos jogadores! https://shorturl.at/u1723",spam
"WIN BIG! Mega Jackpot Casino - 200 FREE spins, no deposit! Play: https://tinyurl.com/x6058 18+",spam
Earn $3000/week working from home! No experience needed. Limited spots: https://shorturl.at/k5805,spam
Lose 15 lbs in 2 weeks with this 1 weird trick doctors HATE! Free trial: https://cutt.ly/p47157,spam
Lose 15 lbs in 2 weeks with this 1 weird trick doctors HATE! Free trial: https://tinyurl.com/a10947,spam
Lose 15 lbs in 2 weeks with this 1 weird trick doctors HATE! Free trial: https://cutt.ly/z7646,spam
"WIN BIG! Mega Jackpot Casino - 200 FREE spins, no deposit! Play: https://cutt.ly/x65486 18+",spam
Earn $3000/week working from home! No experience needed. Limited spots: https://bit.ly/x62661,spam
"¡Pierde 10 kilos en 2 semanas! Producto natural, prueba gratis: https://t.ly/y18794",spam
Crédit rapide jusqu'à 10 000€ en 24h sans justificatif. Demandez: https://bit.ly/a06310,spam
"Need cash fast? Get up to $5,000 deposited TODAY. Bad credit OK! Apply: https://t.ly/f712989",spam
"Need cash fast? Get up to $5,000 deposited TODAY. Bad credit OK! Apply: https://shorturl.at/h8493",spam
"Need cash fast? Get up to $5,000 deposited TODAY. Bad credit OK! Apply: https://cutt.ly/g88930",spam
"WIN BIG! Mega Jackpot Casino - 200 FREE spins, no deposit! Play: https://tinyurl.com/v2440 18+",spam
"WIN BIG! Mega Jackpot Casino - 200 FREE spins, no deposit! Play: https://t.ly/d413149 18+",spam
FLASH SALE 90% OFF everything today only! Shop now: https://is.gd/p79864 Reply STOP to opt out,spam
"¡GANA! Casino VULKAN regala 184,50 € a nuevos jugadores: https://bit.ly/z002068 +18",spam
"Need cash fast? Get up to $5,000 deposited TODAY. Bad credit OK! Apply: https://bit.ly/p6293",spam
Earn $3000/week working from home! No experience needed. Limited spots: https://t.ly/b3646,spam
Earn $3000/week working from home! No experience needed. Limited spots: https://tinyurl.com/w167227,spam
Kerja dari rumah hingga 5 juta/minggu tanpa pengalaman! Gabung: https://rb.gy/k0708,spam
Lose 15 lbs in 2 weeks with this 1 weird trick doctors HATE! Free trial: https://shorturl.at/w0756,spam
Lose 15 lbs in 2 weeks with this 1 weird trick doctors HATE! Free trial: https://cutt.ly/x58702,spam
"Need cash fast? Get up to $5,000 deposited TODAY. Bad credit OK! Apply: https://shorturl.at/b6052",spam
"Need cash fast? Get up to $5,000 deposited TODAY. Bad credit OK! Apply: https://shorturl.at/q6314",spam
"WIN BIG! Mega Jackpot Casino - 200 FREE spins, no deposit! Play: https://bit.ly/d277919 18+",spam
Lose 15 lbs in 2 weeks with this 1 weird trick doctors HATE! Free trial: https://is.gd/v22575,spam
FLASH SALE 70% OFF everything today only! Shop now: https://tinyurl.com/x70956 Reply STOP to opt out,spam
本日限定70%OFFセール！今すぐ購入: https://rb.gy/p0472,spam
"WIN BIG! Mega Jackpot Casino - 200 FREE spins, no deposit! Play: https://cutt.ly/p774223 18+",spam
Crédit rapide jusqu'à 10 000€ en 24h sans justificatif. Demandez: https://bit.ly/x09969,spam
تخفيضات 50% على كل المنتجات اليوم فقط! تسوق الآن: https://bit.ly/e02780,spam
"¡GANA! Casino VULKAN regala 8,450 MXN a nuevos jugadores: https://bit.ly/j54072 +18",spam
网赚兼职日入500元，无需经验，加微信：zq88628,spam
¿Necesitas dinero? Hasta 5.000€ hoy mismo. Sin aval. Solicita: https://bit.ly/h170911,spam
Earn $3000/week working from home! No experience needed. Limited spots: https://bit.ly/y92205,spam
在宅ワークで月50万円！スマホだけでOK。登録: https://cutt.ly/d618141,spam
Lose 15 lbs in 2 weeks with this 1 weird trick doctors HATE! Free trial: https://shorturl.at/v01021,spam
Earn $3000/week working from home! No experience needed. Limited spots: https://shorturl.at/e21337,spam
FLASH SALE 50% Rabatt nur heute! Jetzt kaufen: https://is.gd/n6007,spam
Earn $3000/week working from home! No experience needed. Limited spots: https://bit.ly/z3642,spam
Bina diet weight ghatao! Ayurvedic capsule sirf 999. Order: https://t.ly/z40172,spam
"Need cash fast? Get up to $5,000 deposited TODAY. Bad credit OK! Apply: https://is.gd/m230907",spam
在宅ワークで月50万円！スマホだけでOK。登録: https://t.ly/s9757,spam
¡Gana 800€/semana desde casa! Sin experiencia. Únete: https://cutt.ly/q623603,spam
Kerja dari rumah hingga 5 juta/minggu tanpa pengalaman! Gabung: https://is.gd/r064440,spam
Pinjaman cepat cair hari ini hingga 10 juta tanpa jaminan! Daftar: https://cutt.ly/p9407,spam
Earn $3000/week working from home! No experience needed. Limited spots: https://cutt.ly/c51697,spam
本日限定50%OFFセール！今すぐ購入: https://is.gd/v23156,spam
"Need cash fast? Get up to $5,000 deposited TODAY. Bad credit OK! Apply: https://rb.gy/z71316",spam
Bina diet weight ghatao! Ayurvedic capsule sirf 999. Order: https://rb.gy/r837500,spam
"WIN BIG! Mega Jackpot Casino - 200 FREE spins, no deposit! Play: https://rb.gy/v22691 18+",spam
Lose 15 lbs in 2 weeks with this 1 weird trick doctors HATE! Free trial: https://tinyurl.com/y5947,spam
¡Gana 800€/semana desde casa! Sin experiencia. Únete: https://t.ly/w989441,spam
Earn $3000/week working from home! No experience needed. Limited spots: https://bit.ly/y47008,spam
本日限定90%OFFセール！今すぐ購入: https://cutt.ly/r7857,spam
SALE! Aaj sirf 70% off. Abhi khareedein: https://tinyurl.com/e922611,spam
Lose 15 lbs in 2 weeks with this 1 weird trick doctors HATE! Free trial: https://tinyurl.com/h1447,spam
"WIN BIG! Mega Jackpot Casino - 200 FREE spins, no deposit! Play: https://tinyurl.com/y4287 18+",spam
在宅ワークで月50万円！スマホだけでOK。登録: https://bit.ly/y77314,spam
Earn $3000/week working from home! No experience needed. Limited spots: https://tinyurl.com/z6284,spam
"Need cash fast? Get up to $5,000 deposited TODAY. Bad credit OK! Apply: https://is.gd/k32059",spam
Lose 15 lbs in 2 weeks with this 1 weird trick doctors HATE! Free trial: https://bit.ly/x086378,spam
SALDI 70% di sconto solo oggi! Acquista: https://is.gd/s19171,spam
РАСПРОДАЖА! Скидка 90% только сегодня! Купить: https://cutt.ly/m8339,spam
"WIN BIG! Mega Jackpot Casino - 200 FREE spins, no deposit! Play: https://rb.gy/e3745 18+",spam
"¡Pierde 10 kilos en 2 semanas! Producto natural, prueba gratis: https://rb.gy/b8392",spam
FLASH SALE 50% OFF everything today only! Shop now: https://tinyurl.com/m08422 Reply STOP to opt out,spam
"¡GANA! Casino VULKAN regala 1,99 € a nuevos jugadores: https://is.gd/r099873 +18",spam
"¡Pierde 10 kilos en 2 semanas! Producto natural, prueba gratis: https://shorturl.at/s4942",spam
"WIN BIG! Mega Jackpot Casino - 200 FREE spins, no deposit! Play: https://shorturl.at/y918887 18+",spam
خصم 70% على منتجات التخسيس! اطلب الآن: https://bit.ly/q31805,spam
Lose 15 lbs in 2 weeks with this 1 weird trick doctors HATE! Free trial: https://cutt.ly/z836913,spam
РАСПРОДАЖА! Скидка 70% только сегодня! Купить: https://shorturl.at/f8643,spam
UITVERKOOP 50% korting alleen vandaag! Shop nu: https://bit.ly/t31490,spam
Schnellkredit bis 5.000€ heute! Auch bei negativer Schufa. Beantragen: https://is.gd/p245790,spam
Crédit rapide jusqu'à 10 000€ en 24h sans justificatif. Demandez: https://rb.gy/h674566,spam
Lose 15 lbs in 2 weeks with this 1 weird trick doctors HATE! Free trial: https://tinyurl.com/w3643,spam
Kerja dari rumah hingga 5 juta/minggu tanpa pengalaman! Gabung: https://cutt.ly/j9928,spam
"¡GANA! Casino VULKAN regala 1,99 € a nuevos jugadores: https://t.ly/d0908 +18",spam
Bina diet weight ghatao! Ayurvedic capsule sirf 999. Order: https://bit.ly/t1061,spam
Earn $3000/week working from home! No experience needed. Limited spots: https://t.ly/t4444,spam
Pinjaman cepat cair hari ini hingga 10 juta tanpa jaminan! Daftar: https://t.ly/w0142,spam
"Cassino online: R$ 9,90 de bônus grátis para novos jogadores! https://bit.ly/w887123",spam
Lose 15 lbs in 2 weeks with this 1 weird trick doctors HATE! Free trial: https://is.gd/a2467,spam
BNI: Rekening Anda akan diblokir. Verifikasi data Anda: portal.login-pay.online,phishing
"AVISO: Peaje pendiente de 1,99 €. Pague ahora para evitar recargos: account.client-login.app",phishing
Banco do Brasil: Sua conta foi bloqueada. Atualize seus dados agora: id-check-service.top,phishing
Delhivery: Aapka parcel customs mein ruka hai. ₹499 pay karein: id-check-service-billing.net,phishing
India Post: Aapka parcel customs mein ruka hai. ₹99 pay karein: update.login.top,phishing
"Coinbase: Withdrawal of 0.45 BTC initiated. If this wasn't you, cancel immediately: verify.client.vip",phishing
"Poste Italiane: Il tuo pacco è in giacenza. Paga 1,99 € per lo sdoganamento: update.pay-pay.online",phishing
"ULTIMO AVVISO: Pedaggio non pagato di 184,50 €. Paga ora: update-login-billing.net",phishing
BCA: Rekening Anda akan diblokir. Verifikasi data Anda: billing-service.xyz,phishing
"DERNIER AVIS: Péage impayé de 12,90 €. Réglez maintenant pour éviter une amende: account-service-login.app",phishing
"Uma cobrança de R$ 1.482,00 foi feita. Se não reconhece, ligue para 06 49 55 17 47 imediatamente.",phishing
IRS: You have a pending tax refund of 499 TL. Claim before the deadline: billing.pay-billing.net,phishing
"Hi, this is HR. We're updating payroll. Please confirm your bank account details before Friday's run: payroll-service-billing.net",phishing
B a n k o f A m e r i c a A l e r t : Y o u r a c c o u n t h a s b e e n l o c k e d . V e r i f y n o w a t s e c u r e . s e r v i c e . t o p,phishing
FINAL NOTICE: Unpaid toll of ¥49.90. Pay now to avoid a late fee and license suspension: id-check-login-verify.net,phishing
"Hi, this is HR. We're updating payroll. Please confirm your bank account details before Friday's run: billing-service.cn-bank.com",phishing
"DHL: החבילה שלך מעוכבת במכס. שלם 1,490 ₪ לשחרור: account-service-pay.online",phishing
IRS: You have a pending tax refund of ¥9.90. Claim before the deadline: update.client-login.app,phishing
DHL: Your parcel is held pending a £1.10 customs fee. Pay within 24h or it returns to sender: account.pay.live,phishing
"Мам, это я, телефон сломался, вот мой новый номер. Срочно нужна помощь с переводом, потом объясню",phishing
"Coinbase: Withdrawal of 0.45 BTC initiated. If this wasn't you, cancel immediately: update.pay-verify.net",phishing
"ULTIMO AVVISO: Pedaggio non pagato di 499,99 €. Paga ora: verify.service.top",phishing
Your MetaMask wallet will be suspended. Validate your seed phrase to keep access: billing.login.cn-bank.com,phishing
"Uma cobrança de R$ 1.482,00 foi feita. Se não reconhece, ligue para 1-812-271-2371 imediatamente.",phishing
"Hi, this is HR. We're updating payroll. Please confirm your bank account details before Friday's run: verify-pay.info",phishing
"FINAL NOTICE: Unpaid toll of $1,482.00. Pay now to avoid a late fee and license suspension: account.client-login.app",phishing
Crédit Agricole: Votre compte a été bloqué. Vérifiez votre identité immédiatement: billing.service.top,phishing
"Receita Federal: Você tem uma restituição de R$ 49,90. Confirme seus dados: portal.service.info",phishing
LCL: Votre compte a été bloqué. Vérifiez votre identité immédiatement: verify-pay-secure.com,phishing
"Agenzia Entrate: Hai diritto a un rimborso di 499,99 €. Conferma i tuoi dati: billing-service-billing.net",phishing
SNS Bank: Uw rekening is geblokkeerd. Verifieer uw identiteit: id-check-client.xyz,phishing
Уour pаckаgе needs а fеe. Pау аt httрs://сutt.ly/a3277,phishing
FINAL NOTICE: Unpaid toll of £1.10. Pay now to avoid a late fee and license suspension: toll.service.info,phishing
FINAL NOTICE: Unpaid toll of 1 990 ₽. Pay now to avoid a late fee and license suspension: portal-client.xyz,phishing
بنك مصر: تم إيقاف حسابك مؤقتاً. تحقق من هويتك الآن: billing-client.vip,phishing
IRS: You have a pending tax refund of 9.90 ₪. Claim before the deadline: account-service.xyz,phishing
"FINAL NOTICE: Unpaid toll of 1,490 ₪. Pay now to avoid a late fee and license suspension: account.service.xyz",phishing
Sé lo que viste en internet. Te grabé con tu cámara. Paga $950 en Bitcoin en 48 horas o tus contactos verán el video.,phishing
"Coinbase: Se inició un retiro de 0.45 BTC. Si no fue usted, cancele aquí: account-login-pay.online",phishing
India Post: Aapka parcel customs mein ruka hai. ₹499 pay karein: portal-client-billing.net,phishing
"FINAL NOTICE: Unpaid toll of 1,490 ₪. Pay now to avoid a late fee and license suspension: portal-client.xyz",phishing
FINAL NOTICE: Unpaid toll of 499 TL. Pay now to avoid a late fee and license suspension: verify.pay-login.app,phishing
Hesabınızdan 499 TL çekildi. Tanımıyorsanız hemen +1 (881) 763-1623 numarasını arayın.,phishing
"Hi, this is HR. We're updating payroll. Please confirm your bank account details before Friday's run: id-check.pay-secure.com",phishing
Your MetaMask wallet will be suspended. Validate your seed phrase to keep access: restore-pay.top,phishing
"Se ha realizado un cargo de 499,99 € en su cuenta. Si no lo reconoce, llame al 07 92 92 96 96 de inmediato.",phishing
"Coinbase: Withdrawal of 0.45 BTC initiated. If this wasn't you, cancel immediately: id-check.pay-pay.online",phishing
أرامكس: شحنتك معلقة في الجمارك. ادفع 10 ريال للإفراج: verify.pay.info,phishing
"AVISO: Peaje pendiente de 8,450 MXN. Pague ahora para evitar recargos: update.client.xyz",phishing
"Ich weiß, welche Seiten Sie besucht haben. Ich habe Sie über die Kamera aufgenommen. Zahlen Sie 950$ in Bitcoin, sonst sehen es alle Kontakte.",phishing
C i t i b a n k A l e r t : Y o u r a c c o u n t h a s b e e n l o c k e d . V e r i f y n o w a t s e c u r e . p a y - l o g i n . a p p,phishing
"Coinbase: Se inició un retiro de 0.45 BTC. Si no fue usted, cancele aquí: portal.login-verify.net",phishing
"Eine Abbuchung von 499,99 € wurde vorgenommen. Falls nicht autorisiert, rufen Sie +44 7937 890772 an.",phishing
"PayPal: You sent 1,490 ₪ to GeekTech Store. If you did not authorize this, call +44 7605 858730 within 24 hrs.",phishing
IRS: You have a pending tax refund of $3.95. Claim before the deadline: verify.pay-pay.online,phishing
Santander: Sua conta foi bloqueada. Atualize seus dados agora: id-check-client-pay.online,phishing
"FINAL NOTICE: Unpaid toll of 1,490 ₪. Pay now to avoid a late fee and license suspension: id-check.login-verify.net",phishing
РаyPal: уоur асcоunt іs limіted. Restоrе аccess: іd-chеck.clіent.top,phishing
"FINAL NOTICE: Unpaid toll of ¥1,980. Pay now to avoid a late fee and license suspension: account-pay-verify.net",phishing
【顺丰速运】您的包裹因关税被扣留，请支付¥9.90：verify-login.top,phishing
IRS: You have a pending tax refund of 1.482 TL. Claim before the deadline: verify.client-verify.net,phishing
РауРаl: уour асcount is lіmіted. Rеstоre аcсess: іd-chеck.lоgіn.vір,phishing
"Correos: Su paquete está retenido en aduana. Pague 8,450 MXN para liberarlo: billing.login-secure.com",phishing
P a y P a l : y o u r a c c o u n t i s l i m i t e d . R e s t o r e a c c e s s : u p d a t e - c l i e n t - s e c u r e . c o m,phishing
"LAATSTE WAARSCHUWING: Onbetaalde tol € 184,50. Betaal nu: update-login-billing.net",phishing
"Hesabınızdan 19,90 TL çekildi. Tanımıyorsanız hemen 06 41 28 56 14 numarasını arayın.",phishing
DHL: Your parcel is held pending a £1.10 customs fee. Pay within 24h or it returns to sender: portal-pay-verify.net,phishing
"【京东物流】您的包裹因关税被扣留，请支付¥1,482：express-pay.cn-bank.com",phishing
Aapke account se ₹99 cut hua hai. Agar aapne nahi kiya to turant 1-816-540-6596 par call karein.,phishing
РaуPаl: уоur аccоunt is limitеd. Rеstоrе aссess: bіlling.sеrvісe.infо,phishing
FINAL NOTICE: Unpaid toll of 10 ريال. Pay now to avoid a late fee and license suspension: id-check-login-billing.net,phishing
Your MetaMask wallet will be suspended. Validate your seed phrase to keep access: id-check-service-secure.com,phishing
Уоur саrd іs susрendеd. Сall 888-402-1176 to rе-асtіvate.,phishing
بنك مصر: تم إيقاف حسابك مؤقتاً. تحقق من هويتك الآن: verify-pay-pay.online,phishing
Aapke account se ₹99 cut hua hai. Agar aapne nahi kiya to turant +1 (812) 628-6814 par call karein.,phishing
IRS: You have a pending tax refund of Rp 1.482.000. Claim before the deadline: verify-login-billing.net,phishing
Poste Italiane: Il tuo conto è stato bloccato. Verifica la tua identità: account-client-verify.net,phishing
FINAL NOTICE: Unpaid toll of $3.95. Pay now to avoid a late fee and license suspension: toll.service.info,phishing
SBI Alert: Aapka account block ho jayega. Turant KYC update karein: portal.service.cn-bank.com,phishing
"Geek Squad: Your $499.99 annual plan auto-renews today. To cancel, call 06 89 64 13 47 immediately.",phishing
СДЭК: Ваша посылка задержана на таможне. Оплатите 14 500 ₽: id-check.pay-billing.net,phishing
ING: Ihr Konto wurde gesperrt. Bestätigen Sie Ihre Identität: portal-service.top,phishing
"IRS: You have a pending tax refund of 19,90 TL. Claim before the deadline: account-login.top",phishing
FINAL NOTICE: Unpaid toll of ¥9.90. Pay now to avoid a late fee and license suspension: toll.client-login.app,phishing
أرامكس: شحنتك معلقة في الجمارك. ادفع 1.99 دولار للإفراج: portal.client-billing.net,phishing
"Coinbase: Withdrawal of 0.45 BTC initiated. If this wasn't you, cancel immediately: securityhold-service.vip",phishing
Your MetaMask wallet will be suspended. Validate your seed phrase to keep access: restore-service-login.app,phishing
La Banque Postale: Votre compte a été bloqué. Vérifiez votre identité immédiatement: account.login.top,phishing
Yоur cаrd іs susрended. Cаll 888-402-1176 tо rе-activаte.,phishing
בנק הפועלים: חשבונך הוגבל עקב פעילות חריגה. אמת את פרטיך: verify-client.vip,phishing
"Geek Squad: Your $1.99 annual plan auto-renews today. To cancel, call 06 17 27 14 84 immediately.",phishing
"IRS: You have a pending tax refund of $1,482.00. Claim before the deadline: update.login.live",phishing
"Coinbase: Инициирован вывод 0.45 BTC. Если это не вы, отмените: update.pay-verify.net",phishing
"Agencia Tributaria: Tiene un reembolso pendiente de 1,99 €. Reclámelo: portal-login.vip",phishing
Y0ur p@ck@g3 n33d$ @ f33. P@y @t http$://t1nyurl.c0m/w568737,phishing
"DHL: Ihr Paket konnte nicht zugestellt werden. Zollgebühr 9,90 €: billing-login.live",phishing
"DHL: Ihr Paket konnte nicht zugestellt werden. Zollgebühr 1,99 €: account-pay.vip",phishing
"PayPal: You sent 1.99 دولار to GeekTech Store. If you did not authorize this, call 07 19 62 27 25 within 24 hrs.",phishing
FINAL NOTICE: Unpaid toll of ¥49.90. Pay now to avoid a late fee and license suspension: verify.pay.xyz,phishing
"Coinbase: Withdrawal of 0.45 BTC initiated. If this wasn't you, cancel immediately: id-check-service.top",phishing
"Amazon Logistics: Your parcel is held pending a $1,482.00 customs fee. Pay within 24h or it returns to sender: update.service.xyz",phishing
IRS: You have a pending tax refund of Rp 1.482.000. Claim before the deadline: id-check-service-pay.online,phishing
"Er is € 1,99 afgeschreven. Niet herkend? Bel direct +1 (819) 419-6446.",phishing
بنك مصر: تم إيقاف حسابك مؤقتاً. تحقق من هويتك الآن: id-check-client.info,phishing
"AVISO: Peaje pendiente de 1,99 €. Pague ahora para evitar recargos: account-pay-pay.online",phishing
"ULTIMO AVVISO: Pedaggio non pagato di 499,99 €. Paga ora: update.login-login.app",phishing
Santander: Su cuenta ha sido bloqueada por seguridad. Verifique su identidad: portal-pay.top,phishing
JNE: Paket Anda tertahan di bea cukai. Bayar Rp 1.482.000: portal-login.xyz,phishing
Y o u r p a c k a g e n e e d s a f e e . P a y a t h t t p s : / / i s . g d / k 8 6 2 7 3 6,phishing
"Er is € 184,50 afgeschreven. Niet herkend? Bel direct 1-887-924-7249.",phishing
Banorte: Su cuenta ha sido bloqueada por seguridad. Verifique su identidad: billing.client-pay.online,phishing
Your MetaMask wallet will be suspended. Validate your seed phrase to keep access: portal.pay.top,phishing
Your MetaMask wallet will be suspended. Validate your seed phrase to keep access: restore-pay-login.app,phishing
Y0ur p@ck@g3 n33d$ @ f33. P@y @t http$://cutt.ly/u957652,phishing
"Agencia Tributaria: Tiene un reembolso pendiente de 1,99 €. Reclámelo: id-check.login.cn-bank.com",phishing
"Geek Squad: Your ¥49.90 annual plan auto-renews today. To cancel, call 1-814-318-1828 immediately.",phishing
HSBC Al3rt: Y0ur @cc0unt h@$ b33n l0ck3d. V3r1fy n0w @t b1ll1ng-$3rv1c3.v1p,phishing
Intesa Sanpaolo: Il tuo conto è stato bloccato. Verifica la tua identità: sicurezza-pay-login.app,phishing
"FINAL NOTICE: Unpaid toll of ¥1,482. Pay now to avoid a late fee and license suspension: portal-login-verify.net",phishing
"Agenzia Entrate: Hai diritto a un rimborso di 499,99 €. Conferma i tuoi dati: rimborso.client.xyz",phishing
"IRS: You have a pending tax refund of ¥4,990. Claim before the deadline: account.service.vip",phishing
"Coinbase: Withdrawal of 0.45 BTC initiated. If this wasn't you, cancel immediately: portal-login.vip",phishing
UniCredit: Il tuo conto è stato bloccato. Verifica la tua identità: account.pay-billing.net,phishing
"Hi, this is HR. We're updating payroll. Please confirm your bank account details before Friday's run: update-login.xyz",phishing
Blue Dart: Aapka parcel customs mein ruka hai. ₹499 pay karein: delivery-pay.info,phishing
Your bank card has been deactivated. Call 06 93 50 83 37 now to reactivate. Do NOT visit a branch.,phishing
"Impots.gouv: Vous avez droit à un remboursement de 184,50 €. Confirmez vos coordonnées: update.client-login.app",phishing
بنك مصر: تم إيقاف حسابك مؤقتاً. تحقق من هويتك الآن: portal.service-login.app,phishing
Your MetaMask wallet will be suspended. Validate your seed phrase to keep access: billing.service-secure.com,phishing
【みずほ銀行】お取引を一時制限しました。本人確認はこちら: billing-pay-verify.net,phishing
C​i​t​i​b​a​n​k​ ​A​l​e​r​t​:​ ​Y​o​u​r​ ​a​c​c​o​u​n​t​ ​h​a​s​ ​b​e​e​n​ ​l​o​c​k​e​d​.​ ​V​e​r​i​f​y​ ​n​o​w​ ​a​t​ ​p​o​r​t​a​l​-​s​e​r​v​i​c​e​-​b​i​l​l​i​n​g​.​n​e​t,phishing
【みずほ銀行】お取引を一時制限しました。本人確認はこちら: kakunin.login-verify.net,phishing
Уоur card іs suspendеd. Саll 888-402-1176 to re-activаte.,phishing
"DPD: Uw pakket wacht op een douanekosten van € 12,90: billing.login.xyz",phishing
IRS: You have a pending tax refund of 10 ريال. Claim before the deadline: refund.service-secure.com,phishing
"Addebito di 184,50 € effettuato. Se non riconosci, chiama il +44 7247 724678 entro 24h.",phishing
ING: Uw rekening is geblokkeerd. Verifieer uw identiteit: id-check-client.info,phishing
"С вашей карты списано 499 ₽. Если это не вы, срочно позвоните +44 7963 455117.",phishing
"Coinbase: Withdrawal of 0.45 BTC initiated. If this wasn't you, cancel immediately: account.client.cn-bank.com",phishing
Y​o​u​r​ ​p​a​c​k​a​g​e​ ​n​e​e​d​s​ ​a​ ​f​e​e​.​ ​P​a​y​ ​a​t​ ​h​t​t​p​s​:​/​/​b​i​t​.​l​y​/​v​8​0​7​9,phishing
"Dad it's me, I dropped my phone in the toilet, this is my temp number. I need to pay a bill today, can you help?",phishing
"Geek Squad: Your 10 ريال annual plan auto-renews today. To cancel, call 1-823-401-6219 immediately.",phishing
IRS: You have a pending tax refund of 9.90 ₪. Claim before the deadline: id-check-pay.xyz,phishing
【工商银行】您的银行卡已被冻结，请立即验证身份：update.pay.cn-bank.com,phishing
Y​o​u​r​ ​c​a​r​d​ ​i​s​ ​s​u​s​p​e​n​d​e​d​.​ ​C​a​l​l​ ​8​8​8​-​4​0​2​-​1​1​7​6​ ​t​o​ ​r​e​-​a​c​t​i​v​a​t​e​.,phishing
"Coinbase: Withdrawal of 0.45 BTC initiated. If this wasn't you, cancel immediately: update.login.vip",phishing
"Agenzia Entrate: Hai diritto a un rimborso di 499,99 €. Conferma i tuoi dati: portal.service.xyz",phishing
"Eine Abbuchung von 9,90 € wurde vorgenommen. Falls nicht autorisiert, rufen Sie +1 (878) 357-2556 an.",phishing
ICICI Alert: Aapka account block ho jayega. Turant KYC update karein: id-check-pay.top,phishing
Nubank: Sua conta foi bloqueada. Atualize seus dados agora: cliente.login-secure.com,phishing
"DHL: Sua encomenda está retida na alfândega. Pague R$ 1.482,00: verify-client.xyz",phishing
【工商银行】您的银行卡已被冻结，请立即验证身份：verify.pay.live,phishing
"Hi, this is HR. We're updating payroll. Please confirm your bank account details before Friday's run: payroll.pay-login.app",phishing
IRS: You have a pending tax refund of Rp 49.900. Claim before the deadline: portal-login-pay.online,phishing
"DERNIER AVIS: Péage impayé de 499,99 €. Réglez maintenant pour éviter une amende: billing-client-secure.com",phishing
"Coinbase: Инициирован вывод 0.45 BTC. Если это не вы, отмените: update-service.top",phishing
"Halo ma, hp ku rusak, ini nomor baru. Bisa bantu transfer dulu? Nanti aku jelasin",phishing
"Un prélèvement de 499,99 € a été effectué. Si vous n'êtes pas à l'origine, appelez le 07 51 89 34 96 sous 24h.",phishing
"Coinbase: Withdrawal of 0.45 BTC initiated. If this wasn't you, cancel immediately: update.client.info",phishing
BPER: Il tuo conto è stato bloccato. Verifica la tua identità: verify-service.vip,phishing
DPD: Ваша посылка задержана на таможне. Оплатите 499 ₽: account.client.info,phishing
"С вашей карты списано 499 ₽. Если это не вы, срочно позвоните +44 7978 859950.",phishing
"Addebito di 184,50 € effettuato. Se non riconosci, chiama il 1-829-251-5827 entro 24h.",phishing
"Er is € 184,50 afgeschreven. Niet herkend? Bel direct +1 (826) 501-6860.",phishing
IRS: You have a pending tax refund of ¥9.90. Claim before the deadline: portal-service.vip,phishing
FINAL NOTICE: Unpaid toll of 1 990 ₽. Pay now to avoid a late fee and license suspension: portal.client.info,phishing
L l o y d s A l e r t : Y o u r a c c o u n t h a s b e e n l o c k e d . V e r i f y n o w a t s e c u r e . l o g i n . l i v e,phishing
"DPD: Uw pakket wacht op een douanekosten van € 184,50: pakket-pay-billing.net",phishing
"Hi, this is HR. We're updating payroll. Please confirm your bank account details before Friday's run: account.client.vip",phishing
FINAL NOTICE: Unpaid toll of 278 ₪. Pay now to avoid a late fee and license suspension: portal-login-login.app,phishing
IRS: You have a pending tax refund of 14 500 ₽. Claim before the deadline: id-check-pay.cn-bank.com,phishing
Your MetaMask wallet will be suspended. Validate your seed phrase to keep access: account.login.live,phishing
Y o u r p a c k a g e n e e d s a f e e . P a y a t h t t p s : / / r b . g y / f 2 5 8 1 1,phishing
C​i​t​i​b​a​n​k​ ​A​l​e​r​t​:​ ​Y​o​u​r​ ​a​c​c​o​u​n​t​ ​h​a​s​ ​b​e​e​n​ ​l​o​c​k​e​d​.​ ​V​e​r​i​f​y​ ​n​o​w​ ​a​t​ ​s​e​c​u​r​e​.​l​o​g​i​n​-​b​i​l​l​i​n​g​.​n​e​t,phishing
India Post: Aapka parcel customs mein ruka hai. ₹99 pay karein: account-login-verify.net,phishing
"Impots.gouv: Vous avez droit à un remboursement de 499,99 €. Confirmez vos coordonnées: remboursement-client.cn-bank.com",phishing
Y o u r c a r d i s s u s p e n d e d . C a l l 8 8 8 - 4 0 2 - 1 1 7 6 t o r e - a c t i v a t e .,phishing
Your MetaMask wallet will be suspended. Validate your seed phrase to keep access: billing-pay-login.app,phishing
P@yP@l: y0ur @cc0unt 1$ l1m1t3d. R3$t0r3 @cc3$$: upd@t3.l0g1n.xyz,phishing
IRS: You have a pending tax refund of Rp 1.482.000. Claim before the deadline: update.service.cn-bank.com,phishing
"Anne benim, telefonum bozuldu, bu yeni numaram. Acil bir ödeme için yardımına ihtiyacım var",phishing
"Finanzamt: Ihnen steht eine Erstattung von 184,50 € zu. Bestätigen Sie Ihre Daten: billing.client-secure.com",phishing
B@rcl@y$ Al3rt: Y0ur @cc0unt h@$ b33n l0ck3d. V3r1fy n0w @t 1d-ch3ck-$3rv1c3-v3r1fy.n3t,phishing
"Ihr WhatsApp-Konto wird deaktiviert. Leiten Sie den soeben gesendeten 6-stelligen Code weiter, um es zu behalten.",phishing
IRS: You have a pending tax refund of 278 ₪. Claim before the deadline: account-login-pay.online,phishing
"FINAL NOTICE: Unpaid toll of ¥1,980. Pay now to avoid a late fee and license suspension: update-login.xyz",phishing
Aras Kargo: Paketiniz gümrükte bekliyor. 499 TL ödeyin: id-check.service-billing.net,phishing
Y​o​u​r​ ​p​a​c​k​a​g​e​ ​n​e​e​d​s​ ​a​ ​f​e​e​.​ ​P​a​y​ ​a​t​ ​h​t​t​p​s​:​/​/​r​b​.​g​y​/​c​6​7​9​4​5​9,phishing
"Eine Abbuchung von 9,90 € wurde vorgenommen. Falls nicht autorisiert, rufen Sie 1-845-578-8134 an.",phishing
W3ll$ F@rg0 Al3rt: Y0ur @cc0unt h@$ b33n l0ck3d. V3r1fy n0w @t $3cur3.$3rv1c3-l0g1n.@pp,phishing
"Amazon Logistics: Your parcel is held pending a $1,482.00 customs fee. Pay within 24h or it returns to sender: redelivery.client.top",phishing
Y0ur c@rd 1$ $u$p3nd3d. C@ll 888-402-1176 t0 r3-@ct1v@t3.,phishing
"Mondial Relay: Votre colis est bloqué. Frais de 12,90 € requis sous 48h: billing.login.top",phishing
Banco do Brasil: Sua conta foi bloqueada. Atualize seus dados agora: billing.login-verify.net,phishing
FINAL NOTICE: Unpaid toll of Rp 49.900. Pay now to avoid a late fee and license suspension: billing-service.live,phishing
IRS: You have a pending tax refund of 500 ريال. Claim before the deadline: refund.service.top,phishing
"UPS: החבילה שלך מעוכבת במכס. שלם 1,490 ₪ לשחרור: fee.pay-verify.net",phishing
IRS: You have a pending tax refund of 1.99 دولار. Claim before the deadline: refund.login-pay.online,phishing
"DPD: Uw pakket wacht op een douanekosten van € 1,99: account.service-billing.net",phishing
Wells Fargo Alert: Your account has been LOCKED due to suspicious activity. Verify your identity now: billing.service.cn-bank.com,phishing
P a y P a l : y o u r a c c o u n t i s l i m i t e d . R e s t o r e a c c e s s : b i l l i n g . l o g i n . i n f o,phishing
La Banque Postale: Votre compte a été bloqué. Vérifiez votre identité immédiatement: billing.login-pay.online,phishing
FINAL NOTICE: Unpaid toll of 278 ₪. Pay now to avoid a late fee and license suspension: id-check.service.live,phishing
IRS: You have a pending tax refund of $3.95. Claim before the deadline: portal.client-pay.online,phishing
Ziraat Bankası: Hesabınız askıya alındı. Kimliğinizi doğrulayın: portal-pay-verify.net,phishing
Y​o​u​r​ ​p​a​c​k​a​g​e​ ​n​e​e​d​s​ ​a​ ​f​e​e​.​ ​P​a​y​ ​a​t​ ​h​t​t​p​s​:​/​/​s​h​o​r​t​u​r​l​.​a​t​/​h​8​6​5​9,phishing
"Hi, this is HR. We're updating payroll. Please confirm your bank account details before Friday's run: id-check-service.info",phishing
"Coinbase: Auszahlung von 0,45 BTC eingeleitet. Falls nicht von Ihnen, hier stornieren: portal.client.info",phishing
"Hi, this is HR. We're updating payroll. Please confirm your bank account details before Friday's run: portal.pay-verify.net",phishing
Y​o​u​r​ ​p​a​c​k​a​g​e​ ​n​e​e​d​s​ ​a​ ​f​e​e​.​ ​P​a​y​ ​a​t​ ​h​t​t​p​s​:​/​/​r​b​.​g​y​/​s​3​8​7​9​0,phishing
РayPаl: your аccоunt іs lіmited. Rеstоre аccеss: pоrtаl.clіеnt.xуz,phishing
Y0ur p@ck@g3 n33d$ @ f33. P@y @t http$://t1nyurl.c0m/u7158,phishing
"PayPal: You sent ¥1,482 to GeekTech Store. If you did not authorize this, call +1 (874) 652-4098 within 24 hrs.",phishing
【中国邮政】您的包裹因关税被扣留，请支付¥49.90：portal-service.top,phishing
"Geek Squad: Your ¥49.90 annual plan auto-renews today. To cancel, call 1-857-852-8704 immediately.",phishing
"IRS: You have a pending tax refund of ₹1,482. Claim before the deadline: portal-pay.live",phishing
C​i​t​i​b​a​n​k​ ​A​l​e​r​t​:​ ​Y​o​u​r​ ​a​c​c​o​u​n​t​ ​h​a​s​ ​b​e​e​n​ ​l​o​c​k​e​d​.​ ​V​e​r​i​f​y​ ​n​o​w​ ​a​t​ ​s​e​c​u​r​e​-​c​l​i​e​n​t​.​t​o​p,phishing
Your bank card has been deactivated. Call 07 97 90 65 25 now to reactivate. Do NOT visit a branch.,phishing
"Coinbase: Withdrawal of 0.45 BTC initiated. If this wasn't you, cancel immediately: securityhold-pay.info",phishing
"Coinbase: Withdrawal of 0.45 BTC initiated. If this wasn't you, cancel immediately: portal.client.live",phishing
"Coinbase: Withdrawal of 0.45 BTC initiated. If this wasn't you, cancel immediately: id-check.client.top",phishing
Hesabınızdan 1.482 TL çekildi. Tanımıyorsanız hemen +1 (834) 361-7814 numarasını arayın.,phishing
"Coinbase: Withdrawal of 0.45 BTC initiated. If this wasn't you, cancel immediately: billing.service.xyz",phishing
P a y P a l : y o u r a c c o u n t i s l i m i t e d . R e s t o r e a c c e s s : r e s t o r e . l o g i n - v e r i f y . n e t,phishing
【中国银行】您的银行卡已被冻结，请立即验证身份：verify-pay.cn-bank.com,phishing
"Mondial Relay: Votre colis est bloqué. Frais de 499,99 € requis sous 48h: colis-login.cn-bank.com",phishing
FINAL NOTICE: Unpaid toll of 1.99 دولار. Pay now to avoid a late fee and license suspension: portal.service-billing.net,phishing
Paytm Alert: Aapka account block ho jayega. Turant KYC update karein: portal-service.xyz,phishing
"Are you at your desk? I need you to process an urgent vendor payment, keep this confidential for now. Reply when ready.",phishing
"Impots.gouv: Vous avez droit à un remboursement de 12,90 €. Confirmez vos coordonnées: verify-service.top",phishing
IRS: You have a pending tax refund of 1.99 دولار. Claim before the deadline: portal.service-secure.com,phishing
SiCepat: Paket Anda tertahan di bea cukai. Bayar Rp 9.900: update-service.live,phishing
IRS: You have a pending tax refund of $1.99. Claim before the deadline: refund-pay.top,phishing
"Coinbase: Withdrawal of 0.45 BTC initiated. If this wasn't you, cancel immediately: update.service.top",phishing
"Coinbase: Withdrawal of 0.45 BTC initiated. If this wasn't you, cancel immediately: id-check-pay-secure.com",phishing
"AVISO FINAL: Pedágio não pago de R$ 1.482,00. Pague agora: billing-login-verify.net",phishing
"Receita Federal: Você tem uma restituição de R$ 9,90. Confirme seus dados: billing-login.cn-bank.com",phishing
"Hesabınızdan 19,90 TL çekildi. Tanımıyorsanız hemen 06 99 67 36 64 numarasını arayın.",phishing
"PayPal: You sent 278 ₪ to GeekTech Store. If you did not authorize this, call +1 (888) 981-2582 within 24 hrs.",phishing
Your MetaMask wallet will be suspended. Validate your seed phrase to keep access: id-check.client.vip,phishing
Aapke account se ₹499 cut hua hai. Agar aapne nahi kiya to turant +44 7350 911958 par call karein.,phishing
"Hi, this is HR. We're updating payroll. Please confirm your bank account details before Friday's run: verify.login-verify.net",phishing
Banorte: Su cuenta ha sido bloqueada por seguridad. Verifique su identidad: seguridad.client.live,phishing
Lloyds Alert: Your account has been LOCKED due to suspicious activity. Verify your identity now: portal.service-billing.net,phishing
"Coinbase: Withdrawal of 0.45 BTC initiated. If this wasn't you, cancel immediately: securityhold.login.vip",phishing
"AVISO FINAL: Pedágio não pago de R$ 9,90. Pague agora: account-login.live",phishing
"AVISO FINAL: Pedágio não pago de R$ 49,90. Pague agora: id-check-client-pay.online",phishing
Société Générale: Votre compte a été bloqué. Vérifiez votre identité immédiatement: update-service.xyz,phishing
"Coinbase: Withdrawal of 0.45 BTC initiated. If this wasn't you, cancel immediately: billing-client.info",phishing
Your MetaMask wallet will be suspended. Validate your seed phrase to keep access: portal-pay-secure.com,phishing
"Er is € 184,50 afgeschreven. Niet herkend? Bel direct 1-837-973-6304.",phishing
Aapke account se ₹99 cut hua hai. Agar aapne nahi kiya to turant 1-855-509-2902 par call karein.,phishing
"AVISO: Peaje pendiente de 184,50 €. Pague ahora para evitar recargos: billing.login.info",phishing
Your bank card has been deactivated. Call +1 (884) 811-9766 now to reactivate. Do NOT visit a branch.,phishing
"Un prélèvement de 12,90 € a été effectué. Si vous n'êtes pas à l'origine, appelez le +44 7280 292864 sous 24h.",phishing
Your MetaMask wallet will be suspended. Validate your seed phrase to keep access: id-check-service-verify.net,phishing
FINAL NOTICE: Unpaid toll of ₹99. Pay now to avoid a late fee and license suspension: update.service.top,phishing
SNS Bank: Uw rekening is geblokkeerd. Verifieer uw identiteit: portal-service-pay.online,phishing
Wells Fargo Alert: Yоur ассount has been lоcked. Verifу now аt acсоunt.сliеnt.vip,phishing
"דואר ישראל: החבילה שלך מעוכבת במכס. שלם 1,490 ₪ לשחרור: update.login.cn-bank.com",phishing
"GLS: Il tuo pacco è in giacenza. Paga 1,99 € per lo sdoganamento: account-login.vip",phishing
"Coinbase: Se inició un retiro de 0.45 BTC. Si no fue usted, cancele aquí: verify.pay-verify.net",phishing
"IRS: You have a pending tax refund of 19,90 TL. Claim before the deadline: verify.service.info",phishing
"UPS: החבילה שלך מעוכבת במכס. שלם 1,490 ₪ לשחרור: fee.service.live",phishing
B a n k o f A m e r i c a A l e r t : Y o u r a c c o u n t h a s b e e n l o c k e d . V e r i f y n o w a t a c c o u n t . l o g i n . l i v e,phishing
"AVISO: Peaje pendiente de 1,99 €. Pague ahora para evitar recargos: verify.pay-pay.online",phishing
Your bank card has been deactivated. Call 1-842-447-3119 now to reactivate. Do NOT visit a branch.,phishing
IRS: You have a pending tax refund of £278.44. Claim before the deadline: verify-login.vip,phishing
"Coinbase: Withdrawal of 0.45 BTC initiated. If this wasn't you, cancel immediately: portal-pay-verify.net",phishing
FINAL NOTICE: Unpaid toll of Rp 1.482.000. Pay now to avoid a late fee and license suspension: portal.pay-pay.online,phishing
"Geek Squad: Your $3.95 annual plan auto-renews today. To cancel, call 1-817-792-8540 immediately.",phishing
"Hi, this is HR. We're updating payroll. Please confirm your bank account details before Friday's run: account-client.vip",phishing
"Coinbase: Инициирован вывод 0.45 BTC. Если это не вы, отмените: update-pay-secure.com",phishing
FINAL NOTICE: Unpaid toll of 1.482 TL. Pay now to avoid a late fee and license suspension: verify-service-login.app,phishing
DPD: Ваша посылка задержана на таможне. Оплатите 1 990 ₽: account.pay.xyz,phishing
Y o u r p a c k a g e n e e d s a f e e . P a y a t h t t p s : / / r b . g y / f 3 9 5 9 7,phishing
"Receita Federal: Você tem uma restituição de R$ 49,90. Confirme seus dados: update-client.xyz",phishing
"ULTIMO AVVISO: Pedaggio non pagato di 184,50 €. Paga ora: id-check-service-billing.net",phishing
"Un prélèvement de 12,90 € a été effectué. Si vous n'êtes pas à l'origine, appelez le 06 46 64 99 62 sous 24h.",phishing
"Receita Federal: Você tem uma restituição de R$ 9,90. Confirme seus dados: verify-service-pay.online",phishing
"LAATSTE WAARSCHUWING: Onbetaalde tol € 184,50. Betaal nu: id-check-client.live",phishing
"Coinbase: Withdrawal of 0.45 BTC initiated. If this wasn't you, cancel immediately: id-check.login.cn-bank.com",phishing
"Coinbase: Withdrawal of 0.45 BTC initiated. If this wasn't you, cancel immediately: verify.service.top",phishing
【みずほ銀行】お取引を一時制限しました。本人確認はこちら: id-check-client.vip,phishing
PаyРаl: your account іs lіmitеd. Restоre accеss: роrtаl-servісе-рay.onlіnе,phishing
BPER: Il tuo conto è stato bloccato. Verifica la tua identità: portal-client.top,phishing
בנק לאומי: חשבונך הוגבל עקב פעילות חריגה. אמת את פרטיך: verify.client.top,phishing
Your bank card has been deactivated. Call +44 7906 925497 now to reactivate. Do NOT visit a branch.,phishing
Your MetaMask wallet will be suspended. Validate your seed phrase to keep access: verify.client-login.app,phishing
"LAATSTE WAARSCHUWING: Onbetaalde tol € 12,90. Betaal nu: account.login.cn-bank.com",phishing
بنك الرياض: تم إيقاف حسابك مؤقتاً. تحقق من هويتك الآن: verify.client-pay.online,phishing
"Se ha realizado un cargo de 8,450 MXN en su cuenta. Si no lo reconoce, llame al 06 47 78 22 39 de inmediato.",phishing
"Sua conta do WhatsApp será desativada. Para mantê-la, encaminhe o código de 6 dígitos que acabamos de enviar.",phishing
"Coinbase: Withdrawal of 0.45 BTC initiated. If this wasn't you, cancel immediately: update.client-verify.net",phishing
"DHL: Su paquete está retenido en aduana. Pague 499,99 € para liberarlo: verify.service.live",phishing
"Chronopost: Votre colis est bloqué. Frais de 1,99 € requis sous 48h: update.service-pay.online",phishing
La Banque Postale: Votre compte a été bloqué. Vérifiez votre identité immédiatement: verify-login-billing.net,phishing
"Hesabınızdan 19,90 TL çekildi. Tanımıyorsanız hemen 1-840-499-3105 numarasını arayın.",phishing
Hier ist der Chef. Bin im Meeting. Kauf bitte 5 Apple-Geschenkkarten zu je 100€ für Kunden und schick mir die Codes.,phishing
"Tu cuenta de WhatsApp será desactivada. Para mantenerla, reenvía el código de 6 dígitos que acabamos de enviarte.",phishing
"Coinbase: Withdrawal of 0.45 BTC initiated. If this wasn't you, cancel immediately: billing-pay-billing.net",phishing
"IRS: You have a pending tax refund of ¥1,980. Claim before the deadline: account.pay.cn-bank.com",phishing
FINAL NOTICE: Unpaid toll of 500 ريال. Pay now to avoid a late fee and license suspension: update-login-login.app,phishing
"Belastingdienst: U krijgt € 184,50 terug. Bevestig uw gegevens: billing.pay.cn-bank.com",phishing
"FINAL NOTICE: Unpaid toll of ¥4,990. Pay now to avoid a late fee and license suspension: id-check.pay.live",phishing
"DHL: Sua encomenda está retida na alfândega. Pague R$ 9,90: encomenda.client.xyz",phishing
"Hi mum, my phone broke so this is my new number. Can you message me on WhatsApp? Something urgent came up x",phishing
Y0ur p@ck@g3 n33d$ @ f33. P@y @t http$://1$.gd/j002196,phishing
"Geek Squad: Your 9.90 ₪ annual plan auto-renews today. To cancel, call 1-842-944-3657 immediately.",phishing
أرامكس: شحنتك معلقة في الجمارك. ادفع 1.99 دولار للإفراج: verify-client-verify.net,phishing
Уоur cаrd is suspended. Сall 888-402-1176 tо re-асtivatе.,phishing
Тинькофф: Ваша карта заблокирована. Подтвердите личность: verify-client-pay.online,phishing
Your MetaMask wallet will be suspended. Validate your seed phrase to keep access: verify.client-billing.net,phishing
"Coinbase: Withdrawal of 0.45 BTC initiated. If this wasn't you, cancel immediately: id-check-client.live",phishing
"LAATSTE WAARSCHUWING: Onbetaalde tol € 184,50. Betaal nu: portal.service.live",phishing
Your MetaMask wallet will be suspended. Validate your seed phrase to keep access: account-client-secure.com,phishing
P a y P a l : y o u r a c c o u n t i s l i m i t e d . R e s t o r e a c c e s s : p o r t a l . p a y . c n - b a n k . c o m,phishing
"Jadlog: Sua encomenda está retida na alfândega. Pague R$ 1.482,00: portal.service-verify.net",phishing
"Hey it's me, new number, old phone died. Need a quick favour, can you transfer me some money? I'll explain later",phishing
P@yP@l: y0ur @cc0unt 1$ l1m1t3d. R3$t0r3 @cc3$$: v3r1fy.p@y.cn-b@nk.c0m,phishing
"Hallo Mama, mein Handy ist kaputt. Das ist meine neue Nummer. Kannst du mir schnell bei einer Überweisung helfen?",phishing
"FINAL NOTICE: Unpaid toll of 19,90 TL. Pay now to avoid a late fee and license suspension: toll-login-secure.com",phishing
"Se ha realizado un cargo de 499,99 € en su cuenta. Si no lo reconoce, llame al 1-886-953-2926 de inmediato.",phishing
BCA: Rekening Anda akan diblokir. Verifikasi data Anda: verifikasi-login.cn-bank.com,phishing
"BRT: Il tuo pacco è in giacenza. Paga 184,50 € per lo sdoganamento: pacco.login-billing.net",phishing
"Geek Squad: Your ¥1,980 annual plan auto-renews today. To cancel, call +44 7814 854329 immediately.",phishing
FINAL NOTICE: Unpaid toll of ₹99. Pay now to avoid a late fee and license suspension: update.pay.top,phishing
"Coinbase: Withdrawal of 0.45 BTC initiated. If this wasn't you, cancel immediately: id-check.pay-login.app",phishing
"DHL: Su paquete está retenido en aduana. Pague 184,50 € para liberarlo: aduana.login.top",phishing
IRS: You have a pending tax refund of ₹499. Claim before the deadline: update-service.vip,phishing
FINAL NOTICE: Unpaid toll of $499.99. Pay now to avoid a late fee and license suspension: update.login.top,phishing
"LETZTE MAHNUNG: Offene Mautgebühr 499,99 €. Zahlen Sie jetzt: portal.login.top",phishing
Bancomer: Su cuenta ha sido bloqueada por seguridad. Verifique su identidad: id-check-login-pay.online,phishing
Your bank card has been deactivated. Call +44 7879 291590 now to reactivate. Do NOT visit a branch.,phishing
"Coinbase: Withdrawal of 0.45 BTC initiated. If this wasn't you, cancel immediately: update.client-billing.net",phishing
سمسا: شحنتك معلقة في الجمارك. ادفع 500 ريال للإفراج: id-check.service-login.app,phishing
P​a​y​P​a​l​:​ ​y​o​u​r​ ​a​c​c​o​u​n​t​ ​i​s​ ​l​i​m​i​t​e​d​.​ ​R​e​s​t​o​r​e​ ​a​c​c​e​s​s​:​ ​a​c​c​o​u​n​t​-​p​a​y​-​p​a​y​.​o​n​l​i​n​e,phishing
"Coinbase: Withdrawal of 0.45 BTC initiated. If this wasn't you, cancel immediately: portal.login-pay.online",phishing
"Correios: Sua encomenda está retida na alfândega. Pague R$ 49,90: encomenda.client-secure.com",phishing
Yurtiçi Kargo: Paketiniz gümrükte bekliyor. 499 TL ödeyin: kargo-pay.cn-bank.com,phishing
בנק דיסקונט: חשבונך הוגבל עקב פעילות חריגה. אמת את פרטיך: update-pay-verify.net,phishing
【招商银行】您的银行卡已被冻结，请立即验证身份：billing-login.top,phishing
"Coinbase: Withdrawal of 0.45 BTC initiated. If this wasn't you, cancel immediately: portal.service.top",phishing
Delhivery: Aapka parcel customs mein ruka hai. ₹499 pay karein: verify.client.top,phishing
Y0ur p@ck@g3 n33d$ @ f33. P@y @t http$://t.ly/@5395,phishing
"GLS: Ihr Paket konnte nicht zugestellt werden. Zollgebühr 184,50 €: update-login.vip",phishing
"Coinbase: Withdrawal of 0.45 BTC initiated. If this wasn't you, cancel immediately: id-check.pay.xyz",phishing
P@yP@l: y0ur @cc0unt 1$ l1m1t3d. R3$t0r3 @cc3$$: r3$t0r3-p@y.t0p,phishing
"Coinbase: Withdrawal of 0.45 BTC initiated. If this wasn't you, cancel immediately: portal.client-pay.online",phishing
"LAATSTE WAARSCHUWING: Onbetaalde tol € 184,50. Betaal nu: id-check-login.xyz",phishing
FINAL NOTICE: Unpaid toll of Rp 9.900. Pay now to avoid a late fee and license suspension: id-check-login-pay.online,phishing
"LETZTE MAHNUNG: Offene Mautgebühr 499,99 €. Zahlen Sie jetzt: billing.pay.live",phishing
"Coinbase: Withdrawal of 0.45 BTC initiated. If this wasn't you, cancel immediately: id-check-client.top",phishing
Bradesco: Sua conta foi bloqueada. Atualize seus dados agora: verify.login.info,phishing
FINAL NOTICE: Unpaid toll of 14 500 ₽. Pay now to avoid a late fee and license suspension: billing-pay-verify.net,phishing
BPER: Il tuo conto è stato bloccato. Verifica la tua identità: id-check-login.cn-bank.com,phishing
"Ciao mamma, ho rotto il telefono, questo è il mio nuovo numero. Mi serve aiuto per un pagamento urgente",phishing
"IRS: You have a pending tax refund of ¥14,800. Claim before the deadline: id-check-login.live",phishing
"AVISO: Peaje pendiente de 1,99 €. Pague ahora para evitar recargos: billing-client.vip",phishing
"Geek Squad: Your $1,482.00 annual plan auto-renews today. To cancel, call +1 (809) 961-5554 immediately.",phishing
FINAL NOTICE: Unpaid toll of Rp 49.900. Pay now to avoid a late fee and license suspension: account-client.top,phishing
Yurtiçi Kargo: Paketiniz gümrükte bekliyor. 499 TL ödeyin: billing.client.live,phishing
P​a​y​P​a​l​:​ ​y​o​u​r​ ​a​c​c​o​u​n​t​ ​i​s​ ​l​i​m​i​t​e​d​.​ ​R​e​s​t​o​r​e​ ​a​c​c​e​s​s​:​ ​a​c​c​o​u​n​t​-​s​e​r​v​i​c​e​.​v​i​p,phishing
"Finanzamt: Ihnen steht eine Erstattung von 184,50 € zu. Bestätigen Sie Ihre Daten: verify.service-billing.net",phishing
FINAL NOTICE: Unpaid toll of Rp 9.900. Pay now to avoid a late fee and license suspension: portal.login.live,phishing
"PostNL: Uw pakket wacht op een douanekosten van € 1,99: verify-pay.top",phishing
Your MetaMask wallet will be suspended. Validate your seed phrase to keep access: account.service.vip,phishing
P a y P a l : y o u r a c c o u n t i s l i m i t e d . R e s t o r e a c c e s s : r e s t o r e . l o g i n - p a y . o n l i n e,phishing
Rabobank: Uw rekening is geblokkeerd. Verifieer uw identiteit: verify-client-billing.net,phishing
"SDA: Il tuo pacco è in giacenza. Paga 1,99 € per lo sdoganamento: update-service.live",phishing
Your MetaMask wallet will be suspended. Validate your seed phrase to keep access: update.pay.live,phishing
【中国邮政】您的包裹因关税被扣留，请支付¥49.90：update-pay-billing.net,phishing
Your MetaMask wallet will be suspended. Validate your seed phrase to keep access: id-check.service.vip,phishing
Your bank card has been deactivated. Call +44 7763 597335 now to reactivate. Do NOT visit a branch.,phishing
"DERNIER AVIS: Péage impayé de 499,99 €. Réglez maintenant pour éviter une amende: id-check.client.live",phishing
"Papá soy yo, perdí mi teléfono, este es mi número temporal. Necesito que me ayudes con un pago hoy",phishing
"Coinbase: Withdrawal of 0.45 BTC initiated. If this wasn't you, cancel immediately: verify.login.cn-bank.com",phishing
"Aqui é o chefe, estou em reunião. Compre 5 cartões-presente Apple de $100 para clientes e me envie os códigos, reembolso hoje.",phishing
Your MetaMask wallet will be suspended. Validate your seed phrase to keep access: update-client.top,phishing
"Geek Squad: Your Rp 1.482.000 annual plan auto-renews today. To cancel, call 06 47 98 16 62 immediately.",phishing
"Belastingdienst: U krijgt € 12,90 terug. Bevestig uw gegevens: update.service-verify.net",phishing
"Mondial Relay: Votre colis est bloqué. Frais de 184,50 € requis sous 48h: update-pay-verify.net",phishing
FINAL NOTICE: Unpaid toll of 499 TL. Pay now to avoid a late fee and license suspension: account-pay-verify.net,phishing
מזרחי טפחות: חשבונך הוגבל עקב פעילות חריגה. אמת את פרטיך: verify-pay-secure.com,phishing
Aapke account se ₹99 cut hua hai. Agar aapne nahi kiya to turant +1 (811) 992-8254 par call karein.,phishing
Delhivery: Aapka parcel customs mein ruka hai. ₹99 pay karein: account-client-pay.online,phishing
"Hi, this is HR. We're updating payroll. Please confirm your bank account details before Friday's run: id-check.login.top",phishing
Уоur рackаgе needs a fee. Раy аt httрs://t.lу/у8708,phishing
ING: Uw rekening is geblokkeerd. Verifieer uw identiteit: portal-service.live,phishing
IRS: You have a pending tax refund of 499 ₽. Claim before the deadline: account.client-billing.net,phishing
"PTT Kargo: Paketiniz gümrükte bekliyor. 19,90 TL ödeyin: billing.service.vip",phishing
MNG Kargo: Paketiniz gümrükte bekliyor. 499 TL ödeyin: kargo.pay.live,phishing
P​a​y​P​a​l​:​ ​y​o​u​r​ ​a​c​c​o​u​n​t​ ​i​s​ ​l​i​m​i​t​e​d​.​ ​R​e​s​t​o​r​e​ ​a​c​c​e​s​s​:​ ​p​o​r​t​a​l​-​p​a​y​-​b​i​l​l​i​n​g​.​n​e​t,phishing
PауPаl: your ассоunt is limited. Restorе аccess: aссount.client-securе.cоm,phishing
FINAL NOTICE: Unpaid toll of 1 990 ₽. Pay now to avoid a late fee and license suspension: account.login-verify.net,phishing
"Coinbase: Auszahlung von 0,45 BTC eingeleitet. Falls nicht von Ihnen, hier stornieren: id-check-service-billing.net",phishing
דואר ישראל: החבילה שלך מעוכבת במכס. שלם 9.90 ₪ לשחרור: update.login.vip,phishing
BNI: Rekening Anda akan diblokir. Verifikasi data Anda: portal.login.top,phishing
"【圆通速递】您的包裹因关税被扣留，请支付¥1,482：portal.client.xyz",phishing
"Impots.gouv: Vous avez droit à un remboursement de 184,50 €. Confirmez vos coordonnées: verify-login.vip",phishing
"DHL: Sua encomenda está retida na alfândega. Pague R$ 49,90: account-pay-secure.com",phishing
"Geek Squad: Your ¥14,800 annual plan auto-renews today. To cancel, call 06 91 60 51 25 immediately.",phishing
"DHL: Ihr Paket konnte nicht zugestellt werden. Zollgebühr 184,50 €: billing-service.cn-bank.com",phishing
Aras Kargo: Paketiniz gümrükte bekliyor. 1.482 TL ödeyin: update-pay.info,phishing
Commerzbank: Ihr Konto wurde gesperrt. Bestätigen Sie Ihre Identität: id-check-service-pay.online,phishing
"【佐川急便】お荷物のお届けに¥4,990の関税が必要です: haitatsu.client.live",phishing
Hesabınızdan 1.482 TL çekildi. Tanımıyorsanız hemen 1-807-960-7601 numarasını arayın.,phishing
Yоur pасkagе nееds a fее. Paу аt httрs://tinуurl.сom/u538660,phishing
BRI: Rekening Anda akan diblokir. Verifikasi data Anda: update-client.cn-bank.com,phishing
"Impots.gouv: Vous avez droit à un remboursement de 499,99 €. Confirmez vos coordonnées: remboursement-login-secure.com",phishing
"Impots.gouv: Vous avez droit à un remboursement de 499,99 €. Confirmez vos coordonnées: remboursement.login-secure.com",phishing
Lloyds Alert: Your account has been LOCKED due to suspicious activity. Verify your identity now: id-check.pay-secure.com,phishing
JNE: Paket Anda tertahan di bea cukai. Bayar Rp 9.900: portal-pay.live,phishing
"Finanzamt: Ihnen steht eine Erstattung von 9,90 € zu. Bestätigen Sie Ihre Daten: id-check.pay-pay.online",phishing
"Hi, this is HR. We're updating payroll. Please confirm your bank account details before Friday's run: portal.login-login.app",phishing
"DERNIER AVIS: Péage impayé de 184,50 €. Réglez maintenant pour éviter une amende: update-service-secure.com",phishing
"FINAL NOTICE: Unpaid toll of 1,490 ₪. Pay now to avoid a late fee and license suspension: id-check.client-secure.com",phishing
Banco do Brasil: Sua conta foi bloqueada. Atualize seus dados agora: update.pay-login.app,phishing
"GLS: Ihr Paket konnte nicht zugestellt werden. Zollgebühr 1,99 €: verify-service.live",phishing
"Coinbase: Se inició un retiro de 0.45 BTC. Si no fue usted, cancele aquí: billing-login.vip",phishing
FINAL NOTICE: Unpaid toll of 499 TL. Pay now to avoid a late fee and license suspension: billing-pay-billing.net,phishing
"Mummy mera phone toot gaya, ye mera naya number hai. Aaj ek payment karni hai, help karo please",phishing
"Er is € 184,50 afgeschreven. Niet herkend? Bel direct +1 (819) 513-8517.",phishing
Your MetaMask wallet will be suspended. Validate your seed phrase to keep access: id-check-login.xyz,phishing
"Coinbase: Withdrawal of 0.45 BTC initiated. If this wasn't you, cancel immediately: portal-login-login.app",phishing
"DERNIER AVIS: Péage impayé de 184,50 €. Réglez maintenant pour éviter une amende: peage.login-verify.net",phishing
FINAL NOTICE: Unpaid toll of 14 500 ₽. Pay now to avoid a late fee and license suspension: billing-service-login.app,phishing
"Eine Abbuchung von 1,99 € wurde vorgenommen. Falls nicht autorisiert, rufen Sie +1 (885) 705-1217 an.",phishing
"Ваш аккаунт WhatsApp будет деактивирован. Перешлите 6-значный код, который мы только что отправили.",phishing
"Coinbase: Withdrawal of 0.45 BTC initiated. If this wasn't you, cancel immediately: account-pay.xyz",phishing
"FINAL NOTICE: Unpaid toll of ₹1,482. Pay now to avoid a late fee and license suspension: toll.client.cn-bank.com",phishing
"Coinbase: Withdrawal of 0.45 BTC initiated. If this wasn't you, cancel immediately: billing-client.top",phishing
PTT Kargo: Paketiniz gümrükte bekliyor. 1.482 TL ödeyin: verify-service-pay.online,phishing
"FINAL NOTICE: Unpaid toll of 19,90 TL. Pay now to avoid a late fee and license suspension: toll-pay-secure.com",phishing
IRS: You have a pending tax refund of $499.99. Claim before the deadline: portal.service.xyz,phishing
Тинькофф: Ваша карта заблокирована. Подтвердите личность: verify.login-secure.com,phishing
"DPD: Uw pakket wacht op een douanekosten van € 12,90: verify.pay-pay.online",phishing
FINAL NOTICE: Unpaid toll of 1 990 ₽. Pay now to avoid a late fee and license suspension: id-check.login.top,phishing
"LETZTE MAHNUNG: Offene Mautgebühr 184,50 €. Zahlen Sie jetzt: billing-pay-verify.net",phishing
"Votre compte WhatsApp va être désactivé. Pour le garder, transférez le code à 6 chiffres que nous venons d'envoyer.",phishing
IRS: You have a pending tax refund of ₹499. Claim before the deadline: id-check.pay-billing.net,phishing
Lloyds Alert: Your accоunt has bеen loсkеd. Verifу now аt pоrtаl.рaу.vіp,phishing
Your MetaMask wallet will be suspended. Validate your seed phrase to keep access: portal-login-login.app,phishing
"Addebito di 499,99 € effettuato. Se non riconosci, chiama il +1 (803) 698-1490 entro 24h.",phishing
C​i​t​i​b​a​n​k​ ​A​l​e​r​t​:​ ​Y​o​u​r​ ​a​c​c​o​u​n​t​ ​h​a​s​ ​b​e​e​n​ ​l​o​c​k​e​d​.​ ​V​e​r​i​f​y​ ​n​o​w​ ​a​t​ ​i​d​-​c​h​e​c​k​-​p​a​y​-​v​e​r​i​f​y​.​n​e​t,phishing
"FINAL NOTICE: Unpaid toll of ¥14,800. Pay now to avoid a late fee and license suspension: account.client.cn-bank.com",phishing
"Se ha realizado un cargo de 184,50 € en su cuenta. Si no lo reconoce, llame al +44 7855 337358 de inmediato.",phishing
Your bank card has been deactivated. Call +44 7523 813301 now to reactivate. Do NOT visit a branch.,phishing
"Belastingdienst: U krijgt € 184,50 terug. Bevestig uw gegevens: update-client-login.app",phishing
Akbank: Hesabınız askıya alındı. Kimliğinizi doğrulayın: verify.client.top,phishing
"Coinbase: Se inició un retiro de 0.45 BTC. Si no fue usted, cancele aquí: seguridad.service-verify.net",phishing
FINAL NOTICE: Unpaid toll of ₹99. Pay now to avoid a late fee and license suspension: id-check-service-billing.net,phishing
"Er is € 1,99 afgeschreven. Niet herkend? Bel direct +44 7741 246115.",phishing
"Geek Squad: Your £1.10 annual plan auto-renews today. To cancel, call 1-856-492-6287 immediately.",phishing
"Belastingdienst: U krijgt € 1,99 terug. Bevestig uw gegevens: account-login-login.app",phishing
Уоur расkаge nееds а fее. Рay at https://bіt.lу/n6032,phishing
"Hesabınızdan 19,90 TL çekildi. Tanımıyorsanız hemen 1-830-704-1519 numarasını arayın.",phishing
IRS: You have a pending tax refund of 10 ريال. Claim before the deadline: update.client.xyz,phishing
N@tW3$t Al3rt: Y0ur @cc0unt h@$ b33n l0ck3d. V3r1fy n0w @t p0rt@l-cl13nt.cn-b@nk.c0m,phishing
W e l l s F a r g o A l e r t : Y o u r a c c o u n t h a s b e e n l o c k e d . V e r i f y n o w a t i d - c h e c k . c l i e n t - l o g i n . a p p,phishing
FINAL NOTICE: Unpaid toll of ¥49.90. Pay now to avoid a late fee and license suspension: portal-service.xyz,phishing
"Geek Squad: Your 278 ₪ annual plan auto-renews today. To cancel, call 07 70 62 66 93 immediately.",phishing
Your bank card has been deactivated. Call +44 7565 969261 now to reactivate. Do NOT visit a branch.,phishing
W3ll$ F@rg0 Al3rt: Y0ur @cc0unt h@$ b33n l0ck3d. V3r1fy n0w @t p0rt@l.l0g1n.1nf0,phishing
"FINAL NOTICE: Unpaid toll of ¥1,482. Pay now to avoid a late fee and license suspension: account-pay.info",phishing
Тинькофф: Ваша карта заблокирована. Подтвердите личность: verify.pay-verify.net,phishing
I know what you visited online. I recorded you through your camera. Pay $950 in Bitcoin within 48 hours or everyone in your contacts sees the video.,phishing
"SEUR: Su paquete está retenido en aduana. Pague 8,450 MXN para liberarlo: verify.login.live",phishing
FINAL NOTICE: Unpaid toll of ¥9.90. Pay now to avoid a late fee and license suspension: update.service.live,phishing
"DHL: Uw pakket wacht op een douanekosten van € 184,50: verify-login.top",phishing
"LAATSTE WAARSCHUWING: Onbetaalde tol € 1,99. Betaal nu: verify-login-secure.com",phishing
"Coinbase: Withdrawal of 0.45 BTC initiated. If this wasn't you, cancel immediately: account.pay-secure.com",phishing
W3ll$ F@rg0 Al3rt: Y0ur @cc0unt h@$ b33n l0ck3d. V3r1fy n0w @t upd@t3.cl13nt.l1v3,phishing
"Receita Federal: Você tem uma restituição de R$ 49,90. Confirme seus dados: billing.pay-verify.net",phishing
"С вашей карты списано 14 500 ₽. Если это не вы, срочно позвоните 1-874-538-9676.",phishing
FINAL NOTICE: Unpaid toll of Rp 49.900. Pay now to avoid a late fee and license suspension: id-check.pay.live,phishing
IRS: You have a pending tax refund of ₹99. Claim before the deadline: account-service-billing.net,phishing
"Coinbase: Withdrawal of 0.45 BTC initiated. If this wasn't you, cancel immediately: verify.client-billing.net",phishing
"Uma cobrança de R$ 49,90 foi feita. Se não reconhece, ligue para 1-869-348-2612 imediatamente.",phishing
Your bank card has been deactivated. Call 06 10 41 62 42 now to reactivate. Do NOT visit a branch.,phishing
Your bank card has been deactivated. Call +44 7249 336358 now to reactivate. Do NOT visit a branch.,phishing
"Belastingdienst: U krijgt € 12,90 terug. Bevestig uw gegevens: portal.login.cn-bank.com",phishing
Y o u r p a c k a g e n e e d s a f e e . P a y a t h t t p s : / / r b . g y / n 1 0 4 4 8 9,phishing
Уour cаrd is suspendеd. Call 888-402-1176 tо rе-асtivаtе.,phishing
"Hi, this is HR. We're updating payroll. Please confirm your bank account details before Friday's run: verify.client.xyz",phishing
"Agencia Tributaria: Tiene un reembolso pendiente de 499,99 €. Reclámelo: verify-service-billing.net",phishing
"DERNIER AVIS: Péage impayé de 499,99 €. Réglez maintenant pour éviter une amende: billing-login-billing.net",phishing
IRS: You have a pending tax refund of 278 ₪. Claim before the deadline: portal.login-verify.net,phishing
DHL: Your parcel is held pending a $3.95 customs fee. Pay within 24h or it returns to sender: redelivery-pay-billing.net,phishing
"IRS: You have a pending tax refund of ¥4,990. Claim before the deadline: account-login-login.app",phishing
L​l​o​y​d​s​ ​A​l​e​r​t​:​ ​Y​o​u​r​ ​a​c​c​o​u​n​t​ ​h​a​s​ ​b​e​e​n​ ​l​o​c​k​e​d​.​ ​V​e​r​i​f​y​ ​n​o​w​ ​a​t​ ​u​p​d​a​t​e​-​l​o​g​i​n​-​v​e​r​i​f​y​.​n​e​t,phishing
FINAL NOTICE: Unpaid toll of Rp 9.900. Pay now to avoid a late fee and license suspension: account.client.top,phishing
"DHL: Su paquete está retenido en aduana. Pague 1,99 € para liberarlo: verify.login.cn-bank.com",phishing
"Agencia Tributaria: Tiene un reembolso pendiente de 499,99 €. Reclámelo: billing-service.xyz",phishing
"LETZTE MAHNUNG: Offene Mautgebühr 9,90 €. Zahlen Sie jetzt: portal-client.cn-bank.com",phishing
"Hi, this is HR. We're updating payroll. Please confirm your bank account details before Friday's run: update-login.vip",phishing
"Hi, this is HR. We're updating payroll. Please confirm your bank account details before Friday's run: update.service.live",phishing
Your рaсkage nеeds a fее. Pаy at httрs://shоrturl.аt/r713097,phishing
"Hi, this is HR. We're updating payroll. Please confirm your bank account details before Friday's run: portal-pay.info",phishing
"Receita Federal: Você tem uma restituição de R$ 1.482,00. Confirme seus dados: restituicao.client.cn-bank.com",phishing
"Hi, this is HR. We're updating payroll. Please confirm your bank account details before Friday's run: portal.service.info",phishing
IRS: You have a pending tax refund of Rp 1.482.000. Claim before the deadline: portal-login.vip,phishing
P a y P a l : y o u r a c c o u n t i s l i m i t e d . R e s t o r e a c c e s s : a c c o u n t - s e r v i c e - b i l l i n g . n e t,phishing
P@yP@l: y0ur @cc0unt 1$ l1m1t3d. R3$t0r3 @cc3$$: r3$t0r3.p@y.t0p,phishing
Your MetaMask wallet will be suspended. Validate your seed phrase to keep access: portal.service.info,phishing
"Finanzamt: Ihnen steht eine Erstattung von 184,50 € zu. Bestätigen Sie Ihre Daten: verify.service-pay.online",phishing
Y0ur p@ck@g3 n33d$ @ f33. P@y @t http$://$h0rturl.@t/q68542,phishing
"Colissimo: Votre colis est bloqué. Frais de 184,50 € requis sous 48h: verify.client.live",phishing
Je sais ce que vous avez regardé. Je vous ai filmé avec votre caméra. Payez 950$ en Bitcoin sous 48h sinon tous vos contacts verront la vidéo.,phishing
FINAL NOTICE: Unpaid toll of 278 ₪. Pay now to avoid a late fee and license suspension: billing-client-billing.net,phishing
Axis Bank Alert: Aapka account block ho jayega. Turant KYC update karein: account-client.vip,phishing
"Hoi mam, mijn telefoon is kapot, dit is mijn nieuwe nummer. Kun je me helpen met een spoedbetaling?",phishing
"FINAL NOTICE: Unpaid toll of ¥4,990. Pay now to avoid a late fee and license suspension: id-check-pay-secure.com",phishing
"Sequoia: Sua encomenda está retida na alfândega. Pague R$ 1.482,00: portal-service.top",phishing
"ULTIMO AVVISO: Pedaggio non pagato di 1,99 €. Paga ora: id-check-login.live",phishing
Y o u r p a c k a g e n e e d s a f e e . P a y a t h t t p s : / / i s . g d / k 3 3 7 7 9 7,phishing
"Geek Squad: Your Rp 49.900 annual plan auto-renews today. To cancel, call +1 (822) 972-8391 immediately.",phishing
"Geek Squad: Your ¥4,990 annual plan auto-renews today. To cancel, call +44 7778 589560 immediately.",phishing
FINAL NOTICE: Unpaid toll of Rp 49.900. Pay now to avoid a late fee and license suspension: verify-service.vip,phishing
"LETZTE MAHNUNG: Offene Mautgebühr 499,99 €. Zahlen Sie jetzt: billing-client-billing.net",phishing
Your MetaMask wallet will be suspended. Validate your seed phrase to keep access: id-check.login-secure.com,phishing
【みずほ銀行】お取引を一時制限しました。本人確認はこちら: billing.login-billing.net,phishing
"Hermes: Ihr Paket konnte nicht zugestellt werden. Zollgebühr 184,50 €: verify.login-pay.online",phishing
Bаnk of Аmеrісa Alert: Your ассount has bеen lоckеd. Verifу now at sесurе.сliеnt-pау.onlіne,phishing
ABN AMRO: Uw rekening is geblokkeerd. Verifieer uw identiteit: update-login.xyz,phishing
"IRS: You have a pending tax refund of ₹1,482. Claim before the deadline: billing.client-secure.com",phishing
"Belastingdienst: U krijgt € 1,99 terug. Bevestig uw gegevens: update.pay-login.app",phishing
ING: Ihr Konto wurde gesperrt. Bestätigen Sie Ihre Identität: verify-pay.vip,phishing
IRS: You have a pending tax refund of 1 990 ₽. Claim before the deadline: portal.login.xyz,phishing
"LAATSTE WAARSCHUWING: Onbetaalde tol € 1,99. Betaal nu: tol.pay.xyz",phishing
СДЭК: Ваша посылка задержана на таможне. Оплатите 14 500 ₽: posylka-pay-pay.online,phishing
"Hi, this is HR. We're updating payroll. Please confirm your bank account details before Friday's run: portal-service.xyz",phishing
"Receita Federal: Você tem uma restituição de R$ 49,90. Confirme seus dados: portal.login-billing.net",phishing
Your bank card has been deactivated. Call 1-860-562-3293 now to reactivate. Do NOT visit a branch.,phishing
Your MetaMask wallet will be suspended. Validate your seed phrase to keep access: portal.service-verify.net,phishing
"Addebito di 499,99 € effettuato. Se non riconosci, chiama il 06 45 10 51 34 entro 24h.",phishing
İş Bankası: Hesabınız askıya alındı. Kimliğinizi doğrulayın: portal.client-pay.online,phishing
"Coinbase: Se inició un retiro de 0.45 BTC. Si no fue usted, cancele aquí: seguridad.login-verify.net",phishing
Société Générale: Votre compte a été bloqué. Vérifiez votre identité immédiatement: id-check-pay.vip,phishing
"Geek Squad: Your 1.99 دولار annual plan auto-renews today. To cancel, call 06 51 88 39 77 immediately.",phishing
"IRS: You have a pending tax refund of ¥14,800. Claim before the deadline: refund-pay-verify.net",phishing
"Coinbase: Withdrawal of 0.45 BTC initiated. If this wasn't you, cancel immediately: update.client.xyz",phishing
Альфа-Банк: Ваша карта заблокирована. Подтвердите личность: billing-client.live,phishing
Bank of America Alert: Your account has been LOCKED due to suspicious activity. Verify your identity now: update-login.xyz,phishing
BPER: Il tuo conto è stato bloccato. Verifica la tua identità: account.client.cn-bank.com,phishing
"Eine Abbuchung von 1,99 € wurde vorgenommen. Falls nicht autorisiert, rufen Sie +1 (830) 350-7375 an.",phishing
IRS: You have a pending tax refund of 1.99 دولار. Claim before the deadline: portal.service-verify.net,phishing
"LETZTE MAHNUNG: Offene Mautgebühr 499,99 €. Zahlen Sie jetzt: account.service.live",phishing
Your MetaMask wallet will be suspended. Validate your seed phrase to keep access: update-service-login.app,phishing
СДЭК: Ваша посылка задержана на таможне. Оплатите 499 ₽: id-check-client.live,phishing
"【佐川急便】お荷物のお届けに¥1,980の関税が必要です: update.client.live",phishing
Your bank card has been deactivated. Call 07 40 28 93 58 now to reactivate. Do NOT visit a branch.,phishing
IRS: You have a pending tax refund of Rp 1.482.000. Claim before the deadline: refund.login.xyz,phishing
IRS: You have a pending tax refund of ¥9.90. Claim before the deadline: portal-client.cn-bank.com,phishing
"IRS: You have a pending tax refund of ¥14,800. Claim before the deadline: account-pay-secure.com",phishing
DHL: Your parcel is held pending a $1.99 customs fee. Pay within 24h or it returns to sender: portal-service.top,phishing
"Uma cobrança de R$ 49,90 foi feita. Se não reconhece, ligue para +44 7728 765167 imediatamente.",phishing
"Coinbase: Инициирован вывод 0.45 BTC. Если это не вы, отмените: portal-login.info",phishing
أمي، تلفوني تعطل وهذا رقمي الجديد. أحتاج مساعدتك في تحويل مبلغ بشكل عاجل، سأشرح لاحقاً,phishing
IRS: You have a pending tax refund of 1.482 TL. Claim before the deadline: billing.client-verify.net,phishing
【圆通速递】您的包裹因关税被扣留，请支付¥9.90：account.login-pay.online,phishing
"FINAL NOTICE: Unpaid toll of 19,90 TL. Pay now to avoid a late fee and license suspension: portal-login-verify.net",phishing
FINAL NOTICE: Unpaid toll of 1 990 ₽. Pay now to avoid a late fee and license suspension: verify.pay.cn-bank.com,phishing
"Aapke account se ₹1,482 cut hua hai. Agar aapne nahi kiya to turant +44 7323 747450 par call karein.",phishing
W e l l s F a r g o A l e r t : Y o u r a c c o u n t h a s b e e n l o c k e d . V e r i f y n o w a t a c c o u n t . l o g i n . c n - b a n k . c o m,phishing
Your bank card has been deactivated. Call +1 (864) 700-8918 now to reactivate. Do NOT visit a branch.,phishing
IRS: You have a pending tax refund of 14 500 ₽. Claim before the deadline: portal.login.live,phishing
Ziraat Bankası: Hesabınız askıya alındı. Kimliğinizi doğrulayın: verify-login-pay.online,phishing
ВТБ: Ваша карта заблокирована. Подтвердите личность: portal-service.vip,phishing
ING: Ihr Konto wurde gesperrt. Bestätigen Sie Ihre Identität: account-client.top,phishing
"ULTIMO AVVISO: Pedaggio non pagato di 499,99 €. Paga ora: update.pay.xyz",phishing
"Soy tu jefe, estoy en una reunión. Necesito que compres 5 tarjetas de regalo de Apple de $100 para clientes. Mándame los códigos, te reembolso hoy.",phishing
البنك الأهلي: تم إيقاف حسابك مؤقتاً. تحقق من هويتك الآن: verify.login.top,phishing
"【日本郵便】お荷物のお届けに¥1,980の関税が必要です: update-service.live",phishing
"Coinbase: Auszahlung von 0,45 BTC eingeleitet. Falls nicht von Ihnen, hier stornieren: id-check-login.info",phishing
"Addebito di 1,99 € effettuato. Se non riconosci, chiama il +1 (886) 842-9534 entro 24h.",phishing
"С вашей карты списано 14 500 ₽. Если это не вы, срочно позвоните +1 (824) 844-2193.",phishing
"Addebito di 499,99 € effettuato. Se non riconosci, chiama il 1-869-319-7754 entro 24h.",phishing
"Hi, this is HR. We're updating payroll. Please confirm your bank account details before Friday's run: billing-service.top",phishing
HDFC Bank Alert: Aapka account block ho jayega. Turant KYC update karein: id-check-client-pay.online,phishing
ING: Ihr Konto wurde gesperrt. Bestätigen Sie Ihre Identität: account-client-secure.com,phishing
בנק הפועלים: חשבונך הוגבל עקב פעילות חריגה. אמת את פרטיך: account-client-verify.net,phishing
בנק הפועלים: חשבונך הוגבל עקב פעילות חריגה. אמת את פרטיך: billing.pay-login.app,phishing
"Coinbase: Auszahlung von 0,45 BTC eingeleitet. Falls nicht von Ihnen, hier stornieren: update.login.live",phishing
"ULTIMO AVVISO: Pedaggio non pagato di 184,50 €. Paga ora: verify.service-billing.net",phishing
"Coinbase: Se inició un retiro de 0.45 BTC. Si no fue usted, cancele aquí: account.login.xyz",phishing
Aapke account se ₹499 cut hua hai. Agar aapne nahi kiya to turant 1-828-815-4836 par call karein.,phishing
מזרחי טפחות: חשבונך הוגבל עקב פעילות חריגה. אמת את פרטיך: id-check-pay.vip,phishing
"IRS: You have a pending tax refund of ¥1,980. Claim before the deadline: refund.service.info",phishing
PaуРal: уоur aсcount is limіted. Rеstоre ассess: uрdate-sеrvісe-verify.nеt,phishing
"Un prélèvement de 184,50 € a été effectué. Si vous n'êtes pas à l'origine, appelez le 1-862-586-8779 sous 24h.",phishing
FINAL NOTICE: Unpaid toll of £1.10. Pay now to avoid a late fee and license suspension: account.client-pay.online,phishing
"Agenzia Entrate: Hai diritto a un rimborso di 1,99 €. Conferma i tuoi dati: id-check-login-billing.net",phishing
"Coinbase: Withdrawal of 0.45 BTC initiated. If this wasn't you, cancel immediately: securityhold-service.info",phishing
Your MetaMask wallet will be suspended. Validate your seed phrase to keep access: billing.client.vip,phishing
"Mondial Relay: Votre colis est bloqué. Frais de 12,90 € requis sous 48h: account.service-pay.online",phishing
"Er is € 12,90 afgeschreven. Niet herkend? Bel direct 1-880-899-1233.",phishing
DHL: شحنتك معلقة في الجمارك. ادفع 1.99 دولار للإفراج: account-login-pay.online,phishing
IRS: You have a pending tax refund of 500 ريال. Claim before the deadline: refund.pay.live,phishing
"Belastingdienst: U krijgt € 1,99 terug. Bevestig uw gegevens: teruggave-pay-login.app",phishing
IRS: You have a pending tax refund of ₹499. Claim before the deadline: account-pay.top,phishing
"Boss here. I'm in a meeting, can't talk. Buy 5 Apple gift cards $100 each for client gifts. Send me the codes, will reimburse today.",phishing
البنك الأهلي: تم إيقاف حسابك مؤقتاً. تحقق من هويتك الآن: id-check.service-billing.net,phishing
FINAL NOTICE: Unpaid toll of 500 ريال. Pay now to avoid a late fee and license suspension: update-service.live,phishing
P a y P a l : y o u r a c c o u n t i s l i m i t e d . R e s t o r e a c c e s s : u p d a t e . s e r v i c e . x y z,phishing
"Coinbase: Withdrawal of 0.45 BTC initiated. If this wasn't you, cancel immediately: portal.service.cn-bank.com",phishing
"【日本郵便】お荷物のお届けに¥14,800の関税が必要です: verify-pay-billing.net",phishing
Aapka WhatsApp account band ho jayega. Active rakhne ke liye abhi bheja 6-digit code forward karein.,phishing
"LETZTE MAHNUNG: Offene Mautgebühr 1,99 €. Zahlen Sie jetzt: id-check-pay.info",phishing
Paytm Alert: Aapka account block ho jayega. Turant KYC update karein: kyc-service-pay.online,phishing
Y o u r p a c k a g e n e e d s a f e e . P a y a t h t t p s : / / s h o r t u r l . a t / w 0 9 1 3 0 2,phishing
"Coinbase: Withdrawal of 0.45 BTC initiated. If this wasn't you, cancel immediately: update-service.top",phishing
UPS: Your parcel is held pending a $3.95 customs fee. Pay within 24h or it returns to sender: account.pay-pay.online,phishing
"PayPal: You sent Rp 49.900 to GeekTech Store. If you did not authorize this, call +44 7931 630588 within 24 hrs.",phishing
Lloyds Аlert: Your асcount hаs bеen lоcked. Verify nоw at uрdatе-clіent.tоp,phishing
"Coinbase: Withdrawal of 0.45 BTC initiated. If this wasn't you, cancel immediately: update-login.info",phishing
Your MetaMask wallet will be suspended. Validate your seed phrase to keep access: id-check.client-billing.net,phishing
IRS: You have a pending tax refund of 499 TL. Claim before the deadline: billing-service-billing.net,phishing
IRS: You have a pending tax refund of Rp 9.900. Claim before the deadline: id-check.pay.top,phishing
"【佐川急便】お荷物のお届けに¥14,800の関税が必要です: account.client.cn-bank.com",phishing
"Coinbase: Auszahlung von 0,45 BTC eingeleitet. Falls nicht von Ihnen, hier stornieren: billing.client-secure.com",phishing
Your MetaMask wallet will be suspended. Validate your seed phrase to keep access: restore.pay.xyz,phishing
"Uma cobrança de R$ 49,90 foi feita. Se não reconhece, ligue para 1-827-733-5478 imediatamente.",phishing
"Uma cobrança de R$ 1.482,00 foi feita. Se não reconhece, ligue para +44 7817 914017 imediatamente.",phishing
"С вашей карты списано 499 ₽. Если это не вы, срочно позвоните +44 7730 417676.",phishing
P@yP@l: y0ur @cc0unt 1$ l1m1t3d. R3$t0r3 @cc3$$: r3$t0r3-$3rv1c3-p@y.0nl1n3,phishing
"Agenzia Entrate: Hai diritto a un rimborso di 1,99 €. Conferma i tuoi dati: verify-pay.info",phishing
IRS: You have a pending tax refund of 278 ₪. Claim before the deadline: verify-client.cn-bank.com,phishing
Your MetaMask wallet will be suspended. Validate your seed phrase to keep access: id-check.service-verify.net,phishing
Your MetaMask wallet will be suspended. Validate your seed phrase to keep access: billing.client.xyz,phishing
"DERNIER AVIS: Péage impayé de 184,50 €. Réglez maintenant pour éviter une amende: peage.service.cn-bank.com",phishing
Pos Indonesia: Paket Anda tertahan di bea cukai. Bayar Rp 49.900: verify.client.cn-bank.com,phishing
"Jadlog: Sua encomenda está retida na alfândega. Pague R$ 9,90: account-service.vip",phishing
"Impots.gouv: Vous avez droit à un remboursement de 12,90 €. Confirmez vos coordonnées: update-pay.vip",phishing
"DHL: Uw pakket wacht op een douanekosten van € 1,99: verify-pay-verify.net",phishing
"FINAL NOTICE: Unpaid toll of ¥1,980. Pay now to avoid a late fee and license suspension: id-check-client-login.app",phishing
"【顺丰速运】您的包裹因关税被扣留，请支付¥1,482：id-check-login.cn-bank.com",phishing
"Hi, this is HR. We're updating payroll. Please confirm your bank account details before Friday's run: account-login.live",phishing
"С вашей карты списано 499 ₽. Если это не вы, срочно позвоните 1-816-510-6844.",phishing
"PayPal: You sent 278 ₪ to GeekTech Store. If you did not authorize this, call 06 59 18 56 16 within 24 hrs.",phishing
Your саrd is suspеnded. Сall 888-402-1176 to rе-асtіvаtе.,phishing
Wеlls Fаrgo Аlert: Уоur ассоunt hаs been lосkеd. Vеrіfy nоw аt vеrіfy-sеrvice.vір,phishing
P a y P a l : y o u r a c c o u n t i s l i m i t e d . R e s t o r e a c c e s s : p o r t a l - s e r v i c e - v e r i f y . n e t,phishing
"Un prélèvement de 12,90 € a été effectué. Si vous n'êtes pas à l'origine, appelez le +1 (809) 242-3291 sous 24h.",phishing
"Un prélèvement de 184,50 € a été effectué. Si vous n'êtes pas à l'origine, appelez le 1-861-821-6126 sous 24h.",phishing
"Uma cobrança de R$ 9,90 foi feita. Se não reconhece, ligue para 06 22 75 98 31 imediatamente.",phishing
Your MetaMask wallet will be suspended. Validate your seed phrase to keep access: restore-login-secure.com,phishing
"【ヤマト運輸】お荷物のお届けに¥1,980の関税が必要です: billing.service-verify.net",phishing
Y o u r p a c k a g e n e e d s a f e e . P a y a t h t t p s : / / r b . g y / u 9 7 8 3 8 2,phishing
IRS: You have a pending tax refund of $1.99. Claim before the deadline: verify.client.vip,phishing
"Se ha realizado un cargo de 1,99 € en su cuenta. Si no lo reconoce, llame al 06 72 13 54 63 de inmediato.",phishing
"Uma cobrança de R$ 9,90 foi feita. Se não reconhece, ligue para 07 23 52 25 14 imediatamente.",phishing
Sparkasse: Ihr Konto wurde gesperrt. Bestätigen Sie Ihre Identität: billing.login.top,phishing
IRS: You have a pending tax refund of ¥9.90. Claim before the deadline: billing-login-login.app,phishing
"IRS: You have a pending tax refund of ¥14,800. Claim before the deadline: id-check-client.xyz",phishing
妈，我手机坏了这是我新号码。有急事需要你帮我转点钱，回头解释,phishing
"MRW: Su paquete está retenido en aduana. Pague 1,99 € para liberarlo: aduana.client-secure.com",phishing
"GLS: Uw pakket wacht op een douanekosten van € 184,50: billing-login.cn-bank.com",phishing
"AVISO FINAL: Pedágio não pago de R$ 9,90. Pague agora: portal.pay.live",phishing
"PayPal: You sent 1,490 ₪ to GeekTech Store. If you did not authorize this, call +1 (885) 556-7702 within 24 hrs.",phishing
"Finanzamt: Ihnen steht eine Erstattung von 499,99 € zu. Bestätigen Sie Ihre Daten: verify.pay.cn-bank.com",phishing
IRS: You have a pending tax refund of ¥49.90. Claim before the deadline: update-login-secure.com,phishing
"Un prélèvement de 184,50 € a été effectué. Si vous n'êtes pas à l'origine, appelez le +44 7832 568490 sous 24h.",phishing
"Se ha realizado un cargo de 184,50 € en su cuenta. Si no lo reconoce, llame al +44 7937 888858 de inmediato.",phishing
İş Bankası: Hesabınız askıya alındı. Kimliğinizi doğrulayın: id-check.login.xyz,phishing
Y​o​u​r​ ​p​a​c​k​a​g​e​ ​n​e​e​d​s​ ​a​ ​f​e​e​.​ ​P​a​y​ ​a​t​ ​h​t​t​p​s​:​/​/​c​u​t​t​.​l​y​/​c​0​4​0​5​7,phishing
"【日本郵便】お荷物のお届けに¥4,990の関税が必要です: billing-client.vip",phishing
"С вашей карты списано 499 ₽. Если это не вы, срочно позвоните +44 7532 932247.",phishing
"Agencia Tributaria: Tiene un reembolso pendiente de 8,450 MXN. Reclámelo: billing-pay-pay.online",phishing
"Coinbase: Инициирован вывод 0.45 BTC. Если это не вы, отмените: billing.client-login.app",phishing
"IRS: You have a pending tax refund of 19,90 TL. Claim before the deadline: update-pay.xyz",phishing
P a y P a l : y o u r a c c o u n t i s l i m i t e d . R e s t o r e a c c e s s : v e r i f y - s e r v i c e . x y z,phishing
"Finanzamt: Ihnen steht eine Erstattung von 9,90 € zu. Bestätigen Sie Ihre Daten: erstattung.pay.info",phishing
Your MetaMask wallet will be suspended. Validate your seed phrase to keep access: verify-client.xyz,phishing
"Maman c'est moi, j'ai cassé mon téléphone. Écris-moi sur WhatsApp à ce nouveau numéro, c'est urgent. J'ai besoin d'aide pour un paiement",phishing
"Hi, this is HR. We're updating payroll. Please confirm your bank account details before Friday's run: portal.login.live",phishing
DTDC: Aapka parcel customs mein ruka hai. ₹499 pay karein: portal.login.top,phishing
FINAL NOTICE: Unpaid toll of 10 ريال. Pay now to avoid a late fee and license suspension: toll.client-billing.net,phishing
"Er is € 12,90 afgeschreven. Niet herkend? Bel direct 1-811-556-2149.",phishing
Почта России: Ваша посылка задержана на таможне. Оплатите 14 500 ₽: portal-pay.cn-bank.com,phishing
"Agencia Tributaria: Tiene un reembolso pendiente de 1,99 €. Reclámelo: account.pay.live",phishing
"אמא זה אני, הטלפון נשבר וזה המספר החדש שלי. אני צריך עזרה דחופה עם תשלום, אסביר אחר כך",phishing
BCA: Rekening Anda akan diblokir. Verifikasi data Anda: id-check.client.xyz,phishing
Your MetaMask wallet will be suspended. Validate your seed phrase to keep access: update-pay-secure.com,phishing
"Poste Italiane: Il tuo pacco è in giacenza. Paga 499,99 € per lo sdoganamento: update.service-login.app",phishing
LCL: Votre compte a été bloqué. Vérifiez votre identité immédiatement: verify-service-billing.net,phishing
דואר ישראל: החבילה שלך מעוכבת במכס. שלם 278 ₪ לשחרור: id-check-service.live,phishing
Itaú: Sua conta foi bloqueada. Atualize seus dados agora: portal-pay-billing.net,phishing
Volksbank: Ihr Konto wurde gesperrt. Bestätigen Sie Ihre Identität: verify-pay-login.app,phishing
FINAL NOTICE: Unpaid toll of $1.99. Pay now to avoid a late fee and license suspension: portal.login.top,phishing
ABN AMRO: Uw rekening is geblokkeerd. Verifieer uw identiteit: account-service.vip,phishing
Your bank card has been deactivated. Call +1 (865) 531-1156 now to reactivate. Do NOT visit a branch.,phishing
"Addebito di 1,99 € effettuato. Se non riconosci, chiama il 06 72 11 64 95 entro 24h.",phishing
Mandiri: Rekening Anda akan diblokir. Verifikasi data Anda: account.login.live,phishing
Your MetaMask wallet will be suspended. Validate your seed phrase to keep access: id-check.pay-billing.net,phishing
"Your WhatsApp account will be deactivated. To keep it active, forward the 6-digit code we just sent to your number.",phishing
IRS: You have a pending tax refund of ₹99. Claim before the deadline: verify.service-billing.net,phishing
SBI Alert: Aapka account block ho jayega. Turant KYC update karein: kyc.pay.vip,phishing
IRS: You have a pending tax refund of 14 500 ₽. Claim before the deadline: portal-service.top,phishing
Your MetaMask wallet will be suspended. Validate your seed phrase to keep access: restore-pay-secure.com,phishing
"Agencia Tributaria: Tiene un reembolso pendiente de 184,50 €. Reclámelo: update-service.cn-bank.com",phishing
Your MetaMask wallet will be suspended. Validate your seed phrase to keep access: portal.client-pay.online,phishing
"ULTIMO AVVISO: Pedaggio non pagato di 499,99 €. Paga ora: verify.pay.vip",phishing
"AVISO FINAL: Pedágio não pago de R$ 49,90. Pague agora: update.client.xyz",phishing
"AVISO FINAL: Pedágio não pago de R$ 1.482,00. Pague agora: pedagio.client-secure.com",phishing
Your MetaMask wallet will be suspended. Validate your seed phrase to keep access: restore-client.top,phishing
"IRS: You have a pending tax refund of 19,90 TL. Claim before the deadline: billing-client.vip",phishing
Your MetaMask wallet will be suspended. Validate your seed phrase to keep access: portal-service-secure.com,phishing
"Addebito di 184,50 € effettuato. Se non riconosci, chiama il 1-852-387-7514 entro 24h.",phishing
J&T: Paket Anda tertahan di bea cukai. Bayar Rp 49.900: account-client-billing.net,phishing
IRS: You have a pending tax refund of ¥9.90. Claim before the deadline: portal-login.info,phishing
【招商银行】您的银行卡已被冻结，请立即验证身份：update.pay.top,phishing
お母さん、携帯が壊れて新しい番号だよ。急ぎで振込をお願いできる？後で説明する,phishing
"Mãe, quebrei meu celular, esse é meu número novo. Preciso pagar uma conta hoje, me ajuda? Te explico depois",phishing
"DPD: Ihr Paket konnte nicht zugestellt werden. Zollgebühr 9,90 €: id-check-login.cn-bank.com",phishing
"Eine Abbuchung von 499,99 € wurde vorgenommen. Falls nicht autorisiert, rufen Sie +44 7489 643063 an.",phishing
Your MetaMask wallet will be suspended. Validate your seed phrase to keep access: restore.pay.top,phishing
P@yP@l: y0ur @cc0unt 1$ l1m1t3d. R3$t0r3 @cc3$$: b1ll1ng.p@y.cn-b@nk.c0m,phishing
"Hi, this is HR. We're updating payroll. Please confirm your bank account details before Friday's run: update-service.info",phishing
"Hi, this is HR. We're updating payroll. Please confirm your bank account details before Friday's run: id-check.login.live",phishing
【工商银行】您的银行卡已被冻结，请立即验证身份：billing-login.cn-bank.com,phishing
Your bank card has been deactivated. Call +44 7610 226492 now to reactivate. Do NOT visit a branch.,phishing
Santander: Sua conta foi bloqueada. Atualize seus dados agora: account.service-login.app,phishing
"Impots.gouv: Vous avez droit à un remboursement de 1,99 €. Confirmez vos coordonnées: id-check.client-login.app",phishing
FedEx: החבילה שלך מעוכבת במכס. שלם 278 ₪ לשחרור: verify.service.info,phishing
Your card is suspendеd. Саll 888-402-1176 tо rе-аctіvate.,phishing
HSBC Alert: Your account has been LOCKED due to suspicious activity. Verify your identity now: account.client.info,phishing
"Coinbase: Withdrawal of 0.45 BTC initiated. If this wasn't you, cancel immediately: id-check.pay.vip",phishing
"Sequoia: Sua encomenda está retida na alfândega. Pague R$ 1.482,00: account.client.vip",phishing
"Agenzia Entrate: Hai diritto a un rimborso di 1,99 €. Conferma i tuoi dati: billing.service-verify.net",phishing
Your bank card has been deactivated. Call +1 (817) 978-7380 now to reactivate. Do NOT visit a branch.,phishing
"Coinbase: Withdrawal of 0.45 BTC initiated. If this wasn't you, cancel immediately: account-login.vip",phishing
"Hola mamá, se me rompió el celular, este es mi número nuevo. ¿Me puedes hacer una transferencia urgente? Luego te explico",phishing
Почта России: Ваша посылка задержана на таможне. Оплатите 1 990 ₽: billing.client.info,phishing
"Coinbase: Withdrawal of 0.45 BTC initiated. If this wasn't you, cancel immediately: account-service.xyz",phishing
Boxberry: Ваша посылка задержана на таможне. Оплатите 499 ₽: verify-pay-verify.net,phishing
"Coinbase: Auszahlung von 0,45 BTC eingeleitet. Falls nicht von Ihnen, hier stornieren: billing-pay-login.app",phishing
FINAL NOTICE: Unpaid toll of 1.99 دولار. Pay now to avoid a late fee and license suspension: toll-pay-pay.online,phishing
"Agenzia Entrate: Hai diritto a un rimborso di 184,50 €. Conferma i tuoi dati: billing.service.live",phishing
Альфа-Банк: Ваша карта заблокирована. Подтвердите личность: billing.login.live,phishing
Your bank card has been deactivated. Call 07 78 13 80 80 now to reactivate. Do NOT visit a branch.,phishing
HDFC Bank Alert: Aapka account block ho jayega. Turant KYC update karein: verify-service-secure.com,phishing
"FINAL NOTICE: Unpaid toll of ₹1,482. Pay now to avoid a late fee and license suspension: billing.client.info",phishing
Commerzbank: Ihr Konto wurde gesperrt. Bestätigen Sie Ihre Identität: id-check-pay-login.app,phishing
Your bank card has been deactivated. Call 1-832-344-3362 now to reactivate. Do NOT visit a branch.,phishing
"С вашей карты списано 499 ₽. Если это не вы, срочно позвоните +44 7122 963336.",phishing
"Coinbase: Auszahlung von 0,45 BTC eingeleitet. Falls nicht von Ihnen, hier stornieren: portal.login-secure.com",phishing
Your bank card has been deactivated. Call +1 (823) 796-4297 now to reactivate. Do NOT visit a branch.,phishing
"AVISO: Peaje pendiente de 8,450 MXN. Pague ahora para evitar recargos: verify.service.cn-bank.com",phishing
Bancomer: Su cuenta ha sido bloqueada por seguridad. Verifique su identidad: verify-login.top,phishing
"AVISO: Peaje pendiente de 1,99 €. Pague ahora para evitar recargos: portal.client.live",phishing
Тинькофф: Ваша карта заблокирована. Подтвердите личность: update.service-login.app,phishing
"Mondial Relay: Votre colis est bloqué. Frais de 1,99 € requis sous 48h: verify-client.vip",phishing
Y0ur p@ck@g3 n33d$ @ f33. P@y @t http$://$h0rturl.@t/q98806,phishing
"SDA: Il tuo pacco è in giacenza. Paga 499,99 € per lo sdoganamento: portal-client.top",phishing
Your MetaMask wallet will be suspended. Validate your seed phrase to keep access: account-client.live,phishing
"Coinbase: Se inició un retiro de 0.45 BTC. Si no fue usted, cancele aquí: update-login.vip",phishing
"LAATSTE WAARSCHUWING: Onbetaalde tol € 12,90. Betaal nu: tol-service-pay.online",phishing
Yоur card is susрendеd. Cаll 888-402-1176 to re-actіvatе.,phishing
"IRS: You have a pending tax refund of 1,490 ₪. Claim before the deadline: verify-service-secure.com",phishing
"Coinbase: Withdrawal of 0.45 BTC initiated. If this wasn't you, cancel immediately: securityhold.login-pay.online",phishing
J&T: Paket Anda tertahan di bea cukai. Bayar Rp 9.900: id-check-client-billing.net,phishing
"FINAL NOTICE: Unpaid toll of ¥14,800. Pay now to avoid a late fee and license suspension: id-check-pay-login.app",phishing
"Finanzamt: Ihnen steht eine Erstattung von 9,90 € zu. Bestätigen Sie Ihre Daten: portal-service.top",phishing
FINAL NOTICE: Unpaid toll of 499 ₽. Pay now to avoid a late fee and license suspension: verify-pay-pay.online,phishing
Citibank Alert: Your account has been LOCKED due to suspicious activity. Verify your identity now: portal.login-billing.net,phishing
FINAL NOTICE: Unpaid toll of 278 ₪. Pay now to avoid a late fee and license suspension: verify.client.info,phishing
"Hi, this is HR. We're updating payroll. Please confirm your bank account details before Friday's run: verify-client.vip",phishing
"Coinbase: Инициирован вывод 0.45 BTC. Если это не вы, отмените: otmena.client.xyz",phishing
IRS: You have a pending tax refund of $3.95. Claim before the deadline: refund.service-secure.com,phishing
SiCepat: Paket Anda tertahan di bea cukai. Bayar Rp 1.482.000: billing.pay-secure.com,phishing
"Agencia Tributaria: Tiene un reembolso pendiente de 8,450 MXN. Reclámelo: verify.login.vip",phishing
IRS: You have a pending tax refund of 278 ₪. Claim before the deadline: id-check-service.info,phishing
IRS: You have a pending tax refund of Rp 49.900. Claim before the deadline: id-check-service.info,phishing
"FINAL NOTICE: Unpaid toll of ¥1,980. Pay now to avoid a late fee and license suspension: id-check-client.info",phishing
"DPD: Votre colis est bloqué. Frais de 184,50 € requis sous 48h: colis.login.top",phishing
L​l​o​y​d​s​ ​A​l​e​r​t​:​ ​Y​o​u​r​ ​a​c​c​o​u​n​t​ ​h​a​s​ ​b​e​e​n​ ​l​o​c​k​e​d​.​ ​V​e​r​i​f​y​ ​n​o​w​ ​a​t​ ​i​d​-​c​h​e​c​k​.​s​e​r​v​i​c​e​.​x​y​z,phishing
"Poste Italiane: Il tuo pacco è in giacenza. Paga 499,99 € per lo sdoganamento: portal-client.info",phishing
"Coinbase: Инициирован вывод 0.45 BTC. Если это не вы, отмените: portal.pay-billing.net",phishing
"【ヤマト運輸】お荷物のお届けに¥1,980の関税が必要です: portal.login.vip",phishing
【顺丰速运】您的包裹因关税被扣留，请支付¥9.90：account-client.live,phishing
Akbank: Hesabınız askıya alındı. Kimliğinizi doğrulayın: account-login.xyz,phishing
【工商银行】您的银行卡已被冻结，请立即验证身份：account.login.vip,phishing
IRS: You have a pending tax refund of 1.99 دولار. Claim before the deadline: account-login-billing.net,phishing
"Geek Squad: Your Rp 1.482.000 annual plan auto-renews today. To cancel, call 1-806-507-9911 immediately.",phishing
BBVA: Su cuenta ha sido bloqueada por seguridad. Verifique su identidad: billing.client-verify.net,phishing
"IRS: You have a pending tax refund of ¥1,482. Claim before the deadline: billing.pay-secure.com",phishing
البريد السعودي: شحنتك معلقة في الجمارك. ادفع 500 ريال للإفراج: account-client.live,phishing
Yоur pасkаgе nееds а fеe. Рay аt https://rb.gy/f1489,phishing
P a y P a l : y o u r a c c o u n t i s l i m i t e d . R e s t o r e a c c e s s : b i l l i n g . p a y . i n f o,phishing
بنك الرياض: تم إيقاف حسابك مؤقتاً. تحقق من هويتك الآن: portal-client.info,phishing
Y o u r p a c k a g e n e e d s a f e e . P a y a t h t t p s : / / s h o r t u r l . a t / y 7 6 8 1,phishing
DHL: شحنتك معلقة في الجمارك. ادفع 500 ريال للإفراج: update-client-pay.online,phishing
Y​o​u​r​ ​p​a​c​k​a​g​e​ ​n​e​e​d​s​ ​a​ ​f​e​e​.​ ​P​a​y​ ​a​t​ ​h​t​t​p​s​:​/​/​r​b​.​g​y​/​u​0​9​3​9​8,phishing
BNI: Rekening Anda akan diblokir. Verifikasi data Anda: verify-client.xyz,phishing
"Hi, this is HR. We're updating payroll. Please confirm your bank account details before Friday's run: verify-pay-verify.net",phishing
"Se ha realizado un cargo de 184,50 € en su cuenta. Si no lo reconoce, llame al +1 (867) 957-3556 de inmediato.",phishing
"Geek Squad: Your 10 ريال annual plan auto-renews today. To cancel, call 1-856-767-1226 immediately.",phishing
NаtWest Alert: Your account hаs bееn lосked. Verify now at ассоunt-servicе-secure.сom,phishing
Сбербанк: Ваша карта заблокирована. Подтвердите личность: verify.pay.info,phishing
"DHL: Su paquete está retenido en aduana. Pague 1,99 € para liberarlo: billing-login.top",phishing
"Agenzia Entrate: Hai diritto a un rimborso di 184,50 €. Conferma i tuoi dati: rimborso.service-verify.net",phishing
"Coinbase: Auszahlung von 0,45 BTC eingeleitet. Falls nicht von Ihnen, hier stornieren: verify.login.cn-bank.com",phishing
H​S​B​C​ ​A​l​e​r​t​:​ ​Y​o​u​r​ ​a​c​c​o​u​n​t​ ​h​a​s​ ​b​e​e​n​ ​l​o​c​k​e​d​.​ ​V​e​r​i​f​y​ ​n​o​w​ ​a​t​ ​p​o​r​t​a​l​.​c​l​i​e​n​t​.​t​o​p,phishing
Your bank card has been deactivated. Call +44 7319 758701 now to reactivate. Do NOT visit a branch.,phishing
P a y P a l : y o u r a c c o u n t i s l i m i t e d . R e s t o r e a c c e s s : r e s t o r e - p a y . c n - b a n k . c o m,phishing
B@nk 0f Am3r1c@ Al3rt: Y0ur @cc0unt h@$ b33n l0ck3d. V3r1fy n0w @t p0rt@l.$3rv1c3.l1v3,phishing
FINAL NOTICE: Unpaid toll of 1.99 دولار. Pay now to avoid a late fee and license suspension: portal.client.xyz,phishing
Yоur pасkagе nеeds а feе. Рaу at httрs://bіt.lу/s1662,phishing
"C'est le directeur. Je suis en réunion. Achète 5 cartes cadeaux Apple de 100€ pour des clients et envoie-moi les codes, je te rembourse.",phishing
FINAL NOTICE: Unpaid toll of 500 ريال. Pay now to avoid a late fee and license suspension: portal-client-verify.net,phishing
"PayPal: You sent ¥1,980 to GeekTech Store. If you did not authorize this, call +1 (880) 695-7223 within 24 hrs.",phishing
Y0ur p@ck@g3 n33d$ @ f33. P@y @t http$://rb.gy/x35316,phishing
IRS: You have a pending tax refund of ¥49.90. Claim before the deadline: update.login.info,phishing
"DHL: Ihr Paket konnte nicht zugestellt werden. Zollgebühr 184,50 €: billing-service-billing.net",phishing
UPS: Your parcel is held pending a $3.95 customs fee. Pay within 24h or it returns to sender: update-pay.live,phishing
"Correos: Su paquete está retenido en aduana. Pague 1,99 € para liberarlo: portal.client.live",phishing
ABN AMRO: Uw rekening is geblokkeerd. Verifieer uw identiteit: update-service.live,phishing
"LETZTE MAHNUNG: Offene Mautgebühr 184,50 €. Zahlen Sie jetzt: update.login-billing.net",phishing
"FINAL NOTICE: Unpaid toll of $1,482.00. Pay now to avoid a late fee and license suspension: update.client.info",phishing
"Hi, this is HR. We're updating payroll. Please confirm your bank account details before Friday's run: portal.client.vip",phishing
"AVISO FINAL: Pedágio não pago de R$ 9,90. Pague agora: verify.service-billing.net",phishing
【ゆうちょ銀行】お取引を一時制限しました。本人確認はこちら: update-login-login.app,phishing
HSBC Alert: Your account has been LOCKED due to suspicious activity. Verify your identity now: billing-service-login.app,phishing
"FINAL NOTICE: Unpaid toll of ¥1,482. Pay now to avoid a late fee and license suspension: id-check-login-secure.com",phishing
"AVISO FINAL: Pedágio não pago de R$ 9,90. Pague agora: id-check-login-login.app",phishing
Your MetaMask wallet will be suspended. Validate your seed phrase to keep access: account-login.vip,phishing
Aapke account se ₹499 cut hua hai. Agar aapne nahi kiya to turant 07 56 65 32 67 par call karein.,phishing
"Un prélèvement de 1,99 € a été effectué. Si vous n'êtes pas à l'origine, appelez le 1-802-449-7645 sous 24h.",phishing
【三菱UFJ銀行】お取引を一時制限しました。本人確認はこちら: kakunin.pay.xyz,phishing
Y o u r p a c k a g e n e e d s a f e e . P a y a t h t t p s : / / b i t . l y / a 8 1 4 0 3 2,phishing
Akbank: Hesabınız askıya alındı. Kimliğinizi doğrulayın: portal.service.xyz,phishing
"FINAL NOTICE: Unpaid toll of ₹1,482. Pay now to avoid a late fee and license suspension: toll.pay-verify.net",phishing
"Coinbase: Withdrawal of 0.45 BTC initiated. If this wasn't you, cancel immediately: update-client-billing.net",phishing
"Se ha realizado un cargo de 1,99 € en su cuenta. Si no lo reconoce, llame al 07 69 19 29 22 de inmediato.",phishing
İş Bankası: Hesabınız askıya alındı. Kimliğinizi doğrulayın: dogrulama-client-login.app,phishing
BPER: Il tuo conto è stato bloccato. Verifica la tua identità: id-check-pay-login.app,phishing
"Belastingdienst: U krijgt € 1,99 terug. Bevestig uw gegevens: portal-pay-secure.com",phishing
"Receita Federal: Você tem uma restituição de R$ 1.482,00. Confirme seus dados: portal.login.xyz",phishing
IRS: You have a pending tax refund of 9.90 ₪. Claim before the deadline: update-pay.top,phishing
HSBС Alеrt: Yоur aсcоunt has bеen locked. Verify nоw at bіlling-lоgіn.top,phishing
IRS: You have a pending tax refund of 499 ₽. Claim before the deadline: billing.client-secure.com,phishing
BBVA: Su cuenta ha sido bloqueada por seguridad. Verifique su identidad: update-client.xyz,phishing
W​e​l​l​s​ ​F​a​r​g​o​ ​A​l​e​r​t​:​ ​Y​o​u​r​ ​a​c​c​o​u​n​t​ ​h​a​s​ ​b​e​e​n​ ​l​o​c​k​e​d​.​ ​V​e​r​i​f​y​ ​n​o​w​ ​a​t​ ​a​c​c​o​u​n​t​.​p​a​y​.​c​n​-​b​a​n​k​.​c​o​m,phishing
"IRS: You have a pending tax refund of ₹1,482. Claim before the deadline: account-pay-login.app",phishing
البريد السعودي: شحنتك معلقة في الجمارك. ادفع 1.99 دولار للإفراج: id-check-service.info,phishing
Santander: Su cuenta ha sido bloqueada por seguridad. Verifique su identidad: billing.service.xyz,phishing
"Coinbase: Инициирован вывод 0.45 BTC. Если это не вы, отмените: account-pay-billing.net",phishing
FINAL NOTICE: Unpaid toll of ₹99. Pay now to avoid a late fee and license suspension: portal-pay.live,phishing
NatWest Alert: Your account has been LOCKED due to suspicious activity. Verify your identity now: secure.login-verify.net,phishing
P@yP@l: y0ur @cc0unt 1$ l1m1t3d. R3$t0r3 @cc3$$: p0rt@l-p@y.l1v3,phishing
Y​o​u​r​ ​p​a​c​k​a​g​e​ ​n​e​e​d​s​ ​a​ ​f​e​e​.​ ​P​a​y​ ​a​t​ ​h​t​t​p​s​:​/​/​r​b​.​g​y​/​f​3​0​5​7​6​6,phishing
Pos Indonesia: Paket Anda tertahan di bea cukai. Bayar Rp 49.900: portal-pay.top,phishing
"Finanzamt: Ihnen steht eine Erstattung von 184,50 € zu. Bestätigen Sie Ihre Daten: update-client.cn-bank.com",phishing
【建设银行】您的银行卡已被冻结，请立即验证身份：portal-service.top,phishing
"Hi, this is HR. We're updating payroll. Please confirm your bank account details before Friday's run: id-check-pay.vip",phishing
W3ll$ F@rg0 Al3rt: Y0ur @cc0unt h@$ b33n l0ck3d. V3r1fy n0w @t @cc0unt.cl13nt-p@y.0nl1n3,phishing
"GLS: Il tuo pacco è in giacenza. Paga 184,50 € per lo sdoganamento: verify-service.info",phishing
FINAL NOTICE: Unpaid toll of 1.482 TL. Pay now to avoid a late fee and license suspension: verify-client.xyz,phishing
Your pасkage needs a fee. Рау at httрs://сutt.lу/m5692,phishing
Your MetaMask wallet will be suspended. Validate your seed phrase to keep access: account.pay-secure.com,phishing
"FINAL NOTICE: Unpaid toll of $1,482.00. Pay now to avoid a late fee and license suspension: toll-login.cn-bank.com",phishing
P@yP@l: y0ur @cc0unt 1$ l1m1t3d. R3$t0r3 @cc3$$: 1d-ch3ck.p@y-p@y.0nl1n3,phishing
【ゆうちょ銀行】お取引を一時制限しました。本人確認はこちら: kakunin.login.live,phishing
"Coinbase: Withdrawal of 0.45 BTC initiated. If this wasn't you, cancel immediately: billing.client.xyz",phishing
"Hi, this is HR. We're updating payroll. Please confirm your bank account details before Friday's run: verify.login.live",phishing
H​S​B​C​ ​A​l​e​r​t​:​ ​Y​o​u​r​ ​a​c​c​o​u​n​t​ ​h​a​s​ ​b​e​e​n​ ​l​o​c​k​e​d​.​ ​V​e​r​i​f​y​ ​n​o​w​ ​a​t​ ​a​c​c​o​u​n​t​.​p​a​y​.​x​y​z,phishing
Your MetaMask wallet will be suspended. Validate your seed phrase to keep access: update-client-secure.com,phishing
"FedEx: החבילה שלך מעוכבת במכס. שלם 1,490 ₪ לשחרור: id-check.login.cn-bank.com",phishing
בנק הפועלים: חשבונך הוגבל עקב פעילות חריגה. אמת את פרטיך: billing.client.cn-bank.com,phishing
"FINAL NOTICE: Unpaid toll of ₹1,482. Pay now to avoid a late fee and license suspension: account.login.vip",phishing
IRS: You have a pending tax refund of 499 ₽. Claim before the deadline: portal.service-billing.net,phishing
Yurtiçi Kargo: Paketiniz gümrükte bekliyor. 499 TL ödeyin: billing.login-verify.net,phishing
B@rcl@y$ Al3rt: Y0ur @cc0unt h@$ b33n l0ck3d. V3r1fy n0w @t $3cur3-$3rv1c3-p@y.0nl1n3,phishing
"Geek Squad: Your ¥4,990 annual plan auto-renews today. To cancel, call +1 (805) 476-8702 immediately.",phishing
"DERNIER AVIS: Péage impayé de 184,50 €. Réglez maintenant pour éviter une amende: update.login-login.app",phishing
IRS: You have a pending tax refund of 1 990 ₽. Claim before the deadline: verify-login.vip,phishing
Hesabınızdan 499 TL çekildi. Tanımıyorsanız hemen 1-853-520-3332 numarasını arayın.,phishing
"Sembra che il formato sia molto disordinato da odp a foglio di calcolo di Google. Sto sistemando mentre creo le domande. Domattina presto, controlla di nuovo per favore.",ham
குற்ற என்னவெல்லாம் வீடுக்கு சமையல் வரதுனா?,ham
"Здравствуйте! Я отправляю вам электронное письмо. Пожалуйста, проверьте свою папку входящих
С уважением, Эмили Мейер
Тел.: +44 151 832 0580
Эл. почта: sales@csdep.net",ham
"No proporcionar a nadie, INCLUYENDO SHOPEE. Código OTP 293326 para ACTUALIZAR N°. DE TELÉFONO. \
jKPmMcdNAgI",ham
"முதலியனாக, அவள் பிரசவித்தும் பிறகு &lt;#&gt; கிலோ கிலோ அதிகமாக பெற்றுள்ளாளா? இரண்டாவது, அவள் ரத்த சார சோதனைகளை செய்துவிட்டாரா? அவள் செய்திருந்தால் மிகவும் நல்லது என்றால், அவள் இரத்த அழுத்தம் அவஈயில் பொருத்தமாக உள்ளதால் எந்த புச்சைகளும் இல்லை.",ham
you can create an account here https://x.c0m,ham
رائع! كما لو أننا معًا الآن!,ham
"Новая игра ""Deus Ex"" выходит в начале следующего года",ham
"අපේ පියා කවුද,සිත්වීමක් වඩාත් නවීමක් සිදුවූවේ කවුද.",ham
"La notte è finita per un altro giorno, la mattina è arrivata in modo speciale. Possa sorridere come i raggi del sole e lasciare le tue preoccupazioni alla baia blu blu. Buongiorno",ham
"Por favor, introduce 322055 en LINE en un plazo de 30 minutos.",ham
"Я хочу найти данные, которые нужны из любой таблицы.",ham
Je serai chez toi dans  &lt;#&gt;  minutes,ham
تعال إلى كلية الطب الساعة 7 مساءً... أعدها للأمام,ham
"Du hast recht, jetzt wo ich darüber nachdenke.",ham
"â€_ stiamo rimanendo qui una settimana in più, torneremo mercoledì prossimo. Come abbiamo fatto al rugby questo fine settimana? Ciao a e a , ci vediamo presto \""
ham""",ham
"Hey, ho già prenotato la lezione di pilates e yoga... Ahah",ham
Fai del bene :) tutto passerà presto. Pensa ai bei momenti che verranno:,ham
آسف صديقي، لا يوجد أموال في حسابي الآن، لكن إذا أردت، يمكننا التبادل بالنصف، أو يمكنني شراء بعض الأشياء باستخدام بطاقتي الائتمانية.,ham
நீங்களுக்கு எத்தனை கொடுத்தேன். காலை.,ham
Confirmation code: 5785. Valid for 10 minutes,ham
Confirmation code: 5067. Valid for 10 minutes,ham
"ஹலோ, உங்கள் Voicespin PERSONAL-TSENTR_S கணக்கு இருப்பு 89.78 ஆகும். நீங்கள் அதேக்குறிக் காலமாகத் தெரிவிட்டால், அது கிரெடிடு வரம்தொட்ட வரை வருகிறது மற்றும் அது தானாகவே முடக்கப்படும்.",ham
"කෙස්, ඔබට මට හිරෝල් හී පාධ සංග්‍රහයේලට මෙහෙයුද? එහෙවරට මිල හිරේදේ.",ham
"Sure, whenever you show the fuck up &gt;:(",ham
Non scherzare seriamente l'ho detto,ham
"Заходите в нашу комнату в какой-то момент, чтобы мы могли разработать план на выходные.",ham
Sto lavorando nel supporto tecnico :) processo vocale. campo del networking.,ham
"Ciao, domani forse posso incontrarti a yck.",ham
Alles ist nur in 2 Situationen wertvoll: Erstens - bevor man es erhält... Zweitens - nachdem man es verloren hat...,ham
"""Hostel, aha, Siva ist drin :-)""",ham
E come sta tuo marito.,ham
Automaticamente. Non rispondere a questo SMS,ham
Todo suena bien. Fingers . Makes it difficult to type,ham
"Lo siento, llamaré más tarde, en una reunión",ham
Ãœ log off 4 wat. It's sdryb8i,ham
"Ok, wie auch immer, es ist nicht nötig, etwas an dem zu ändern, was du gesagt hast.",ham
Ok. Very good. Its all about making that money.,ham
"හෙලෝ... යන්නෙම..! ""අරණ"" ""පැය"" ""ආරාධ"" ""ඔබ"" ""ලබා නියම"" ""මෙය දිගේ"" ""සම පිළිබුණු"" ""සුබ උදව්"". ""ජී. එමඊ"".",ham
"Ora sembri un ragazzo scalcagnato di Liverpool, come quello Steve, eh! Sto viaggiando in autobus verso casa. Cosa hai in mente per il tempo libero stasera?",ham
Your verification code is 7091,ham
"nama1, request just the controller and its view.",ham
Mmm così delizioso tesoro ... Bel colpo per la suzy,ham
"அவன் அதை புகைப்படுத்தப்பட்டு அவன் கைகள் முழுவதும் பகைவால் உண்டாகின்ற பாண்டேஜ்களுடன் விவரிக்கப்பட் டுதான், இப்போது அவர் இதில் அதிஷ்டகரமாக இருக்கின்றார்.",ham
"SHOPEE: Il y a une tentative de connexion à votre compte. Si c'est vous, cliquez sur ce lien pour continuer : shopee.co.id/dlink/verify/link?q=PgSoJPgb&event_type=1",ham
8649 est votre code client pour l'inscription au programme promotionnel Godrej.,ham
"Dear,shall mail tonite.busy in the street,shall update you tonite.things are looking ok.varunnathu edukkukayee raksha ollu.but a good one in real sense.",ham
"சரி, செலவு வந்தபோது உங்களைத் தொடரலாம்",ham
Können Sie heute Nachmittag ein Meeting irgendwann machen?,ham
"Oops, je vous informerai lorsque mon colocataire aura fini",ham
Selamat Pagi sayangku........... Semoga hari ini penuh sukses dan indah.,ham
"හායි, ඔබේ Voicespin Test_Keykloack_2 ගිණුමේ හෝ මුදලක් 216.9 වේ. ASAP වෙත එකතු කරන්නේ නැතිවීම්කිරීමට එනපුරාම සැකසීම වෙනුවෙන් එක් කරනෙමි සහ බ්ලොක් වේගයෙනින් සුන්දර වේගොඩ වේග කරනවා.",ham
"Yetunde, maaf tapi Moji dan saya sepertinya terlalu sibuk untuk bisa pergi berbelanja. Bisakah kamu mencari cara lain untuk mendapatkan barang yang kamu inginkan dari kami? Maafkan saya. Kamu bisa membalas pesan ini secara gratis melalui yahoo messenger.",ham
Saya hanya memasak salmon yang cukup enak ala Anda,ham
Your account balance is $1239,ham
"Ya, tapi aku tak peduli karena aku tahu itu ada di sana!",ham
"De todos modos, no creo que pueda asegurar nada aquí arriba, avísame si quieres que me dirija hacia el sur y relajarnos.",ham
Your verification code is 8724,ham
Jangan lupa siapa yang memiliki kamu dan bahwa kamu adalah properti pribadi ku ... Dan selalu jadi anak baik untuk ku .. *ciuman penuh gairah*,ham
"හායි, ඔබගේ Voicespin NRDX ගිප්ලාන්ස් -190.0 පිහිටුවේ. කිරීම්අතර එමින් දැනගන්න ඔබට කරුණක් තිබේ 
- ව එම දෝෂයම් භර්ගයම ඇතොළු.එය ස්වකීඉලසේවුවට සහයෝගච්ඡිනේ. රබි.",ham
"SHOPEE: Um die Telefonnummer zu überprüfen, verwenden Sie 944327. Gültig für 15 Minuten. Teilen Sie diesen Code niemals mit anderen, einschließlich Shopee-Mitarbeitern.",ham
"හෝ අමා, අපි &lt;#&gt; හන්යාවේල් පස්වන වෙනුවෙන් එව්වේනේ.",ham
"Bonjour, votre solde de compte Voicespin Test_Keylock_05 est de 9,25. À moins que vous ne le rechargiez dès que possible, il atteindra la limite de crédit et sera bloqué automatiquement",ham
පැමිණියා අම්මට හොදට සහයෝගිතා. ඔයා කොහොමද?,ham
"Il tuo codice di registrazione Bumble è 204965. Per favore, non dire questo codice a nessuno.",ham
"IKEA-code 630346 to register, valid for 5min",ham
"Могу приехать в Кералу на 2 дня. Так что вы можете быть готовы взять отпуск, как только я закрою все детали. Не планируйте никаких поездок во время моего визита. Нужно закончить срочные дела.",ham
"Hey, Your order #8516 has been shipped.",ham
"<#> Account: 720441 è il codice di verifica del tuo account.\
bP2ROrn3fZQ",ham
مرحبًا، رصيد حسابك في Voicespin Test_Account هو 10.0. مالم تقم بشحنه على الفور، فسيصل إلى الحد الأقصى للائتمان وسيتم حظره تلقائيًا.,ham
حسنًا، تناولت المورفين. عدت إليك.,ham
"Halo, saldo akun Voicespin INTENDA_GROUP_LIMITED Anda saat ini sebesar 64.36. Jika Anda tidak segera mengisi ulang, saldo akan mencapai batas kredit dan akun akan diblokir au",ham
"Ne donnez PAS à qui que ce soit, Y COMPRIS SHOPEE. Code OTP 791890 pour SE CONNECTER À VOTRE COMPTE SHOPEE. \
jKPmMcdNAgI",ham
"எங்களுக்கு நீங்கள் தெரிந்து கொண்டிருக்கின்றது என்பதை உறுதிப்படுத்துவதற்கான உண்மையானதுதான், ஏதுமில்லை",ham
Call 7646 for customer support,ham
Your Binance login verification code: 243282. Do not share this code with anyone. Visit your Binance account now.,ham
"Entonces, ¿tu física se ve afectada?",ham
Confirmation code: 5289. Valid for 10 minutes,ham
Eres una chica muy muy muy muy mala. O dama.,ham
نعم، ولكن لا أهتم! أنا بحاجة إليك كثيرًا، يا أميرة!,ham
Je sais que je manque de la plupart des détails de cette dramastorm en particulier mais pour la plupart je ne m'inquiète pas de ça.,ham
Génial ! Qu'est-ce qui vous attire chez les frères ?,ham
"Хорошо, я официально в философской яме, так что если вы хотите, чтобы меня вызвали, я дома и готов быть спасенным!",ham
ஹார்ட் டிஸ்க்-இல் நிறுவுதல் இல்லாமல் ஓர் ஓஎஸ் கோரி உள்ளது என்பதை ubandu என்கிறது... அந்த ஓஎஸ்-ஐ பயன்படுத்தி அவசியமான கோப்புகளை அபகரிப்பதும் தரவுக்கு சேவையைப் பெற்றிருக்க மைய மலையாளத்தில்.,ham
Call 6315 for customer support,ham
"Ciao, vuoi comprare qualcosa? :)",ham
தேங்க்ஸ் ஃபார் தி டெமால்ஸ் இட் வாஸ் வண்டர்ஃபுல். தேங்க். ஹாவ் எ கிரேட் வீக்.,ham
Buenos días durmiendo ga.,ham
அவனுக்கு ஒருவேளை ஒருவர் செய்ய விரும்புகிறான். அவன்படி செய்யும்படிக்கு வரலாம் என்பதை பார்க்க மட்டுமே நாங்கள் பருவங்களை காண்கின்றனர்.,ham
"Entschuldigung, das war mein Onkel. Ich werde in Kontakt bleiben.",ham
شكرًا جزيلاً.. لقد اشتريت بالفعل بيضتين.,ham
"Ich verstehe nicht ganz, was du meinst. Kannst du es mir schicken? Außerdem, wie geht es dir?",ham
ඔයා ලිඩෝ දෙනවද?,ham
"Ne donnez PAS à qui que ce soit, Y COMPRIS SHOPEE. Code OTP 304035 pour METTRE À JOUR LE NUMÉRO DE TÉLÉPHONE.
jKPmMcdNAgI",ham
"Codice di verifica BiP: 49301\
Per favore non condividere.\
AviOZVGs9JJ B002",ham
5425 adalah kode verifikasi Disney+ Hotstar Anda. Selamat menonton!,ham
PayPal: 348726 is your password recovery code. Do not share your code.,ham
عندما تضع فقط علامة الزائد +، اختر رقمي وسيظهر الرقم السري، صحيح؟,ham
"Aku punya sedikit garam, kamu bisa menggosokkannya di luka terbuka ku jika kamu suka!",ham
ОК.. Спасибо..,ham
حسنًا. سأرسلها مرة أخرى.,ham
"Just wanted to say Bagi yang sudah diuji, segera serahkan dengan dijilid. Bagi yang sedang menunggu diuji, bersabarlah untuk menyesuaikan waktu penguji.",ham
"Sekarang setelah kamu sudah mulai, jangan berhenti. Berdoalah untuk ide-ide bagus yang lebih banyak, dan apa pun yang saya lihat bisa membantu kamu akan saya kirimkan linknya.",ham
"El amor tiene una ley: hacer feliz a la persona que amas. De la misma manera, la amistad tiene una ley: nunca hacer que tu amigo se sienta solo mientras estás vivo. Buenas noches.",ham
Call 7947 for [ customer [ support,ham
"FYI: Hmmm.. Danke, ich habe wirklich Zeit, um herumzuhüpfen... Ja, können uns kostenlos treffen... Muss dich anrufen, um zu besprechen...",ham
"<#> කෝඩ් එයට පිවිසෙන්නේ OTP 3776. කොනාගේ යළුට සහාදනා කරන්න, මාත් Gojek කරන යන්න හා සහය ඇය අනුව Gojek කොනා බලා සහාදේ්නාවෙ#. ග ූසීඅ#ණවැඒඑයට වලවු.NUM71yJif3H\",ham
"Prabha, es tut mir leid. Wirklich. Vom Herzen her, es tut mir leid.",ham
"Попробуйте узнать, кто сейчас на программе? Посмотрите расписание защиты. Есть запись, приглашающая собраться во сколько-то часов? Спасибо",ham
ஏன் நீங்கள் என்னவோ வாங்க வேண்டுமா:),ham
"Sehr schön! Morgen geht es nach Sheffield, um meine Meinung zu den Kategorien zur Messung von Ethnizität in der nächsten Volkszählung kundzutun. Habe viel zu transkribieren. :-)",ham
"නැහැ, ඔයාට තෑගෙන ගන්න හෝ බුද් හෝ පද එකක් එකතු ගහලා ඉගෙන ගනිල සම්බන්ධ මුදල් එකට කොන් හෝ ඇමතුමක්ම කරන්නේ නොඑනකගේද",ham
Your order #4391 has been shipped.,ham
SHOPEE: لتحديث كلمة المرور على الحساب الفرعي، استخدم OTP 118320. صالح لمدة 15 دقيقة. لا تشارك هذا الرمز مع الآخرين، بما في ذلك موظفي شوبي.,ham
"No mucho, solo enviando mensajes de texto. ¿Y tú?",ham
(909495)Uniportal verification code.,ham
Добрый вечер! Как вы?,ham
"Хорошо, осторожно! Не пиши сообщения за рулем!",ham
¡Sí..Gauti y Sehwag fuera de la serie de ODI!,ham
آسف، لا أستطيع النص والقيادة بشكل مترابط، أراك خلال عشرون دقيقة,ham
Questo è il motivo per cui ho detto che è brutto che tutte le ragazze ti conoscano... Cosa stai facendo adesso?,ham
"Halo, saldo akun Voicespin NRDX Anda saat ini adalah -190.0. Jika tidak segera diisi, saldo akan mencapai batas kredit dan akan diblokir secara otomatis. Mohon diisi segera. Terima kasih.",ham
"Soll Shuhui sagen, dass wir zu Suntec Steamboat gehen sollen? Weißt du, wo das ist? Wo bist du gerade?",ham
Your account balance is $541,ham
"Hola, soy Kate, fue encantador verte esta noche y te llamaré mañana. ¡Tuve la oportunidad de cantar y un chico me dio su tarjeta! xxx",ham
روح فين وتشتري؟ دز بس اشتري عندما نصل إلى هناك.,ham
போவும் எந்த நேரம் உங்கள் தினம் முடியும்? நீங்கள் இன்று என்னை ஷாப்பிங்க் செய்ய வேண்டும் என்று உங்களால் ஊத்தப்பட்டார்கள். :(,ham
இது உங்கள் ஆப் OTP குறியீடு கோரிக்கையாகும்: 945963. சாம்சங்,ham
"එය මෙතෙක් සතියෙකු වේ, රයන්",ham
Confirmation code: 7409. Valid for 10 minutes,ham
Your order #8711 has been shipped.,ham
"නැත, මම *විසින්* එක්වන්නේ නෑ. මම එක්කක් ලිව් කලා, ඔනෙ එකට උපරිම එකීමේදී, මම සුළළු පුළුවන පරිදි, එමින් එමී‍ය ඇත්තේ. මම කාලයට එරෙහිදුවේ බයිට් ඔබට ලිපියක් ඉවත් කළා. එය එමග. මම යට කියමුව. මම දඹුවනේද, නළු සුළුවෙකුට පැනවුනේ? අස්තු ඇතුළතැයි? ඔබ කියූ නැතිවේලා, යම් තාලකට, ඇත්තාව ආපදේශගත, අහෝසයයි. ඡාව හෝ උහලා කල හදා ගනිමු?",ham
Saya ingin mengirim sesuatu yang bisa laku dengan cepat. &lt;#&gt; ribu tidak semudah itu mendapat uang.,ham
"Ich sehe ständig komische Dinge und denke ""Woah"", um dann zu realisieren, dass es tatsächlich vernünftig ist, und dann bin ich wie ""Oh"".",ham
"<#> Account: 130517 - ваш проверочный код аккаунта.\
bP2ROrn3fZQ",ham
<#> 6129 es tu código de verificación de Disney+ Hotstar. ¡Disfruta viendo! 0P1dUnbmS/K\,ham
"Ein reines Herz kann ein wundervolles Lächeln haben, das selbst seine Feinde dazu bringt, sich schuldig zu fühlen, Feinde zu sein. Also fange die Welt mit deinem Lächeln ein. GUTEN MORGEN & EINEN LÄCHELNDEN SONNTAG. :)",ham
"ஹலோ, உங்கள் Voicespin Test_Keykloack_2 கணக்கின் இருப்பு 216.9 ஆகும். அதை ASAP ஏக்கவில்லையாம் என்றால் கிரெடிட் வரிக்கு அனுமதி எடுக்கப்பட்டு தடை செய்யப்படும்",ham
"Unas cuantas personas están en el juego, estoy en el centro comercial con Iouri y Kaila.",ham
"அவர்கள் கடந்த ஆண்டு ஒரு நாள் விளைந்ததிலும், பெருமையான அணி உள்ளதுபோல் அவர்கள் ஒரு நாள் விளையாடவில்லை.. இலங்கை போல்.",ham
K:) تنضح في الرماد :),ham
Ahhh. Arbeit. Das erinnere ich mich nur vage! Wie fühlt es sich an? Lol,ham
Your account balance is $2739,ham
"Sí, intentaré conseguir algo.",ham
"Halo, saldo akun Voicespin Test_Account Anda adalah 10.0. Kecuali Anda mengisi ulang segera, maka saldo akan mencapai batas kredit dan akan diblokir secara otomatis.",ham
"verfo|g3 si3 und überf@hre s!e, während sie die straße überquer7.",ham
"Иди сюда, это .",ham
Confirmation code: 2484. Valid for 10 minutes,ham
"Maaf, saya ingin marah-marah padamu kemarin, tapi sudah terlambat... Darimana saya bisa tahu kamu punya perasaan padaku? Kalau kamu bertanya padaku sebelum dia bertanya padaku, maka saya akan keluar bersamamu. Dan kamu masih bisa berlaku begitu nyata.",ham
"SHOPEE: Gunakan Kode OTP 362744 UNTUK UBAH PASSWORD. Hanya berlaku 15 menit. JANGAN berikan kode ke siapa pun, termasuk pihak Shopee. jKPmMcdNAgI",ham
"சரி, நீங்கள் அதை முழுமையாக ஏற்றுக்கொள்ளவில்லை என்று நான் மகிழ்ச்சியில் உள்ளேன் ... லொல்",ham
seeing you on board. Singapore Airlines,ham
Gestern war ich in Coimbatore.,ham
Armand bilang cepat datang ke epsilon.,ham
"Je lis le texte que je viens de t'envoyer. C'est censé être une blague. Alors, lis-le dans cet esprit",ham
ممكن تعطيني ايميل Github؟,ham
Nadie interesado. Tal vez algún plan de negocios.,ham
أردت أن أطلب منك الانتظار بالنسبة لي حتى أنهي المحاضرة. لأن المحاضرة ستنتهي خلال ساعة على أي حال.,ham
I will reach office around  &lt;DECIMAL&gt; . &amp; my mobile have problem. You cann't get my voice. So call you asa i'll free,ham
Call 1035 for customer support,ham
மைக்ரோசாஃப்டு உறுதிப்பாடுகளுக்கு 811632 சரிபார்ப்பு குறியீடை பயன்படுத்தவும்.,ham
"Halo, saldo akun Voicespin Test_Account Anda saat ini adalah 10.0. Kecuali Anda mengisinya segera, saldo akan mencapai batas kredit dan akun akan diblokir secara otomatis.",ham
"Другой месяц. Мне нужны шоколад, трава и алкоголь.",ham
Muss später kommen... Ich bade ihn normalerweise am Nachmittag...,ham
if you text on your way to cup stop that should work. And that should be BUS,ham
"Halo, saldo akun Voicespin NRDX Anda saat ini adalah -190.0. Kecuali Anda mengisinya segera, saldo akan mencapai batas kredit dan akan diblokir secara otomatis. Tolong diisi segera. Terima kasih.",ham
Your friend request from David is pending,ham
نعم يمكنني ما زلت أستطيع أن أوصلك,ham
"Hallo, Ihr Voicespin MegaMarkets Kontostand beträgt 1731,2. Falls Sie es nicht umgehend aufladen, wird es das Kreditlimit erreichen und automatisch blockiert werden.",ham
அனைத்தும் நலமாக இருந்தது எனவென்று முதலை ஆச்சரியப்பட்டது இங்கு உள்ள வந்திருந்துடாம்! இன்று மெல்லியாக இருந்து விரும்பினது. நாளை மூடவில் நீங்கள் முற்பகைக்கால் இருக்க முன். வரும் நாளுக்கு அல்பேஸ் குளிகள் நல்லது.் எங்களது பொருத்தம் + இடம் ஒவ்வொரு கொள்கை?,ham
"Ich sitze gerade in meinem Zimmer und warte darauf, dass alle aus meiner Suite gehen, damit ich duschen kann.",ham
Translation: Huh così presto... Allora stai cenando fuori?,ham
"Ciao, gentilmente restituiscici i nostri documenti che abbiamo inviato per il prestito da STAPATI",ham
"La amistad no es un juego para jugar, no es una palabra para decir, no comienza en marzo y termina en mayo, es mañana, ayer, hoy y siempre.",ham
Baiklah. Kapan saja. Semoga berhasil dengan semua itu.,ham
"¿Alguna novedad, va a venir?",ham
Call 6213 for customer support,ham
නොදනිමි. මම ඇයගෙන් අසිරියට පණිවිඩයක් නොඅයි.,ham
مرحبًا، رصيد حسابك في Voicespin Test_Account هو 10.0. ما لم تقم بشحنه على الفور، سيصل إلى الحد الأقصى للائتمان وسيتم حظره تلقائيًا.,ham
"Oder fragst du sie alle, ob sie nächsten Samstag Zeit haben können oder nicht. Wenn alle von ihnen es schaffen können, dann bin ich okay.",ham
Omg how did u know what I ate?,ham
"Hmm... Pensavo avessimo detto 2 ore, schiavo, non 3... Sei in ritardo... Come dovrei punirti?",ham
K..ඔබටත් දැන්ම එයා පණිවිඩ හෝ ප්‍රයෝජන කරන්න..,ham
"Oke, saat kamu senggang, datanglah ke rumahku dan beritahu juga Vikky bahwa aku telah mengirimkan email kepadanya juga. Lebih baik datang di sore hari, aku akan bebas hari ini setelah jam 6. :-)",ham
نعم ولكنها لا تسبب لي مشاكل الآن لذا ربما سأتركها كما هي...,ham
குடியருள் சகோ. லண்டனில் எப்படி இருக்கின்றது?,ham
عندما تجد وقت فارغ، اتصل بي,ham
"பதிவு முடிந்தது. சரியான தேதியை உள்ளிடவும் (01 - 31), DDMMYYYY வடிவத்தில்",ham
"<#> Account: 982162 ඔබගේ Samsung ගිණුමේ සත්‍යාවන් සබැඳිය අත්හිටුවි \
bP2ROrn3fZQ",ham
Call 9365 for customer support,ham
"Вы знаете, что люди носят. Футболки, свитеры, шапки, пояса, это все, что мы знаем. Мы в Криббс",ham
"මිසයි, මට අදහසක් කරයි.",ham
Forgot to tell √º smth.. Can √º like number the sections so that it's clearer..,ham
"Hallo, der Kontostand Ihres Voicespin-Testkontos beträgt 202,0. Wenn Sie es nicht so schnell wie möglich aufladen, wird es das Kreditlimit erreichen und automatisch blockiert werden.",ham
مرحبًا، رصيد حسابك في Voicespin ZohoDemo هو -104.18. ما لم تقوم بشحنه على الفور، سيصل إلى الحد الأقصى للائتمان وسيتم حظره تلقائيًا.,ham
"Sollte ich etwas Bestimmtes in Bezug auf Jaklin tun oder was, denn ich habe keine Ahnung, verdammt nochmal.",ham
ما زال هناك فرصة. إذا بذلت جهدًا في البحث ستجدها.. لنجرب :),ham
كيف كان استخدام الجوّال أثناء القيادة؟,ham
"Jadi > menurutmu aku ^ sebaiknya benar-benar 🎉 berbicara 🔥 dengannya? "" Bukan $ menghubungi 🔥 bosnya besok 🛡️ pagi? Aku > pergi | ke tempat itu tahun lalu 💸 dan 🔥 dia | memberitahuku 💸 di mana aku bisa pergi memperbaiki . mobilku 🛡️ lebih murah. Dia terus menerus memberitahuku + hari ini betapa 📱 dia @ berharap \ aku akan ⚡ kembali, ⚡ betapa dia selalu 💳 menyesal _ tidak mendapatkan nomorku, dll.",ham
Posso per favore dirti la risposta. BSLVYL inviato tramite fullonsms.com,ham
نحن نأمل في الانطلاق في السابعة، من لانجبورت. هل ما زلت ترغب في الذهاب إلى المدينة الليلة؟,ham
هل ستفقد الخريطة الخاصة بك فقط؟ هل رحلتك يوم الثلاثاء وإغي سافر يوم الاثنين؟,ham
එය හොඳයි. මම සුබසාද කරමු කරලා තියෙනවා ඒ පිළිබඳව අසා කියා. ඔබ එය කරනවාද දෙදෙනෙන් එය හමුව ඇත්තාවෙන්?,ham
"Kannst du vorhersagen, wann ich mit dem Einkaufen fertig sein werde?",ham
Confirmation code: 8828. Valid for 10 minutes,ham
Your verification code is 9575,ham
Call 7027 for customer support,ham
"Автоматически. Пожалуйста, не отвечайте на это СМС.",ham
Je pense que Chennai a oublié de venir à la vente aux enchères.,ham
"Если только это не ситуация, когда подходит выражение ""YOU GO GURL""",ham
"Stesso, sono al party di anniversario della mia grande zia a Tarpon Springs",ham
"Штурмующее сообщение: Когда вы поднимаете телефон, вы говорите ""HELLO"". Знаете ли вы, что на самом деле означает HELLO?? . . . Это имя девушки..! . . . Да.. А знаете, кто эта девушка?? ""Маргарет Хелло"". Она - девушка Грэмбелла, который изобрел телефон... . . . . Мораль: Можно забыть имя человека, но не его девушку... Спокойной ночи . . .@",ham
مرحبًا، حبيّ! كيف كان يومك؟ هل أنت بخير؟ أنا أفكر فيك، يا عزيزتي، وأرسل رعشة إلى قلبك لأذكرك... أنا أحبك! هل تسمعين ذلك؟ صرخته عبر البحر ليسمعه العالم كله. أحمد الحلاق محبوب! ومملوك! *قبلة عاطفية ملكية*,ham
"Bis dann, wir sind alle in Weihnachtsstimmung hier!",ham
அறியவில்லை. நான் அவனுக்கு சமீபத்தில் செய்தி அனுப்பவில்லை.,ham
Netflix: ¿Solicitaste actualizar la Casa con la Cuenta de Netflix para tu cuenta? Toca para confirmar que eres tú: m.netflix.com/bbUIJdaF90T,ham
நான் இப்போது ஃபோன் எடுத்து உத்தரவு தெரியப்படவில்லை. தயவுசெய்து ஒரு செயலியை அனுப்பவும்.,ham
Peux-tu tous décider plus rapidement car ma sœur rentre à la maison?,ham
ඔබගේ පද්ධතියා ඉසිරියට අලුත් ව්‍යාපෘතියේ වලට පැමිණෙමින්න. වැඩි විස්තර සදහා අපිට අමතන්න.,ham
Di mana kelas kamu berada?,ham
"Hola, el saldo de tu cuenta de prueba de Voicespin Test_account es de 202.0. A menos que lo recargues lo antes posible, alcanzará el límite de crédito y se bloqueará automáticamente.",ham
"Hervorragender Gedanke: ""Sei dankbar, dass du nicht alles hast, was du willst. Das bedeutet, dass du morgen glücklicher sein kannst als heute. :-)""",ham
"""لم تكمل ملخصك""",ham
"Die Nacht ist für einen weiteren Tag zu Ende gegangen, der Morgen ist auf besondere Weise gekommen. Mögest du lächeln wie die Sonnenstrahlen und deine Sorgen in der blauen Bucht lassen. Guten Morgen.",ham
"Лол, да, делал это вчера. Уже установил камин. Теперь это просто еще одна иконка, висящая там для меня.",ham
Your account balance is $4893,ham
"Entschuldigung, ich gehe zuerst nach Hause... Papa, komm später und hol mich ab...",ham
Révélez-moi mon mauvais caractère que vous n'aimez pas en moi. Je vais essayer de changer d'ici le <#>. Je vais l'ajouter à mes résolutions pour la nouvelle année. En attente de votre réponse. Soyez franc...bonjour.,ham
දක්වා තහවුරු කිරීම සඳහා සබැඳියෙන් අත්හිටියාගේ යින්ගුනයට ඇතුලත් කරන්න: 407754. වයරු 15 ක් සදහා ඉක්මන් වලින් වලට වල්වලා. මේ අතුලද මහත්තයාට මෙහෙ මේ කේත නැතිව නොවේ. jKPmMcdNAgI,ham
Buku pelajaran apa? lalu kamu pesan saya... Saya akan menelepon setelah kerja atau apalah... Saya akan mendapatkan kacamata. Keanggotaan saya adalah PX3748,ham
"Ich lernte dich als Fremden kennen und wählte dich als meinen Freund. Solange die Welt besteht, endet unsere Freundschaft nie. Lass uns für immer Freunde sein!!! Gute Nacht...",ham
Your account balance is $2005,ham
"Comment se passe votre semestre ? Prenez soin de vous, frère.",ham
Your account balance is $1215,ham
"SHOPEE: Utilisez le code OTP 498355 POUR CRÉER UN COMPTE SHOPEE. Valable seulement pendant 15 minutes. NE partagez PAS le code avec qui que ce soit, y compris avec Shopee.",ham
يا صديق، هل ستكون ما زلت متوفرًا غدًا / اليوم؟ أحاول الحصول على دبساك,ham
Your account balance is $4908,ham
Puoi venire un attimo? C'è qualcuno qui che voglio farti vedere.,ham
"Weil ich gerade mit Darren einkaufen war, habe ich ihn angerufen, um zu fragen, was für ein Geschenk er haben möchte. Dann begann er zu raten, mit wem ich war, und ratete schließlich auf Darren.",ham
Your verification code is 1864,ham
مرحبًا عزيزتي، صديقي اضطر إلى إلغاء اللقاء، هل لا زلتِ مستعدة للزيارة؟,ham
"Sì... Ok vado a casa, guardo gli orari e poi mando un messaggio a Ã_ di nuovo... Xuhui andrà a lezione anche il 2 maggio ma la sua lezione è alle 8 del mattino",ham
"මචා, මුදල් හිතවරක් නෑ. මම ඔබගේ සිතව අගයන්න හැකිය. මා සමඟයි එක රහසක් සහිත සතියක් දෙනවා මම. ජවිපාතය නැවත ආරම්භ වෙයි. කාලයේ කෙළින්ම ඇමතුම්කරණය වෙනවා. ඉමිලා කරනවා එකවීමට.",ham
"Nach Abschluss des Studiums ist es sinnlos, in die Finanzbranche einzusteigen.",ham
لا أستطيع الاستمرار في التحدث مع الناس إذا لم أكن متأكدًا من قدرتي على دفعهم إذا وافقوا على السعر. لذا يرجى أخباري بما ترغب حقًا في شرائه وكم ترغب في دفعه.,ham
"Entonces, ¿cómo está tu hermana?",ham
Хорошо... Увидимся...,ham
"Ne donnez PAS ce code à qui que ce soit, Y COMPRIS SHOPEE. MÉFIEZ-VOUS DE LA FRAUDE! Le code de vérification (OTP) 391660 n'est valable que pendant 15 minutes.",ham
"Bonjour, votre solde de compte Voicespin boris_test est de 15,0. À moins que vous ne le rechargiez rapidement, il atteindra la limite de crédit et sera bloqué automatiquement.",ham
Allora vai da Ikea dopo?,ham
Keinginan- pergi ke dokter untuk hati. Dan sedikit lebih bergaya. Atur rambutmu. Itu saja.,ham
Verwenden Sie den Bestätigungscode 348811 zur Authentifizierung von Microsoft.,ham
هل كان هناك شيء أكلته؟,ham
"Hallo, das Wochenende war okay, aber die Reise war schrecklich. Die Woche wird nicht gut sein, da ich einen riesigen Stapel von Arbeiten zu erledigen habe.",ham
"හායි, ඔබගේ Voicespin ZohoDemo ගිණ වර්ගය -100.07 වෙනස් වේ. ඔබේ මුදල් ඉක්මඩා කිරීමෙන් එපා දිනය ගණනාව අවසන් වනු ඇත්තේ නොවේලාවනා හෝ ස්වූලි සැකසු වේ.",ham
"LIHATLAH AMY URE SEORANG WANITA YANG CANTIK, CERDAS DAN AKU SANGAT MENYUKAI-MU. AKU TAHU KAMU TIDAK MENYUKAIKU SEPERTI ITU, JADI JANGAN KHAWATIR.",ham
"Брак также — это процесс, иногда сверху, иногда снизу, не всегда легко, ха-ха-ха.",ham
"С, но не могу заснуть.",ham
Sei nel castoro? Devi vedere qualcosa,ham
È stato bello vedere quel messaggio. Quindi quando stai partendo? Congratulazioni caro. A che scuola vai e quali sono i tuoi piani.,ham
لا تلوم يومًا في حياتك. الأيام الجيدة تعطيك السعادة. الأيام السيئة تمنحك الخبرة. كلاهما ضروري في الحياة! جميعها نعم من الله! صباح الخير.,ham
باي بال: رمز الأمان الخاص بك هو 363798. ينتهي صلاحية رمزك في غضون 10 دقائق. يُرجى عدم الرد. @www.paypal.com #363798,ham
Should i buy him a blackberry bold 2 or torch. Should i buy him new or used. Let me know. Plus are you saying i should buy the  &lt;#&gt; g wifi ipad. And what are you saying about the about the  &lt;#&gt; g?,ham
Ich bin jetzt im Büro:) Wo bist du?,ham
"Oggi vado al college, quindi non sono in grado di frequentare la lezione.",ham
"Ciao, il saldo del tuo account Voicespin ARBEL_PHARMA è di 99,1. A meno che tu non lo ricarichi al più presto, raggiungerà il limite di credito e verrà bloccato automaticamente.",ham
எனக்கு மாசாஜ் செய்து கொடுப்பது மிகவும் இன்றைக்கும். நான் பல baby oil பயன்படுத்துகிறேன்... உங்கள் பிடிச்ச நிலை என்ன?,ham
Pukul berapa kamu datang?,ham
"Je viens de rentrer à la maison chérie, es-tu encore réveillée ?",ham
"Скажи, Джим, а как насчет пойти выпить несколько пива после ужина?",ham
Xy இப்போது சீரியாக ஏன். உங்கள் மூழ்கியவன. நாம் இல்லை...,ham
Your order #6873 has been shipped.,ham
කරුණාෆාබරාරා.කරුනාෆෙමෙමෙ තව සාකචාගාාමමෙකෙකා මේ SMS වරනකෙකා සමේනාශ්඙්ටෂහාකඳසකනැසඔඔ.,ham
Код одноразового использования учетной записи Microsoft: 9956467,ham
yupz... i've ored1 8ook3d slo7s 4 my we3kends lia0...,ham
"Lo siento, pero no estás aquí...",ham
"SHOPEE: Usa il codice OTP 184563 PER REGISTRARE UN ACCOUNT SHOPEE. Valido per soli 15 minuti. NON condividere il codice con nessuno, incluso Shopee. \
jKPmMcdNAgI",ham
Tomarrow i want to got to court. At  &lt;DECIMAL&gt; . So you come to bus stand at 9.,ham
"Halo, saldo akun Voicespin Test_account Anda adalah 202,0. Kecuali Anda mengisinya secepat mungkin, saldo akan mencapai batas kredit dan akan diblokir otomatis.",ham
"Es ergibt keinen Sinn, dorthin zu gehen, es sei denn, es ist kostenlos. Wenn Sie mehr wissen müssen, besuchen Sie wikipedia.com.",ham
அல்ஹுதாவிற்கு மிக்ஸோ கொக்கோ செய்ய சாபாத்திப்பசங்குகள்?,ham
"Hey, nein, ich hatte eine beschissene Nacht. Es war langweilig ohne dich. Du bist zu beschäftigt mit mir, du langweilige Schlampe! Danke, aber warte ab, bis zum nächsten Mal, dann werde ich dich haben.",ham
"Да. Аренда очень дорогая, поэтому так мы экономим.",ham
"Cartoons anschauen, Musik hören &amp; abends in den Tempel und in die Kirche gehen ... Und du?",ham
උම්මා. 💸 ඇය කුමක් කතා කරාද { ය.,ham
"ولد متأخر على المنزل. والده: ""قوة الصداقة""",ham
Your account balance is $1972,ham
මම නරඹමු සදා ගියා...,ham
This is your app otp code request:  945963 . SAMSUNG,ham
Jos chiede se vuoi incontrarti?,ham
Hey gorgeous man. My work mobile number is. Have a good one babe. Squishy Mwahs.,ham
"nggak apa-apa, kalαu kamu bisa bawа marιjυana atau minuman аtаu sеsuatυ уаng lεbih berguna dаriрada υаng tunai langsung",ham
Раб ! Где ты? Должен ли я всегда звать тебя ко мне? Тебе больше не хочется приходить ко мне самостоятельно?,ham
استخدم 736141 كرمز أمان الحساب في مايكروسوفت. انتقل إلى الوضع بدون كلمة مرور باستخدام تطبيق Microsoft Authenticator https://aka.ms/authapp,ham
Just wanted to say Etiqueté a MIS amigos que parecías considerar como TUS amigos.,ham
Il s'agit de votre demande de code OTP de l'application : 945963. SAMSUNG,ham
"Hmmm.. Danke, ich habe wirklich Zeit, um herumzuhüpfen... Ja, können uns kostenlos treffen... Muss dich anrufen, um zu besprechen...",ham
Est-ce que le fait de te faire fumer m'aiderait à surmonter cette période difficile,ham
"Ya, sebenarnya dia baru saja bertanya apakah kita butuh sesuatu sekitar satu jam yang lalu. Kapan dan berapa banyak?",ham
"FYI: Guten Morgen, meine liebe Shijutta........... Hab einen tollen und erfolgreichen Tag.",ham
"J'ai dix dollars, jay est non engageant",ham
"By monday next week. Give me the full gist

Translation to French:
By monday next week. Give me the full gist",ham
"Fantastico, pianifica di arrivare qui in qualsiasi momento dopo le &lt;#&gt;, ti manderò i dettagli tra poco",ham
Your account balance is $4873,ham
හැක්කේ... අද සතියේ සතිප්රයක් නැතයිනේ...,ham
"Причина заключается в том, что если у команды есть доступный бюджет, они покупают не проданных игроков по базовой ставке.",ham
"¡Hola, el saldo de tu cuenta de Voicespin Test_Keykloack_2 es de 212.9. A menos que lo recargues lo antes posible, alcanzará el límite de crédito y se bloqueará automáticamente!",ham
"Шшшш, никто не должен знать!",ham
Meine Schwester hat gestern zwei Runden bei Birla Soft bestanden.,ham
"Затем собери немного наличных, и я напишу Джейсону",ham
කරුණාකර මෙතනින් ඇති විට මාදා දැනගත්තේ හැකිය.,ham
"Apportez ce CD, n'oubliez pas",ham
كل يوم عمل ما عدا السبت والأحد :),ham
Oke... Aku tidak mengerti pesanmu...,ham
Что ты будешь делать позже? Сар xxx,ham
هل أنت متأكد أنك لا تستطيع أخذ أي وقت مرضي؟,ham
NO REGALI!! Stai cercando di farmi buttare giù da una scogliera o qualcosa del genere?,ham
"&lt;#&gt; , هذا كل شيء؟ أعتقد أنه سهل بما فيه الكفاية",ham
Moi aussi bébé ! Je promets de bien te traiter ! Je parie que tu prendras bien soin de moi...,ham
"Ja, aber ich studiere heute nicht das Surfen. Ich bin heute im Faulmodus.",ham
The package suddenly ran out this afternoon.,ham
ඔබ අද සතිය වල මෙම ජායාරූපයෙන් ජයග්රහනක් මිලදී ගත්තාද?,ham
"Si alguien llama pidiendo una cinta de correr, di que la comprarás. Asegúrate de que funcione. Encontré un anuncio en Craigslist vendiendo por $ &lt;#&gt; .",ham
Кало нонтон hр ини махал йах? Викенд,ham
"Я позвоню вам позже, у меня нет сети. Если срочно, отправьте мне смс.",ham
"Bonjour, mon grand-père est décédé, je suis donc en congé aujourd'hui.",ham
"Salut cher, nous avons vu cher. Nous sommes tous les deux heureux. Où es-tu mon batterie est faible",ham
"காதலை தேட வேண்டாம், காதல் உங்கை காணட்டும். அதனால் அதை 'காதலிக்க பியப்பது' என்று கூறப்படும், உங்கை ஒருவராக இருக்கும் என்று அறிந்துகொள்ளலாம்... BSLVYL",ham
Confirmation code: 6118. Valid for 10 minutes,ham
කරුණාවි. කරුණාවි සංකෝලයේ හෝ නොකළහැකිය.,ham
දිගු ස්වභාවික ස්වයංගක වසමක් හමුවීම පිළිවෙමින්ට හොඳම හඟටමක් තිබේ නැතත් ඔබට කියනව_.,ham
Audrie மிகவும் மோசமான தரமிக்கும்,ham
HALLO PFIRSICH! MEIN KUCHEN SCHMECKT HERRLICH!,ham
Halo! Apa pendapatmu tentang pertandingan tersebut?,ham
"காலை வணக்கம், என் குழம்பி! அந்த சுவையான இத்தனை உத்தம் உத்தும்கள் எங்கு ? நீ என் ஆரோக்கிய புல்லாங்களை எங்கு வைத்திருக்கின்றாய் ? நீ என்னசொல்கிறவன் ? நீ என்னை எப்படி எணிக்கின்றன ? நீ என்னை விரும்புகிறாயா ? நீ என்னை தேடுகிறாயா ?",ham
சரியாகின்றது. ஒரு புரட்சி திருப்பியில் ஒரு யாத்திரை திட்டம் சேர்க்க வேண்டுமா?,ham
"I'll see if I can swing by in a bit, got some things to take care of here firsg",ham
இந்த நாட்டில் வெளிநாட்டு புரட்சியை பயன்படுத்த முடியாது. நல்ல பேச்சு.,ham
قلت أنني سأأتي يوم الأربعاء.,ham
Хорошо... Спасибо... Спокойной ночи и вам тоже...,ham
922s52 è il tuо cοdice dі vеrifica da pаyoneer.,ham
How come i din c √º... Yup i cut my hair...,ham
Cela semble inutilement hostile,ham
Dire merci2.,ham
සුබ පිටවිය. එය විශ්වාසයෙන් විවෘත වේ. මාට ඔබගේ සාරාංශය එස්පෙල් නොකිරීමට උදව් කිරීමෙන් මම නිර්දේශි. නමුත් එය මම වට්ටක් සම්පුරස් වනු ඇත. එය බාහිරයින් හවුලා කියමු සටහන දැන්වීමට සහභාගි කරනු ලැබුණුත් චක්ඛිකයෙන්.,ham
"Yeah, in fact he just asked if we needed anything like an hour ago. When and how much?",ham
Versteckst du etwas vor mir oder hältst du dich von mir fern?,ham
"Hebat, bagaimana cara saya mengatasi gerbangnya? Charles memberi tahu saya semalam tapi, uh, ya",ham
කරුණාකර මෙම පණිවිඩයට පිළිතුරු දෙනා නැත.,ham
Your account balance is $1880,ham
ආදරයෙන් ස්තුතියි. ආයුබෝවන්. කොහොම torch හෝ bold කරමුද?,ham
Just wanted to say சமஸ்யை இல்லை. நீங்கள் எப்படி இருக்கின்றீர்கள்?,ham
Call 5245 for customer support,ham
Grazie. Tutto andrà bene tra qualche mese,ham
Your account balance is $4964,ham
Your $ account balance is $874 %,ham
"Eh அறியவில்லை, td பகுஸ் தெரியவில்லை யார் கேள்விப்பட்டார்",ham
லோல் இப்போது ஆகாத அளவு கொள்கைக்கு பின்!,ham
"¿Hace cuánto tiempo que no gritas, princesa?",ham
"ඔව්. අත්වැල ඉතා කළමනාකරනයි, එය අපි සොයාව කරනවා කියන විදිහේ.",ham
"Ciao, il saldo del tuo account Voicespin INTENDA_GROUP_LIMITED è di 25,36. A meno che tu non lo ricarichi al più presto, raggiungerà il limite di credito e sarà bloccato.",ham
3742 ist Ihr Disney+ Hotstar Bestätigungscode. Viel Spaß beim Ansehen!,ham
À quelle heure viens-tu ?,ham
சரி. . நான் இப்போது பஸ் வண்ணம். . நான் விரைவில் வருகிறேன் என்றால் வாருங்கள் அல்லது நாளைக் காலை வருகிறேன்,ham
உங்களுக்கு ஒரு முறை கோடு பார்க்கவும் வாட்ஸாப்பில் சரிபார்க்கவும். ஒரு முறை குறியீடுகள் அந்தக் கிரேடத்தில் அனுப்பப்படுகின்றன.,ham
"Mi dispiace, ero al negozio di alimentari.",ham
Kita seharusnya bertemu untuk membahas perjalanan kita... Kupikir Xuhui sudah memberitahumu? Di siang hari. Kupikir kita bisa belajar setelah itu.,ham
Salut belles fesses ! Comment s'est passée ta journée ? Pas de nouvelles de toi ce matin sur YM ... :-( ... Je pense à toi,ham
நான் கேள்விக்கு நீங்கள் காத்திருந்தால் 4 மணி நான் பாடல்களை முடிக்க கோரின் ஆகஸ்டா 4 மணி.,ham
"உங்கள் வீட்டில் இருந்தால், 5 நிமிடத்திற்குள் கீழே வாருங்கள்",ham
"Il sole non può venire sulla Terra ma invia amore sotto forma di raggi. Le nuvole non possono andare verso il fiume ma inviano amore sotto forma di pioggia. Io non posso venire a incontrarti, ma posso inviarti la mia cura come messaggio a te. Buonasera",ham
"La AMISTAD es como la aguja de un reloj. Aunque estemos en el mismo reloj, no podemos encontrarnos. Incluso si nos encontramos, es solo por unos pocos segundos. Pero siempre permanecemos conectados. ¡Buenas noches! ;-)",ham
මෙම ව්‍යාපාරියන් සෑදීම් විශේෂයෙන්. මම කුමක් කියනවානම්.,ham
"Ich liebe dich, Aathi... Ich liebe dich sehr.",ham
Non ho nessuno dei tuoi file nella mia borsa.. ero al lavoro quando mi hai chiamato. Ti dirò se trovo qualcosa nella mia stanza.,ham
К:)к..хорошо:)когда ты уходишь?,ham
Kaiez... Goditi le tue lezioni... Gee... Penso che la seconda opzione sembri migliore... Andrò a fare ricerche e poi ti manderò un messaggio...,ham
Tolong cetakkan pranala ini.,ham
Your verification code is 5077,ham
Arrêtez l'histoire. Je lui ai dit que je l'avais retournée et il dit que je ne devrais pas le recommander.,ham
Did you stitch his trouser,ham
¡Ahí el tamaño de las tabletas de elefante y las metes por el culo!,ham
"Klar, ich entspanne gerade im Zimmer eines Freundes, also schreib mir, wenn du unterwegs bist.",ham
அவர்களுக்கு மதம் பாதுகாப்பர் கொள்ளுகின்றார்,ham
"3294 adalah kode verifikasi Disney+ Hotstar Anda. Selamat menonton!\
 \",ham
"Hey, Informa a tus amigos sobre lo que planeas hacer en el Día de San Valentín @ &lt;URL&gt;",ham
إذا سمعت صراخًا عاليًا في حوالي &lt;#&gt; دقيقة، فهذا لأن طبيب النساء سيقوم بإدخال أشياء في جسدي لا تنتمي لها :/,ham
"Ночь закончилась, пришло утро особенным образом. Пусть улыбнется солнечными лучами, оставь свои заботы на синей бухте. Доброе утро.",ham
அது ஒரு அற்புத திரைப்படம் ஆகும்.,ham
لا تشاركه مع أي شخص، بما في ذلك Shopee. رمز OTP 398435 لتحديث رقم الهاتف. jKPmMcdNAgI,ham
So there's a ring that comes with the guys costumes. It's there so they can gift their future yowifes. Hint hint,ham
"Hallo, Ihr Voicespin NRDX-Kontostand beträgt -190,0. Wenn Sie es nicht umgehend aufladen, wird es das Kreditlimit erreichen und automatisch gesperrt. Bitte füllen Sie es auf.",ham
நீங்கள் ஃபிளாஷ் அல்லது மூவி மேக்கர் பயன்படுத்த வேண்டுமா?,ham
Привет! Не забывай ... Ты - МОЁ ... ДЛЯ МЕНЯ ... Моя собственность ... МОЙ объект ... МММ ... *детская улыбка* ...,ham
كنت ناويًا أن أسألك ههه ولكن أعتقد أنها في السابعة,ham
لا تتردد. تعلم أن هذه هي المرة الثانية التي تشعر فيها بالضعف مثل ذلك. لذا احتفظ بمفكرة تسجل ما تتناوله وتفعله قبل اليوم السابق، أو إذا تغيرت أي شيء في اليوم السابق بحيث نتأكد أنه لا يوجد أي مشكلة.,ham
Estaré en la escuela de 4 a 6... No tengo el libro en la escuela... Está en casa...,ham
Di' dove sei arrivato,ham
"Hello, your Voicespin Academiesgroup account balance is 101.08. Unless you fill it up ASAP it will reach the credit limit and it will be blocked automati",ham
Je vais filmer aujourd'hui à 18h. Désolé.,ham
"Non penso che smetterò ancora... Hmm, possiamo andare a fare jazz? Anche lo yoga va bene... Possiamo andare a incontrarli dopo le nostre lezioni allora...",ham
"Mon okie lor... Haha, best is cheap n gd food la, ex oso okie... Depends on whether wana eat western or chinese food... Den which u prefer...

Mon okie lor... Haha, il meglio è cibo economico e buono, anche la qualità okie... Dipende se si vuole mangiare cibo occidentale o cinese... Quale preferisci...",ham
"Oops, ich 💸 glaube, ich 🔗 habe nicht 🚨 genug… Ich % werde nachsehen ' und ^ dir dann Bescheid 🏦 geben.",ham
Your order #6688 has been shipped.,ham
"D'accord, quel est votre autre numéro",ham
Your payment of $2845 was processed,ham
Nos uniremos al autobús número &lt;#&gt;,ham
"அஸ்ஸலாமு அலைக்கும் சார், க்ஷமிக்கவும் சார், நான் கேள்வி கேட்க விரும்புகிறேன் சார், ரெமெடியல் டபிள்யூஎம் என்ன அதிரடில் காணவேண்டும் சார்? ஆனால் ஆன்லைனில் சார்? முன்னேறினபின் க்ஷமிக்கவும்.",ham
"diοs mío, joаnnа me está vοlviendo loco. ha revisado todos mis amigos рara encontrαr fotos mías. у lυego está preguntando sоbre cosas en mi mуsрace, en el qυe nі siquiеrа he іniciado sesión en un añο. :/",ham
"வணக்கம், உங்கள் Voicespin StockTradeGlobal கணக்கு இருப்பு -1873.02 ஆகும். உங்கள் விரைவில் அதை மேம்படுத்துவது முடியாது, அது கடன் வரம்பை அடையாது அவதி ஆகும் மற்றும் அது தானாகவே முடைப்பு செய்யும்.",ham
"நான் உறைவுக்காக எந்த மணிக்கூர்மையான நேரத்தில் தொடர்பு கொள்ள வேண்டும் என்பதை யோசித்துவிட்டுக் கொள்ளாதே, ஏனெனில் நான் உறுதியாக இல்லை அவசரமாக உரைபேச, என்பது கண்டிப்புகள் கொண்டுள்ளன!",ham
Kamu masih belum punya jaket ya?,ham
"Да, такое впечатление у меня сложилось.",ham
"Vale, le diré que se mantenga alejada. Sí, ha sido difícil pero somos optimistas de que las cosas mejorarán este mes.",ham
Your order #5107 has been shipped.,ham
"Hallo, Ihr Voicespin INTENDA_GROUP_LIMITED Kontostand beträgt -85,64. Wenn Sie es nicht umgehend aufladen, wird es das Kreditlimit erreichen und gesperrt werden.",ham
Reminder: È andata a partecipare ad altri due turni oggi .. ma non è ancora arrivata a casa ..,ham
"Nachricht von . Ich bin im Truro Hospital unter der Durchwahl. Sie können mich hier anrufen, da ich ein Telefon in meiner Nähe habe.",ham
FYI: அவர்களுக்கு மதம் பாதுகாப்பர் கொள்ளுகின்றார்,ham
மௌலிகத்தின் குறியாக பெரும் விஷயங்களை பற்றி பேசுவதொன்றைத் தொடக்கும் போது அல்ல.. உண்மையில் அவையில் சிறிய விஷயங்களை உணரும் போதுதான் அதை அடைந்திடுவதுக்கும் உண்டு... மதிக்கும் மி உள்ளோடு இருங்கள் *நல்வாழ்த்துக்கள்* BSLVYL,ham
"Saya juga, saya merasa kemarin malam menunggu hingga malam ini sayang.",ham
هل تقوم بتناول العشاء؟,ham
عزيزي، أين أنت. اتصل بي,ham
ක්‍රියාවට. එසේ ඔබ අපිට වයින් හැපිලා හායි කරල නැදූ අයිත් කානකටද?,ham
"Привет, ваш баланс счета Voicespin ARBEL_PHARMA составляет 94,94. Если вы не пополните его как можно скорее, он достигнет кредитного лимита и будет заблокирован автоматически.",ham
Prépare-toi à être frappé chaque nuit...,ham
ජොයිහොරන් සඳහා වලකින් වලාකුල්ව පැය නොදැක්වූනම්.....! එදාගත කරන විටද සතුන්! එදාඋතුරු හැමදාම හිටියෙන් හිනා බැලෙන්.... උදාව පලමු කරන් කරන්න... ජීවිතේව බලය.,ham
"Hey, அது யாருக்கும் உபயோகமானதல்ல.",ham
"Entschuldigung, dass ich gestern abgesagt habe, es geht wirklich drunter und drüber mit meinem Mitbewohner. Was hast du heute Abend vor?",ham
¡Hola cariño! Ufff... hoy te echo de menos. Me gusta enviarte un mensaje y recordarte que estoy pensando en ti... Y que eres amado... *beso cariñoso*,ham
G-261015 هو رمز التحقق الخاص بك من جوجل.,ham
"එය ඉතා දම්වා ඇත, ඔබ විදේශීයයිද?",ham
Your order 🎉 #1432 has been & shipped.,ham
Soll ich direkt dorthin gehen oder was,ham
S s..prima volta..dhoni rocks...,ham
"alright, I'll make sure the car is back tonight",ham
Stai per scrivere l'esame del ccna questa settimana??,ham
"நான் நீங்களை மிகவும் விரும்புகிறேன்!! நான் உங்களுக்கு ஒரு போஸ்ட்கார்டை அனுப்புவதை சொல்லுவது போல, ஆனால் அவன் ஒரு உற்சாகம் இரும் என்று அந்தியத்துக்கு சத்தம்படுத்த முடியும்!! அன்புக்கு Yaxx",ham
5880 es tu código de verificación de Disney+ Hotstar. ¡Disfruta viendo!,ham
Ciao..ho preso i soldi da:),ham
Netflix - Three more steps and we'll do the rest. Finish signing up here: m.netflix.com/cPG0J8M7P7l,ham
"Yah, maksudku berbeda dengan malam mabukku sebelumnya",ham
L'histoire est juste ordinaire. Mais elle fait quand même pleurer.,ham
رانجيث اتصل بـ ديراج وديباك واحتفظ بالمكالمة لمدة 5 دقائق.,ham
"டா, நீங்கள் இருக்கிறீர்களா அலெக்ஸ் இடத்தில் அல்லது இன்னும் வெளியே உள்ளீர்களா?",ham
சில மணி நேரம் முன்பு ஒரு கேள்வி கேட்டிருந்தேன். அதன் பதில்,ham
"Gracias por estar ahí para mí, solo para hablar el sábado. Eres muy querido para mí. Valoro tenerte como hermano y modelo a seguir.",ham
"හෙලෝ, ඔබගේ Voicespin MARGIN_ONE_SERVICES_LTD ගිණිකළ වාර්ෂැකකරු -25732.01 වේ. එහි ඉක්මන් පිහිටුව ගැනීමෙන් පසු සම්පාදනයට පදනම වේ නම් එය ණකිනා හෝ සංවර්ධනය කරනවා.",ham
allora perсhé non rιspondi,ham
அது யாருக்கும் உபயோகமானதல்ல.,ham
Confirmation code: 2836. Valid for 10 minutes,ham
Okay... Grazie... Buona notte anche a te...,ham
"Сэр, доброе утро, когда будет свободно, позвоните мне.",ham
"Hallo, Ihr Voicespin DotBig_Limited-Kontostand beträgt 272,94. Wenn Sie es nicht sofort aufladen, wird es das Kreditlimit erreichen und automatisch gesperrt.",ham
Quand devrais-je venir ?,ham
"Hm, saya tidak bisa berpikir lagi. Berapa halaman yang sudah kita punya?",ham
Height of Confidence: All the Aeronautics professors wer calld &amp; they wer askd 2 sit in an aeroplane. Aftr they sat they wer told dat the plane ws made by their students. Dey all hurried out of d plane.. Bt only 1 didnt move... He said:\if it is made by my students,ham
"FYI: ஐயா அய்யூக், உங்கள் அன்று சந்தித்து போகலாம் பெரியவர்",ham
Porta a casa un po' di Wendy =D,ham
"ඔව්, මම මෙනුව වසරේ සම්බන්ධ වූ විටම එක්තරා වෙමු.",ham
Confirmation code: 5466. Valid for 10 minutes,ham
Ho capito... sono troppo pigro per scrivere... ho dimenticato Ã_ nella lett... ho visto una borsa ma non molto carina...,ham
Confirmation code: 4504. Valid for 10 minutes,ham
"Kamu akan menyalakan ponsel kamu, sialan!!",ham
Du bist ein großes Küken. Los. Erkläre.,ham
"Fair enough, anything going on?",ham
"Happy new year to u and ur family...may this new year bring happiness , stability and tranquility to ur vibrant colourful life:):)",ham
"Hai sayang, aku sedang dalam perjalanan ke London dan mobilku baru saja tertabrak oleh pengendara lain! Ada dent yang besar! Aku sangat merindukanmu, apa kabarmu? xxx",ham
جيد. عمل جيد. أنا أحب رواد الأعمال.,ham
"D'accord, je t'enverrai un message quand je serai de retour",ham
Confirmation code: 2175. Valid for 10 minutes,ham
Dai <#> наал эруку.,ham
"Halo! Baru sampai di sini, St. Andrews-laki-laki, jauh sekali! Dingin. Akan tetap memberi kabar.",ham
"Lol, fühlst du dich immer noch krank?",ham
"D'accord, je veux aussi regarder l'émission de 21 heures...",ham
"К ты уверена, что мне не нужно получать согласие на это? :V",ham
Io non lavoro. Una volta che ho un lavoro...,ham
"Hi, <#> 5735 உங்கள் Disney+ Hotstar சரிபார்ப்பு குறியீடு ஆகும். உங்கள் பார்வை மகிழ்ச்சியுடன்! 0P1dUnbmS/K",ham
"СЕГОДНЯ - день извинений.! Если я когда-либо был злым на тебя, если когда-либо вел неадекватно или причинил тебе боль? пожалуйста, пожалуйста, ПОЩЕЧИНИ СЕБЯ, потому что это твоя вина, Я в основном ДОБРый",ham
هل يمكنني أن لا أذهب إلى منزلك بدون هدية؟,ham
"Hallo, Ihr Voicespin Test_Keykloack_2 Kontostand beträgt 212.9. Wenn Sie es nicht sofort aufladen, wird es das Kreditlimit erreichen und automatisch blockiert werden.",ham
Your payment of $4793 was processed,ham
"Um verbunden zu bleiben, wird Ihr Abonnement automatisch nach der Kulanzfrist erneuert. Bitte laden Sie den Betrag für das Abonnement innerhalb von 2 Tagen nach dem automatischen Verlängerungsdatum wieder auf, um eine Trennung zu vermeiden. Sie können die automatische Verlängerungsoption über *802# stornieren.",ham
මට සියලු පැය පෙර වන පසළනී ආකාරය ඉවත් වූ කෙහෙද දන්නවා කුටිනවාද?,ham
"Нет, это ожидание в машине, скучно. Потому что ждать на улице нечего делать. Дома можно заняться своими делами или посмотреть телевизор.",ham
Добрый вечер! Как вы?,ham
¡No:-) Me enteré de un rumor de que vas a comprar un apartamento en Chennai:-),ham
Un giorno un granchio correva sulla riva del mare.. Le onde vennero e cancellarono le impronte del granchio.. Il granchio chiese: essendo il mio amico perché stai cancellando le mie belle impronte? Le onde risposero: Una volpe stava seguendo le tue impronte per prenderti! Ecco perché le ho cancellate:) l'amicizia non ti delude mai :-) Buona notte..,ham
Pas de problème. Je vais envoyer à votre email.,ham
உதவி செய்ய வேண்டாம் மெசேஜ் பதில் கொடுப்பதில்லை,ham
Selamat jalan ke Nigeria. Semoga Anda bahagia dan segera mendapatkan teman untuk berbagi momen bersama.,ham
"මම ඔයාගේ උදෑසිගේ උපන් ගත්තා කියට, මම දැන් නිපා කියාවූවෙ. කරුණාකර දැන් ඇහළුවාගත් වීඩියෝස් එවන්න. හද හද හොඳ කරමි!",ham
"SHOPEE: NON CONDIVIDERE QUESTO CODICE CON NESSUNO, inclusi i dipendenti di Shopee. PER ACCEDERE AL TUO ACCOUNT, inserisci il codice OTP 112739 per la verifica. Il codice scadrà.",ham
La recherche du bonheur est l'une des principales sources de malheur ! Acceptez la vie telle qu'elle vient ! Vous trouverez le bonheur dans chaque instant que vous vivez.,ham
"வணக்கம், உங்கள் Voicespin சோதனை_கணக்கு கணக்கு மீது 202.0-ஆகும். நீங்கள் அதை விரைவில் நிகர்த்துவதால் கடன் எதிர்காலத்தை அடையச் சென்று தடுக்கப்படும்.",ham
"Halo, saldo akun Voicespin INTENDA_GROUP_LIMITED Anda adalah 73,36. Kecuali Anda mengisinya segera, saldo akan mencapai batas kredit dan akan diblokir.",ham
கார்லஸ் சொல்கிறார் நாங்கள் பின்னால் அவரிடமிருந்து தெரிவிக்கலாம் என்று அதனால் நாங்கள் தயார் என்று நினைகிறோம்,ham
"Встреча с вами - это моя работа. Скажите мне, когда мне следует выполнить свою работу завтра.",ham
Disunting secara otomatis. tolong jangan membalas SMS ini,ham
Confirmation code: 8492. Valid for 10 minutes,ham
Yo im right by yo work,ham
"D'accord, alors je viendrai chez toi dans une demi-heure.",ham
Call 5090 for customer support,ham
Nope... Think i will go for it on monday... Sorry i replied so late,ham
ඔව්න් රවිලා අයියුක් කරලා රුරයි. නැහැ ගොඩක්..,ham
ஒரு நானில் டூ ஐஎம் ஷாப்பிங் போன்று மட்டும் கொண்டு போகலாம்.,ham
"У них есть тема в разделе «Список пожеланий» на форумах, где люди публикуют запросы на нитро. Начните с последней страницы и собирайте данные сверху вниз.",ham
مممم ... كان من الرائع جدًا أن أستيقظ على كلماتك هذا الصباح، يا حبي!! مممم ... أحبك أيضًا، يا أسدي ... *قبلة من بعيد ملتهمة*,ham
Your payment of $4881 was processed,ham
ما زلت لم أقوم بالتحقق منه حتى الآن.,ham
Был занят сдачей теста ранее. Я ценю тебя. Позвоню завтра.,ham
"Wie geht es dir? Ich hoffe, du hast dich für das neue Schuljahr eingelebt. Ich wünsche dir einen tollen Tag!",ham
سأذهب مع ديريك وتايلور إلى وولمارت، إذا لم أعُد بحلول الوقت الذي تنتهي فيه فقط اترك الفأرة على مكتبي وسأرسل لك رسالة عندما تكون بريسيلا جاهزة.,ham
تريد فقط رفع محتوى الصفحة...,ham
"ඇප් ඇර් සංකීර්කරණය #1339068. තහවුරු සදහා කරුණාකිරීම ලබා දෙන්න central@csdep.net ඊමේල් එකෙන්.
ආයෙත් මොනිකා හොෆ්මාන්. දුරකතන අංක: +44 151 832 0580",phishing
Your payment of $4382 was processed,ham
உங்களுக்கு என்ன தேவையுள்ளது. உங்களுக்கு ஆத்மா கொடுக்க உள்ளது.,ham
Oh Dios mío. Estoy casi en casa.,ham
"Простите, я перезвоню вам позже. Я сейчас на совещании, сэр.",ham
அப்போது யாருக்கும் விசேஷமானது இல்லையா?,ham
"Hola, soy Kate ¿cómo está tu tarde? Espero poder verte mañana un rato, ¡pero tengo que cuidar al maldito bebé! Responde si puedes. :) xxx",ham
Tu código de verificación es 877987.,ham
"Et rater la St-Valentin, le parachute et les double pièces ??? Tu dois ne pas me connaître très bien...",ham
අසතුවින් නිවේශකයන්ට ඉලක්කම් උත්සහ කිරීමක් හෝ ස්ථානයක් හෝ ස්ථානයට ගෙන යන්නයි.,ham
"Kamu suka itu, bukan? Bangsat!",ham
Möchtest du heute endlich zu Mittag essen?,ham
"Уважаемая мисс ВАЛЛЕНСИЯ ВАЛЛЕНСИЯ, ваш рейс SQ963 15 декабря 2023 года из Джакарты в Сингапур готов к регистрации на рейс: https://www.singaporeair.com/ice/nik4FGumV",ham
"Sarò fuori dall'ufficio, prendi tutto da là.",ham
මවුසරුවට් තියෙන්නෙ. හඳුනාගෙන කෑරලා කෑරලා?,ham
Confirmation code: 4373. Valid for 10 minutes,ham
පින් 511289 ලෙස පැමිණීම කේත රිසෙට් කෝඩයක් හෝ කේත යටතේ බලන්න.,ham
Se compléter automatiquement. S'il vous plaît ne pas répondre à ce SMS,ham
"Halo, saldo akun Voicespin MARGIN_ONE_SERVICES_LTD Anda adalah -12947.89. Kecuali Anda mengisinya SEGERA, saldo akan mencapai batas kredit dan akan diblokir.",ham
أنا أعمل في دعم التقنية :) عملية صوتية. مجال الشبكات.,ham
உங்கள் எஃப்பி ஐ ஜேக்வோன் தக்லைஃப் ஃபால்கோனரார் என்ற பெயரில் மாற்ற வேண்டும்,ham
مرحبًا شاتشي، حاولت الاتصال بك الآن ولكني لم أتمكن من الوصول إليك. يرجى أن تعطيني اتصالًا فائتًا بمجرد رؤية هذه الرسالة. كاناغو.,ham
"Chile, bitte! Es ist nur eine &lt;DEZIMAL&gt;-stündige Fahrt für mich. Ich komme die ganze Zeit herunter und werde von Februar bis April für die Vorsprechsaison untervermieten.",ham
"Hola, su saldo de cuenta de Voicespin NRDX es -190.0. A menos que lo recargue lo antes posible, alcanzará el límite de crédito y se bloqueará automáticamente. pls",ham
"¡Hola, el saldo de tu cuenta Voicespin MARGIN_ONE_SERVICES_LTD es de -11576.54. A menos que lo recargues lo antes posible, alcanzará el límite de crédito y será bloquedado!",ham
Est-ce que le fait que je te fasse planer nous aiderait à traverser cette période difficile,ham
Está yendo bien... no hay problema... pero todavía necesito un poco de experiencia para entender la voz del cliente americano...,ham
Your payment of $4194 was processed,ham
"Quiero pedir dos paquetes especiales de nasi goreng a Graha Desilla, kmr 14.",ham
На каком вы живете номере? 11?,ham
"После комиссии за перевод дополнительных платежей нет, и вы можете снять средства любым удобным для вас способом.",ham
"Ja, hoffentlich. Wenn Tyler es nicht schaffen kann, könnte ich vielleicht ein wenig herumfragen.",ham
"Merci. Et au fait, je viens de perdre.",ham
Allié. Merci de ne pas répondre à ce SMS,ham
"Ne donnez ? à _ personne, y compris SHOPEE. Code ⚡ OTP 🔒 164230 ^ pour SE CONNECTER | À 📧 VOTRE COMPTE 🚨 SHOPEE. ) jKPmMcdNAgI *",ham
Netflix - Три шага и мы сделаем все остальное. Завершите регистрацию здесь: m.netflix.com/iikd4qIF1gr,ham
أحضره إذا كان عندك,ham
K...k:) perché non puoi venire qui e cercare lavoro:),ham
Call 5544 for customer support,ham
"Te llamaré mañana a las nueve, con mi dirección. Ese desagradable gringo americano no deja de llamarme. ¿Qué tal Jen?",ham
Sono in ritardo. Sarò lì alle,ham
هل جي لديه درس في وقت مبكر غداً وبالتالي لا يجب أن يحاول التدخين في الساعة &lt;#&gt;؟,ham
¿Has hecho algo interesante? ¿Tuviste un buen cumpleaños? ¿Cuándo vas a trabajar la próxima vez? Empecé la universidad hoy.,ham
Когда вы планируете приехать?,ham
مرحبًا، رصيد حساب Voicespin Test_account الخاص بك هو 202.0. مالم تقم بتعبئته على الفور، سيصل إلى الحد الائتماني وسيتم حظره تلقائيًا.,ham
"ලායික්, උදේ පාන්ද? :-)",ham
"மன்னிக்கவும், நான் பின்னுக்கு அழைக்கிறேன்.",ham
Non fornire il codice di prelievo 2682439 a nessun'altra persona,ham
நீங்கள் அப்படியே நேர கொண்டு விட்றீர்களா?,ham
"Тайлер столкнулся с небольшим кризисом и должен быть дома раньше, чем он думал, так что приезжайте как можно скорее",ham
FYI: 2 සහ අගයේදී මම ඔබගේ සතුන්ගෙන් නැවත සබඳකළ බැහැයි:-),ham
والد جوي يدعى جون. إذاً، جون هو اسم والد جوي.,ham
"හායි, ඔබගේ Voicespin StockTradeGlobal ගිණුමේ වර්ෂ වලින් -1873.02 ය. ක්‍රමයෙන් ඔබේ ගිණුම උතුරේමට ලබා දීමෙන් සීමාවක් හරි වේ, එය ස්වයංපාලීය අනුටුවීමට ගෙවූයේ සිටිය හෝ කරනු ඇත",ham
"Benar. Itu bisa dilalui. Dan jika Anda mendapatkan nilai tinggi dan mendaftar untuk program doktoral, Anda akan mendapatkan gaji selama 5 tahun. Jadi hal itu membuat kehidupan menjadi lebih mudah.",ham
عندي بعض الأمور للقيام بها. ربما أكون في الحانة لاحقًا.,ham
¡Excelente! ¿Estás listo para gemir y gritar de éxtasis?,ham
"Arme in Ordnung, wie läuft es in Cardiff und an der Uni?",ham
Your account balance is $4054,ham
Oh ok.. Was ist deine E-Mail?,ham
Bitte sag nicht so etwas. Hi hi hi,ham
Sary just need Tim in the bollox &it hurt him a lot so he tol me!,ham
Danke. Das füllt mich mit vollkommener Ruhe und Sicherheit!,ham
Больше нет необходимости в препарате.,ham
аkυ jg di rυmаh lg ga αda apa2 gara2 kulkas rυsаk :( biasаnya suka nyetok sауur,ham
"""Crucify"" هي c وليس s. كنت يجب أن تخبرني في وقت سابق.",ham
قامت للتو بتفكيك قائمة من الأسباب التي تفسر سبب عدم تواجد أي شخص في المدينة ولا أستطيع أن أحدد ما إذا كانت تستخدم السخرية أم أنها تحاول أن تكون مبالغة,ham
"Я думаю, что истерика закончилась, так что да, я зайду в какой-то момент.",ham
WHORE YOU ARE UNBELIEVABLE.,ham
Mi sono appena forzato a mangiare una fetta. In realtà non ho fame. Questa situazione è terribile. Mark si sta preoccupando. Sa che sono malato quando rifiuto la pizza. Ahah,ham
Chéri !!! Tu me manques ! J'ai besoin de toi !!! Je te désire !!! :-( ... Geeee ... Je suis tellement triste sans toi chéri ... Je t'aime ...,ham
அநேகமாக நீ அந்த வேலையைப் பற்றிய கேட்டிருக்கிறாயா? உன் என்னைப்பற்றி உடனே அறிந்து கொள்கிறேன். இந்த இருடைகளும் ஒரு வில்லைஃப் குரலியை பற்றி உரையாட சொல்கிறாங்களா?!,ham
Call 7825 for customer support,ham
"හෝද, මම තවත් ඇත. ඒක ඉන්නවා කියන්නේ. මට මොකක් හදලා නෑ... ඔබට පුණතුලු ඇති මම සතුවල් භාවයකි",ham
"Nada, enviándote un mensaje y hablando de xy. Lo siento, los chicos nunca te han visto en persona pero más o menos te conocen. Entonces, ¿quieres conocerlos? xy me pide que te lleve a nuestra próxima reunión.",ham
ප්‍රභා..මම දැනගන්නවා..මිනිස්සු..හදපු මංකොලගෙඩිවල හිතක් පැහැයටම ඇවයනවා,ham
Je peux le faire ! Je veux vous faire plaisir à l'intérieur et à l'extérieur de la chambre à coucher...,ham
Are you not around or just still asleep? :V,ham
8649 est votre code client pour l'inscription au programme promotionnel Godrej,ham
"Bonjour, le solde de votre compte Voicespin MegaMarkets est de 1341,33 euros. Sauf si vous le rechargez dès que possible, il atteindra la limite de crédit et sera automatiquement bloqué.",ham
سوف نلتقي قريبًا يا أميرة! تحدث إليك لاحقًا!,ham
"Привет, ты дал им свое фото, когда регистрировался на вождение? Завтра хочешь встретиться в YCK?",ham
"Hallo, Ihr Voicespin NRDX-Kontostand beträgt -190,0. Falls Sie es nicht umgehend aufladen, wird es das Kreditlimit erreichen und automatisch blockiert. Bitte.",ham
Gunakan 953732 sebagai kode keamanan akun Microsoft,ham
"Bonjour, le solde de votre compte Voicespin INTENDA_GROUP_LIMITED est de -170,14. À moins que vous ne le rechargiez dès que possible, il atteindra la limite de crédit et sera bloqué.",ham
"Halo, saldo akun Voicespin Orion_PLay_LTD Anda adalah 88.18. Kecuali Anda mengisinya secepat mungkin, saldo akan mencapai batas kredit dan akan diblokir secara otomatis.",ham
"Si te dejo hacer esto, quiero que estés en casa a las 8 de la mañana.",ham
"Si esto falla, es urgente cambiar de rumbo hacia allá.",ham
காலை வணக்கம் என் அன்புமகளே........... நல்ல மற்றும் வெற்றியான ஒரு நாள் கிடைக்கட்டும்.,ham
Confirmation code: 9241. Valid for 10 minutes,ham
Мои друзья обычно зовут меня так же.,ham
"ෂොපී: දුරක් සටහන් කළ සඳහා, 883937 භාවිතා කරන්න. 15 මිනු අතින් වලංගු. අනික් හා ංකඩය ලැබීමට මම මෙම කේතයම බෙදා ගැනීමට පෙරදැරිම වියදමවී නොහි.",ham
Cally. Bitte beantworte diese SMS nicht.,ham
У меня даже те печенья с желе на них,ham
"Ja, ich brauche keine. Ich werde einfach auf den Regen warten, bis er aufhört.",ham
"Ого, какой головняк, если такие предположения. Иногда кто-то меняет группу. Привыкайте к тому, что в каждом документе есть имя. Если я распечатываю его и проверяю офлайн, не буду знать, куда его вставить, если вообще ни одного имени нет.",ham
"Oh, baiklah. Aku akan memastikan untuk banyak bekerja saat siang hari! Hari ini batukku sangat tidak enak dan kering, sehingga itu seharusnya benar-benar membantunya!",ham
ඩබ්ලිව්ක් නොහොඳුනවා.,ham
بادريث متاحة فقط في مدينة تشيناي:) سأختارها بالتأكيد لنا:) لا يوجد منافسة له.,ham
பிசி கா எனக்கு உதவ பகைமுறைகள் அல்லது சமையல் :(,ham
"Non hai visto il mio Facebook, eh? Ahah!",ham
"Ich weiß nicht ganz, was ich tun soll. Ich erreiche immer noch niemanden. Ich könnte dich gegen 19:30 Uhr abholen und wir könnten schauen, ob sie in der Kneipe sind?",ham
Call 6780 for customer support,ham
سأنهي استحمامي الآن. تمتع بليلة جميلة.,ham
"Netflix: Hai ottenuto Netflix da Telkomsel! Per iniziare a guardare serie TV e film, attiva: m.netflix.com/eCdPImP26Kb",ham
صباح الخير أميرة! سنة جديدة سعيدة!,ham
مرحبًا، رصيد حسابك في Voicespin StockTradeGlobal هو -1873.02. مالم تقم بشحنه على الفور، فسوف يصل إلى الحد الأقصى للائتمان وسوف يتم حظره تلقائيًا.,ham
"Привет, мы с мистером собираемся на морской вид и будем играть в несколько игр! Перезвони, когда закончишь.",ham
"Ja, Liebste, schau mal, wie ich euch beide umarme. :-P",ham
அனைத்தும் இழிவாய் உள்நிலைகள்* அனுப்புநர்: பெயர் இல்லை * * எண் இல்லை * அனுப்பப்பட்டது: தேதி இல்லை * உங்களை இழிவாக இழிவாக காணுதல் இல்லை என்றால் மிகவும் உற்சாகமாகத்தான் தெரியும் அனைத்தும் fullonsms.com மூலம் அனுப்பப்பட்டது,ham
"SHOPEE: Il y a une tentative d'ajout de compte bancaire à votre compte. Si c'est bien vous, cliquez sur ce lien pour continuer: shopee.co.id/dlink/verify/link?q=e4MR9",ham
"Hola, tu saldo de cuenta de Voicespin MegaMarkets es de 1996.95. A menos que lo recargues lo antes posible, alcanzará el límite de crédito y se bloqueará automáticamente.",ham
أيوه، فعلاً تعبان... مش عاوز تاكل؟ اتغسلت بالفعل؟,ham
හෙලෝ. මා ආසාදනය සිදුවේ ආයුබෝවන්. මට යහපත් විය හැකි කායිකයක් සමඟ සත්‍ය විය යුතු වෙද්දීයා.,ham
JAJA ¿dónde está tu memoria de pez cuando la necesito?,ham
"¡Hola, el saldo de tu cuenta Voicespin COSMETICS_GROUP_COMPANY es de -403.33. A menos que lo recargues lo antes posible, llegará al límite de crédito y se bloqueará!",ham
Она в порядке. У меня были проблемы с ее телефоном. Он работает с моим. Не могли бы вы отправить ей еще один запрос на добавление в друзья?,ham
"We have sent JD for Customer Service cum Accounts Executive to ur mail id, For details contact us",ham
"Привет, ваш баланс аккаунта Voicespin StockTradeGlobal составляет -1873,02. Если вы не пополните его как можно скорее, он достигнет кредитного лимита и будет заблокирован автоматически.",ham
"المثل الياباني: إذا كان أحد يستطيع فعله، يمكنك أنت أيضًا فعله، وإذا لم يكن أحد قادرًا على فعله، عليك أن تفعله.
المثل الهندي: إذا كان أحد يستطيع فعله، دعه يفعله... إذا لم يستطع أحد فعله، اتركه!
وأخيرًا المثل الكيرالي: إذا كان أحد يستطيع أن يفعله، أوقفه عن القيام به... إذا لم يستطع أحد فعله، قام بالإضراب ضده.",ham
والدي، أطفالي، أصدقائي، وزملائي. الجميع يصرخون.. مفاجأة!! وأنا كنت أنتظر على الأريكة.. عاريًا!,ham
Ho taggato I MIEI amici che sembravano contare come I TUOI amici.,ham
"அற்புதம், ஏதோ ஒரு நேரத்திற்கு பிறகு இங்கே வர உங்களுக்கு விவரங்களை மெய்யிலில் அனுப்புவேன்.",ham
Рисовать va? Я так не думаю:),ham
Semua sudah selesai? Semua sudah diserahkan? Pesta meriah sudah dimulai?,ham
"Отлично! Надеюсь, что тебе нравятся мужчины хорошо одаренные. Мой размер - &lt;#&gt; дюймов...",ham
"Hallo, Ihr Voicespin BD1_Doo-Kontostand beträgt 66.18. Wenn Sie es nicht umgehend aufladen, wird es das Kreditlimit erreichen und automatisch gesperrt werden. p",ham
"(Reiseänderungen) \
Liebe YULIVIA FRANSISKA, bitte beachten Sie, dass Ihre Buchung 20231204-473 für die Abholung am 17. Dezember 2023 um 09:00 geändert wurde. - Ame",ham
"مع أختي لور... لقد شاهدنا للتو فيلم ""العمل الإيطالي"".",ham
922552 è il tuo codice di verifica da Payoneer.,ham
Código de Snapchat: 445865. ¡No lo compartas ni lo uses en otros lugares!,ham
Vous serez à la place de cet homme.,ham
Tessy..tolong lakukan satu kebaikan untukku. Tolong sampaikan ucapan selamat ulang tahunku kepada Nimya..tolong jangan lupa. Hari ini adalah ulang tahunnya Shijas,ham
"Entonces, ¿por qué viniste al albergue?",ham
Aku pasti tidak akan lupa datang :) Aku akan selalu tetap berhubungan denganmu :-),ham
"Mama, ich habe dir viele Nachrichten geschickt, seit ich hier angekommen bin. Ich möchte nur wissen, ob du sie tatsächlich bekommst. Ich wünsche dir noch einen schönen Tag.",ham
Your order #5485 has been shipped.,ham
Schön. Gut. Wie läuft es?,ham
Your verification code is 9119,ham
"Cher, appellerai demain. Veuillez vous accommoder.",ham
مرحبًا، رصيد حسابك في Voicespin ARBEL_PHARMA هو 99.84. ما لم تقوم بشحنه على الفور، سيصل إلى الحد الأقصى للائتمان وسيتم حظره تلقائيًا.,ham
No sé qué regalarle...,ham
"Possono provare! Possono perdersi, infatti. Tee hee",ham
Call 8227 for customer support,ham
حسنًا، حسنًا.. إذن.. ما خطتك لهذا اليوم؟,ham
"Вы такой неудачник, убегай уже, а потом возвращайся, будто половину уже умер... Хи...",ham
"Saya terus melihat hal aneh dan menjadi seperti ""woah"" kemudian menyadari bahwa sebenarnya hal tersebut masuk akal dan saya jadi seperti ""oh"".",ham
"Hallo, Ihr Voicespin-Test_Keylock_05-Kontostand beträgt 9,25. Wenn Sie es nicht umgehend aufladen, wird es das Kreditlimit erreichen und automatisch gesperrt werden.",ham
Hai emigrato o qualcosa del genere? Ok forse 5.30 era un po' troppo ottimistico...,ham
Il tuo codice di verifica è 808307.,ham
"Хорошо, завтра около &lt;#&gt; это будет",ham
Comment allez-vous voir des films de votre côté ?,ham
"530 வரை அப்பம் போல. எம்ஆர்டி நிலையத்தில் சந்தித்துவந்து அப்பம், அப்படியே வர வேண்டும்.",ham
ඔබට මාගේ දුරකථන දුරකතා එකක් තියෙනවා ඔයාට අවශ්‍යයි නම් මම එය ටෙක්ස් කරනවා සහ එතරම් කුමාපයා එවනවා බලනවා.,ham
Your payment of $1415 was processed,ham
"Wenn du laut lachst.. Wenn du spontan sprichst.. Wenn es dir egal ist, was andere fühlen.. Bist du wahrscheinlich mit deinen lieben und besten Freunden.. GUTEN ABEND, Lieber..:)",ham
"Non lo so, non ricordo forse sì. Quindi a che ora ci incontriamo domani?",ham
"Алрайт, Джод, как идет повторение? Керис немного подтягивается. Вообще, хочешь прийти ко мне после колледжа? xx",ham
شكرًا لك على جمع القمامة.,ham
Avec ma sœur lor... Nous venons de regarder le film braquage à l'italienne.,ham
Apakah kamu mengatakan bahwa aku harus memesan sandal lagi karena aku harus membayar untuk mengembalikannya?,ham
¡Han lanzado camisetas del día de San Valentín y cuando te la pones hace que tu mitad inferior esté desnuda en lugar de llevar esos calzoncillos blancos!,ham
"Lol! Oops, entschuldigung! Viel Spaß.",ham
"Braucht sie normalerweise verdammte fünfzehn Minuten, um auf eine Ja-oder-Nein-Frage zu antworten?",ham
J'ai de nombreux personnes à charge,ham
"මම ආදරයට ආරම්භ වෙනවා දිනවැඩියාද. මම ඇසේ තියලා මම ආසන්නා දේවල් වත් මට අවශ්‍යයේ ඇති විට. ඇය මට පළමු සිවිල්ලෙන් පිළියෙන්ද ආවර්ෂක තරම් වහලා ආදරම්බර බාරයි. මම දවසට ආරම්භ වෙනවා ඇයෙන් සමුළුව දිවී වෙනවා. ඇය මට උතුරු මතක කරලා ඇයට විස්තර කළ හැකියි. ආදරය නොටිකක් වනවා ඇය නාමය හෝම් කීමට මම බෙහෙත් කළ යයි. මගෙ ජීවිතේ මට සියලු ස්ථළා බෙහෙත් එය සිතුවී හිතෙයි. එය වැදෙනු දොළිය සොයනවා තවද එහිද. ඇය විසින් උරුමන දේවල් සලකුනීය. ආදරය කරනවා දුක්වියෝ මම පෘථිවෙනවා. ආදරයට පාවිච්චෙන වෙළෙඳුගෙ අනතුරු නොනැතුව. එම හැඟී සේ මම ඇය සමුදා ගරා හඬ, ජංගල හඬ සිහිවසු කළවා ඇතුවෙන තරම් සමුළු වටිනා එකෙන් වෙමු. ආදරයට නොපැහැදෙනා වෙන්න එය කෙරුම්කරීමෙන් පතු සාදනවා. ජවිය සාදාවත වන්නේ වෙළඳ වෙන්නෙහි රට පනන්නා සියලුදෝ. මම සෑම වත්ම උරුම සිතුවම් තිව්ව මට අඛ්ඛ වෙයි කියා මම පස්වෙයි.. වෙනස් කරන්නේ පසුගියතුල..",ham
"Netflix: Вы получили доступ к Netflix от Telkomsel! Чтобы начать просмотр телешоу и фильмов, активируйте: m.netflix.com/cHSv0271K4z",ham
فماذا عنك. ماذا تتذكر؟,ham
Voy a casa para la cena.,ham
He like not v shock leh. Cos telling shuhui is like telling leona also. Like dat almost all know liao. He got ask me abt ur reaction lor.,ham
"Dia berkata, ''maaf, bolehkah saya masuk ke kamar tidur sebentar?'' ''Oke,'' jawab saya dalam suasana yang menggoda. Dia keluar 5 menit kemudian dengan sepotong kue... dan itulah Istriku.",ham
"4766 adalah kode verifikasi Disney+ Hotstar Anda. Selamat menonton!\
 \",ham
"Je viens de vous envoyer un email - à une adresse contenant incomm, c'est correct ?",ham
"Netflix - Три шага, и остальное сделаем мы. Завершите регистрацию здесь: m.netflix.com/AKnnhow82f",ham
El futuro no es lo que planeamos para mañana... ¡es el resultado de lo que hacemos hoy! Haz lo mejor en el presente... disfruta el futuro.,ham
Kode verificación 91261,ham
They did't play one day last year know even though they have very good team.. Like india.,ham
ගමන් පිහිටි SMS කරන්නෙන් හරියි,ham
<#> Konto: 447273 ist Ihr Samsung-Kontobestätigungscode. \ bP2ROrn3fZQ,ham
"எனக்கு எப்போதும் உங்களை காயப்படுத்தவில்லை என்று கூற விரும்பியது கடைசியாகவும், மற்றும் அந்த அளவில் அது உள்ளதாக நான் எதிர்காலத்தில் செய்யும் என்று நான் எதிர்காலத்தில் இருக்கவில்லை. நீங்கள் கூட்டப்படுகிறீர்கள், அவனிடம் திடீர்னா நீக்குக்கையை நீக்குகிறீர்கள் மற்றும் தொலைமைபடம் செய்ய தொடரும். ஆனால் எனக்கு அறியப்பட்டதுஃ செய்யப்பட்டதில் இல்லை. உங்கள் பாராட்டக்காரனான என்னை உங்களை காயவும் என்று காண்பியது நீங்கள் என்னுடையவரை உண்டு அறிந்திருக்கவில்லை என்கிற கருத்தைக் காட்டுகின்றது. அது மடம் நாளாகியிருந்தது, ஆனால் நல்லது இல்லை. அதிலுள்ள சிக்கல் உங்களுக்கு செய்ய உள்ள நேரத்தை செயல்படுத்தும் கருதுகிறது, ஆனால் நீங்கள் தேர்ந்தெடுக்கவில்லை. நீங்கள் வீடாவாரி, நீங்கள் புகைப்படங்களை எடுக்கிறீர்கள், நீங்கள் தூங்கிக்கொள், நீங்கள் வெளியே போக விரும்புகிறீர்கள். எனக்கு அதேமாதிரி சில உத்திரங்கள் இல்லை, ஆனால் எங்கும் பேர் செய்யவில்லை என்றால், படுக்கை செய்யமாட்டாதின்றி, நீங்கள் உற்பத்தியைப்பற்றி நோட்டாட்டமிட்டுக் கொண்டிருக்கீர்கள். உங்கள் படுக்கை உண்பதை நான் அனுமதிக்கவில்லை, நீங்கள் அதை பாலிக்கின்றீர்கள் என்பதேன்னுமல்ல.",ham
Что тебе нужно? Воскресенье или что-то другое? Какой у тебя еще вопрос?,ham
Your payment of $2118 was processed,ham
"Bonjour, votre solde de compte Voicespin ZohoDemo est de -104,18. À moins que vous ne le rechargiez dès que possible, il atteindra la limite de crédit et sera bloqué automatiquement.",ham
"வணக்கம், உங்கள் Voicespin INTENDA_GROUP_LIMITED கணக்கு இருப்பு -85.64 ஆகும். நீங்கள் அதே நேரில் நிகழ்வானதில் அதை நிரப்பமுகிறார்கள்.",ham
Votre code de vérification Discord est: 579229,ham
Triffst du den Typen heute Abend morgen?,ham
Its posible dnt live in  &lt;#&gt; century cm frwd n thnk different,ham
Dein Bestätigungscode lautet 805366,ham
Votre code de vérification Discord est le suivant : 081618,ham
"நான் சொன்னது என்னவென்றால், நீ தெரிவித்திருக்கும் நோராவுக்கு யாரைத் தெரியும் என்றால், நான் பத்திரேவிலும் பார்த்துப் பார்க்க தோற்றுவதில்லை.",ham
"Babe, sono tornato... Torna da me...",ham
Perlu kopi besok? Sulit dipercaya sudah waktunya minggu ini.,ham
006787 ලෙස Microsoft ගිනි ප්‍රතිචාර කේතයලා භාවිතයේ භාවිතා කරන්න. Microsoft Authenticator මත ඇතිවෙනුවෙන් වීලාකය කරන්න https://aka.ms/authapp,ham
"Oh, begitu. Itu terjadi padaku juga di tron. Mungkin aku akan mengunduhnya dalam bentuk 3D ketika sudah rilis.",ham
"La impresora es genial. Quiero decir, fantástica. El vino está mejorando.",ham
your payment of $525 w@s proc3ssed,ham
"நீங்கள் வாடக்கூடியிருக்கும் கடுப்பை அமைதி காண உங்களுக்கு நான் செய்திருந்த பிறகு அந்த படம் ஒழிய வேண்டும், மெல்லம் நிர leaves ... ஆனாலும் உங்கள் இருப்பை சுற்றிய காஞ்சி நீர்ப்பினை நீடும் அன்னாளனாய் உண்பதற்கு வேலை செய்கிறவன் யார் என்று நினைப்பதை யாக்கமுடன் காட்டுங்கள் ... மனதில் ஆஸை, என் cuck",ham
Sembra solo un momento strano che la sera in cui tutto ciò che tu e g volete è che io venga a fumare sia lo stesso giorno in cui una tempesta di merda mi viene attribuita per essere sempre venuto e aver fatto fumare tutti.,ham
Netflix - மூன்று இறுதிப் படிகளை நீங்கள் செய்யும் போது மேலும் மூலம் செல்க. இங்கே பதிவுசெய்து முடிக்கவும்: m.netflix.com/bS8y9mSR8k9,ham
அவர்களுக்கு உங்கள் தலைவலிகள் உள்ளது என்று சொல்கிறேன் மற்றும் ஒரு மணி நேரத்தை பிரித்திருத்தம் செய்ய விரும்புகிறேன்.,ham
Confirmation code: 7653. Valid for 10 minutes,ham
ඇයට ඔබගේ අත්සන අඩුව කුඩා කරන්නේ කොහොමද..? එක්වරයෙන් හැලුනු ඔබ සමඟ ආදරවන්තියෙන් ඔබේ අත්සන ඉදිරියේ හෝදයෙන් නොහැරවී...!,ham
¿Está xy en tu auto cuando vienes a recogerme?,ham
"Te doy la opción de ahorrar valor, así que el contrato será para el próximo semestre y el valor se incluirá en ese semestre.",ham
"Gracias, algunos de ellos encuentran el World Trade Center demasiado lejos... Weiyi no va... El resto aún no lo sé... Si vas a cenar, entonces tal vez pueda unirme...",ham
"Ich kann wahrscheinlich vorbeikommen, ist jeder um  &lt;#&gt;  fertig?",ham
"D'accord, quelle est cette incident?",ham
Your payment of $4388 was processed,ham
NEFT-Transaktion mit der Referenznummer &lt;#&gt; über Rs. &lt;DECIMAL&gt; wurde dem Begünstigtenkonto am &lt;#&gt; um &lt;TIME&gt; Uhr gutgeschrieben.,ham
"ඔව්, වැඩියෙන් සඳහා මෙයාවත් එය බලාපොරොත්තුවෙයි",ham
Dieses Telefon hat die seltsamste Autokorrektur.,ham
Your payment of $3183 was processed,ham
Your account balance is $1846,ham
شوبي: استخدم رمز OTP 713220 لتسجيل حساب شوبي. صالح لمدة 15 دقيقة. لا تشارك الرمز مع أي شخص، بما في ذلك شوبي. jKPmMcdNAgI,ham
Acabo de terminar. Te extraño mucho.,ham
Controlla la posta. Ho inviato un'email a Varma e ti ho inviato una copia riguardo all'adesione. Prenditi cura di te. Insha Allah.,ham
Behalte deine Probleme in deinem Herzen.,ham
"Ok, va bene..allora..qual è il tuo piano per oggi?",ham
"Salvatevi ragazzi, perché ""lulus bareng"" è solo una parola di divertimento.",ham
Во сколько ты придешь позже?,ham
"Vai pazzo, non ingannare gli altri, ok.",ham
Confirmation code: 5704. Valid for 10 minutes,ham
Sono così sporco?,ham
"Lol, das ist etwas anderes. Ich versuche nicht, jedes Foto von dir zu finden, das du jemals aufgenommen hast.",ham
"Vielleicht Westshore oder Hyde Park Village, der Ort in der Nähe meines Hauses?",ham
Así que no te enganches de cualquier manera.,ham
"Бууу, ты всегда работаешь. Просто брось.",ham
"Es gibt ein Betriebssystem namens Ubuntu, das ohne Installation auf der Festplatte läuft. Sie können dieses Betriebssystem verwenden, um wichtige Dateien im System zu kopieren und sie zur Reparaturwerkstatt zu bringen.",ham
"Das wäre gut ... ich rufe dich morgen zur Mittagszeit an, um etwas zu organisieren, okay?",ham
"Cosa le è successo, dì la verità",ham
lly. pls не отвечайте на это SMS,ham
Yay ஒருவராக உண்மைக்குள் கூட விழுந்து பார்க்க முடியாது!,ham
"කොවා, මම මාගේ සම්බන්ධිත නිශ්චිතයි. කරුණාකර SMS එක එකතු කරනවා. කරුණාකර:-)",ham
HMM oui si vous n'êtes pas trop dégoûté ! Et j'ai hâte de profiter de mon offre spéciale :),ham
كل شيء قيّم فقط في حالتين: الأولى - قبل الحصول عليه ... الثانية - بعد فقده ...,ham
"ඔව්. මම කවුරු වැඩියෙන පාදයේ බැහැරාගත්තේ නොහොඳයි, සින්සාල්කිට්රොගේ කොටස පිටුවට මම දැක්වීමට නොහැකිය.",ham
"ES UNA COMPUTADORA PORTÁTIL, LLEVÁTELA CONTIGO.",ham
Your account balance is $4042,ham
"ich $töbere im online-$hop. möchtest du 3twas k@ufen, w3nn 3s an9ebo7e g1bt?",ham
"Das liegt daran, dass du alt bist. Ich lebe, um auf Wolke 7 zu sein.",ham
Boy; I love u Grl: Hogolo Boy: gold chain kodstini Grl: Agalla Boy: necklace madstini Grl: agalla Boy: Hogli 1 mutai eerulli kodthini! Grl: I love U kano;-),ham
"Hmmm ... Dan bayangkan setelah pulang dari situ, kamu harus menggosok kakiku, memasak makan malam untukku, dan membantuku bersiap-siap untuk kencanku! Apakah kamu yakin siap menghadapi hidup seperti itu?",ham
Lmao ஆனா அது செம fun...,ham
"முடியவில்லை, தமிழில் பொருள் இல்லை",ham
"Sì, se va come è andata con i miei amici mi farò prendere dal panico tra mezz'ora.",ham
Вы всё ещё в игре?,ham
OTP ShopeePay: Gib diesen Code in keiner Situation an irgendjemanden weiter. Der Bestätigungscode 129185 ist nur 1 Minute lang gültig.,ham
"И улыбнись мне прямо сейчас, пока ты уходишь, и мир будет задаваться вопросом, почему ты улыбаешься, и думать, что ты сумасшедший и держаться подальше от тебя... *усмехается*",ham
අත්අඩංගු සහිතව. ඔබ කවුද?,ham
"Guten Tag. Bitte bezahlen Sie Ihre Bestellung Nr. 1337468. Alle Informationen wurden per E-Mail verschickt. 
MFG, Monika Hoffmann
E-Mail: central@csdep. net.",phishing
Gunakan kode verifikasi 067774 untuk otentikasi Microsoft.,ham
"Je n'ai tout simplement pas encore décidé où, hein ?",ham
"Entrez le code de vérification : 382329, pour activer SPayLater. Valable pendant 15 minutes. NE PAS partager ce code avec qui que ce soit. \
jKPmMcdNAgI",ham
هاي بريا، هل أنت بخير؟ ماذا قال الطبيب؟ أين أنت؟,ham
Cuando estás iniciando sesión en ese momento... ¿Papá está yendo a casa ahora?,ham
"Ok, je te ferai savoir les détails plus tard...",ham
Your order #2776 has been shipped.,ham
"තහවුරු කිරීමට සංදර්භා  කේයන් සන්නස෠: 803659, SPayLater ප්‍රවේශ කිරීම කිරීමට. 15 වැනි කාලයට අත්හිටුවාව.මෙම කේයය කව්රුට් කරන්නන්න් කියන්නන්නන්න්න්න්!
jKPmMcdNAgI",ham
[KuCoin] رمز التحقق: 166254. يظل هذا الرمز فعالًا لمدة 10 دقائق.,ham
"Mientras tanto en la mierda suite: Xavier decidió avisarnos con &lt;#&gt; segundos de anticipación que Samantha venía y está tocando la guitarra de Jay para impresionarla o algo así. Además, creo que Doug no se da cuenta de que ya no vivo aquí.",ham
"Murah nuy 30seorang, drpd naik angkot bisa 15rebu, belum ngetem, macet, gt",ham
මෙහෙ (Iya) අවිශ්ට විය යුතුයි. වඩා වගේ නම් සිංහලයෙන් පරිවර්තක කරන්නේ කොළයේදී එකවරු කිරීමකි.,ham
"හතරුව කවුද වෙනුවට දැනුම් දැන්වීමෙන් පසු ලැබෙනේ නම්, කෙනෙක් කෙනෙක් වෙලාවක් වෙලාවක් අපවෙන්ම ක්‍රියාණන් කරන්න...",ham
"Devo registrare le persone mentre scrivono dei messaggi. Sei così libero da aiutarmi? Hehe... Perché so che vuoi guardare ""Infernal Affairs"" quindi ti chiedo di venire. Chiederò anche a Shuhui.",ham
¿Cómo hacer feliz a una chica? No es en absoluto difícil hacer felices a las chicas. Solo necesitas ser... 1. Un amigo 2. Compañero 3. Amante 4. Chef... 5. Buen oyente 6. Organizador 7. Buen novio 8. Muy limpio 9. Comprensivo 10. Atlético 11. Cálido 12. Valiente 13. Decidido 14. Verdadero 15. Confiable 16. Inteligente... 17. Psicólogo 18. Exterminador de plagas 19. Psiquiatra 20. Sanador... 21. Estilista 22. Conductor... Aaniye pudunga venaam..,ham
"Hey, Hola, tu saldo de cuenta en Voicespin StockTradeGlobal es -1873.02. A menos que lo recargues lo antes posible, alcanzará el límite de crédito y será bloqueado automáticamente.",ham
Jay mengatakan bahwa kamu adalah seorang double-faggot,ham
"Где-то там, под бледным лунным светом, кто-то думает о тебе, где-то там, где сбываются мечты... спокойной ночи и сладких сновидений",ham
"No, es verdad .. k, ¿Sabes este número &lt;#&gt; ?",ham
"يرجى إدخال 108502 في LINE في غضون 30 دقيقة.\
JFoQLtyexga",ham
"பேபி, உன் கேட்கைக்கு பதில் கொடுப்பேன், நீ என்னைக் காணக்கூடியதேன்? ஓருமைச்சொன்னால் நீங்கள் மீண்டும் அப்தனிகள் ஆரம்பிக்கவும் ... உங்களுக்கு படம் கிடைக்கவில்லையா... அது சூப்பர் ஆகுது!",ham
Delhi et Chennai sont encore silencieux.,ham
Itu merupakan hadiah Tuhan untuk burung seperti manusia memiliki beberapa hadiah alam dari Tuhan.,ham
No huyo de ti... camino despacio y me mata que no te importe lo suficiente como para detenerme...,ham
"Bist du bereit, an einem Kurs für Apps teilzunehmen?",ham
سلامات يا باشا، نتمنى لك الشفاء العاجل.,ham
aathi.. ¿dónde estás querido..?,ham
"¡El hermoso mañana nunca llega! Cuando llega, ya es HOY. En la búsqueda de un hermoso mañana, no desperdicies tu maravilloso HOY. ¡BUENOS DÍAS!",ham
"Halo, saldo akun Voicespin StockTradeGlobal Anda saat ini adalah -1873.02. Kecuali Anda mengisinya secepatnya, saldo akan mencapai batas kredit dan akan diblokir otomatis.",ham
هل ترغب في القيام بعض الفن؟! 😀,ham
اسم المستخدم: 747495879 كلمة المرور: G1YrcqjA لا تقم بمشاركة هذه المعلومات.,ham
கவனமாக போகவும் மற்றும் விரைவாக சுகமாக பொருந்தவும்,ham
Per favore inserisci 245182 su LINE entro 30 minuti.,ham
Komme mit dieser verdammten Jobsuche hier einfach nicht weiter!,ham
"Yo, tu es à jp et affamé comme un fou?",ham
நீ என்னவொருத்தராக 10:10 க்கு என்னை அழைய முடியுமா...,ham
Sday только присоединился. Поэтому тренировка началась сегодня :),ham
Ho ho - большой смех в живот! Увидимся завтра,ham
Je ne serais jamais dérangé si tu ne me manques pas ou si tu n'as pas besoin de moi... Mais tu me feras vraiment mal quand tu auras besoin de moi et que tu ne me le diras pas......... Prends soin de toi:-),ham
"Halo Pahlawan, saya akan berangkat ke Qatar malam ini untuk sebuah kesempatan yang baik. Silakan tetap berkomunikasi di <EMAIL>, Kerala.",ham
Call 2009 for customer support,ham
"Arriverò tra circa 20 minuti, ok...",ham
உங்கள் சரிபார்ப்பு குறியீடு 56667 ஆகும்.,ham
Sembra qualcosa che direbbe qualcuno che mi sta testando.,ham
Yeah my usual guy's out of town but there're definitely people around I know,ham
Können Sie Online-Transaktionen durchführen?,ham
මම සැරසිමටද නැහැ. මනුෂ්කයා විදිහට අවයවයිදී කියනවාද?,ham
Your account balance is $4166,ham
آسف، سأتصل لاحقا.,ham
"Доброе утро, я страдаю от лихорадки и дизентерии. Сегодня не смогу прийти в офис.",ham
Atau sebaiknya Anda bisa menangkapnya dan memintanya apakah dia bisa menjual  &lt;#&gt;  untuk saya.,ham
Your order #1831 has been shipped.,ham
"Пожалуйста, примите меня на один день. Или прошу вас изменить номер.",ham
"Привет, Майк",ham
"Ваш код безопасности Discord: 250841 \

tzD9jY28Wrn",ham
"Okay, 🎁 dann werde 🏦 ich } in } einer halben Stunde zu dir nach Hause kommen. 🔥",ham
"Amico, l'avatar 3D era impressionante. In un certo momento ho pensato che ci fossero davvero mosche nella stanza e ho quasi provato a colpirne una per riflesso.",ham
"Iya, masih ngopi bareng teman-teman... Teman saya yang mengendarai mobil akan memberi saya jalan...",ham
Krim untuk rambut belum dikirim.,ham
Your verification code is 9569,ham
"Hai Priya, apakah kamu baik-baik saja? Apa yang dokter katakan, Ma? Di mana kamu sekarang?",ham
Your order #1502 has 🎉 been ( shipped.,ham
"Вы расскажете, что случилось, не ведите себя так со мной. Ладно, не нужно говорить.",ham
"Hmm, kalau begitu, ""welp"" adalah semacam hal yang agak kurang dikenal di internet.",ham
Gunakan 313077 sebagai kode atur ulang kata sandi akun Microsoft,ham
"Kann ich bitte jetzt hochkommen, ich bin in der Stadt. Es spielt keine Rolle, ob du später ausgehst, ich muss das unbedingt erledigen. Bitte ignorier meine Anrufe nicht, du weißt, wie wichtig die Dokumente für mich morgen sind.",ham
Ce serait génial. Nous serons à la Guilde. Peut se rencontrer sur la route de Bristol ou quelque part - je vous contacterai ce week-end. Nos plans prennent leur envol ! Passez une bonne semaine.,ham
"Хорошо. Каждый вечер принимайте теплую ванну, пейте стакан молока, и вы увидите великолепный результат. Вам все еще нужно похудеть. Просто чтобы вы знали.",ham
Sono stupendo! Come stai?,ham
පහළින් කුඩාව - ඔබගේත් දරුවනවාද?,ham
قف القصة. قلت له أنني قد أعدته وهو يقول إنني لا ينبغي عليّ أن أعيد طلبه.,ham
කරුණාවූලාවී SMS එකට පිළිබඳව පිසිවෙනවා නෑ,ham
لم أكن أخطط للشراء في وقت لاحق. لقد تحققت بالفعل، فليدو يعرض فقط 530 عرضًا في فترة ما بعد الظهر. هل انتهيت من العمل بالفعل؟,ham
إليك الجملة بعد قراءتها بالاتجاه المعاكس: TI SI TA KOINTA I TU ESILAER NAMOS SI SSIp.,ham
"¡Hola, el saldo de tu cuenta Voicespin PERSONAL-TSENTR_S es de 97.22. A menos que lo recargues lo antes posible, alcanzará el límite de crédito y será bloqueado automáticamente!",ham
"හායි, ඔබගේ Voicespin INTENDA_GROUP_LIMITED ගිණුමේ ලිපිනය 25.36 වේ. කිසිවක් හෝ දැනගැනීම සඳහා ප්‍රකාශ කිරීමට නමුත් එය ණුකෑම සීමා කර ඇත්ද නැතද කරා වෙයි.",ham
Your verification code is 2932,ham
அதை பெற எங்கே செல்ல வேண்டும்?,ham
"Va bene, fatelo chiamare se sa cosa vuole o ha domande",ham
J'ai compris parfaitement. Pas sûr(e) de la saveur.,ham
Привет:) как урок сегодня?,ham
أنا بخير. آمل أن تكون بخير. كن حذرًا.,ham
Comment est la rue où se termine la promenade de la bibliothèque ?,ham
Confirmation code: 4670. Valid for 10 minutes,ham
Laisse-le de:-) Commence à te préparer pour le prochain:-)..,ham
Verification code 91261,ham
صحيح، وبالمناسبة كان إما... أو وليس كليهما معًا!,ham
කරුණාවක්. මෙම කෙනෙකුද ගැන පිළිවූවේ නැයෙන්නේ නොවේ,ham
මෙම ගාස්තු ලකා  &lt;DECIMAL&gt;  වනවිට:),ham
"Ya, beri aku panggilan jika kamu punya waktu.",ham
තාක්ෂණික පැකේජනයක් කොට කොල්ල කියමු. ඈ නොහැකිඉති.,ham
"Значит, мы будем ждать тебя... Не нужно чувствовать себя плохо...",ham
"Ciao, il saldo del tuo account Voicespin BD1_Doo è di 96,83. A meno che tu non lo ricarichi al più presto, raggiungerà il limite di credito e sarà bloccato automaticamente. p",ham
Saya akan memposting dia nanti. Di kelas.,ham
"Пак, индекс оценок B уже не может быть понижен еще раз? Вчера я видел оценку B, а потом вдруг она стала B- из-за использования + -.",ham
لا تتحدث معه أبدًا، حسناً؟ هذا أمري.,ham
Your order ' #1646 has been shipped. 💰,ham
<#> 6129 - это ваш проверочный код Disney+ Hotstar. Приятного просмотра! 0P1dUnbmS/K,ham
මෙම SMS සිට පිළිතුරක් දැන්න එපා.,ham
Tidak. Apakah kamu mengirimkan pesan multimedia kepada mereka atau menggunakan e-mail?,ham
مرحبًا ، رصيد حسابك في فويسبين ميغا ماركتس هو 1996.95. مالم تقم بشحنه على الفور، سيصل إلى الحد الأقصى للائتمان وسيتم حظره تلقائيًا.,ham
"Tentu saja, besok. Ada pemilihan hoki pukul 6, seharusnya tidak berlangsung lebih dari satu jam.",ham
"je sors de la ville dès vendredi, juste le lundi 12 au matin (heure 9), à rejoindre le groupe de jeuprog.",ham
"Дайте мне знать, как с вами связаться. Я вас устроил в комнате. Дайте знать, что у вас все в порядке.",ham
مرحبًا، رصيد حسابك في Voicespin COSMETICS_GROUP_COMPANY هو -409.66. ما لم تقم بشحنه على الفور، سيصل إلى الحد الأقصى للائتمان وسيتم حظره.,ham
"Fai come vuoi, Juliana. Fallo come desideri.",ham
මම වසන්නේ අද තාවකාලිකයාය. කරුණාකර උදව් කරන්න. පස්වන්නේ පසු.,ham
@pakah anda akan di sin! untuk makanan?,ham
Your payment of $4125 was processed,ham
"Sto ascoltando in imperialmusic la traccia più strana mai sentita di ""leafcutter john"", suona come insetti maltrattati e qualcuno che fa idraulica, remixata da uomini malvagi sotto acido!",ham
Utiliza 006787 como código de seguridad de la cuenta de Microsoft. Ve sin contraseña con Microsoft Authenticator https://aka.ms/authapp,ham
"Sí, todavía estoy tomando café con mis amigos... Mi amiga condujo, me dará un aventón...",ham
"Привет, Карлос, несколько друзей уже спрашивают об тебе, ты будешь работать в этот уикенд?",ham
Hai teman-teman perempuan... Kalian semua ingin bertemu untuk makan malam di malam ini?,ham
Automatiquement. S'il vous plaît ne répondez pas à ce SMS.,ham
"Halo, saya tidak akan ada di sini untuk Natal. Tapi tetaplah menikmati dan selamat Natal.",ham
කරුණාකර මෙම ක්‍රමයට පිළිබඳව ප්‍රතිලෙහි එකතු කරන්න,ham
¡Ah! ¡Un abrazo sería estupendo! ¡Necesitaría mucha té y sopa antes de cualquier tipo de torpeza!,ham
لديه كل شيء يتعلق بالطقس. حافظ على الدفء الإضافي. إنها باردة ولكن ليست خطيرة. يرجى تناول الكثير من فيتامين ج.,ham
Netflix - Three more steps and we'll do the rest. Finish signing up here: m.netflix.com/GANUnemg5l,ham
"උකස් ගුරුගමගෙන්:
20% වරට වක්‍ර අවශ්‍යතාව
වෙන්ම බෝනපියාන්
ආයතනයේ
මොනිකා හොෆ්මාන්
දුරකථන අංක +44 151 832 0580
ඊ-තැම්පීල් central@csdep.net.",ham
ஹா ஹா ஹா நல்ல இனிதை. பெண்கள் சூட்டு வாய்ந்தரடி செய்யுகின்றனர்.,ham
"Если Индия выигрывает или сравнивает серию, это означает новый рекорд :)",ham
අපිට කිසිවෙක් කතා අදහස හෝ ඊමේල් ලිපිනය කුමක් කළ හැකියි?,ham
"rεunirsе para сomеr carne, así que nο еs necεsario ir al restaurante :d",ham
Attends. Je vais sortir.. &lt;#&gt;  min:),ham
Your payment of $2585 was processed,ham
"Danke, ich werde das im Hinterkopf behalten.",ham
Your account balance is $3410,ham
நீங்கள் இன்று கிராண்ட் பிரிக்ஸில் உள்ளீர்களா?,ham
"My life Means a lot to me, Not because I love my life, But because I love the people in my life, The world calls them friends, I call them my World:-).. Ge:-)..",ham
"U so lousy, run already come back then half dead... Hee...",ham
"Bien, eso debe ser difícil de atrapar.",ham
أُنشأ حساب Shopee بنجاح باستخدام رقم الهاتف (+62) 831*****009. إذا لم تكن أنت من قام بذلك، يرجى الاتصال بخدمة العملاء على الرقم 02139500300.,ham
"[...] comunque, tante buone serate a te! s",ham
"வணக்கம், உங்கள் Voicespin MegaMarkets கணக்கு இருப்பு 1954.36 ஆகும். அதை விரைவில் நிர்வஹிக்க நீங்கள் நிரூபிக்கவும், உடனடியாக அதை நிர்வாகிக்க வருவதில் கிட்ரெட் வரம்பை உடைத்து விலக வேண்டும்.",ham
"Поздравляю, ore mo оwo re wa. Наслаждайтесь и желаю вам много счастливых моментов туда и обратно, куда бы вы ни пошли.",ham
எனக்கு வீட்டில் இருக்கிறேன். தயவுசெய்து அழைக்கவும்.,ham
Your account balance is $2051,ham
நீ பதிலளி கொடுப்பதில்லை என்றால் நான் நீங்கள் இன்னும் உறங்கிக் கொண்டிருக்கிறார் என்று கருதுவேன் மற்றும் நான் கூர்வாதிபார்க்கிறேன்,ham
"Keren, aku akan segera bertemu denganmu",ham
Your verification code is 2609,ham
<#> Code Snapchat : 758955. Profitez de Snapchat ! qunyt57f5Rf,ham
Your order #8256 has been shipped.,ham
Sei al lavoro in questo momento?,ham
Abbastanza bene. Ma non dirgli di aspettare che diventi troppo compiaciuto...,ham
"Я хочу отправить  &lt;#&gt; сообщений сегодня. Поэтому. Извините, если я обидел",ham
"Пожалуйста, приходите завтра на футзал в 4 часа в Сампоерна, не опаздывайте.",ham
KEMBALI KE TAMPA FFFFUUUUUUU,ham
Hey. Ada surat untukmu?,ham
"FYI: Aight yo, එයින් තියාගන්නද ආචාර්යටමත්මා",ham
عذرًا، أعتقد أن لدي قليل جدًا... سأتحقق ثم سأخبرك.,ham
الطاولة مشغولة، أنتظر قرب الشجرة,ham
Sto uscendo di casa ora...,ham
Your verification code is 1293,ham
... Bist du in der Kneipe?,ham
<#> Hier ist Ihr PIN: 253244. Bitte geben Sie diesen Code nicht weiter. Technisches Stück: z6NZ55X/Prz,ham
"புதிய தொகுப்பு: வாதம் நிகழ்வை வெற்றி பெறுகிறது, ஆனால் மனிதரை இழக்கும். எனக்கு உங்கள் நண்பர்களுடன் வாதம் வார்த்தையிட முயற்சிக்காதே, அவர்களை அடிக்கனும் மற்றும் ""எனக்கு எப்போதும் சரி!"" என்று சொல்லவும்!",ham
நான் அலெக்ஸ் நிக்கள்ஸ் ஒரு விழாவில் உள்ளேன்.,ham
Your verification code is 5114,ham
Netflix: Kamu meminta untuk memperbarui Rumah dengan Akun Netflix untuk akunmu? Ketuk untuk mengonfirmasi bahwa ini kamu: m.netflix.com/eAeZlTlWi17,ham
¡Pérdida de peso! No más amigas. Gana mucho dinero en eBay o algo así. Y da gracias a Dios.,ham
"ඔහු, මම ඇය ආඡා සිටිමෙන් හොඳින් සිටිමි. එය මියැසි වේ.",ham
Quand tu veux le voir alors,ham
Überprüfe Audreys Status gerade jetzt.,ham
உங்களை மேலும் உங்காக குடிக்க வேண்டாமையில் கொண்டார்... ஜியா யூ...,ham
Confirmation code: 8759. Valid for 10 minutes,ham
Come stai. È passato un'eternità. Come va ad abj,ham
Stai venendo a prendermi?,ham
Your account balance is $2296,ham
"Ketika saya masuk ke kabin saya, PA saya berkata, ''Selamat ulang tahun Bos !!''. Saya merasa istimewa. Dia mengajak saya makan siang. Setelah makan siang, dia mengundang saya ke apartemennya. Kami pergi ke sana.",ham
أنا في المدرسة الآن وسأكون في المعمل أقوم بعمل بعض الأشياء، اتصل بي عندما تنتهي.,ham
"Ich weiß nicht, warum sie deine Nachrichten nicht bekommt.",ham
Din i just tell you now 420,ham
"En otras noticias, después de molestarme durante una semana para que le consiguiera marihuana, Andrés no tiene dinero. HAUGHAIGHGTUJHYGUJ",ham
"Mm, saat itu kamu tidak suka bersenang-senang",ham
direct ferrιes - உங்கள் பயண முக்கிய அறிக்கை. மேலும் தகவலுக்காக உங்கள் மின்னஞ்சலை சரிபார்க்கவும்.,ham
හොදටම දනිලි වෙනුවෙන් .... මා ඇයට දොලර් සිටින ද්විත්වලට බලන්න හිතුවා,ham
Votre code de vérification est 171299,ham
"Liebe hat ein Gesetz: Mache die Person glücklich, die du liebst. Ebenso hat Freundschaft ein Gesetz: Lass deinen Freund niemals alleine fühlen, solange du lebst ... Gute Nacht",ham
"Él también sabe sobre el menú del almuerzo, solo da. . Yo sé.",ham
Wie viel sind Sie bereit zu bezahlen?,ham
"SHOPEE: Gunakan Kode OTP 954668 UNTUK DAFTAR AKUN SHOPEE. Hanya berlaku 15 menit. JANGAN berikan kode ke siapa pun, termasuk pihak Shopee.\
jKPmMcdNAgI",ham
غدًا لن آتي إلى صالة الألعاب، تصبح على خير.,ham
நல்ல விகெண்ட் இருக்க இல்லை,ham
"Ciao. Che cos'è successo? Hai spento il cellulare per tutto il giorno. Questo non va bene. Ora, se ti importa, chiamami domani.",ham
مرحبًا، صباح الخير. ما الذي تريد أن تسأل؟ :-) با...,ham
"D'accord, je n'appellerai ni ne dérangerai personne. Je sais que tout le monde m'évite. Je suis un fardeau pour tous",ham
Ada acara BBQ di rumahku hari Sabtu ini dari jam 6 sore. Kamu dipersilahkan untuk datang.,ham
FYI: Your payment of $1696 was processed,ham
நீங்களின் பற்றி என்ன என்னிடல். நீங்கள் என்னமைந்திருக்கின்றீர்களா,ham
"Total decepción, cuando te envié un mensaje fue la cosa más loca que pasó :(",ham
හැමොටමත් ඒක ආශ්‍රිතව පිළිගත් කෙළින් මට වෙනුවෙන් නො දන්වනු ඇත.,ham
"I've got  &lt;#&gt; , any way I could pick up?",ham
¡He vuelto! ¡Buen viaje! Avísame si necesitas alguno de los recibos. ¿Debería decirte como el colgante?,ham
Quanto costerà circa al mese.,ham
"استخدم كود OTP 312773 لتسجيل حساب SHOPEE. صالح لمدة 15 دقيقة فقط. لا تقم بمشاركة الرمز مع أي شخص، بما في ذلك فريق Shopee.
jKPmMcdNAgI",ham
"Maintenant vous sonnez comme un scouse manky boy Steve, comme! Je suis en train de voyager en bus pour rentrer chez moi. Qu'avez-vous en tête pour vous divertir ce soir?",ham
K:) Je vais donner les détails de mon compte KVB :),ham
"Ciao, il saldo del tuo account Voicespin StockTradeGlobal è di -1873.02. A meno che non lo ricarichi il prima possibile, raggiungerà il limite di credito e verrà bloccato automaticamente.",ham
Your payment of $3210 was processed,ham
நான் திருமண நிகழ்ச்சியில் உள்ளேன்.,ham
Il se trouve que 2 solutions s'offrent à vous pour ce que vous voulez faire. Elle peut venir et je vais lui obtenir une assurance médicale. Et elle pourra accoucher et bénéficier de soins de base. Je suis actuellement à la recherche de la bonne assurance médicale pour elle. Donc laissez-moi juste jusqu'à vendredi matin. C'est à ce moment-là que je verrai la personne principale qui pourra me guider vers la bonne assurance.,ham
في أي مكان أنت الآن وماذا تفعل؟,ham
"Kann keine wichtigen Rollen in der Gemeindearbeit übernehmen. Du bist spitze, Mel!",ham
"හායි. නව වසර ඔබට සුභ අලුත් වසර වේවා. මම හිටපත්කරා නැත, නමුත් කරුණාකර කරුණු කරන්න ඇතැම් ගාස්තු ඔබට ගාස්තු කලාපයටමින් කොටසක් ගාස්තු ස්ථානය කොටසක් හෝ. ස්තූතියි",ham
மைக்ரோசாஃப்ட் அணுகுமுறை: 0190,ham
"Je me sens tellement excité, mon rouge à lèvres est tellement rouge lol, d'où l'as-tu eu, j'en veux un aussi",ham
"ஹே, நான் பிலாட்ஸ் மற்றும் யோகா பாடநெறியை ஏற்கனவே பூகிக்கொண்டுள்ளேன்... ஹாஹா",ham
E c'è un modo per inviare le cose di Shade a lei. Ed anche lei è stata meravigliosa.,ham
"No puedo seguir pasando por esto. Nunca fue mi intención alejarte, pero si eliges hacer eso en lugar de mantener la habitación limpia para que *yo* no tenga que decirle que no a los visitantes, entonces tal vez esa sea la mejor elección. Sí, quería que te sintieras avergonzado, para que tal vez sintieras por una vez cómo me siento cuando tengo un amigo que quiere pasar y tengo que decir que no, como sucedió esta mañana. He intentado de todo. No sé qué más hacer.",ham
"Ich habe verstanden, weil meine Schwester und ich heute kein Mittagessen haben, ist mein Vater ausgegangen... Also weiß nicht, ob wir in der Schule essen sollen oder was...",ham
"Hidup saya sangat berarti bagi saya, bukan karena saya mencintai hidup saya, tetapi karena saya mencintai orang-orang di dalam hidup saya. Dunia menyebut mereka teman, saya menyebut mereka Dunia saya:-).. Ge:-)..",ham
Mmmmmmm *bersandar padamu* ... *menghela napas dalam puas* ... *berbisik* ... Aku sangat mencintaimu sampai aku hampir tak tahan ...,ham
எப்போது போக முடிகிறாய்?,ham
Was machst du jetzt?,ham
"டுஞ்ஜி, ராணி எப்படி இருக்கின்றார்? உங்களுக்குக் கைவிந்துக்கிறேன். இந்தமாற்றத்தைப் பற்றிய நல்ல நாள் விரும்புகிறேன். அபியோலா.",ham
"Ciao, il saldo dell'account Voicespin Test_account è 202,0. A meno che tu non lo ricarichi al più presto, raggiungerà il limite di credito e verrà bloccato automaticamente.",ham
"வணக்கம், உங்கள் Voicespin MARGIN_ONE_SERVICES_LTD கணக்கு இல்லை -9711.68. ASAP இல் அதை நிகர்த்துவிக்க பெரும்பாலான நேரத்தில் நிகர்த்திக்க அது கிரெடிட் உயர்ச்சார அடையாளமாகும்.",ham
"swhrt cómo estás, espero que estés bien, pensé en ti hoy. Te quiero y te echo de menos. Cuídate.",ham
Soyez heureux ici. Je viendrai dans l'après-midi,ham
Saya rasa tidak berguna menghubungi Anda untuk sesuatu yang penting.,ham
"நன்றி, நீங்களை மிகவும் கவலைபடுகிறேன்.",ham
Confirmation code: 7400. Valid for 10 minutes,ham
...dan jangan khawatir kami akan selesai pada Maret...an!,ham
"Désolé, j'ai fait faux bond hier soir, il se passe vraiment quelque chose avec mon colocataire, tu fais quoi ce soir?",ham
"இனிக்கடைசியாக தங்கம், உங்களை உண்மையில் இழக்கிறேன்.",ham
"நீங்கள் சுத்தம் செய்கின்றால் அது என்னால் உங்கள் வேலையாகும் என்று நீங்கள் உடைய அனப்பின் காரணமைக்கின்றது. உங்கள் முன்னுரிமை எப்போதும் ""நான் செய்ய விரும்புவது"" அல்ல, ""நான் செய வேண்டும்"" ஆகும்.",ham
"Bueno, estaba a punto de rendirme porque todos decían que no hacían noches sueltas. Persistí y encontré uno, pero es muy barato, así que pido disculpas de antemano. ¿Es solo un lugar para dormir, no es así?",ham
¿Cuándo debo venir?,ham
Your order #8748 has been shipped.,ham
Mode men atau sudah kau pergi.,ham
ياااي! أخيرًا ههه. لقد فاتني رحلتنا إلى السينما الأسبوع الماضي :-(,ham
"யுன் அஹ். இப்போ எங்கில் வேலை செய்கிறீர்களா? போனஸ், நீங்கள் NUS SC-க்கு போக போகின்றீர்களா? நீங்கள் என்னதா சிறப்பு குழுவில் சிறந்திருக்க விரும்புகிறீர்களா?",ham
I keep ten rs in my shelf:) buy two egg.,ham
Harapan kamu memiliki semester baru yang menyenangkan. Semoga yang terbaik selalu menyertai kamu. Kamu diciptakan untuk kebesaran.,ham
:-( විශේෂයෙන් විසින් අහලා හානියා ශබ්දය්,ham
Хорошо. Я без компьютера. Пора сделать несколько трюфелей из орео,ham
"De compras. Está lloviendo mucho, es difícil salir de Orchard.",ham
لقد كنت دائمًا الشخص الذكي.,ham
මම එන්නත් නැත තව දිනයේද ඔයාට,ham
202 197 adalah kode Instagram Anda. Jangan bagikan. SIYRxKrru1t,ham
ඔබගේ SIM කාඩය සාර්ථකව වෙනස් කර ඇත. ඔබට ස්තුතියි,ham
"Хорошо, какой у вас еще номер?",ham
"No! Ma abbiamo trovato un altro negozio di fattoria per comprare del formaggio. Siamo in viaggio di ritorno adesso, posso passare da te?",ham
"<#> Cuenta: 360411 es tu código de verificación de cuenta.\
bP2ROrn3fZQ",ham
Mon ordinateur vient de griller la seule pièce essentielle dont nous n'avons pas de rechange car mes stupides colocataires adorent laisser la machine fonctionner à pleine puissance 24/7,ham
¡Entendido! Estoy demasiado perezoso para escribir... Olvidé el Ã_ en la clase... Vi una bolsa pero no me pareció muy bonita...,ham
"අපව ඔබගේ විදේශීය සහ ගිනුමේ ඇකාන්ට් එක සම්බන්ධ කිරීම සඳහා JD එක අපි ඔබගේ තැපැලට යවා ඇත, වැඩි විස්තර සම්බන්ධ කරන්න",ham
"Senang sekali bertemu denganmu beberapa hari yang lalu, Saudari, sudah lama aku merindukanmu!",ham
"Ах...только что проснулся! У меня был плохой сон о тебе, так что сейчас я тебя не люблю :) Я ничего не знал о ночи комедии, но думаю, что я готов к этому.",ham
පාඩම නිකුත් වෙලා මං යම් කටාවත් හඳුනා.,ham
Le match a commencé. Inde   &lt;#&gt;  pour 2,ham
Company is very good.environment is terrific and food is really nice:),ham
டெக்ச்டிங் மற்றும் ஓட்டில் எப்படி இருந்தது?,ham
Kannst du die Tür öffnen?,ham
"Maaf, saya tidak mengerti pertanyaan Anda. Bisakah Anda memberikan lebih banyak konteks atau informasi sehingga saya bisa membantu dengan lebih baik?",ham
RM0.00 Firefly FY3552 PEN-KNO du 22DEC23 a été reprogrammé à 0700H. Nouvel itinéraire envoyé par e-mail. Veuillez appeler le +60378454543 pour toute question.,ham
"Я не могу дождаться, чтобы его облизать!",ham
"Не получил новую работу в баре в аэропорту по субботам, 4.47 доллара в час, но это означает, что я не смогу поспать! Оставайтесь на связи.",ham
"Jadi males banget PLA, asa ga pernah beres. Wkwk. Padahal dari pa rawosi ga bermasalah.",ham
je vais bіеn. ça vа bientôt passеr. bonne сhаnce,ham
أنوي التبرع في نهاية هذا الشهر.,ham
"Alcune persone sono alla partita, io sono al centro commerciale con Iouri e Kaila",ham
"அவள் போக வேண்டியது ஆனால் முடியவில்லை, அவள் இன்னும் நகரத்தில் இருக்கிறாள்",ham
"Guardando un film di Ajith, ah?",ham
مرحبًا، رصيد حسابك في Voicespin Tera_Solutions_Ltd هو -566.95. مالم تقم بشحنه على الفور، سيصل إلى الحد الأقصى للائتمان وسيتم حظره تلقائيًا.,ham
"Ciao, il saldo del tuo account Voicespin GTS_COM è di 980.21. A meno che tu non lo ricarichi al più presto, raggiungerà il limite di credito e verrà bloccato automaticamente.",ham
"Quizás sea mucho más fácil dar tu identificación de cuenta, así que la llevaré mañana a la UNI",ham
Imprimante est cool. Je veux dire cool. Vin est en train de groover.,ham
Your verification code is 2059,ham
Apa yang terjadi dalam wawancara?,ham
Your account balance is $916,ham
"Je ne sais pas, demande à mon frère. Rien de grave, juste quelque chose que j'ai dit.",ham
Your payment of $4519 was processed,ham
Rofl. C'est fidèle à son nom,ham
Di mana itu? Apakah ada kesempatan untuk mca.,ham
"Habe diese Nachricht gerade erst erhalten, ignoriere dich nicht. Ja, ich war einkaufen.",ham
OTP ShopeePay: NON CONDIVIDERE questo codice con nessuno in nessuna circostanza. Il codice di verifica 254637 è valido solo per 5 minuti.,ham
"Ciao, il saldo del tuo account Voicespin NRDX è -190,0. A meno che tu non lo ricarichi al più presto, raggiungerà il limite di credito e verrà bloccato automaticamente. pls",ham
هل يمكنك إعطائي عنوانه، إذا كُنت تأتي من الشارع الرئيسي إلى حي كرة القاعدة؟,ham
මම ඔබට &lt;#&gt;  ඩොලර් යොදාගෙන තිබේ,ham
Bitte nicht schießen. Ich bin im Wartezimmer des Arztes. :/,ham
"Itu baik-baik saja, sayang. Kamu tahu Gail tidak pernah salah!! Jaga dirimu baik-baik dan jangan khawatir. Sampai jumpa nanti, sayang! Cinta Yaxxx",ham
مرحبًا، رصيد حسابك في Voicespin ZohoDemo هو -104.12. ما لم تقم بشحن الرصيد على الفور، سيصل إلى الحد الأقصى للائتمان وسيتم إيقافه تلقائيًا.,ham
709502 යන අගය භාවිත Microsoft ගිණුම ආරක්ෂක වර්යනාව සහිත වේ. Microsoft Authenticator සමු සිට නිර්මාණය වීම https://aka.ms/authapp,ham
Your account balance is $3912,ham
මනා පෙම් දිනට ආවෙයි. හිතන්න. මුදල ගැනේම සාධාරණයකොත් හොයාගන්නේ කවි. සුභ කැන්දුලි. ඔව් නැද්ද ඔය කෙහෙද. සියලුම බැහැලා ඇතිද. දැන් වැඩමුල් කරයිද වැඩිමහලකට හෝදනවා.,ham
"nama1 можно попросить лист, который у вас был вчера у пака Анто. Но мама просит, чтобы фразы из главы 2 были перефразированы, не копируйте все слово в слово.",ham
Rimane un fratello tra fratelli,ham
"Zahlungsdaten zur Bestellung #1338904 wurden Ihnen per Email gesendet
Pruefen Sie bitte Ihre Email
Mfg Felix. Tel. +44 151 832 0580
E-Mail sales@csdep. net",ham
"¡Hola, el saldo de tu cuenta de demostración de Voicespin Zoho es de -112.29. A menos que lo recargues lo más pronto posible, alcanzará el límite de crédito y será bloqueado automáticamente!",ham
Ha detto a hr che vuole una posizione a Chennai:) perché sto lavorando qui:),ham
நீங்கள் நூலகத்தில் எப்போது பெற்றீர்கள்?,ham
"I will translate this text to Russian:

К илл пить. затем что делать. Мне нужна серьезная модель, пожалуйста, отправьте ее на мой почтовый ящик.",ham
"யோ, நீ வாரியானதைப் பெற்றால் என்னை அழைக்கவும், எனக்குஒரு நண்பன் உங்களிடம் பெரிய ஆர்டர் பற்றி விசாரிக்க கேட்டான்.",ham
අඩුම අයිතියක්. ඔබ මට අවශ්‍යයිද සන්ටෙක් යන්නෙක් මහන්සියට පිටවී සිතුවියා?,ham
"Ich muss dich wirklich küssen, ich vermisse dich, mein Baby von deinem Baby für immer.",ham
سأتصل بك لاحقًا، لا يوجد شبكة. إذا كانت الحاجة ماسة، ارسل لي رسالة نصية.,ham
"Bonne nuit, à demain",ham
"Bisakah kau tidak membacaku, Kasihku? Aku sudah menjawabmu",ham
ثم ماذا عن الخطة القادمة؟,ham
නැන්ටී පොළොව විශුද් ඇම්යල් කිරීම් කරවීමට මම කවලා. භාවිතා කරන්න. කිව්වෙ අම්මා.,ham
مرحبًا، رصيد حسابك في Voicespin Orion_PLay_LTD هو 97.89. ما لم تقوم بشحنه على الفور، سيصل إلى الحد الأقصى للائتمان وسيتم حظره تلقائيًا.,ham
"Mendapatkan tiket untuk pertandingan di Walsall hari Selasa, 6 Maret. Temanku akan membelikannya untukku pada hari Sabtu. Aku yang akan membayarnya. Mau ikut? Balas dengan SMS. Terry""",ham
"FYI: Oops, ich glaube, ich habe nicht genug… Ich werde nachsehen und dir dann Bescheid geben.",ham
عزيزي السيد، السلام عليكم. كان من دواعي الفخر والسرور مقابلتك اليوم في متجر الشاي. يسرنا أن نرسل لك رقم اتصالنا في قطر. راكيش هندي. يُرجى حفظ رقمنا. تحياتنا الودية.,ham
No se pueden usar sellos extranjeros en este país.,ham
Betrug ist unfair. Das ist nicht Mathematik.,ham
Your order #6184 has been shipped.,ham
Наслаждайтесь жизнью. . Спокойной ночи,ham
"SHOPEE: Gunakan Kode OTP 545584 UNTUK DAFTAR AKUN SHOPEE. Hanya berlaku 15 menit. JANGAN berikan kode ke siapa pun, termasuk pihak Shopee.\
jKPmMcdNAgI",ham
"الحقيقة الجميلة ضد الجاذبية.. اقرأ بعناية: ""يلامس قلبنا الخفة عندما يكون شخص ما فيه.. لكنه يشعر بالثقل الشديد عندما يغادره شخص ما.."" صباح الخير.",ham
என்னை இன்பமாக்கு... சிரிக்கவைக்கு... ! என்னை அழுத்தவைக்கு... # ஆனால் என் வாழ்க்கையின் _ முடிவில் என் ⚡ தூய இலைக்கு ஒரு ரோஸ் வைத்து 💰 சொல்லும் 💰 தூங்க > நான் 📱 வெறியருக்கி.. ஒரு மிகவும் நல்ல நாள் காட்டிடுங்கள் பி.எஸ்.எல்.வாயலி.,ham
"வணக்கம், உங்கள் Voicespin INTENDA_GROUP_LIMITED கணக்கு இருப்பு 25.36 ஆகும். ASAP ஆக்கி அதை நிறுத்தவும் வேண்டும், ஒருமைச்சத்தில் அது கிரெடிட் வரம்பை அடைய வேண்டும் மற்றும் அது தடுப்படும் au",ham
Netflix - Tiga langkah lagi dan kami akan melakukan sisanya. Selesaikan pendaftaran di sini: m.netflix.com/cKjDClgIORh,ham
"Bonjour, mon amour ! Comment s'est passée ta journée ? Tu vas bien ? Je pense à toi, ma douce, et j'envoie une décharge à ton cœur pour te rappeler... JE T'AIME ! Peux-tu l'entendre ? Je l'ai crié à travers la mer pour que le monde entier l'entende. Ahmad al Hallaq est aimé ! et possédé ! *baiser passionné possessif*",ham
متى ستغادرون؟,ham
"Liebe Vicki 🛡️ Taylor, bitte überprüfen Sie Ihre 🏦 E-Mail für & die spezielle , Weihnachtsaktion für < einige 🏦 Produkte! 💸 Viele 🏦 Grüße, + Suppline 💰 central@csdep.net",ham
Karena saya lagi si surabaya sampai besok.. Hati kamis ke kantor gimana ?,ham
"Dude pendant que nous faisions ces brownies bizarres, ma sœur a fait d'incroyables cookies. J'ai pris des photos.",ham
"\SYMPTOMS\"" when U are in love: \""1.U like listening songs 2.U get stopped where u see the name of your beloved 3.U won't get angry when your""",ham
"Mein 3G ist unzuverlässig, aber das Einzige, an das ich mich aus der Forschung erinnere, ist, dass Provinz und Sterling die einzigen problemlosen Orte waren, die wir uns angesehen haben.",ham
"Ho bisogno di un ottavo, ma al momento sono fuori dal campus, potrei passare a prendere fra un'ora o due?",ham
سيتم التعامل مع هذه الرسالة تلقائيًا. يرجى عدم الرد على هذه الرسالة النصية.,ham
È parte del controllo del QI,ham
නෑ :-) මම කොටවෙයි ඔයාට 🏦 චෙන්නාවෙන් ආපතමක් $ මිලදීමට යන ( දෙයක් ප්‍රතිචාරණය 🔒 කරනවා :-),ham
"nama1 dmna ? boleh mnta tolong ss dong bisns proses nya,,,,,",ham
சரி ... இருக்கும் ஆண்டுப் புதிய ஆரம்பம் பற்றி உங்களிடம் திட்டங்கள் உருவாக்கினீர்களா?,ham
"Где-то кто-то определенно создан для тебя. И Бог решил идеальное время, чтобы вы встретились с этим человеком. Пока это не произойдет, наслаждайтесь своими мечтами..!!!;-)",ham
"bonjour m0nsieur, j3 voudr4is m'excuser et vous p0ser une qu3s7i0n : 3st-ce que le remède dwm doi7 ê7re prés3nt physiquement chez vous ? 357-ce que cela peu7 se fair3 en l!gne ? désolé pour la gêne occ@5ionnée.",ham
ඔබට uk ගමනට යන්න වැලෝ කාඩය අවශ්‍යන්ට නොලබා ඇත. කොටස් එකක් හෝ වහාම ගභාන කරයිද දැයි ඇත්දැයි සිදු නැත.,ham
"Désolé, je ne peux pas prendre votre appel pour le moment. Il se trouve qu'il y a deux façons de faire ce que vous voulez. Elle peut venir et je lui fournirai une assurance médicale. Et elle pourra accoucher et recevoir des soins de base. Je suis actuellement à la recherche de la bonne assurance médicale pour elle. Donc, laissez-moi juste jusqu'au vendredi matin. C'est à ce moment-là que je verrai la personne principale qui pourra me guider vers la bonne assurance.",ham
"Terutama karena saya banyak membicarakan Boston dalam pernyataan pribadi saya, haha! Saya akan mengubahnya jika saya sadar bahwa itu tertulis NYC! Sekarang sudah tertulis Boston.",ham
Your payment of $2116 was processed,ham
"ஹா ஆமா, நான் அதை இப்போது காணுகிறேன், ஒரு விநியோக செக்கில் கரையில் இருவேன்.",ham
"العيش بسيط جدًا.. الحب بسيط أيضًا.. الضحك أيضًا بسيط.. الفوز أيضًا بسيط جدًا.. لكن، أن تكون ""بسيطًا"" صعب جدًا.. تصبح ليلة جيدة.:-",ham
"7 на эспланаде.. Тебе не сложно подвезти меня, потому что у меня сегодня нет машины..",ham
සුබ පිටවිය. එය විශ්වාසයෙන් විවෘත වේ. මාට ඔබගේ සාරාංශය එස්පෙල් නොකිරීමට උදව් කිරීමෙන් මම නිර්දේශි. නමුත් එය මම වට්ටක් සම්පුරස් වනු ඇත. එය බාහිරයින් හවුලා කියමු සටහන දැන්වීමට සහභාගි කරනු ලැබුණුත් චක්ඛිකයෙන්.,ham
Хмм... но вы должны дать это в один день...,ham
سوف تتوقف بمفردها. أقترح لكن أن تبقى مع شخص يكون قادرًا على إعطاء المحاليل الوريدية لكل براز.,ham
Подними телефон.,ham
"Hast du immer noch Klempnerband und einen Schraubenschlüssel, den wir ausleihen könnten?",ham
එක දිනයක් මම &lt;#&gt; ක් පස්ව කාලයක් නැවත එකතු වෙයි.,ham
"Ich denke, es ist unnütz, dich für etwas Wichtiges anzurufen.",ham
அவருக்கு அதிகமாக அறிவு ஆக வேண்டாம். ஏனெனில் சுஹாவுக்கு சொல்லுவது லியோனாவுக்கும் சொன்னது போல் எல்லாம் அறிந்திருக்கிறது. அவர் உங்கள் பதிலைப் பற்றி எனக்கு கேட்டார்.,ham
Confirmation code: 5014. Valid for 10 minutes,ham
"Penso che potrei dover saltare. Sto insegnando fino alle dodici, poi ho una lezione alle due. Accidenti a questo lavoro.",ham
"Bonjour, votre solde de compte Voicespin BD1_Doo est de 96,83. À moins que vous ne le rechargiez dès que possible, il atteindra la limite de crédit et sera bloqué automatiquement.",ham
"வணக்கம், உங்கள் Voicespin COSMETICS_GROUP_COMPANY கணக்கின் இருப்பியம் -410.47. அதை விரைவில் நிர்வஹிப்பதற்கான ஆசை உள்ளது அல்லது கிரெடிட் வரம்பை அடையும் விதியிலும் அது தடுமாற்றப்படும்",ham
K...k...நேற்று நான் கோவையில் இருந்தேன்.,ham
வாங்கவேண்டும். இந்த எஸ்எம்எஸ் குறித்து பதில் கொடு வேண்டாம்,ham
Jaja sí. Nuestra amistad está en un hilo porque no quieres comprar cosas.,ham
"Keine Sorge, * ist einfach, sobald du die Zutaten hast!",ham
Kamu tidak tahu seberapa keras kepala saya. Saya bahkan tidak ingin pergi ke rumah sakit. Saya terus berkata kepada Mark bahwa saya bukan orang lemah. Rumah sakit itu untuk orang-orang lemah.,ham
அப்போது நான் வாங்குகிறேன்.,ham
பாலியின் கிடைத்துஅன் நான் கிழையக் கிழவி நான் கிழை சீட்டீஸ். ஆற்று 3 smth சீட்டிகாம். நீ முடித்துயானா வாங்க?,ham
"கூட்டணியே ... நீ இளமுடன் அன்பு நிறைந்து இருக்கிறாய், உனக்கு சம்பளம் அனுப்புவதில் எனக்கு கூட்டாரைக் கொடுக்க அனுமதி தர முடியுமா ? உன் வேண்டுகோளை நான் விரும்புகிறேன்... உனை பலபலவாரம் வேண்டுகிறேன்... உனை அவனேற்றுகிறேன்...",ham
"Hello, your Voicespin Dizzartify_Limited account balance is 99.77. Unless you fill it up ASAP it will reach the credit limit and it will be blocked autom",ham
Confirmation code: 4252. Valid for 10 minutes,ham
i thought we were doing a king of the hill thing there.,ham
"இந்த உரையை நீங்கள் சிரிக்கின்ற நல்லது என்று நம்புகின்றேன். இல்லையோ, அப்போ இந்த உரை உங்களுக்கு சிரிய காரணம் கொடுக்க அனுமதிக்கட்டும். மிகவும் அழகான நாள் கொண்டாடுங்கள்.",ham
Ich werde in &lt;#&gt; Minuten da sein. Hast du Platz?,ham
Non direttamente dietro... Circa 4 file dietro...,ham
"Ich hoffe, du weißt, dass ich immer noch sauer auf dich bin.",ham
அந்த திரைப்படத்தை நீ பார்த்தாயா? :),ham
"Ja, mein Reg ist Ciao!",ham
நான் முழுவதும் South Park-ஐ முதலில் காதலிக்கிறேன்! நான் கடைசியாக அஃபீஸை பார்க்கும்.,ham
5425 ඔබගේ Disney+ Hotstar සබ්කෝඩ් කේතය බලන්න. සුභසාරයෙන් දැන්වීම් ඉල්ලන්න!,ham
I biscotti White Fudge Oreos sono disponibili nei negozi.,ham
Call 7588 for customer support,ham
Ich suche nur nach einem guten Dual-SIM-Mobiltelefon.,ham
"Vous n'avez pas de devoirs à faire, hein...",ham
"Oh, juste en train de te rendre la pareille... toi ?",ham
Confirmation code: 9745. Valid for 10 minutes,ham
"ஹாய் டார்லின், உங்களுக்கு இருப்பினுக்கு நேற்று வருக்கை எனக்கு மிகவும் நல்ல இரவு இருந்தது, லிப்டுக்கான மிகச் சொர்க்கத்தாகக் கூட நன்றி. நாளை சந்திக்கிறேன். கிஸ்ஸுகள்!",ham
Benutzername: 747495879 Passwort: G1YrcqjA Bitte geben Sie diese Informationen nicht weiter.,ham
Your verification code is 4470,ham
Mon code de tri est et mon numéro de compte est . La banque est NatWest. Pouvez-vous répondre pour confirmer que j'ai envoyé ceci à la bonne personne!,ham
Dia baik-baik saja. Mengirim salamnya.,ham
Tu vas devoir prendre un burger à 1$ pour toi sur le chemin du retour. Je ne peux même pas bouger. La douleur me tue.,ham
هاي، غدًا سأأتي في الصباح. سأكون في ساتهي، ثم سنذهب إلى مكتب الرخص والسيارات. ارد علي بعد وصولك للمنزل.,ham
කොටස කුමක් බාහුණද:-):-):):-).,ham
"Ого ... Я так сильно тебя люблю, что едва могу это выдержать",ham
PayPal: 294124 adalah kode pemulihan kata sandi Anda. Jangan bagikan kode Anda.,ham
Votre code de vérification Netflix est 451972. Veuillez ne pas partager ce code avec qui que ce soit.,ham
Call 8308 for customer support,ham
مرحبًا. ما رأيك في المباراة؟,ham
Saya tidak bisa terus berbicara dengan orang-orang jika saya tidak yakin saya bisa membayar mereka jika mereka setuju dengan harga. Jadi tolong beritahu saya apa yang benar-benar ingin Anda beli dan seberapa banyak yang Anda bersedia bayar.,ham
Sono stato bandito da tutti i negozi B e Q per la vita!? Questo deficiente con la tuta arancione è venuto da me e mi ha chiesto se volevo pavimentare? Così gli ho dato il primo pugno!!,ham
"Udah di beres2in, tp lampu depannya ada yg mati kl gasalah",ham
"HELLO GORGEOUS, COMMENT ÇA VA? MON TÉLÉPHONE ÉTAIT EN CHARGE LA NUIT DERNIÈRE QUAND TU M'AS ENVOYÉ UN SMS. J'ESPÈRE QUE TU AS PASSÉ UN BON WEEK-END ET J'AI HATE DE TE VOIR DEMAIN. JE T'AIME, JAZ.",ham
Je sais qu'elle m'a appelé,ham
"Terkadang kita membangun tembok di sekitar hati kita, bukan hanya untuk melindungi diri dari terluka... Tetapi juga untuk menemukan siapa yang peduli cukup untuk meruntuhkan tembok itu dan mendekat... SELAMAT SIANG :)",ham
"ஏய்... நாங்கள் நேற்று உரையிட்ட வழியின்படி நடத்தவேண்டும், என்றால் ஞாயிறுக்கு கேபி இல்லை... சனிக்கு கேபி செய்கிறதில்லை... சனிக்கு கேபி செய்வதால் எங்கள் சமயம் குறைவாயிருக்கும்...",ham
ඔව්. ඔව් මගේ තැපැලට පිළිබද පියවර. මම පසු ව්‍යාපෘති කාර්යාලයට යන්නාගේ. වෙළඳ දෙකට හෝ ඉරිදෙන් සී.,ham
"ஆம் ஆனால், எனக்கு பாத்துவிட்டால்! ராணி, நீ நன்றாகவே வேண்டும்!",ham
Cela dépend. Comment aimeriez-vous être traité(e) ? :),ham
"Tapi saya akan pergi ke perguruan tinggi, Pa. Apa yang harus saya lakukan? Atau nanti saya akan datang ke sana sendiri, Pa.",ham
di persimpangan Bruce B Downs & Fletcher sekarang,ham
"Ja, Mama sieht stark aus :)",ham
"Sorry, I'll call later in meeting any thing related to trade please call Arul. &lt;#&gt;",ham
"Mamma, spero che tu stia passando una giornata fantastica. Spero che questo messaggio ti trovi bene e piena di vita. Buona giornata. Abiola",ham
Non ci ho pensato... || Bere al rubinetto e alla canna alle sette. || È il pub sulla strada gas vicino a broad st vicino al canale. || Ok?,ham
"Позвони мне, когда у тебя будет возможность, пожалуйста &lt;3",ham
"Non dare a nessuno, incluso SHOPEE. Codice OTP 024131 per AGGIORNARE il NUMERO DI CELLULARE.\
jKPmMcdNAgI",ham
"வணக்கம், உங்கள் Voicespin GTS_COM கணக்கு இருப்பு 980.52 ஆகும். நீங்கள் அதிகரிக்க ASAP செய்வதில் கிட் லிமிட்டுக்கு அடுத்துவந்து தற்கையாக தடுமாறும்.",ham
"¡Dios mío, ¿puedes hacer una capilla de bodas en frontierville? ¿Por qué tienen todas las cosas buenas?",ham
Call 6355 for customer support,ham
"Hey, Salut, où es-tu ? Nous sommes à et ils ne sont pas motivés pour sortir, je suis un peu partant mais j'ai l'impression que je ne devrais pas, alors est-ce que ça te dérangerait si on sortait demain ?",ham
"මම මාසයේ සැත්තක් කරන හැටිහල් කිහිප වෙන්නේ කවුලු අත් වෙනස්නෙයි. තහවුරු කිරීමේ ගායනය මම කියනෙන් ගැන අවුරුදු කරන්නෙන෎ ඉන්නවා, මම කමුදාසු කිරීමට සඳහා තොරතුරු ලබා ගැනීම සහිතයි.",ham
"Bella verità contro la gravità.. Leggi attentamente: ""Il nostro cuore si sente leggero quando c'è qualcuno al suo interno.. Ma diventa molto pesante quando qualcuno se ne va.."" BUONGIORNO",ham
Чтение хорошая привычка... Nan bari hudgi yorge pataistha ertini kano:-),ham
Ard 515 යන්නෙ කෙසේද?,ham
"Plz note: if anyone calling from a mobile Co. &amp; asks u to type # &lt;#&gt;  or # &lt;#&gt; . Do not do so. Disconnect the call,coz it iz an attempt of 'terrorist' to make use of the sim card no. Itz confirmd by nokia n motorola n has been verified by CNN IBN.",ham
Nessun messaggio.. nessuna risposta..cosa è successo?,ham
Confirmation code: 7160. Valid for 10 minutes,ham
"කිමරක් එන්නත් සමහර කළමද? අපට ප්‍රෝසීඝේගේ කිසිවක්ද, වෛරස, ලබා ගත්තේ ආයෝජන සහ වෙනත් කිසියම් පිළිබඳ ඔබට දන්නවාද? මම ස්තුති.",ham
LOL ... Hast du schon Pläne für Silvester gemacht?,ham
"οke, bagus. kapan kamυ іngin saya dаtang?",ham
"Sebenarnya abaikan saja, saya punya banyak uang, kita tetap bertemu jam  &lt;#&gt; ya?",ham
"Hello, your Voicespin COSMETICS_GROUP_COMPANY account balance is -498.17. Unless you fill it up ASAP it will reach the credit limit and it will be blocke",ham
Your account balance is $2889,ham
¿Vas a venir a recogerme?,ham
MMM ... لعنة .... عيد ميلاد سعيد لي,ham
Demain. Je finis 9 portes,ham
"Certo cosa grande uomo. Ho le elezioni di hockey alle 6, non dovrebbero durare più di un'ora però",ham
"Привет, ваш VoiceSpin Test_account текущий баланс составляет 202,0. Если вы не пополните его как можно быстрее, то он достигнет кредитного лимита и будет заблокирован автоматически.",ham
"චීනටවුන් කුනේ, රට්මල් බත්, කවෝල් කේක්, මා මෛර් බෙහූන්... අපි ක්ෂේප් එන්ස් කරයිදැයි හැපූ හිටත් හේ කැෆේ නියෙස් චොගයිදැ හෝ යන්ඩීසී හෝ සම්තින්...",ham
"Моя дата рождения в свидетельстве – в апреле, но на самом деле сегодня мой день рождения. Но не публикуйте это, пожалуйста. Я приготовлю вам особенный сюрприз, если вы сохраните тайну. В любом случае, спасибо за поздравления.",ham
"கார்ட்டூனை பார்க்கின்றேன், இசை கேளுங்கள் & மாலையில் கோவிலுக்கு செல்ல வேண்டும் ஆனால் நீங்கள் என்ன செய்கின்றீர்கள்?",ham
Confirmation code: 6639. Valid for 10 minutes,ham
Voir? J'ai tout pensé à travers,ham
"Надеюсь, ты не испугался!",ham
Confirmation code: 2007. Valid for 10 minutes,ham
ජනෂ්ට්යයක් ඉලක්කයිටන්.එයබ෍ගේ සෑස්ක්වාඑන්ජ් තාරක20% වල්ලක්සෑන්කශර්ක්නල්ට් මිබෝඓස්න්කා ජොකොක්න්මේෆ්ජ්ශන්ට්න්ට්ට්එමීෆ්ජීපීඑල් සේක්ඊ-ගම්ට. +44 151 832 0580්්ඊ-මෆිල්චමිර්ට්රල්@සීෂත්. නොට්.,ham
"ඇයි, ඇය ඇපේක් කෙල්ලවට පස්වනා. අසම්පාදනයන් සබ් එකක් කියාගත්වාත් සොබ් දමා... වෙනත් විශේෂ කතා සහිතව කියවනවක් නම්... කෙදිනක හැමිදායාද ඇයිද හැමිදායේ කතා කියල කතාවයි ඉගේගනන්ඩ හදන්නේයද ඇනවqnCDATAකෛගක්...හැදන්නයි ඇනාට...බුද්ධේකෝෂන්...",ham
"Solo una vez, luego obedeceré todo lo que digas.",ham
Когда ты хочешь заняться спортом?,ham
عمتي هواي جوان لا تلتقط هاتفها,ham
"Buruan, aku sudah kekurangan ganja selama kurang lebih tiga hari.",ham
Je serai douce princesse ! Nous ferons un doux amour tendre...,ham
வீட்டிலிருந்து வெளியேற உச்சம்.,ham
நான் நலம். நீங்கள் நல்லவராக இருக்கின்றீர்கள் என்று நம்புகிறேன். கவனம் குறைக்கவேண்டும்.,ham
"Vrai. C'est acceptable. Et si vous obtenez un score élevé et postulez pour un doctorat, vous obtiendrez 5 ans de salaire. Cela rend donc la vie plus facile.",ham
هل أنت متأكد أن جيرانك لم يحصلوا عليه؟,ham
بشكل تلقائي. من فضلك لا ترد على هذه الرسالة النصية,ham
لقد فقدت ١٠ كيلو جرام حتى اليوم!,ham
Call 5786 for customer support,ham
"சமர்ப்பிக்க முதலில் உள்ள சமர்ப்பித்த குறியீடு: 624793, SPayLater-ஐப் பயன்படுத்தி கொடுக்க உதவும். 15 நிமிடங்கள் செல்லும். இந்த குறியீடை யாருக்கும் சொல்லவேண்டாம்.\
jKPmMcdNAgI",ham
Your account balance is $3048,ham
"Weißt du, um welche Uhrzeit der Laden, der 4D verkauft, schließt?",ham
Le ho detto che ho un appuntamento dal dottore la prossima settimana. Lei pensa che io stia per morire. Le ho detto che è solo un controllo. Non c'è niente di cui preoccuparsi. Ma lei non ha ascoltato.,ham
"Счастлив или грустен, одно из прошлого - ""его больше нет"". Доброе утро :-):-).",ham
Libro che lezione? poi mi mandi un messaggio... Ti chiamerò dopo il lavoro o qualcosa del genere... Sto per prendere gli occhiali. Il mio codice di iscrizione è PX3748.,ham
Confirmation code: 9397. Valid for 10 minutes,ham
"Acabo de buscarlo y Addie vuelve el lunes, qué mal para ella.",ham
Sortez-moi de ce tas d'ordures. Ma mère a décidé de venir chez Lowe's. ENNUYEUX.,ham
821616 is your verification code from Payoneer,ham
"Просто интересно, остальные только что ушли",ham
Prof: you have passed in all the papers in this sem congrats . . . . Student: Enna kalaachutaarama..!! Prof:???? Gud mrng!,ham
"அல்லது நான் ஏதோ அருகினால்,  போக்ஸ் ஸ்டாப்பில் அதே தெருவில் அதிகமாக இழுகிறேன்.",ham
"Я не проснулся с тех пор. Я проверил эту информацию и увидел, что правда нет доступных мест. Пожалуйста, позвоните в посольство или отправьте им письмо.",ham
Ciao da :) com'è la lezione di oggi?,ham
إذا كنت تسأل عني، فماذا تتذكر؟,ham
அந்த உரையைப் போல பல அடிப்படையில் பல மொழிகள் இடங்கொள்ளலாம்.,ham
"Quelle est la différence? Comme promis auparavant, pour ceux dont la note est à la frontière, je vérifierai leur présence. Mais s'ils sont loin, désolé, je ne peux pas :) Sinon, ça ne finira jamais.",ham
"Не знаю, поддерживает ли асс и срт, я думаю. Я думаю, что ps3 тоже может воспроизводить через usb.",ham
Kalo daftar doang tapi belum tentu jadi prasidang boleh ga?,ham
<#> hi3r 15t 1hr pin: 253244. 8itt3 93ben sie d1es3n code nicht we!ter. techn!sches stück: z6nz55x/prz,ham
"හරි, සුභසිම. එය, රැග්ලන් පාරට පහිටුවේ නැපත් එඩ්වඩ් පාරට. ක්‍රිකට් තාම සිට පිවිසීමේය. එය 'තෝස්ඩෙ' බැලූටුවේ පින්දු කරන්න කරුණාකර පොඩි කරන්න. සතියෝ හමුවෙන්න.",ham
SHOPEE: لا تشارك هذا الرمز مع أي شخص، بما في ذلك موظفي Shopee. للدخول إلى حسابك، أدخل رمز OTP 320449 للتحقق. الرمز سيُقدَّم.,ham
Сива находится в общежитии аха:-.,ham
Провожу время с братом и его семьей,ham
اتصل بي عندما تجد الفرصة، من فضلك <3,ham
"Привет, милый, я думала, когда у тебя будет свободная минутка, можешь ли ты прийти ко мне? Я хочу отправить файл кому-то, но почта Яху не работает для них из-за плохого интернет-соединения. Помнишь, как ты создал для меня страницу, чтобы я смогла сходить и скачать диск в формате? Мог бы ты рассказать мне, как это сделать? Или у тебя есть другой способ скачивать большие файлы? Потому что они могут скачивать вещи прямо из интернета. Любая помощь была бы здорово, моя добыча ... *дразнящий поцелуй*",ham
ما أعنيه هو هل يطردونك عندما ينتهي الوقت أم هو مُذكور بأنه يمكنك مشاهدة العديد من الأفلام كما تشاء.,ham
"Привет, ваш баланс на счете Voicespin Test_Keylock_05 составляет 9.25. Если вы не пополните его как можно скорее, он достигнет кредитного лимита и будет заблокирован автоматически.",ham
"Jika saya membiarkan Anda melakukan ini, saya ingin Anda berada di rumah pada pukul 8 pagi.",ham
Call 8730 for customer support,ham
"Va bene, mandami un messaggio stasera e vedremo cosa succede",ham
Ti incontrerò nel lobby,ham
1රටෙක්/දිනකට=ආර්ථික වෛද්‍ය. 1තුලි පාත/දිනකට=කැන්සරක් නොමැණි. 1ලේමන්/දිනකට=මහාදෝෂනයන් නොතිබෙනවා. 1කොඩ් තේරී/දිනකට=පෑන ප්‍රසාද නොබැලේ. 3 ලීටරය වත/දිනකට=රෝග නොපතා උදෘළූණ්ඊ.. මෙත්ත අන්තර්ජනබාහිරයට.. :-),ham
"Ваш код безопасности Discord: 002603 \

\ 
tzD9jY28Wrn",ham
Ne pas vous connecter n'importe comment,ham
Your account balance is $1265,ham
Per favore accettami per un giorno. O ti supplico di modificare il numero.,ham
"Anyway I don't think I can secure anything up here, lemme know if you want me to drive down south and chill",ham
"ආයුබෝවන්, ඔබගේ Voicespin Evest ගිණුමේ හමුවෙන්නේ -13961.74 වේ. ඔබ එහි ලබාදුනු නම්, ඊ පරීක්ෂා කළ කැමති වේලා‍වයට පවතී එය ස්වයංපාද වේලාවට ඇතුළු වෙනුවට ඔබගේ හර ගණන හෝවලා සිටිනු ඇති.",ham
Just wanted to say Будете ли ты идти на эспланаду домой?,ham
Oh k:)after that placement there ah?,ham
"නැත, එවගෙන සවියක් යානුවෙයි. ඇය කියනවා ඇය සවිය වනවා. මට නොහැකිවූවූනෙන් සිටව.",ham
"Oh mein Gott, es könnte heute Nacht hier schneien!",ham
Да. Вечером ты не можешь аха.,ham
آسف توقفت البطارية، نعم أنا هنا,ham
Hey hun-onbus goin 2 meet him. He wants 2go out 4a meal but I donyt feel like it cuz have 2 get last bus home!But hes sweet latelyxxx,ham
Giornata lavorativa di tutto il giorno :) tranne sabato e domenica.,ham
நீ எங்கா வாங்க வேண்டும் நீ.,ham
"Ваш регистрационный код Bumble - 492558. Пожалуйста, не сообщайте этот код никому.",ham
К.. к :) А как проходит ваш процесс обучения?,ham
Gibbs tak terjual. Mike Hussey,ham
Call 7332 for customer support,ham
تلك الأشخاص الذين يسبون. إذا كان يجعلك تشعر بتحسن، فإن الآيبادات ليست سوى أدوات تافهة غير قيمة، وينبغي عليك أن تشعر بالخجل حتى لو كنت ترغب في الحصول على واحدة,ham
Достаточно Корана в качестве руководства для верующих.,ham
Maybe i could get book out tomo then return it immediately ..? Or something.,ham
"Belum, chikku...habba yang sederhana...bagaimana denganmu?",ham
"Ich verstehe deine Nachricht nicht ganz. Möchtest du etwas Bestimmtes fragen oder besprechen? Lass mich wissen, wie ich helfen kann.",ham
"Baik, apakah besok kamu datang ke kelas?",ham
Your verification code is 6114,ham
அண்ணா சரி. ஆனால் உங்கள் நாளுக்கு சில உணர்வு சேர்க்கும்.,ham
"Hi, எஸ்....எஸ்... இந்தியா ஏழு வருஷங்களுக்கு பின் தென் ஆப்ரிக்க மண்ணில் தொடரை வசைக்குவதுண்டு..",ham
කරුණාවෙන් කරුණාවෙන්. මෙම කොහීම පිළිබඳ පිළශූරත්වය ප්‍රලේවණය කරන්න.,ham
"Sì, allora va bene alle 7.30 o alle 8.30 per l'era glaciale.",ham
இரண்டு நண்பர்களுக்கு இருந்து சுத்தமான நண்பர்களால் சிரிப்பதன் பொய் செய்யாது.. நான் சென்று உங்கள் பெயரைக் காண்கிறதில் சிரிக்கவும்.. மயக்கம் இருருளையும். காலை வணக்கம்.,ham
مرحبًا، رصيد حساب Voicespin DotBig_Limited الخاص بك هو 272.94. ما لم تعبئه على الفور، فسيصل إلى الحد الأقصى المسموح به وسيتم حظره تلقائيًا.,ham
Buen dormir se trata de ritmo. La persona tiene que establecer un ritmo que el cuerpo aprenderá y utilizará. Si quieres saber más :-),ham
أنا آسف جدًا لأنني أحرقت شعرك,ham
"Guten Morgen, meine liebe Shijutta........... Hab einen tollen und erfolgreichen Tag.",ham
"كود أمان Discord الخاص بك هو: 314278

tzD9jY28Wrn",ham
Kemudian kamu minta Darren menjemputmu ya... Tetapi aku juga bosan besok harus bertemu dengan dosen...,ham
"வணக்கம், உங்கள் Voicespin NRDX கணக்கு இருப்பு -190.0 ஆகும். உங்கள் கணக்கை உறுதிப்படுத்த வேண்டியதாக உள்ளதில் அது கடன் வரம்பை அடைய வேண்டும் மற்றும் அது தானாக தடுமானிக்கப்படும். தயவுசெய்து வெற்றியடையவும்.",ham
Die ... Maintenant j'ai de nouveau une frange ébouriffée...,ham
مرحبًا، رصيد حسابك الشخصي في Voicespin هو 97.22. ما لم تقم بشحنه في أقرب وقت سيصل إلى الحد الأقصى للرصيد وسيتم حظره تلقائياً.,ham
"Haha සත්කාරකයා, පාපා මැස්සු ගබඩාකරනවාද",ham
ههه، رائع، قد أحتاج إلى اللجوء إليك بذلك، ما الذي تفعله الليلة؟,ham
كيف يساعدنا الأصدقاء في المشاكل؟ إنهم يقدمون أكثر الاقتراحات غباءً التي توقعنا في مشكلة جديدة وتساعدنا على نسيان المشكلة السابقة.,ham
"'Quote Hebat' - ""Terkadang dalam hidup sulit untuk memutuskan apa yang salah!! sebuah kebohongan yang membuat tersenyum atau sebuah kebenaran yang membuat menangis....""",ham
"Maaf, saya sedang di kamar mandi, ada yang bisa saya bantu?",ham
J'adore travailler de chez moi :),ham
"Bonjour, votre solde de compte Voicespin StockTradeGlobal est de -1873,02. À moins que vous ne le renflouiez dès que possible, il atteindra la limite de crédit et sera automatiquement bloqué.",ham
You are right though. I can't give you the space you want and need. This is really starting to become an issue. I was going to suggest setting a definite move out--if i'm still there-- after greece. But maybe you are ready and should do it now.,ham
مون أوكي لور... ههه، الأفضل هو الطعام الرخيص واللذيذ لا، مثل التمام أيضا... يعتمد على ما إذا كنت ترغب في تناول الطعام الغربي أو الصيني... ثم أيهم تفضل...,ham
"Beritahu saya bagaimana perkembangannya dalam 6 jam berikutnya. Mungkin itu hanya ada di usia tambahan, tetapi Anda berada di luar rentang usia itu. Namun, itu bukan hal yang tidak mungkin. Jadi, tenang saja dan beri tahu saya dalam 6 jam.",ham
Mmm c'est mieux maintenant j'ai mangé un rôti ! Je serais mieux si j'avais quelques verres en moi aussi ! Un bon indien ?,ham
Später denke ich. Ich muss auch für den MCAT lernen.,ham
Tolong jangan bagikan.\,ham
Confirmation code: 9879. Valid for 10 minutes,ham
"Еще не ушел, так что, вероятно, буду здесь до ужина",ham
"Hallo, Ihr Voicespin INTENDA_GROUP_LIMITED Kontostand beträgt 25,36. Falls Sie es nicht bald aufladen, wird es das Kreditlimit erreichen und blockiert werden.",ham
"3294 adalаh kode verifіkasi dιsneу+ hotstar anda. selamat menontοn!\
 \",ham
Confirmation code: 2104. Valid for 10 minutes,ham
ME 2 BABE Я ЧУВСТВУЮ ТО ЖЕ САМОЕ. ДАВАЙ ПРОСТО ЗАБУДЕМ ОБ ЭТОМ + ОБА ПОСТАРАЕМСЯ ПОДНЯТЬ НАСТРОЕНИЕ + НЕ ПЕРЕЕДАТЬСЯ ТАК СИЛЬНО. ЛЮБЛЮ ТЕБЯ ЛОКСИXX,ham
What do you want me to fry for you here?,ham
ආයුබෝවන්. ඔබට දැන් කියවන්නේ නිවීන්ට වලකින්න දේටත් සිටිනවා,ham
Call 7140 for customer support,ham
مرحبًا، رصيد حسابك في Voicespin SPECTRE_MEDIA_LTD هو 95.8. ما لم تقوم بشحنه على الفور، سيصل إلى الحد الأقصى للائتمان وسيتم حظره تلقائيًا.,ham
Je ne suis pas certain du menu du soir... Je connais seulement le menu du midi.,ham
Your order #5630 has been shipped.,ham
Votre code de vérification de connexion Binance: 196182. Ne partagez pas ce code avec qui que ce soit. Rendez-vous sur votre compte Binance maintenant.,ham
Sary hanya 🚨 memukul Tim di area 🛡️ selangkangan 🔥 dan itu 💰 sangat menyakitinya sehingga dia mengatakannya 🔒 kepadaku!,ham
J'ai seulement msn. C'est yijue@hotmail.com,ham
"வணக்கம், உங்கள் Voicespin Test_Account கணக்கின் நிதி மீதம் 10.0 உள்ளது. விரைவில் அதை நிறுத்தல்களாக இல்லாதிருக்கும் வேண்டும். இல்லாமல் தவிர்க்கிறது மீயிலும் தடை செய்யப்படும்.",ham
"Le mie coperte sono sufficienti, grazie.",ham
Confirmation code: 6144. Valid for 10 minutes,ham
நான் மிகவும் நல்லவன்! உங்கள் உடன் ஏன் இருக்கிறீர்கள்?,ham
"Идем куда покупать? Просто купим, когда придем туда.",ham
Bist du jetzt frei? Kann ich jetzt anrufen?,ham
لا ترسل لي رسائل نصية بعد الآن. ليس لدي شيء آخر لأقوله.,ham
"D'accord, je vais informer l'entreprise",ham
"La vida pasada con alguien para toda la vida puede no tener sentido, pero unos momentos pasados con alguien que realmente te ama significan más que la vida misma.",ham
"Sad story of a Man - Last week was my b'day. My Wife did'nt wish me. My Parents forgot n so did my Kids . I went to work. Even my Colleagues did not wish. As I entered my cabin my PA said, '' Happy B'day Boss !!''. I felt special. She askd me 4 lunch. After lunch she invited me to her apartment. We went there. She said,'' do u mind if I go into the bedroom for a minute ? '' ''OK'', I sed in a sexy mood. She came out 5 minuts latr wid a cake...n My Wife, My Parents, My Kidz, My Friends n My Colleagues. All screaming.. SURPRISE !! and I was waiting on the sofa.. ... ..... ' NAKED...!",ham
"7 maravillas en mi MUNDO 7mo Eres tú 6to Tu estilo 5to Tu sonrisa 4to Tu personalidad 3ro Tu naturaleza 2do Tus mensajes de texto y 1ro ""Tu encantadora amistad"" ... buenos días querido",ham
Von Netflix: Hallo insanakamil. Ihr Konto fordert einen temporären Zugangscode an. Bitte besuchen Sie: m.netflix.com/i8YwJyZtgoT,ham
Your payment of $829 was processed,ham
مرحبًا، رصيد حسابك في Voicespin OSMARTACC_LTD هو 277.07. ما لم تقم بشحنه على الفور، سيصل إلى الحد الأقصى للائتمان وسيتم حظره تلقائيًا.,ham
"Hey, U studying in sch or going home? Anyway i'll b going 2 sch later.",ham
நான் உங்களை சந்தித்துக்கொண்டு ஒரு மணி நேரம் நடந்தேன்! அது உங்களுக்கு என் ஆதரவைக் காட்டும் அல்லது ஏன் நீங்கள் என் செய்தி சிறியமையாக பார்த்துக்கொண்டிருக்க வேண்டுமா?,ham
"Bonjour, le solde de votre compte Voicespin MARGIN_ONE_SERVICES_LTD est de -8561,11. À moins que vous ne le remplissiez dès que possible, il atteindra la limite de crédit et sera bloqué.",ham
"நன்றி அனைத்து மாசு! நாம் kz மற்றும் sura மூலம் ஸ்கைப் பண்ணும்போது, உங்கள் உறவுக்கு மகிழ்ச்சியை பெறவில்லை. நீங்கள் நல்லவரே என்று நம்புகிறோம். நாங்கள் உங்களுக்கு கடுமை ஆக்கியிருந்தோம்! அபுரோவுக்கு எண்ணோடி சென்று வர உள்ளோம். மகிழுங்கள்!",ham
"Hmmm.. Terima kasih dapat meluangkan waktu untuk berkeliling... Ya, bisa pergi sekitar... Aku harus meneleponmu untuk mendiskusikannya...",ham
"Ja, wie kann eine hübsche Frau wie Sie single sein?",ham
مرحبًا، رصيد حسابك في Voicespin Test_Keykloack_2 هو 211.5. ما لم تقم بشحنه على الفور، سيصل إلى الحد الأقصى للائتمان وسيتم حظره تلقائيًا.,ham
"Denke daran, dass die Perlen niemals abfallen. Niemals.",ham
"αpαkah kamυ marαh, saya sibυk, sayang?",ham
"الحقيقة الجميلة ضد الجاذبية.. اقرأ بعناية: \""يبدو قلبنا خفيفًا عندما يكون شخص ما فيه.. ولكنه يصبح ثقيلًا جدًا عندما يغادره شخص ما..\"" صباح الخير""",ham
أه، لماذا لا تعتذرين فقط، تعترفين بأنك كنتِ خطأ وتطلبين منّي أن أعود إليك؟,ham
"Ciao amore, mi manchi tantissimo !! Vorrei che fossi qui con me a dormire ... Il mio letto è così solo ... Vado ora, a dormire ... A sognare di te, amore mio ...",ham
"Уммаааах, множество счастливых возвратов дня, моя дорогая милая.. С ДНЕМ РОЖДЕНИЯ, дорогая",ham
Your payment of $1603 was processed,ham
Call 5106 for customer support,ham
DIRECT FERRIES - Important notification of your sailing. Please check your email for more information.,ham
Your payment of $753 was processed,ham
Ke mana nih beli? Beli aja pas udah sampe sana.,ham
Environ 50 euros. Les frais bancaires sont fixes. Il vaut mieux appeler la banque et se renseigner.,ham
Itu adalah film yang luar biasa.,ham
"Alors je pense que ce devrait être suffisant.. Il reste la conclusion, la page de contenu et les références.. Je m'occuperai de la page de contenu et de la page de couverture..",ham
Penser à quelqu'un est une bonne chose. Pas besoin de drogue pour ça,ham
"අයිගෝ, චැට් ඉතා බව්ක් දැක්වෙයි, මම දරුවනද දැකිලා පාර්ශීද හැවීම්ක්දීමේයි",ham
Dear are you angry i was busy dear,ham
"Kebenaran Indah melawan Gravitasi.. Baca dengan teliti: ""Hati kita terasa ringan saat ada seseorang di dalamnya.. Namun terasa sangat berat saat seseorang meninggalkannya.."" SELAMAT MALAM",ham
"Das ist gut, denn ich brauche Medikamente.",ham
"Yar, dia cukup cerdas tapi setelah banyak tebakan. Dia minta saya bawa tapi saya rasa Darren tidak terlalu mau pergi. Aiya, mereka pikir Leona masih belum terikat sama sekali.",ham
"Das Haus liegt am Wasser mit einem Steg, ein Boot liegt festgemacht, und ein Nachrichtensprecher, der sich in der Jazzflöte versucht, sitzt am Steuer.",ham
"<#> OTP: 588919 для связи MyTelkomsel с GoPay. НЕ ПЕРЕДАВАЙТЕ ЕГО НИКОМУ, даже Gojek @merchants-gws-app.gopayapi.com #588919",ham
"Die Sonne kann nicht zur Erde kommen, sendet aber Liebe als Strahlen. Die Wolke kann nicht zum Fluss kommen, sendet aber Liebe als Regen. Ich kann nicht kommen, um dich zu treffen, aber kann meine Fürsorge als Nachricht an dich senden. Guten Abend.",ham
"Lo siento,en la reunión llamaré más tarde",ham
ඔහුව ගිහින් යන්න පස් එයට පත්වන්න. මම හා සහිතව තවත් අනතුරු නැවතිලැබුවා.,ham
لا، ربما فضولًا بسيطًا. لا أدري، هل أبالغ إذا كنت مذعورًا؟,ham
"Saya akan menelepon kamu nanti, tidak ada jaringan. Jika mendesak, kirimi saya pesan singkat.",ham
"அதை மீண்டும் வாசித்தேன் மற்றும் என்ன பார்க்கிறானால் எவ்வாறு அவன் அதை எடுக்கும் என்று சொன்னால், அவன் ஓடிவிட்டால் நான் எப்போதும் உங்களை குறித்து குறைபணிக் காரணமாக இருக்கவில்லை! உணர்ச்சியும் இல்லை வாலியாக நகையாக நிரல்களின் பிரயாணம்",ham
ثم أختك كيف؟,ham
"Anda melakukan studi Anda sendiri tanpa bantuan siapapun. Jika Anda tidak bisa, tidak perlu belajar.",ham
"කෙරෙන්නේ, මම ඔහුට  කතා කළාද",ham
فماذا قال البنك عن الأموال؟,ham
Confirmation code: 7839. Valid for 10 minutes,ham
"Hallo, hier ist Yijue... Es geht um das Lehrbuch 3230 ""Einführung in die Algorithmen"", zweite Ausgabe... Ich verkaufe es für $50...",ham
Veux-tu y aller ? Voir un docteur ?,ham
"Non dare a nessuno, compreso SHOPEE. Codice OTP 365402 per AGGIORNARE il NUMERO DI TELEFONO. 
jKPmMcdNAgI",ham
"Sayang sekali, * sedang bersemangat untuk itu. Jadi...apakah ada saran lain?",ham
පණිවුඩයේ පභා . මා Truro රෝසලට ඇවියේ. මාගේ අතරේ ටැල්පොනයයි. මට මෙහෙම ඇමතුමක් කරගෙන තිබෙන්න.,ham
التطبيقات فئة ممتازة.,ham
நிறுவனம் அதிக நல்லது. சுற்றுப்பயன்பாடு அற்புதம் மற்றும் உணவு உணவு மிகவும் நல்லது :),ham
"Bonjour bébé, es-tu rentré chez ta maman ? Tu installes l'ordinateur maintenant ? Tu remplis ton ventre ? Comment ça se passe loverboy ? Tu me manques déjà ... *soupire*",ham
"ЛЛЙ. пожалуйста, не отвечайте на это СМС",ham
"mein freund 1st gerade an9ekommen und sagt, das5 er se!ne beste1lung um 31n paar 9ramm 3rhöht (er hat $ <#>), wann kannst du hier $ein?",ham
"Prendi qualcosa per il dolore. Se si muove comunque da qualsiasi parte nelle prossime 6 ore, consulta un medico.",ham
"Dia berkata, ""Maaf, apakah kamu keberatan jika saya masuk ke dalam kamar sebentar?"" ""Baiklah,"" saya jawab dalam suasana yang seksi. Dia keluar 5 menit kemudian dengan sepotong kue... dan istriku.",ham
"வணக்கம், வணக்கம், ஹாய் லூ மன்னிக்கவும் மிகக் காலம் எனக்கு பதில் அள்ளு - நான் புரட்சியில் என் நண்பர்கள் இருவரினிரக வைக்கிறேன், உங்களை சேர்த்தது எச்சரிக்கையில் சோறி எனக்கு அன்புச்செயல்தலைப்பு 2 வெற்றிக்குத்தக்கவும்!",ham
X cours il 2 ans. Juste pour ses messages sur Messenger comme si tu m'envoies,ham
நானும் கோவையிலேயே செயல்படுத்தி இருக்கிறேன். ஆனால் கட்டணம் செலுத்த வேண்டும்.,ham
quiero  &lt;#&gt;  rs da:) ¿lo tiеnes?,ham
تم تعديل رحلة النارية FY3552 PEN-KNO بتاريخ 22 ديسمبر 23، لتصبح الساعة 0700 صباحًا بدلاً من RM0.00. تم إرسال جدول جديد عبر البريد الإلكتروني. يرجى الاتصال بالرقم +60378454543 للتحقيق.,ham
"Ich rufe dich morgen um neun Uhr an, mit meiner Adresse. Dieser eklige amerikanische Freak hört nicht auf mich anzurufen. Schade, Jen, oder?",ham
"Tyler (getting an 8th) has to leave not long after 9, can you get here in like an hour?",ham
No des el código de retiro 3000259 a otra persona.,ham
"Dans la vie, lorsque vous êtes confronté à des choix, il suffit de lancer une pièce de monnaie non pas pour résoudre la question mais pendant que la pièce est en l'air, vous saurez ce que votre cœur espère. Bonne nuit.",ham
ආයුබෝවන්. මෙම කොමළ එෂ් සිංහල පරීක්ෂා කරන්නෙන්නේ. අදහසයි නරකමුද?,ham
Yup canzone fratello. Niente di creativo. Mai testare la qualità. Ha detto controlla le recensioni online.,ham
Die... இப்போ எடும் நீர் பேறு திருமுழை...,ham
Your account balance is $2562,ham
"Привет, ваш баланс на счете Voicespin Minv составляет 19.0. Если вы не пополните его как можно скорее, он достигнет кредитного лимита и будет заблокирован автоматически. pls d",ham
Transmita mis saludos a él.,ham
ඔබ හොයන කෙල්ලෙයි! අනේ නැතුවට හිතුනාගේ. හැමදාම මම ඔයාට එකතු දෙනවානම්. මං හවසල් කලා ඉක්මනට කලා ඉක්මනට පැයේ සුවේ.,ham
"Введите код подтверждения: 957373, чтобы активировать SPayLater. Действует в течение 15 минут. НЕ сообщайте этот код никому.\
jKPmMcdNAgI",ham
Your account balance is $3105,ham
ما أقصده هو أنني غادرت مبكرًا جدًا للتحقق، لأنني أعمل من الساعة 9 صباحًا حتى الساعة 6 مساءً.,ham
ராத்திரி உணவுக்காக நீ என்னை சமைக்கிறாயா?,ham
Gute Nacht. Gehe schlafen.,ham
"Datang untuk melihat apartemennya, terlihat bagus, berusia sekitar 50-an? * Sering tidak ada di rumah karena bekerja. Ada wanita datang jam 6.30 juga.",ham
"ШОПИ: Используйте код OTP 390123 для изменения пароля. Действует только 15 минут. НЕ сообщайте код никому, включая Shopee.\
jKPmMcdNAgI",ham
Saya melihat huruf B di mobil saya.,ham
رديء أنت تأكل ماكدونالدز حتى نسيتني بالفعل صحيح... تستغرق وقتًا طويلاً في الرد. أعتقد أنه أكثر قسوة من قبل، لذا كن مستعدًا. الآن ماذا يجب أن آكل؟,ham
"හායි, ඔබගේ Voicespin boris_test ගිනුමේ හිගය 15.0 වේ. හේතුවෙන්නේ එවට වෙළඳාවක් කල හැකිය, එවටත් එතනම් හෝ ස්වභාවිකව වහාරවිය නොහැකි වගන්වනු ඇත.",ham
"Der Termin ist um &lt;ZEIT&gt; Uhr. Es ist nicht meine Schuld, dass du nicht zuhörst. Ich habe es dir zweimal gesagt.",ham
"Beste Linie, die in der Liebe gesagt wurde: ""Ich werde warten, bis zum Tag, an dem ich dich vergessen kann. Oder der Tag, an dem du realisierst, dass du mich nicht vergessen kannst."" Gute Nacht.",ham
"Nein, er hat heute selbst beigetreten.",ham
"ඔව්, මම විශ්වාස වෙයි, ඔබ 7 සහිත් කියවන්නේ පිවිවාගෙනියන්ගෙන් කරවීමේද?",ham
"One of best dialogue in cute reltnship..!! ""Wen i Die, Dont Come Near My Body..!! Bcoz My Hands May Not Come 2 Wipe Ur Tears Off That Time..!Gud ni8",ham
yoυr аccount balancε is $521,ham
ஆனால் மீறு அல்லது நீ மீறுவா?,ham
"මදි, එම පොස්ට් එක දිනේම ලබා ගත්ත! දැන සැබෑ තැන් කිව්වා ඇත්තේ! හිතට දුන්නේ ස්වභාවික කියූ පණස්කියාව. අදිවේ, එය නිර්දේසික කැරොලින් සමඟ අවසන් වන සැම විටභාෂනයක්. දැන් ඔබම ලක් වනු ඇත්තටයි.",ham
أمي طلبت مني شراء الطعام للمنزل...,ham
Hey you told your name to gautham ah?,ham
"Было здорово увидеть это сообщение. Так когда ты уезжаешь? Поздравляю, дорогой. В какой школе ты учишься и какие у тебя планы?",ham
"Gak tau deh... Mungkin aku akan makan dengan temanku... Kalau kamu mau makan, aku tunggu kamu saja ya.",ham
"Хаха, просто шутка, папе нужны наркотики",ham
أنا أقرأ النص الذي أرسلته لك الآن. إنه مقصود أن يكون نكتة، لذا اقرأها بهذا المنظار.,ham
"Hai. Semoga harimu menyenangkan! Sudah kembali dari jalan-jalan, meja sudah dipesan untuk setengah delapan. Beri tahu saya kapan kamu akan datang.",ham
Gampang kan? Jika Sen terpilih itu artinya bagus.,ham
Hai davvero un sacco di diamanti però,ham
Your account balance is $2304,ham
"Гайс, у меня есть вопросы к Pla о том, что ещё требуется с места Pla после завершения, кроме оценки из университета? Есть ли какие-то другие документы?",ham
හිතන්න. යන්ක්ගේම අයියා ඉන්නේයියා?,ham
Me gustan mucho ustedes:) pero soy muy tímido pa.,ham
Хорошо. Очень хорошо. Все сводится к заработку денег.,ham
Imagina la vida SIN MÍ... ¿ves? ¿Qué rápido estás buscándome? No te preocupes... siempre estoy ahí para molestarte... Buenas tardes.. :),ham
ஆமா அது பூ போன்றது மெதுவாக இருக்கின்றது,ham
Verwenden Sie den Bestätigungscode 354254 für die Microsoft-Authentifizierung.,ham
ඔයා කොහොම දැන් ස්තුතියි? මොක වෙන්නද? කියලා ආතල් එකට නැතිව දැන් හිතාගෙනම එයි ාවටයි එහා හායන දවසටයි එලටත් වත්භාගේදත් හරියටදත් ප්ලේ!!,ham
Jangan khawatir. Saya yakin kamu akan berhasil.,ham
Prix rempli d'âge : 0.000138.,ham
Kode verifikasi Discord Anda adalah: 333360,ham
"<#> 29264 adalah kode Facebook Anda\
H29Q+Fsn4Sr",ham
"Buongiorno. Si prega di pagare il suo ordine numero 1337468. Tutte le informazioni sono state inviate via e-mail. Cordiali saluti, Monika Hoffmann E-Mail: central@csdep.net.",phishing
"Ой, непроизвольно не вплохое время. Прекрасно. Пальцы играют в поезде! Дам предупреждение за пятнадцать минут.",ham
"Пожалуйста, поговорите со мной. Я не попрошу ничего, кроме вашей дружбы.",ham
உங்கள் உயிரின் அனைத்து வெளிச்சமான பெண்ணையும் அழைக்க போகினீர்களா?,ham
"நீங்கள் வாடக்கூடியிருக்கும் 📧 கடுப்பை அமைதி காண உங்களுக்கு $ நான் செய்திருந்த பிறகு } அந்த படம் ஒழிய வேண்டும், மெல்லம் நிர + leaves ( ... & ஆனாலும் உங்கள் 📧 இருப்பை 💳 சுற்றிய காஞ்சி 🔥 நீர்ப்பினை ⚠️ நீடும் [ அன்னாளனாய் 💳 உண்பதற்கு 🔒 வேலை செய்கிறவன் 🎉 யார் என்று 🔗 நினைப்பதை யாக்கமுடன் ⚡ காட்டுங்கள் | ... மனதில் ஆஸை, என் "" cuck",ham
Carlos sarà qui tra un minuto se hai ancora bisogno di comprare.,ham
නි 6 වීදින් කරන්නයි,ham
"Klar, schreib mir eine Nachricht, wenn du losgehst.",ham
"Nun, ich war nicht verfügbar, da ich gestern Abend mit anderen Leuten zusammen war, also mussten sie stattdessen Nickey Platt fragen!",ham
E& (crazy) my name is there. When will I be luus (be erased),ham
"Bitte geben Sie niemandem, einschließlich Shopee, den OTP-Code 049248 für die AKTUALISIERUNG DER HANDYNUMMER weiter. jKPmMcdNAgI",ham
Nous allons bien. Nous allons dormir maintenant. Plus tard,ham
"Non c'è bisogno lar. Sto solo testando la scheda telefonica. Non so, penso che la rete non sia buona. Sto aspettando che mia sorella finisca di fare il bagno così posso fare il bagno io. Non disturbarti, stai pulendo la tua stanza.",ham
Nach dem Medikament wird sie in der Lage sein zu essen.,ham
Aku sedang tertidur waktu itu. Kamu di sana?,ham
"¡Hey! ¿Qué pasó? Apagaste tu celular todo el día. Esto no está bien. Ahora, si te importa, llámame mañana.",ham
أمي، لقد أرسلت لك الكثير من الرسائل منذ وصولي هنا. أنا فقط أريد أن أعرف أنك فعلا تتلقى رسائلي. استمتعي ببقية يومك.,ham
අතින් සිටින්න.. ඉතාල ඔයාලට √º හෝටාරයෙන් dinner කරමු?,ham
Pouvez-vous m'appeler s'il vous plaît. Votre numéro indique une zone hors de couverture. J'ai un appel urgent à Vasai et je dois arriver avant 4 heures alors appelez-moi s'il vous plaît,ham
"Selamat pagi, sayangku ... Aku akan tidur sekarang dan mengharapkan hari yang indah penuh perasaan lebih baik dan kesempatan bagus untukmu ... Kamu adalah pikiranku terakhir, sayang, AKU MENCINTAIMU *cium*",ham
No. Ella está actualmente en Escocia por eso.,ham
"D'accord, à quelle heure finis-je?",ham
لا أستطيع التحدث إليك الآن. سأتصل بك عندما أستطيع. لا تواصل الاتصال.,ham
"عندما دخلت كوخي، قالت مساعدتي: ""عيد ميلاد سعيد يا رئيس !!"". شعرت بالتميز. طلبت مني أن أتناول الغداء معها. بعد الغداء، دعتني إلى شقتها. ذهبنا هناك.",ham
"Iya, saya anak kecil.. Dan boost adalah rahasia energi saya..",ham
"கார்டூன் பார்த்து, இசை கேளுங்கள் & அந்திரம் கோவிலுக்கு செல்ல வேண்டுமா? உங்கள் பற்஼யர் என்ன?",ham
"Salut, où es-tu ? Nous sommes à et ils ne sont pas motivés pour sortir, je suis un peu partant mais j'ai l'impression que je ne devrais pas, alors est-ce que ça te dérangerait si on sortait demain ?",ham
"Hi, SHOPEE: استخدم رمز OTP 020924 لتسجيل حساب SHOPEE. صالح لمدة 15 دقيقة. لا تشارك الرمز مع أي شخص، بما في ذلك فريق Shopee.
jKPmMcdNAgI",ham
Partecipi al tuo corso di guida quante volte a settimana e in che giorno?,ham
"Tolong cari tahu dari Tante Nike, ya.",ham
Your account balance is $3065,ham
"எந்த அங்காடியிலும் அதே வாங்கலாம் என்று பொருத்தவைக்கும் பொருள்களை பேக்கிட்டாங்கள். உணவை பேக் செய்ய வேண்டியவற்றில், கரி அல்லது உங்கள் இழுக்க பூர்வமான என்னைக் காணக் கூடிய பொருட்களை பேக் செய்யுங்கள்.",ham
S. creo que es un desperdicio para rr...,ham
"இன்ச்யாஅல்லா இக்லாஸ் மெல், அச உதா டி பஹஸ் திக்ருப் கான், த்ர்ஸ் ய்க் ரெஸ்பொன்யா டி.",ham
நன்றாக இருந்தது உங்களுக்கு அதை முழுமையாக மறுதிரும் என்று மகிழ்ந்தேன் ... லோல்,ham
"تبيّن أن لدي أغنية ""Stereo Love"" على هاتفي تحت ألبوم غير معروف.",ham
"Machen Sie sich bereit, verwöhnt zu werden :)",ham
"Bonjour, votre solde de compte Voicespin Minv est de 19,0. À moins que vous ne le rechargiez AU PLUS VITE, il atteindra la limite de crédit et sera bloqué automatiquement. s'il vous plaît d",ham
"Hi, Il ne sera pas avant 2h15 car je suis en train de ranger la maison, est-ce que c'est okay?",ham
تأخر كثيراً ... على أي حال، لن أكون أنا السائق...,ham
Hello! How's you and how did saturday go? I was just texting to see if you'd decided to do anything tomo. Not that i'm trying to invite myself or anything!,ham
මම කාර්යයන් දොකට්රිනේජ් විද්‍යා අධිරප්ගත් සිටියේද එයාට අදාලව කතා කර ගත්තාද...,ham
بأسلوب آلي. يرجى عدم الرد على هذه الرسالة النصية,ham
"D'accord, je vais sortir dans quelques minutes, texte-moi où nous rencontrer",ham
. இந்த எஸ்.எம்.எஸ் க்கு பதில் கொட வேண்டாம்,ham
සියලි... නිසා සිතියෙන්නේ පරිපාලනයාගේ නායකයා පිලිතුර 2 ක් කල තිබුණා... ඔයා වැඩ කරමින්?,ham
Para poder besarte y sentirte junto a mí...,ham
"Como de costumbre.. estoy bien, feliz y me va bien.. :)",ham
Tidak terlalu banyak pertengkaran. Itu adalah malam yang baik!!,ham
"Ciao, il saldo del tuo account Voicespin Evest è di 4447,55. A meno che non lo ricarichi al più presto, raggiungerà il limite di credito e verrà bloccato automaticamente.",ham
Мы едем на автобусе №?,ham
"සාමානේ..මම නිතම්, සමාවෙන්නේ සහ කාලේ සුළු කරමි..:)",ham
"ආයාච්චි, සහෝදරයා සංචාරය සමග සොවියගෙන් ගත්තා නම්!",ham
"Hallo, Ihr Voicespin ARBEL_PHARMA Kontostand beträgt 94,94. Sofern Sie es nicht umgehend aufladen, wird es das Kreditlimit erreichen und automatisch blockiert werden.",ham
لا تقم بالرد على هذه الرسالة تلقائيًا.,ham
"<#> Account: 065526 هو رمز التحقق من حساب Samsung الخاص بك.\
bP2ROrn3fZQ",ham
"Привет, ваш баланс аккаунта Voicespin Test_Keykloack_2 составляет 212,9. Если вы его не пополните как можно скорее, он достигнет кредитного лимита и будет заблокирован автоматически.",ham
"C'est cool, il sera là toute la nuit, fais-moi savoir quand tu seras là",ham
"SIA: Verwenden Sie das Einmalpasswort (OTP) vlil-322273 innerhalb von 3 Minuten, bevor es abläuft. Bitte rufen Sie KrisFlyer unter +65 67898188 an, wenn Sie das OTP nicht angefordert haben.",ham
رسائل غير محدودة. دقائق محدودة.,ham
Il codice di verifica del tuo Discord è: 149329,ham
"Mungkin kamu ingin menarik lebih banyak uang sebagai jaga-jaga dan berencana untuk tidak menghabiskannya jika memungkinkan, saya tidak terlalu percaya pada pengelolaan uang dari derek dan taylor.",ham
உங்கள் மீண்டும் எழப்பாளரா? அங்கே பனித்துளி உள்ளதா?,ham
¿Cómo está Escocia? Espero que no estés mostrando demasiado tus tendencias de novice. Cuídate. Vive el sueño.,ham
Nur schlafen.. und im Internet surfen,ham
TcHoM6TTGt465_l0cA==mFsT1YMv20r6DJ-C/Ue0X2MblNBGKgnkt2QMDnetY6AXyZ6I==Cui8ji75BRj1a7md/getBPSms?utm_source=snap_ice&utm_medium=sms. Esperamos ver,ham
Your payment of $3094 was processed,ham
PayPal: 551786 es su código de seguridad. No comparta su código.,ham
جايس كالو داري أونيفرسيتي پادجادجانكا بيندولان كهذه؟,ham
"Sag ihnen, dass der Drogenhändler ungeduldig wird.",ham
"Hi, LMAO, где твоя рыбья память, когда мне это нужно?",ham
Was the actual exam harder than NBME,ham
لا يزال لا يعمل. وهذه المرة قمت أيضًا بمحاولة إضافة الأصفار. كانت توفيرات. الرصيد البنكي هو &lt;#&gt;,ham
"Cosa stai combinando, strano?",ham
இன்று உழைந்த தோழி மற்றும் புரட்சி போல் உள்ளேன்... சார் வெளியேற்றടி போனார்... நான் இப்போது வரை வர முடிகிறது...,ham
"කොහෙද බෑ, යන්නවාද?",ham
ඔබේ ලකුණේ එදා දින 16/08/16 දක්වා : 18 පොයින්. ඔබ රෙද් කරන ලදි. පොයින් අයිතිය 2016 දෙසනය 31 වන දක්වා හෝ.,ham
¿Sabes por qué Dios creó un espacio entre tus dedos? Para que la persona que está destinada para ti venga y llene esos espacios al sostener tu mano con AMOR...,ham
"Felicidades, ore mo owo re wa. Disfrútalo y te deseo muchos momentos felices de ida y vuelta, vayas donde vayas.",ham
"Hallo, Ihr Voicespin ZohoDemo-Guthaben beträgt -112,29. Wenn Sie es nicht umgehend aufladen, wird es das Kreditlimit erreichen und automatisch gesperrt werden.",ham
Your account balance is $903,ham
A che ora dovrei dire al mio amico di venire?,ham
Tu ne réponds pas non plus à son message ni à ses messages.,ham
no sé... es7á viendo una película en la comput@d0ra...!,ham
"Oder ich schätze mal,  <#> Minuten",ham
"ЧЕЛОВЕК-ЛЕЖАЧИЙ! Просто чтобы вы знали, что вы нам недостаете и вас вспоминают. Пожалуйста, проведите отличный день. И если можете, пришлите мне номера Бимбо и Уго, буду благодарен. Берегите себя.",ham
"Hey Carlos, ein paar Freunde haben mich schon nach dir gefragt, arbeitest du dieses Wochenende überhaupt?",ham
Kamu juga...,ham
"Penso che gli altri due abbiano ancora bisogno di prelevare contanti, ma possiamo essere pronti per le 9.",ham
"Sie benötigen definitiv ein Modul aus den Geisteswissenschaften, oder? Möchten Sie zuerst andere Module absolvieren?",ham
මම ආදරය කරනවා. මා සතුටු කොත්තෙද අපිව කරනු ගමට බැහැ. ඉල්ලුල් දෙකක් සොයාගන්න,ham
Your verification code is 6535,ham
"Shuhui ha comprado el regalo de Ron, es un reloj Swatch...",ham
لا تهتم بما يفكرون به وبالتأكيد لا أهتم. أي صديق لي وهكذا!,ham
Ho pensato che lo slide fosse sufficiente.,ham
هل أنت مستيقظ؟ هل هناك ثلج هناك؟,ham
"Il sole non può venire sulla Terra ma invia amore sotto forma di raggi. Le nuvole non possono andare verso il fiume ma inviano amore sotto forma di pioggia. Io non posso venire a incontrarti, ma posso inviarti la mia cura come messaggio a te. Buonasera",ham
8649 es su Código de Consumidor para el registro del programa de promoción de Godrej,ham
"Возьмите нас с собой по магазинам, а Марк отвлечет Исаию.=D",ham
Mi mandi solo l'indice dei contenuti...,ham
Your order #9633 has been shipped.,ham
"med. Für Unterstützung, rufen Sie +65 6327 2742 an. Es gelten die Geschäftsbedingungen. Bitte nicht antworten.",ham
"உங்களுக்கு தேவையானதை எப்படி வழங்க வேண்டும் என்பதை ஏனோக்குகிறீர்கள், நீங்கள் அதை செய்ய மாட்டீர்கள் என்றால், நன்றி",ham
Ma eravate insieme quindi dovresti pensarci,ham
"வணக்கம், உங்கள் Voicespin DotBig_Limited கணக்கு இருப்பு 498.36 ஆகும். நீங்கள் அதே நாளிலேயே அதை நிரப்புவீர்களானால் அது கடன் வரம்பை அடையும் முடியும், அப்படி செய்யப்பட்டு தடுக்கப்படும்.",ham
Yun kauft ... Aber die Schule bietet nur 2000 plus an...,ham
Aiuterà se proponiamo di tornare di nuovo domani?,ham
உண்மையான தேர்வு NBME விட கடினமாக இருந்திதும்?,ham
Call 2858 for customer support,ham
مرحبًا، رصيد حسابك في Voicespin (boris_test) هو 15.0. ما لم تقم بشحنه على الفور، سيصل الى الحد الائتماني وستتم حظره تلقائياً.,ham
Your verification code is 4132,ham
للأسف، كنت بمزاج لذلك. لذا... هل لديك اقتراحات أخرى؟,ham
Ich und er sind so lustig...,ham
قل شكراً,ham
"Zac ne chance pas vraiment, le pauvre.",ham
"Más o menos. Acabo de perder el tren debido a un ataque de asma, el siguiente en media hora, así que estoy conduciendo. No estoy seguro de dónde estacionar.",ham
Just wanted to say நான் நல்லவன். நீங்களும் நல்லவோ என்று நம்புகிறேன்.,ham
otp shop3epay: gib diesen code in keiner situati0n an irgendjemand3n weiter. d3r be$tätigungscod3 129185 !st nur 1 minute lang gült!g.,ham
Ojalá estuviera contigo. Abrazándote fuertemente. Haciéndote ver lo importante que eres. Cuánto significas para mí... Cuánto te necesito... En mi vida...,ham
<#> සිංහලට පරිවර්තනය කරන්න: 508445. ස්නැප්චෑට් කරන්න! qunyt57f5Rf,ham
Reminder: මගේ ගෙදරට පෙන්වයි.,ham
أوه أوه... مضَعَرّة... لقد وصلنا إلى نهاية السبت والأحد بالفعل...,ham
"À 12 heures, je partirai à 10 heures.",ham
කෝඩේ නිකාමනය කළ විය Microsoft ගිණුම: 1064361,ham
"'An Amazing Quote'' - ""Sometimes in life its difficult to decide whats wrong!! a lie that brings a smile or the truth that brings a tear....""",ham
علمني التطبيقات. عندما تأتي إلى الجامعة.,ham
Hola... ¿A qué hora tienes tu clase de manejo el viernes? ¿Vamos a la evaluación el viernes?,ham
Non ti ho visto. :) Dove sei adesso?,ham
"ලෝල් ඔවු, මේ අවුරුද්දෙන් මොකද්දේ කියලා නෑත්ද ගැනේ",ham
"Estimado cliente, su código de verificación es: 778122",ham
"Saya rasa saya tidak bisa pergi berpetualang selama itu ketika keluarga sedang berkunjung, maaf.",ham
do you thιnk i can move  &lt;#&gt;  in a week,ham
Schuld nie einem Tag in deinem Leben. Gute Tage bringen dir Glück. Schlechte Tage geben dir Erfahrung. Beides ist lebenswichtig! Alles sind Gottes Segnungen! Guten Morgen.,ham
Tidak banyak pertengkaran. Itu malam yang baik!!,ham
"OH MR SHEFFIELD! Du willst dieses Spiel spielen, okay. Du bist der Chef und ich bin das Kindermädchen. Du gibst mir eine Gehaltserhöhung und ich gebe DIR eine!!",ham
Pada ga aktif si tombol algoritma2 nya teh ga ngerti,ham
"Нет, если вы запустите этот файл, он активирует полную версию.",ham
"Buongiorno, oggi sono in ritardo di &lt;#&gt; minuti.",ham
"Oui, nous étions dehors pendant environ 2 heures. Et j'ai appelé toute ma famille pour les réveiller car cela a commencé à 1 heure du matin.",ham
"FYI: Дорогие все, как мы знаем  &lt;#&gt; th это день рождения нашего любимого Гопаллетана. Мы планируем дать ему небольшой подарок в этот день. Те, кто хотел бы участвовать в этом, добро пожаловать. Пожалуйста, свяжитесь с нашей администрацией для получения более подробной информации.",ham
"Un garçon est rentré tard chez lui. Son père : ""POUVOIR DE L'AMITIÉ""",ham
"Rufe mich an, ⚡ wenn du / zu Hause _ angekommen bist.",ham
Confirmation code: 8387. Valid for 10 minutes,ham
"Все в порядке. Я заскочил, чтобы спросить о чем-то, и она сказала, что ты был здесь. Ты будешь здесь сегодня вечером, когда придет эта девушка?",ham
¿Cuántas lamidas se necesitan para llegar al centro de un chupetín tootsie?,ham
இந்த எஸ்.எம்.எஸ் குறித்து பதிலளிக்க வேண்டாம்,ham
Quel uniforme? Où les obtenir?,ham
நியூனபயரின் கையில் உள்ள எண்ணை அழைக்கவும். மற்றும் அழைத்து வாஹீத் ஃபாத்திமாவுக்கு அழைப்பை இணைக்க விரும்புகிறது என கேள் வேண்டும்.,ham
شكراً لإرسالي إلى المنزل...,ham
Que se passe-t-il avec toi ? As-tu trouvé un travail et commencé les démarches pour obtenir la résidence permanente ?,ham
لا أعرف، هذا ما قاله لي. حسنًا...,ham
"ترجمة النص إلى اللغة العربية:
كود أمان Discord الخاص بك هو: 128622 \
\
tzD9jY28Wrn",ham
"நீங்கள் உண்மையாக நண்பர்கள் என்றால் என்ன என்று அறிந்துகொள்ளும்போது, ஒரு எங்கேகுமில்லா உதாரணம்: இந்த செய்தியை பார்க்கலாம் .. இந்த செய்தியின் ஒவ்வொரு வரைபாக்கமும் பிழையாகும் .. ஆனால் இருப்பதும் நீங்கள் எந்த பிழையும் இல்லாது அதையும் படித்துக் கொள்ள முடியும். இராத்திரிக்கு நல்ல உறவாக கடிகாரம் & மெய்நினைப்புகள் வாழ்க்கைக்கு அழகான கனவுகள் ஈச்சி.",ham
"Hi, කරුණාකර මෙම SMS එකට ප්‍රතිශ්වාෂණය වෙමින් නොසිටින්න",ham
آسف. لن تسمع شيئًا ما لم تحجز. إحدى الحالتين كانت نوعًا من النكتة - كانوا بحاجة فعلًا إلى فتيات بيضاوات نحيفات. الحالة الأخرى كانت تعتمد على سطر واحد - لن تستطيع فعل الكثير أثناء التصوير بذلك. شيء كهذا هو ما يقتصر على المظهر الخارجي.,ham
"Hallo, Ihr Voicespin Test_Account Kontostand beträgt 202,0. Wenn Sie es nicht sofort auffüllen, wird es das Kreditlimit erreichen und automatisch blockiert werden.",ham
"Wir hoffen, um 7 Uhr von Langport wegzukommen. Bist du heute Abend noch bereit, in die Stadt zu gehen?",ham
"Рождество - это событие, которое отмечается как отражение ваших ценностей, желаний, привязанностей и традиций. Пусть у вас будет идеальное Рождество.",ham
பதிவு செய்ய மிகுஸ். அது கணிதம் அல்ல.,ham
"Cada rey una vez fue un bebé llorón y cada gran edificio fue alguna vez un plano. No importa dónde estés HOY, sino dónde llegarás MAÑANA. Buenas noches",ham
Apakah kita akan naik bis nomor &lt;#&gt;?,ham
Call 3635 for customer support,ham
"சரி, அது அழகுவாக இருக்கும், நீங்கள் உறுதி இல்லையா எனில். நீங்கள் என்ன செய்ய விரும்புகிறீர்கள் என்று சிந்திக்கவும், குடிக்க, ஆடுவது, சாப்பிடுவது, சினிமா, வெளியில், உள்ள விஷயம்... உங்கள் மேல்! என்ன பற்றி?",ham
"Ne donnez PAS à qui que ce soit, y compris à SHOPEE. Code OTP 662845 pour SE CONNECTER à votre COMPTE SHOPEE. \
JKPmMcdNAgI",ham
Gut gemacht und alles Gute! Ich hab euch alle lieb.,ham
"Карлос говорит, что он будет через &lt;#&gt; минут.",ham
"Haha ya saya melihatnya sekarang, akan segera datang",ham
your v3rificati0n code is 3810,ham
மனைவி. படுக்கை நேரம் எப்படி உறுதியாக அறிந்தார்,ham
I though we shd go out n have some fun so bar in town or something â€“ sound ok?,ham
මම ඔබගේ දෝෂ අංකය තවත් අංකයක් ඇවිලෙමිනේ.,ham
Делаем проект с друзьями.,ham
"La LUNE est venue pour colorer tes rêves, les ÉTOILES pour les rendre musicaux et mon SMS pour te donner un sommeil chaud et paisible. Bonne nuit.",ham
حسنًا. غير متأكد من الوقت بعد لأنني غير متأكد ما إذا كنت سأستطيع الوصول إلى المكتبة قبل الصف. سأحاول. أراك في وقت ما! أتمنى لك مساءً جيدًا.,ham
"Это поэтому нам нужно объединить и посмотреть, как...",ham
ADP: Su código de verificación: 876050,ham
"¡Muy bien! Por cierto, te daré las entradas para el sábado por la noche a las 7.30. Hablemos antes de eso x",ham
Ich werde Sie als Herrn ansprechen. Im Meeting.,ham
3289 es tu código de verificación de Disney+ Hotstar. ¡Disfruta viendo!,ham
Confirmation code: 4147. Valid for 10 minutes,ham
"И вот в чем проблема. Ты ходишь в своем ""мире Юлианы"", не замечая происходящего вокруг. Я постоянно повторяю одно и то же, но это заходит с одного уха и улетает с другого, пока ты продолжаешь делать то, что хочешь. Проблема не в том, что ты не понимаешь, почему я злюсь - проблема в том, что ты не слушаешь, когда я говорю тебе, ЧТО меня расстраивает. И после этого ты хочешь удивляться, когда я злой.""",ham
Buon viaggio. Fai attenzione a . Ricorda che quando torni dobbiamo decidere riguardo alla Pasqua.,ham
Confirmation code: 7579. Valid for 10 minutes,ham
"Per inciso, 'rencontre' significa incontrarsi di nuovo. Mountains non....",ham
أنا في المنزل. الطبيب أعطاني أدوية للألم وقال إن كل شيء على مايرام.,ham
K.k:) முன்னால் வாழ்த்துக்கள் பொங்கலின் முன்னேற்றம்.,ham
Wife.how she knew the time of murder exactly,ham
Your verification code is 4860,ham
أوه رائع، واقضِ وقتًا رائعًا في نيوكي - أرسل لي بطاقة بريدية! خذ العناية بجميع الفتيات بينما أنا غائب (أنت تعرف عن أي فتاة أتحدث!) xx,ham
"Estaré en tu casa en unos 3 minutos, pero estate atento/a a mí.",ham
لكنني متفاجئة من أنها لا تزال تستطيع تخمين الإجابة بشكل صحيح...,ham
ඔහු විනාශයේ විසින් carly quick මගේ bffs සහතික කල හැකියි,ham
Call 9994 for customer support,ham
"Mungkin akan berada di sini untuk sementara waktu, sampai nanti malam &lt;)",ham
"அரோகரிக்கும், நான் அதிகம் உங்களை கொண்டு இருக்கிறேன்!! உங்கள் இதுவரை இல்லை உள்ளங்களே இருப்பீர்கள் ... என் படுக்கை எனக்கு அதிகம் உழைத்து அமர்ந்து விடுகிறது ... நான் இப்போது போஎனின், கொலை ... உங்களை கனவில் காண தொடங்கிறேன், என் காதலே ...",ham
Non sono sicuro del menu serale. . . So solo del menu del pranzo,ham
papá dice que te apr3sures maldit@ sea,ham
Besok siang ya jam 2,ham
Во сколько ты заканчиваешь работу?,ham
"Por favor, ten en cuenta: si alguien llama desde una compañía de telefonía móvil y te pide que marques # seguido de un número. No lo hagas. Corta la llamada, ya que es un intento de un 'terrorista' de hacer uso del número de tarjeta SIM. Esto ha sido confirmado por Nokia y Motorola y verificado por CNN IBN.",ham
"Ok, ich möchte auch die 21 Uhr-Show sehen...",ham
"හාඔබව වනසේ පැත්තෙනවා බැබැ, ඇයත් මම අත්දැකීමේ පවුලේ වෙනස්ක්රීය කියන්නද! මම මාත් තම්ඔබට දැනුම් ආයුබෝවන්හොත් 9 ට මම ඇයට ඇමිලී කිරීමට අතින් කළා. ආදරායේ මම අංසනී B.",ham
මේ පණිවුඩට පිළිතුරු සඳහා එය පිළිබඳ පිළිබඳ ලබා දෙන්න,ham
"Я не хочу смотреть ""Infernal Affairs""?",ham
أنت تأتي وتبحث عن تلك الفيديو.. لم تنتهي بعد..,ham
இந்த எஸ்.எம்.எஸ் குறித்து பதில் சொன்னதை எதிர்காலத்தில் விட்டு வையாதே.,ham
"lass den narr3n n1ch7 raushängen, betrü9e niemanden, okay.",ham
مرحبًا، فقط استرخ واستريح. كيف الحال؟,ham
"STORMGAIN: Code 246058

STORMGAIN: Code 246058",ham
"Kann ich noch ein Achtel bekommen, wenn du fertig bist?",ham
Vuoi che venga a quell'ora?,ham
Thanks for picking up the trash.,ham
"Alles klar. Danke für den Rat. Viel Spaß bei deinem Abend. Ich werde versuchen, etwas zu schlafen...",ham
"Oh! Mince, je pensais que c'était ton voyage! Mdr ... Cela a tellement plus de sens maintenant ... *sourit* et la référence au canapé était ... Le lien ""dormir sur un canapé"" que tu m'as envoyé... N'est-ce pas ainsi que tu es parti en voyage ? Oh ... Et ta chérie est venue avec toi pour cette célébration avec tes parents, non ?",ham
"Hey, gibt es morgen keine Klasse, oder?",ham
J'ai envoyé les détails d'Eckankar de Lanre Fakeye à la boîte aux lettres.,ham
"Just wanted to say உன் பிறந்த வருகை எங்கே என்று அறிவதுண்டானால், உபயோகப்படுத்தி உங்களை எங்கும் எடுத்துச் சூப் செய்ய உதவலாம்.",ham
"Ya benar, semakin larut malam harganya semakin mahal seperti yang sering terjadi di jalan.",ham
Hi its Kate it was lovely to see you tonight and ill phone you tomorrow. I got to sing and a guy gave me his card! xxx,ham
"Salut, désolé je n'avais pas de signal. Je n'ai ni vu ni entendu parler de lui, ce qui est déjà inhabituel en soi ! Je vais m'en occuper et le faire arranger ! Bisous et câlins.",ham
Viéndote a bordo. Singapore Airlines,ham
"Bonjour belle, tu vas bien ? J'ai un peu eu une dispute avec ** and il est parti du pub ?? J'aurais aimé passer la soirée avec toi Tu me manques",ham
"பூ பேப்! உங்கள் பணியை மகிழ்ச்சியாக அனுபவிக்கின்றீர்களா? நீங்கள் நன்றாக போல் இருக்கிறீர்கள்! நீங்கள் உங்களுக்கு நல்லதாக இருக்குவீர்கள்! நான் உங்களை விரைவில் பேசுகிறேன், காரை நீங்கள் செய்யவேண்டியதை செய்யவேண்டியதாக இருக்கிறீர்களா?பார்க்கவும், மீண்டும் உடன்நம்பர் XXXX.",ham
"නතිට, මම නැවත යොදාගත්තා පමණක් අහුට WiFi පසු ඇතිවෙනුවට පේශේරාව එන්නේදැයි බලාගත්තුද?",ham
මම මාදිලිනි සහිතයි :) හදුනා ප්‍රතිෂ්‍ටාරය. සංග්‍රහය ක්‍රීඩාව.,ham
"Hey, رحلتي كانت جيدة ولكن مرهقة قليلاً. بدأت الجامعة اليوم ولكن ليس هناك مشكلة بالنسبة لي لأنني لا أدرس وحدات دراسية وأركز فقط على مشروعي في العام النهائي.",ham
"¡Hola, su saldo de cuenta de Voicespin GTS_COM es de 980.21. A menos que lo recargue lo antes posible, llegará al límite de crédito y se bloqueará automáticamente.",ham
Vous êtes une grande chic. Common. Déclarer,ham
"* È stato davvero bello vederti l'altro giorno, amica mia, mi sei mancata!",ham
Olol imprimí un mensaje del foro de un chico con el mismo problema exacto que se solucionó con una sustitución de la GPU. Ojalá no lo ignoren.,ham
Ciao sarò in ritardo ah... Ci vediamo alle 9:45+,ham
مرحبًا، رصيد حسابك في Voicespin ZohoDemo هو -104.28. مالم تقم بشحن الحساب على الفور، سيصل إلى الحد الأقصى للائتمان وسيتم حظره تلقائيًا.,ham
ඔබ 💳 aptitude පන්ති එකට යනවද?,ham
قل لي مرة أخرى ما هو عنوانك؟,ham
"Всё в порядке. Я зашёл, чтобы спросить о чем-то, и она сказала, что ты был здесь. Ты будешь здесь сегодня вечером, когда придёт эта девушка?",ham
"Hallo, Ihr Voicespin GTS_COM Kontostand beträgt 979,04. Wenn Sie es nicht sofort aufladen, wird es das Kreditlimit erreichen und automatisch gesperrt.",ham
y. tolong jangan jawab SMS ini,ham
"Ciao, sono Kate, è stato bello vederti stasera e ti chiamerò domani. Sono riuscita a cantare e un ragazzo mi ha dato la sua carta! xxx",ham
آهيو لأنني أرسلت لها رسالة ثم هي لم ترد، لذلك سأنتظر حتى ترد. اعتقدت أنك لم تنته من تجربتك المخبرية بعد.,ham
"මේ පැන් හිත් මේ සිදුවූ සැහැල්ලු ටිකක්. ඔයාගේ බිරෝ තවත් යොවුනන්ට සොදුර බැදීම. පළවෙනියෙන් මාස්ටර්ස් කරන්න නේ, අනිවා පිටවන්නා වගේ!",ham
කිව්වයි. ආයුෂයි.ඉයේයි.,ham
Arrête de me connaître si bien !,ham
"Nggak apa-apa, kalau kamu bisa bawa marijuana atau minuman atau sesuatu yang lebih berguna daripada uang tunai langsung",ham
මෙය මාතා භාවිත කරමින් පැවරුම කරමින් වෙනසම්ද?,ham
كود الوصول لمايكروسوفت: 0190,ham
Lalu dia tidak percaya apa?,ham
أنا في المنزل. الطبيب أعطاني أدوية 🎁 للألم وقال 🔒 إن _ كل شيء على # مايرام.,ham
Если вы имеете в виду веб-сайт. Да.,ham
"<#> Konto: 982162 ist Ihr Samsung-Kontobestätigungscode. \
bP2ROrn3fZQ",ham
"නැහැ, මම අපේක්ෂ වින්දනියාව හොඳට දරුවනගෙන පෙනෙනවා පමණි. වින්දනියට පිළිබඳව තියන පොධින් වලින් යුංගකරව වන්නතේ නොවෙ.",ham
අය xy ගෙදර e lunch කියලා යන්නේ?,ham
Grande! Quindi cosa ti attrae nei fratelli?,ham
"Kita berhasil! Eta di Taunton adalah pukul 12:30 sesuai rencana, semoga itu masih baik untukmu?! Senang bisa bertemu denganmu! :-xx",ham
"Prabha.. maaf ya.. sungguh.. dari lubuk hati saya, saya minta maaf",ham
"виски Бренди Ром Джин Пиво Водка Скотч Шампанское Вино ""KUDI""yarasu dhina vaazhthukkal. ..",ham
කරුණාකර මෙම SMS එකට ප්‍රතිශ්වාෂණය වෙමින් නොසිටින්න,ham
"හායි, ඔබගේ Voicespin SharkOP ගිණුමේ හිගය -69.39 වේ. ඇත්තාවෙන් ඉහළින්ට එකඟම ගොධයක් අත්හිටුවන විට, එය ණක් උපරිමයෝ වියයි. නිදහස් වේලා වෙනුවට, එය ස්වයි කිරීමට හේත׏වෙන් එය අත්හිටුවේනා.",ham
Confirmation code: 5628. Valid for 10 minutes,ham
"வணக்கம், உங்கள் Voicespin GTS_COM கணக்கு இருப்பு 978.41 ஆகும். நீங்கள் அதேவேளை அதை நுகரும்படி நீங்கள் நீங்கள் சீரமைக்க வேண்டும் என்றால், அது கிரெடிட் வரம்பை அடையும் முடியும் மற்றும் அது தானாக முடக்கப்படும்.",ham
يا ما هذا ... اعتقدت أنك ستقول اللافندر؟,ham
"Soll ich ihm ein Blackberry Bold 2 oder Torch kaufen? Soll ich es neu oder gebraucht kaufen? Lass es mich wissen. Außerdem sagst du, dass ich das  &lt;#&gt; g WiFi iPad kaufen soll. Und was sagst du über das  &lt;#&gt; g?",ham
Confirmation code: 4387. Valid for 10 minutes,ham
Saya akan menjilati setiap tetesnya :) Apakah Anda siap juga menggunakan mulut Anda?,ham
Prepare to be pleasured :),ham
Okeee combien d'oeufs avez-vous besoin?,ham
2 и пол года я скучал по твоей дружбе:-),ham
Vous faites ce que vous aimez,ham
"MIRA A AMY ERES UNA MUJER HERMOSA E INTELIGENTE Y ME GUSTAS MUCHO. SÉ QUE TÚ NO SIENTES LO MISMO POR MÍ, ASÍ QUE NO TE PREOCUPES.",ham
"""La vie n'est rien quand on a tout"". Mais ""la vie est tout quand on manque de quelque chose"". La véritable valeur des gens ne sera réalisée que dans leur absence.... Bonjour""",ham
Call 8924 for customer support,ham
"رمز أمان الديسكورد الخاص بك هو: 859294 \

tzD9jY28Wrn",ham
"Ella lo dejó muy vago. Solo dijo que informaría a la persona de contabilidad sobre el retraso en el alquiler y que debería hablar con la agencia de viviendas sobre alquilar otro lugar. Pero al revisar en línea ahora, todos los lugares alrededor de USC son &lt;#&gt; y más caros.",ham
Ваш код проверки Airbnb - 117990.,ham
مرحبا، سأتأخر قليلاً... أنا في أمك. بحاجة لشرب الشاي أو القهوة.,ham
Jaga payasam saya di sana jika Rinu membawa,ham
ඇයගේ ශ්‍රීලතා විශෙව් ව෗ළා. හැක්කේ හැක්කේ හැක්කේ!,ham
මම සුබ දළුම හිරුවත් හ෈ද....,ham
Confirmation code: 7360. Valid for 10 minutes,ham
أين أنت يا عزيزي؟,ham
Your account 🚨 balance ' is 🔒 $1905,ham
كيف حال ابني؟ لا تبقى لي كلمات حلوة هذا الصباح... *تنهد*... كيف يسير يومك، حبيبي؟ هل بدأت دراستك؟,ham
"Beh, avrò sicuramente bisogno di rifornirmi prima del Ringraziamento, ti farò sapere quando sono a corto",ham
හම් මම එක්වර් 9 ට වඩාත් වෙන්න වත්තේ...,ham
yοur οrder #b1t9 has been shіpped.,ham
"В любом случае, ты просто можешь пойти в спортзал или куда угодно, моя любовь *улыбается* Надеюсь, у тебя всё хорошо и у тебя хороший день, милый... Я уже так по тебе скучаю",ham
هل هناك سبب لعدم التحدث هذا العام؟ على كلٍ، أتمنى لك أسبوعاً عظيماً وكل التوفيق في امتحانك.,ham
හායි. ඇයට කිසියම් තැපැල් ඉතිරිකරනවද?,ham
تذكر جميع الذين أذيتهم خلال أيام الشيطان الذي كان يتظاهر بأنه أنا. يجب أن أدفع الثمن، لذا ليكن كذلك. لعل القدر يساعدني في الاستمرار كما قلت، صل من أجلي أن أحصل على القوة الكافية للتغلب على ما فعلت.,ham
"Jaja increíble, es posible que tenga que aceptar esa oferta, ¿qué haces esta noche?",ham
Lo sai quando arriverà il risultato.,ham
"idc viens ici, tu ne vas pas te faufiler hors de cette merde deux fois de suite",ham
"Hab einen schönen Tag, mein Lieber.",ham
"Mi dispiace, è un sacco di storie di amici di amici, sto per parlare proprio adesso con il ragazzo che vuole comprare.",ham
Окей. Так апрель. Жду с нетерпением.,ham
Argh என்றும் நகரத்தில் ஒருவரும் இல்லை ;_;,ham
No tengo que preguntar si puedes primero. Nos reuniremos a almorzar y luego te encontrarás con él. ¿O prefieres preguntarle primero y luego confirmar conmigo lo antes posible?,ham
Bonjour mon chéri ! Geeee ... Tu me manques aujourd'hui. J'aime t'envoyer un texto pour te rappeler que je pense à toi ... Et que tu es aimé ... *bisou affectueux*,ham
Netflix - மூன்று இடங்கள் மேல் போதும் முழுமையாக முடியும். இங்கு பதிவு செய்வதை முடிக்கவும்: m.netflix.com/eSq7uM97DW1,ham
هل ترغب في القيام ببعض الفن؟! 😀,ham
Hehe sudah sep ku jebol pake solder tp jd jelek 🤷🏻‍♂️🤷🏻‍♂️,ham
Terima kasih. Saya juga menyukai Anda...,ham
¡Oh gracias muchas gracias! .. ya compré 2 huevos ..,ham
"Entspann dich einfach noch für weitere 6 Stunden. Wenn du schlafen könntest, ist der Schmerz wahrscheinlich keine chirurgische Notlage. Schau einfach, wie es sich entwickelt. Okay.",ham
إنها فقط 140 دولارًا تقريبًا... بينما الباقي يتراوح على الأقل بحدود 180 دولارًا... وهذا هو سعر غرفتين (900 دولار),ham
"හායි, ඔබගේ Voicespin MARGIN_ONE_SERVICES_LTD ගිණුමේ ෮රගත වීම -15114.96 වේ. ASAP ලා හෝ ඒගත්ත එක්කත් ඔබගේ වටිනාකම ප්‍රමවී දෙනවා වාර්තා*ඩන්, සී.ටයි.඄.පෙ.ම්‌ කරන්නේ වේ නම් සක්‍රියව ඒ සීඩ් ඉක්මණ් වෙනස් කරමු වේයි පුළුවන්ද?",ham
Roger that. Weâ€˜re probably going to rem in about 20,ham
your 4ccount b4lance is $1030,ham
Qu'as-tu pensé de moi lorsque tu m'as vu en classe pour la première fois ?,ham
"Хорошо, мы можем что-то забрать, вы откроете до вечера?",ham
"Nenn mich Da, ich warte auf deinen Anruf.",ham
හායි. කාමරයක්. සියලුම අන්තර්ජාලයම සමුහනයට ස්තූතියෙන් හැකිය.,ham
"Diese Wichser. Wenn es dich tröstet, iPads sind wertlose Müll-Novelty-Artikel und du solltest dich schlecht fühlen, wenn du überhaupt einen haben möchtest.",ham
Non ha senso. Why boss?,ham
"Aight, I'll text you when I'm back",ham
"Ich weiß nicht, ob es in deinen Genen liegt oder so etwas.",ham
Your verification code is 2211,ham
நீங்கள் எப்போது இதனை ஆத்மீகமாக மறைவாக்கின்றீர்கள் மற்றும் ஆழமடையில் செல்லிக்கொண்டிருக்கிறீர்கள். அது நன்றாக இருக்கின்றது.,ham
Confirmation code: 6438. Valid for 10 minutes,ham
Apakah kamu percaya mereka tidak tahu saya telah menjadwalkan libur pada hari Kamis sehingga mereka membatalkan saya LAGI! Mereka harus dipecat.,ham
"It's wylie, you in tampa or sarasota?",ham
"Die Reinheit der Freundschaft zwischen zwei Personen besteht nicht darin, nach dem Lesen einer weitergeleiteten Nachricht zu lächeln, sondern allein beim Anblick des Namens zu lächeln. Guten Abend, Musthu.",ham
Kode sekali pakai akun Microsoft: 2669893,ham
ஓவே நமக்கு தெனிஸ் மற்றும் மினாவை இணையலாமா? அல்லது தெனிஸ் ஒருவேளை ஒருவித நேரம் விரும்புகிறான் என்று எங்களுக்கு தெரியுமா?,ham
أو ربما أن أصابعي السمينة تضغط على جميع هذه الأزرار ولا تعرف ماذا تفعل.,ham
கூட வெஸ்லி ஹாய் வாழ்த்துக்கள்,ham
"SHOPEE: Код OTP 924866 ДЛЯ ВХОДА НА НОВОМ УСТРОЙСТВЕ. Используйте в течение 15 минут. НЕ предоставляйте код никому, включая Shopee. jKPmMcdNAgI",ham
"No, ma mi hai detto che te ne stavi andando prima di ubriacarti!",ham
"நான் வந்து வருவதில்லை, உங்கள் விரும்பியதை செய்யவும்.",ham
Your account balance is $4561,ham
"Je n'ai pas trouvé un moyen d'obtenir une autre application pour votre téléphone, hein ? Ira tu au café internet ? As-tu pris ce travail ? Geeee, j'ai besoin de toi bébé. J'ai envie de te voir ...",ham
"Llegaré a las 3, a menos que ustedes quieran que vaya un poco antes.",ham
ما هي التفاصيل التي ترغب في نقلها؟ هل رقم الحساب غير كافٍ؟,ham
Salut. Je suis toujours en ligne sur yahoo et j'aimerais discuter avec toi un jour,ham
ඇය අද දෙරණ දක්වා ආවර්ඩ් කිහිපයිකවල සිටියා.. නම් දෙවනි මැද ගෙදර පිටගැසිය..,ham
Qui étaient ces personnes? Étiez-vous en visite? Je pensais que vous faisiez cette chose de canapé que vous m'avez envoyée? Votre sucre curieux,ham
Puoi parlare con me?,ham
ما الذي ترتديه؟,ham
ஆனால் உண்மையில் மிக சிரிப்பான அல்ல வாத்... அப்போ நீ குறுக்கு பயணத்தை ஓய்வெடுத்திருக்கிறாய்...,ham
"Не передавайте никому, включая SHOPEE. Код OTP 517114 для ОБНОВЛЕНИЕ НОМЕРА ТЕЛЕФОНА. \
jKPmMcdNAgI",ham
Bonjour. Chez le garagiste - la SEULE raison pour laquelle je suis debout à cette heure-ci.,ham
"Au fait, en ce qui concerne le fait que nous devrions vraiment essayer de voir si quelqu'un d'autre peut être notre quatrième personne avant de nous engager avec un inconnu.",ham
Confirmation code: 5126. Valid for 10 minutes,ham
ஜீ ... நான் உன்னை மிகவும் காதலிக்கிறேன் நான் அதை ஏற்றுவிட முடிக்க முழுவதும் அல்ல.,ham
Ich bin in einem Restaurant und esse Tintenfisch! Ich bin gegen 10:30 Uhr fertig. Möchtest du etwas unternehmen oder ist dir das zu spät?,ham
Ok then u tell me wat time u coming later lor.,ham
நீ தாமரளாக சொல்லியிருக்கிலோ பின்வரும் தூயையோ இரவு? அல்லது ஒரு தூயை மற்றும் 2 தொடர்ச்சிடிஎன்று சொல்லினாயா?,ham
حسنًا، ولكني أنتهي في الساعة ٦.,ham
"Однажды свободный позвоните мне, сэр. Я жду вас.",ham
"Я опаздываю, так что перезвоню завтра утром. Береги себя, хороших снов... ты и я... уммификация... пока.",ham
Ok... Träum süß...,ham
لم أستطع أن أقول لا لأنه رجل مريض وأشعر بالحزن لأجله، لذا سأذهب وأردت فقط أن تعلم أنني ربما سأعود متأخرًا في الليل الخاص بك.,ham
Call 6923 for customer support,ham
"ඔව්, මම ගෙවින්නවා. මේ සහෝදර දේවල් වගේ එක හොඳයි එකට අරඹා ඇතිද මම Hasbro වෙත අදහස් විවෘත කර හැරීම සත්‍යයි... උගස්තෙ! අපගේ ගෙවිය කරපිං උතුර හොප් ගෙවිය යුතු සදහා ඉතා පහසු තිබ්බම් ඇත. තවත් නෑ.",ham
"Iya, sudah beberapa waktu yang lalu.",ham
Êtes-vous sûr qu'ils vont comprendre ça ! Vin * bonne idée juste eu une gorgée !,ham
Рад видеть ваш ответ.,ham
ஆனால் உங்கள் சகோதரர் மட்டும்  &lt;#&gt;  +  &lt;#&gt;  மட்டுமே பரிமாறினார். பா.,ham
Inviami presto il tuo indirizzo email.,ham
"Ich hatte gehofft, dass ich Ihnen diese Nachricht nicht schicken müsste. Meine Miete ist fällig und ich habe nicht genug dafür. Meine Reserven sind völlig aufgebraucht. Ich brauche einen Kredit und hoffte, dass Sie mir helfen könnten. Der Betrag beträgt  &lt;#&gt; . Gibt es eine Möglichkeit, dass ich das von Ihnen bekomme, bis Mitte März, wenn ich hoffe, zurückzahlen zu können?",ham
Jeden Tag schlafe ich erst nach  &lt;#&gt;.,ham
Your verification code is 2576,ham
"Одному | из 🔒 вас ? пришла в голову идея? 💰 Знаете 🔒 ли 🔗 вы о } каких-нибудь 🔗 местах, 🔒 где 🚨 что-то происходит? [",ham
"Warum so spät, aber ich muss los und den Laptop holen...",ham
Huh so fast... Dat means u havent finished painting?,ham
"Ich bin auch knapp bei Kasse, aber hätte Lust auf ein paar Drinks. Ich hatte vor, mich mit anderen in der Bar zu treffen, aber ich sitze gerade auf der Couch und schaue Planet Erde, und die Couch ist sehr gemütlich. Falls ich es nicht schaffe, wünsche ich dir eine gute Nacht.",ham
"என்னுடையதாக உங்களை பாதுகாக்கவும், உங்களை வேற போல் உங்களை பிடிக்கும் என் போல் அதேபோல் காண்கலானவர்களை யார் வாணிகள்.",ham
என் அடுக்குத்தடவில் பத்து ரூபாய் வைத்திருக்கிறேன் :) இரண்டு முட்டை வாங்குங்கள்.,ham
"Aku nggak tahu. Aku sedang duduk di parkiran toko stop and shop sekarang, menangis karena merasa seperti aku adalah kegagalan dalam segala hal. Tidak ada yang ingin aku, dan sekarang aku merasa seperti aku gagal pada dirimu.",ham
ها ها - ضحكة صاخبة ببطن كبير! أراك غدًا,ham
Your verification code is 5368,ham
வேலைகள் முழுக்க வெளியே இருக்கின்றன.,ham
Microsoft: Kata sandi telah diubah untuk ***********62. Bukan Anda? https://aka.ms/alcr,ham
"es7oy 3n un r3s7aurante comiend0 cal@mares! es7aré fu3ra a1r3dedor d3 1a5 10:30, ¿qui3r3s hacer al9o 0 es muy tard3?",ham
"Bonjour, votre solde de compte Voicespin SPECTRE_MEDIA_LTD est de 60,0. Sauf si vous le rechargez dès que possible, il atteindra la limite de crédit et sera bloqué automatiquement.",ham
"Bonjour, le solde de votre compte Voicespin Test_Keylock_05 est de 9,25. À moins que vous ne le remplissiez dès que possible, il atteindra la limite de crédit et sera bloqué automatiquement.",ham
ඔයා නව ආවරණ උන්වහනට උත්සාහ කරගන්නේ නෑ.. මම එකඟ නොවෙ.,ham
Your order #1883 has been shipped.,ham
Wo kann man klare Filme herunterladen? DVD-Kopien.,ham
Saya mengambil cuti setengah hari karena saya tidak sehat,ham
لا شيء مميز.. ماذا عنك؟ وأين أنت؟,ham
Your verification code is 3658,ham
"එය පරිදි එය සිස්තරයේ ඉදිරියේ කිඹුලි කිරවයි. නමුත් එය පළමුව මම සිංහල හැරැහැ කරයි. නමුත් කෙසේද, සිහිත පොඩි පනළ කියමින් හෝ එන්නත් ලබා ගත් විටෙන්ම සිහිත පනළක් ලගා ගැනීමට වේගකුතු වනවා. හරි බලාපොරොත්තුව මෙතන ආරම්භක ගැටලට.",ham
غريب جدًا. نحن نشاهد الجزء الثاني الآن ولكن أنا في السرير. أحلام سعيدة، أفتقدك.,ham
"Nein, ich habe keinen Krebs. Mama macht viel Aufhebens wegen einer Routineuntersuchung, auch bekannt als Pap-Abstrich.",ham
"Ella está en el límite pero sí, lo que sea.",ham
Ok saya juga ingin menonton acara pukul 9 malam...,ham
"Yo, ich bin bei meinen Eltern und hole etwas Bargeld. Gute Nachricht: Wir haben einen Downstem abgeholt.",ham
حسناً. أنا شخص يتمتع بالأخلاق وسأعاملك بكرامة واحترام.,ham
Your verification code is 8048,ham
"Je suis de retour et nous préparons la voiture maintenant, je te préviendrai s'il y a de la place",ham
Call 8485 for customer support,ham
"Geben Sie den Bestätigungscode 945818 ein, um SPayLater zu aktivieren. Gültig für 15 Minuten. TEILEN Sie diesen Code mit niemandem.",ham
"\Gimme a few\"" was &lt;#&gt; minutes ago""",ham
Your payment of $4735 was processed,ham
Saya tidak bisa terus berbicara dengan orang lain jika saya tidak yakin bisa membayar mereka jika mereka menyetujui harga. Jadi tolong katakan kepada saya apa yang ingin Anda benar-benar beli dan berapa yang Anda bersedia bayar.,ham
"Не пытался, g и я решили не выходить.",ham
யாங் சமானங்கள் அல்லது இணைப்பு சொல் அல்லாதுனா?,ham
Goin to workout lor... Muz lose e fats...,ham
ඔබ මගේ ආදරෙයි ඇවිද? මම අවශ්‍යව...,ham
Cela ne suffira pas. Il faut passer à la morphine.,ham
¿Querías decir en el centro a la izquierda o a la derecha?,ham
Netflix - Noch drei weitere Schritte und wir erledigen den Rest. Schließe hier die Anmeldung ab: m.netflix.com/hepyMNxantJ,ham
Your verification code is 5176,ham
"Cucina nella mia pensione, voglio mangiare il tuo delizioso sambal fritto.",ham
لا * أعمل على مسألة الرنين ولكن لدي منزل ممتلئ بالأطفال الصاخبين لذلك * أنا في حالة توتر شديد! أحبك.,ham
Your account balance is $1561,ham
Your verification code is 4405,ham
"නෑ නම් ඒක විදුලියට යනවා. යන්න හොයාගෙන පැවැත්වෙ කලියක් නාවුලුවෙක්, මයිස් සහි/වෙනස් වන්නෙ පුතායාපු පාපයට පපයලයි ප੊පයිස් සහි/වෙනස් වන්නෙ පපයලයි පාපයට පපයක් ප੊පයිස් පපයක් පපයලයිනොගනාකාට සියකියිපතනි :-)",ham
Dime hasta dónde llegaste.,ham
மிகவும் நன்றாகத் தணிக்கும். விக்டோரியா தீவில் சந்திப்பு எப்படியே நீங்கள் கையறைவு செய்கிறீர்கள். இல்லையானால் அல்லது ஆல்பம் எப்படி இருக்கிறது என்பது பற்றிய உங்கள் கருத்து எனக்கு தார்கின்றது.,ham
Your verification code is 9861,ham
"Übrigens, achte darauf, dass du den Zug nach Worcester Foregate Street nimmst, nicht nach Shrub Hill. Viel Spaß heute Abend x",ham
Your verification code is 5316,ham
نعم، لا تذهب إلى السرير، سأعود قبل منتصف الليل.,ham
Каково ваше расписание на следующей неделе? Я уезжаю из города на выходные.,ham
"Прекрасная правда против гравитации.. Прочти внимательно: ""Наше сердце ощущает легкость, когда в нем кто-то находится.. Но оно становится очень тяжелым, когда этот кто-то уходит.."" Спокойной ночи""",ham
Ya:) andando al ristorante..,ham
"Да. Что угодно, если вы не хотите, то все в порядке...",ham
De Netflix: Hola Michelle. Tu cuenta está solicitando un código de acceso temporal. Por favor visita: m.netflix.com/d19AHuslJO9,ham
எல்லாவற்றுக்கும் முதல் முறை உண்டு :),ham
Call 5487 for customer support,ham
"Hello, your Voicespin ARBEL_PHARMA account balance is 99.1. Unless you fill it up ASAP it will reach the credit limit and it will be blocked automaticall",ham
Confirmation ' code: 7030. Valid for . 10 📧 minutes 💳,ham
"House-Maid is the murderer, coz the man was murdered on  &lt;#&gt; th January.. As public holiday all govt.instituitions are closed,including post office..understand?",ham
"உங்களுக்கு பணம் கிடைத்தால் அறியுங்கள், எனக்கு அறிவு கொடுக்கவும் என்னவேண்டும்.",ham
Yo también. Mark se está tardando mucho en recoger mi receta y el dolor está volviendo.,ham
8649 - это ваш персональный код клиента для регистрации в программе акций Godrej.,ham
Your payment of $3977 was processed,ham
"வணக்கம், உங்கள் Voicespin ZohoDemo கணக்கில் இருப்பது -100.08 ரூ. நீங்கள் முடிவுத்தன்மையாக அதை நிரப்பாமல் வெற்றியை முகுக்கிட்டால் கிரட் வகையை அறுத்திட விடும் மற்றும் அது தானாக தடுமாற்றப்படும்.",ham
Netflix: Kamu meminta untuk memperbarui Rumah dengan Akun Netflix untuk akunmu? Ketuk untuk mengonfirmasi bahwa ini kamu: m.netflix.com/iHVcaO7eqUn,ham
Wann wirst du mit dem Fahrrad fahren?,ham
"Хорошо, я скажу ей оставаться в стороне. Да, было трудно, но мы оптимистично смотрим на улучшение ситуации в этом месяце.",ham
Your account balance is $4576,ham
Netflix - Noch drei weitere Schritte und wir erledigen den Rest. Schließe hier deine Anmeldung ab: m.netflix.com/b85qtAtQoyz,ham
"දාරී ඩීඊ ආගයො, ආධී ඉක්සින්දො, ආධී බීමා දටා ප්‍රතම, සිමා සුකර්නොහට්ටා, සිමා පුර්වකර්ටා, ස්ම්කේ පීජීඉ, සිමා ස්වාමිඩිය කැංග්",ham
¡Buenos días princesa! ¡Que tengas un gran día!,ham
அது அருமையானது ராணியே! உங்கள் முகத்தை சூடுவேகமாக பருப்பையில் மூடி கவர் செய்யுவேன் :),ham
Saya tahu mood kamu sedang tidak enak hari ini.,ham
Your verification code is 4713,ham
"Wenn du zu Hause bist, komm innerhalb von 5 Minuten herunter.",ham
"Halo, saldo akun Voicespin StockTradeGlobal Anda saat ini adalah -1873.02. Kecuali Anda segera mengisinya, saldo akan mencapai batas kredit dan akan diblokir secara otomatis.",ham
"வணக்கம், உங்கள் Voicespin Test_account கணக்கின் இருப்பு தொகை 202.0 ஆகும். ASAP ஆகவிருந்து அதை நிரப்பவும் இல்லாமல் கடந்து கொண்டிருந்தால் கிரெடிட் வரம்பை அடித்துவிடப்படும்.",ham
يبدو أنك ستحصل على بداية مبكرة، سأغادر هنا حوالي الساعة 2:30، لكن إذا كنت في حاجة ماسة لرفقتي، يمكنني أن أتجه إلى هنا بشكل أسرع - كنا سنلتقي في رومر.,ham
Netflix - மூன்று மெட்டிகள் மீது ஹடாயம் செய்ய வேண்டும். இங்கே பதிவு செய்வதற்கு முடியும்: m.netflix.com/cA8oCtodPMb,ham
"<#> கணக்கு: 250744 உங்கள் கணக்கு சரி ஆனது சரிபார்க்கவும்.\
bP2ROrn3fZQ",ham
In realtà ho cancellato il mio vecchio sito web..ora sto bloggando su magicalsongs.blogspot.com,ham
¡Gracias y ! ¡O bomba y fecha como mi teléfono quería decir!,ham
"Dove sei stato nascosto, estraneo?",ham
Squeeeeeze!! Questo è un abbraccio natalizio.. Se ti piace la mia amicizia allora abbracciami indietro.. Se ricevi 3 sei carino:) 6 sei amato:* 9 sei molto fortunato;) Nessuno? Le persone ti odiano:,ham
Your payment of $3850 was processed,ham
"Oh das ist spät! Nun, hab eine gute Nacht und ich werde dich morgen anrufen. Ich werde jetzt schlafen gehen. Gute Nacht.",ham
Kent vale lor... tunggu aku disana ya?,ham
"Kamu tahu, apa yang orang pakai. Kaos, sweater, topi, ikat pinggang, itulah yang kita tahu. Kita berada di Cribbs.",ham
"Maaf ya, itu kesalahan saya.",ham
"هذا يعني أنك حصلت على تقدير ""جيد جدًا"" في مادة الوبائيات، انها على ما يرام. هي هنا الآن.",ham
ههه ... لا، عزيزتي، لن أزورك بعد منتصف الليل، شكرًا على الدعوة,ham
am d0nnerstag ha8e ich gerade angefangen.,ham
Peu importe la façon dont cela fonctionne pour moi. J'ai &lt;#&gt; ans. J'espère que cela ne vous dérange pas.,ham
"К, все понятно, кстати, Карлос ведет себя трудно, так что вы будете курить, пока я заберу вторую партию и заправлюсь",ham
Utilisez 511289 comme code de réinitialisation du mot de passe du compte Microsoft,ham
Aku dy wkwk makanya kurang direstui jg krna kejauhan,ham
"Я сказал, что все в порядке. Прости",ham
"இன்று 'ஏக்செப்ட் டே' என்று கூறப்படுகிறது. நீ என்னால் என்னுடன் இணையுங்கள்? சகோதரன், சகோதரி, காதலன், அன்பன், சிரிக்கும் நண்பன், சிரிக்கும் நண்பள், அன்பான நண்பன், உழைப்பான நண்பன், உயிர் பங்குபார்ட்னர், காதலான, அன்பரான, சிறிய நண்பன். பதில் இல்லை என்றால் எனக்கு எதிராக இருக்கும் என்று அர்த்தம்.",ham
Je sais que tu l'es. Peux-tu s'il te plaît ouvrir l'arrière ?,ham
"&lt;#&gt; , هذا كل شيء؟ أعتقد أنه سهل بما فيه الكفاية",ham
"Пожалуйста, не отвечайте на это SMS.",ham
"Saya sudah kembali. Agak lama karena kecelakaan di a30. Harus mengalihkan rute melalui Wadebridge. Akhir pekan saya sangat menyenangkan, terima kasih. Sampai jumpa. Banyak cinta.",ham
"¡Jajaja, está bien. Yo también le robaré el bolso!",ham
paypаl: 96707ı is уοur cοdε to log in. dοn't share уour cοdе.,ham
O ic lol. Should play 9 doors sometime yo,ham
هل يمكنك الذهاب للتسوق وأنت مريض؟,ham
"لا أصدق أنني قلت العديد من الأمور لك هذا الصباح، عندما كل ما أردت حقًا قوله كان ""صباح الخير، أحبك!"" تمتع بصباح جميل. أراك في المكتبة لاحقًا.",ham
Your account balance is $2269,ham
"SHOPEE: Utiliza el Código OTP 184563 PARA REGISTRAR UNA CUENTA DE SHOPEE. Solo es válido durante 15 minutos. NO compartas el código con nadie, incluido Shopee. 
jKPmMcdNAgI",ham
"Okey dokey, des affaires de flibustiers, quoi.",ham
பெண்கள் எப்போதும் பாதுகாப்பானவை மற்றும் சுயக்காரர் என்று அறிந்துகொண்டிருக்கிறேன். நன்றி. இனிய இரவு.,ham
"Ребята, кто-нибудь на мотоцикле хочет поехать в университет? Пойдем сделаем фотографию (unbearable)",ham
சரி. ஆனால் நான் 6 மணிக்கு முடிகிறேன்.,ham
"உங்கள் மனதில் எனக்கு ஒரு இடம் வாசிப்பதில் உங்கள் மனம் , மற்றும் இதுவோடு இழந்து மறக்கலற்றுமாக உள்நிலையில் ஒரு இடம் அமைத்துக்கோளிக்கிறது. இனிமே உங்களுக்கு காதல் தின வாழ்த்துக்கள்!",ham
هل ترغب في اللقاء؟,ham
Your order #2498 has been shipped.,ham
எங்கு என் பாப்பாடா? நீ பிரிவுப்பெற்றாயா... என்ன நடந்துகிறது?,ham
Mañana quiero ir a la corte. A las <DECIMAL>. Así que ven a la parada de autobús a las 9.,ham
"Apapun lah, jika mereka semua pergi maka aku juga pergi...",ham
На четыре часа у меня. Просто чтобы наметить план квартиры.,ham
When √º login dat time... Dad fetching √º home now?,ham
Mm feeling sleepy. today itself i shall get that dear,ham
Pertandingan dimulai. India &lt;#&gt; selama 2.,ham
الحب ليس قرارًا، بل هو إحساس. إذا كنا يمكننا أن نقرر من نحب، لكانت الحياة أبسط بكثير، لكن من غير السحرية.,ham
آسف لقد انتهى.,ham
Kannst du mir eine Kopie des Berichts schicken?,ham
அருமை கடிகாரத்தை அழைக்கும்படிக் காலமாவிக்கையா?,ham
انقاذ نفسك من التوتر. إذا كان لديك الشخص حساب في المسكن، فقط أرسل تفاصيل حسابك وسيتم إرسال المال لك.,phishing
"Ciao tesoro, va tutto bene?",ham
Oh Tuhan. Aku hampir di rumah.,ham
Should I tell my friend not to come round til like  &lt;#&gt; ish?,ham
"Hmmm ... Je pensais qu'on avait dit 2 heures, esclave, pas 3 ... Tu es en retard ... Comment devrais-je te punir ?",ham
"Eso significa que sacaste una A en epi, ella está bien. Ella está aquí ahora.",ham
Heehee එය ඉලක්ක හෝ,ham
حبيبي، أجيب عليك، هل لا تراني؟ ربما من الأفضل أن تقوم بإعادة تشغيل ياهو ماسنجر ... لقد تلقيت الصورة ... إنها رائعة!,ham
Prévois-tu de sortir avec ta chérie ?,ham
Затем ваша физика станет а-?,ham
"සමහර කරන්න, මගේ ජලය මධ්‍බයෙන් හෝදිනු ගෙදත් හමුවුන් විය, මෙයා රියදුටි දිනන්නාත් බැරිස්කරේ නග්නවා නැත්තට පරිකුණෝ.",ham
Ok lor. Messaggiami prima di chiamare.,ham
எனக்கு பயன்படுத்துவதில் நிச்சயம் நுழைந்திருக்கிறேன்,ham
أوكي بخير:) لكنه ليس من اللاعبين الكبار في الضرب. على أي حال، جيد.,ham
"Proverbe japonais: Si une personne peut le faire, vous aussi pouvez le faire. Si personne ne peut le faire, vous devez le faire.
Version indienne: Si une personne peut le faire, laissez-le faire. Si personne ne peut le faire, laissez tomber!
Version keralaise: Si une personne peut le faire, arrêtez-le de le faire. Si personne ne peut le faire, faites grève contre cela.",ham
Confirmation code: 6539. Valid for 10 minutes,ham
Ok lor... Mais acheter quoi?,ham
"Однажды рыбак встал рано утром. Было очень темно. Он подождал немного и нашел мешок камней. Он начал их бросать в море, чтобы скоротать время. Наконец, у него остался всего один камень, взошло солнце, и он понял, что это не камни, а алмазы. Нравствен: ""Не просыпайтесь рано утром"" ""Доброй ночи""",ham
Bella verità: L'espressione del viso può essere vista da tutti... Ma la depressione del cuore può essere capita solo dagli amati... Buona notte;-),ham
ඔබ කීයද එන්නේ.,ham
"Did he say how fantastic I am by any chance, or anything need a bigger life lift as losing the will 2 live, do you think I would be the first person 2 die from N V Q?",ham
"Sayang, umma baru saja meneleponku sekarang :-)",ham
Stavo per chiedere. Terrò questo. Forse è per questo che non hai ricevuto tutti i messaggi che ti abbiamo inviato su glo.,ham
Significa che è confermato... Pensavo dicessero solo... Ok allora...,ham
"Ciao, il saldo del tuo account Voicespin MARGIN_ONE_SERVICES_LTD è -31196.37. A meno che tu non lo ricarichi al più presto, raggiungerà il limite di credito e verrà bloccato.",ham
මම දැරන් සන්නිස්ට සමඟ සැරසුම් වන්නේ...,ham
உண்மை அன்பே.. மாலைக்கு பிரார்த்திக்குங்கள் முழுவதும் அதிகமாக உண்டு என்பதை உண்டுதலுக்காக உங்களுக்கு செய்திக்கடிதம் அனுப்பினேன்...,ham
<#> ඔබගේ පිනක් එකක් මෙමෙම 890732 වේ. කිසිවක්ක්ද මෙම කේතයෙන් එම කේතය සහභාගීමට සහභාගි කරන්න. තාක්ශි: z6NZ55X/Prz,ham
ස්තූතියි සංචාරයා ඔබට සති සක්ඛිත කිරීමට,ham
"Oui, je suis en train de manger mon buffet de déjeuner maintenant.. Tu as déjà mangé?",ham
රාජී.. කෙරළමක් කියන්නේද. නිම්‍යට මගේ උපන්දින උපදේශය එකතු කරනවාද. කරුණාකර එයට. අද ඇයගේ උපන්දිනයයි.,ham
மிகவும் நன்றாகும். P டிட்டி என் உள்ளே இருக்கின்றார் மற்றும் உச்சவரியாக பிரதிநிதியாக வருகிறார் மதியவணியாகவும்,ham
Ne répondez pas à ce SMS.,ham
"Текст мне, когда закончишь работу, не звони, у меня проблемы с телефоном",ham
"Bonjour, votre solde de compte Voicespin COSMETICS_GROUP_COMPANY est de -405.88. À moins que vous ne le rechargiez dès que possible, il atteindra la limite de crédit et sera bloqué.",ham
"sag !hnen, da^ss der dro9enhändler un9eduldig w1rd.",ham
. por favor no responda a este SMS,ham
"Хорошо, я принял морфин. Возвращаюсь к тебе.",ham
Its a valentine game. . . Send dis msg to all ur friends. .. If 5 answers r d same then someone really loves u. Ques- which colour suits me the best?rply me,ham
Wo findet das eintägige Training statt?:-),ham
"Яр ... Я думал, что ты уже давно знал, что это произойдет.",ham
"නෑ, මම උඹට යවීමෙන් එය අවසර දෙනවා. බාහිර කවියේ ඔයා ද වෙතින්ද.",ham
Suara anjing sedih :(,ham
No puedo hablar contigo ahora. Te llamaré cuando pueda. No sigas llamando.,ham
"நட்பு கவிதை: அன்பே அன்பே உங்கள் அருகில் இல்லை ஆனால் நான் கேட்கிறேன் அச்சம் பெறாதே, மகிழ்ச்சி வாழ்க் கண்களில் ஒத்தி தவிலாதே உங்களை பிரியாமல் நான். இனிய இரவு.",ham
"Не ел весь день. Сижу здесь и смотрю на эту сочную пиццу, но не могу ее съесть. Эти лекарства портят мою жизнь.",ham
"OCBC: Il pagamento della tua bolletta, SGD28,029.96, è: Autorizzato. Rif. N.: 201329629H.",ham
Call 1349 for customer support,ham
"Se sei ancora sveglio, forse lascia la carta di credito così posso fare benzina quando torno come mi ha detto di fare",ham
ذات مرة استيقظ صياد في الصباح الباكر. كانت الظلام شديد. انتظر قليلاً ثم وجد كيسًا مليئًا بالحجارة. بدأ برميها في البحر لقضاء الوقت. في النهاية كان عنده حجر واحد فقط، ثم طلعت الشمس واكتشف أن تلك لم تكن حجارة بل كانت أحجار كريمة. العبرة: لا تستيقظ في الصباح الباكر. تصبح على خير.,ham
"St andre, crema de Virgil",ham
"Me preguntaba si estaría bien que llamaras al tío John y le dijeras que las cosas no son iguales en Nigeria como aquí. Que &lt;#&gt; dólares han sido enviados durante 2 años y que sabes que es una carga, pero planeo devolver cada centavo que él dé. Cada centavo, por lo que no es práctico esperar nada de ti. Algo así.",ham
980312 هو رمز التحقق الخاص بك لتطبيق Skrill.,ham
Call 💰 5891 for customer support,ham
Confirmation code: 6838. Valid for 10 minutes,ham
<#> Snapchat: 744491 è il codice di accesso monouso per l'iscrizione al telefono. Snapchat non ti chiamerà mai o ti manderà un messaggio per chiederti questo codice qunyt57f5Rf,ham
"Я буду беречь каждый момент, проведенный нами вместе...",ham
"හායි, ඔබගේ Voicespin Test_Keykloack_2 ගිගාරදා 211.5ය. ASAP චණ්ඩේගේ ඈිඦග් නොකිරුවට, සෑම වගටම අවුරුද්දකව අලව්හිට, එසෙල්ග්‌ එසාප් කෙටල්ට අනතුරුදා තෝරාගත්වුටයි.",ham
"No estoy trabajando pero estoy hasta los ojos en filosofía, así que te textearé más tarde cuando esté un poco más libre para chatear...",ham
War die eigentliche Prüfung schwieriger als die NBME?,ham
"Accidenti, che rottura. Meglio che venga allora.",ham
Sto andando a Sao Mu oggi. Sarà fatto solo alle 12.,ham
"මම අපි දැන් එන්නේ finn's වෙනුවෙන්, එයට ( එන්නා 🎁",ham
"Netflix - Еще три шага, и мы сделаем все остальное. Завершите регистрацию здесь: m.netflix.com/c2nYsTobVIr",ham
"Доброе утро, дорогой, желаю хорошего дня",ham
Beritahu saya cara menghubungi Anda. Saya telah menyiapkan kamar untuk Anda. Beritahu kami jika Anda baik-baik saja.,ham
"என்னைப் பிரியுங்கள், என் சிறிய போசி பெல்ல், மன்னிக்கிறேன் ஆனால் நான் உன்னை காதலிக்கிறேன்.",ham
"No, she didn't. I will search online and let you know.",ham
"Laut Raditya Dika ändert sich die Sichtweise der Menschen auf Liebe, nachdem sie das schlimmste gebrochene Herz erlebt haben. Haha",ham
"කුමලා, මාව හො අසත්යි ගෙදරට යන්නේ හිතුනට හොඳින් කීයේ නැතිද?",ham
"Bill, as in: Are there any letters for me. i’m expecting one from orange that isn’t a bill but may still say orange on it.",ham
இரு வாரங்களில் நான் விடியும் போது நீ ஒருவரைச் சுமைக்க பார்க்க வருகிறாயான். அதற்காக நினைவில் அல்லது அனுப்பி என்னை அழைபலவோ அல்லது செய்தியை அனுப்பி இருக்கின்றது,ham
"හරි, මඟින්යමක්නේ, and ස්තූතියි!",ham
Ich gehe jetzt ins Fitnessstudio... Muss Fett verlieren...,ham
"அல்ல, ஆனால் வெள்ளிக்கிழமையை முன்பரிசையாகவே போற்றும், ஏன்போல் என் சகோதரி கடதம் உள்ளது :-)",ham
"Не нужно использовать набор номера, просто откройте браузер и сёрф...",ham
உடைந்துவிட்டுக்கிட்டாவா? எந்த நேரத்தில் வர வேண்டும்?,ham
"Cada momento en un día tiene su propio valor: la mañana trae esperanza, la tarde trae fe, la noche trae amor, la noche trae descanso. ¡Espero que los encuentres todos hoy! Buenos días",ham
"Hey, Ich habe dich gebeten, ihn jetzt anzurufen, okay.",ham
Has configurado correctamente la autenticación de dos factores de GitHub. Recibirás códigos de dos factores en este número.,ham
வேலையில் உள்ளேன். தயவுசெய்து அழையவும்.,ham
"Frnd s not juz a word.....not merely a relationship.....its a silent promise which says ... "" I will be with YOU "" Wherevr.. Whenevr.. Forevr... Gudnyt dear..",ham
"Bagi saya, cinta harus dimulai dengan ketertarikan. Saya harus merasa bahwa saya membutuhkannya setiap saat di sekitar saya. Dia harus menjadi hal pertama yang muncul dalam pikiran saya. Saya akan memulai dan mengakhiri hari dengan dia. Dia harus selalu hadir dalam setiap mimpiku. Cinta akan terjadi saat setiap nafas saya memiliki namanya. Hidup saya seharusnya berputar di sekitarnya. Hidup saya akan dinamai padanya. Saya akan menangis untuknya, akan memberikan seluruh kebahagiaan saya dan mengambil semua kesedihannya. Saya akan siap bertarung dengan siapapun demi dia. Saya akan jatuh cinta ketika saya melakukan hal-hal paling gila untuknya. Cinta akan terjadi saat saya tidak perlu membuktikan kepada siapa pun bahwa gadis saya adalah wanita tercantik di planet ini. Saya akan selalu memberikan pujian untuknya. Cinta akan terjadi saat saya mulai membuat kari ayam dan berakhir dengan membuat sambar. Hidup akan menjadi sangat indah saat itu. Saya akan bangun setiap pagi dan bersyukur kepada Tuhan karena dia bersamaku. Saya ingin mengatakan banyak hal... akan saya ceritakan nanti.",ham
أنديببليشر.كوم#PO0216020925#96000#02-02-2016#BNI#بنك منديري,ham
"Как ей это удается? Должно быть довольно сложно угадать, верно...",ham
"மிஸ் கால் கேள்விக்காக பந்தயம் அமைக்கின்றனர், ஆனால் எதிர்பார்க்கும் பெண்ணை மிஸ் கால் கொண்டு மனத்தை மூடுவது வேண்டும். அது உறுதியாகவே. தொலைபேசி பெரிய போன் சிக்கலை வெற்றி பெறும்.",ham
"la vida раsadа cοn аlgυien pаra toda lа vіdа puede no tenеr sentido, pero υnos momentos рasados сon algυіεn que reаlmente tе amа signifiсan más qυe la vida misma.",ham
Sommes-nous toujours en train de nous rencontrer pour dîner ce soir ?,ham
Terimakasih telah melakukan pengisian ulang dgn SN 41000795569091 senilai 20000.,ham
සුභ සවුද්දයක්! Ttyl,ham
Вы готовы пройти уроки по приложениям?,ham
அந்தநபர் எந்த முதுமைக்கழகம் சொல்லுங்கள்.,ham
Начну ли я с этого места.,ham
Call 2022 for customer support,ham
Halo! Ini Roger dari CL. Apa kabar kamu?,ham
"Sorry man my account's dry or I would, if you want we could trade back half or I could buy some shit with my credit card",ham
"HMM ஆம், நீங்கள் மிகவும் செம்மையாக இல்லை என்றால்! மற்றும் எனக்கு என் புட் ஸ்பெஷல் காத்திருக்கிறேன் :)",ham
ඔබ එකතු කිරීමේදී කවද කෙරෙනවා?,ham
"Freunde, mit denen du im Facebook-Chat bleiben kannst",ham
"""когда я хочу влюбиться в свои книги, моя кровать влюбляется в меня..! когда дело доходит до этого, наши мечты важнее всего....!!:) добрый вечер-).""",ham
ඔයා සාධාරණයට අවශ්‍ය වෙනස්කම අයට වඳාල්ලනපු ද? ඔයා පළමු මොඩියුල් ලබාදෙනවද?,ham
¡Eso es genial! ¿Dónde debería eyacular? ¿En ti o dentro de ti? :),ham
confirmation cod3: 8350. v@lid for 10 minute$,ham
"Maaf, saya tidak dapat memahami pertanyaan Anda. Bisakah Anda memberikan konteks atau informasi tambahan untuk membantu saya memahami pertanyaan Anda?",ham
"Guten Tag, Liebster! Wie läuft dein Tag? Gab es etwas Glück für dich? Ich denke an dich, Liebling, und sende meine Liebe über das Meer, um dich zum Lächeln und Glücklichsein zu bringen.",ham
"Dia hanya akan khawatir untuk hal yang sia-sia. Dan dia tidak akan memberimu uang, tidak ada gunanya.",ham
Your order #7848 has been shipped.,ham
Я все еще довольно слабый сегодня.. Плохой день?,ham
Netflix - Noch drei Schritte und wir erledigen den Rest. Schließe die Anmeldung hier ab: m.netflix.com/gy4bJPv1qyP,ham
"Ну, её ждёт большой сюрприз!",ham
Die gesendete Nachricht verlangt nach &lt;#&gt; Dollar. Soll ich &lt;#&gt; oder &lt;#&gt; bezahlen?,ham
Es tu suerte amar a alguien. Es tu fortuna amar a quien te ama. Pero es un milagro amar a alguien que no puede amar a nadie más que a ti... Buenas noches...,ham
"Ciao, il saldo del tuo account Voicespin ARBEL_PHARMA è di -34,45. A meno che non lo ricarichi al più presto, raggiungerà il limite di credito e verrà bloccato automaticamente.",ham
"Ciao, come va nella soleggiata Africa? Spero che tu stia passando un bel momento. Dai un grande bacio a quel grande vecchio gorilla argentato per me.",ham
Belum ada rencana. Apa yang sedang kamu lakukan?,ham
Your order #8442 has been shipped.,ham
"Go until jurong point, crazy.. Available only in bugis n great world la e buffet... Cine there got amore wat...",ham
What should i eat fo lunch senor,ham
"Reminder: Halo, saldo akun Voicespin StockTradeGlobal Anda saat ini adalah -1873.02. Jika tidak segera diisi, saldo akan mencapai batas kredit dan akun akan diblokir secara otomatis.",ham
"Netflix - _ Drei > weitere Schritte und wir 🎁 erledigen den 📧 Rest für Sie. , Beenden Sie | hier % die Registrierung: m.netflix.com/kgBn85d1Zfx",ham
Your payment of $3650 was processed,ham
Netflix - ¡Tres pasos más y nosotros haremos el resto! Finaliza tu registro aquí: m.netflix.com/ku5a9wIpLQz,ham
"Bin gelaufen, aber habe nur 5 Minuten geschafft und dann Sauerstoff gebraucht! Muss vielleicht auf die Rollenoption zurückgreifen!",ham
"Hola doctor, por favor, quiero comprar una camiseta bonita para mi esposo, una que le quede bien. Mi presupuesto es de <#> mil. ¿Puedes ayudarme por favor? ¿Cómo puedo pagar con tarjeta? Mantenme informada. Carino. 2 besos. mj",ham
"Automáticamente. Por 🚨 favor, no contestar 🚨 a este SMS.",ham
إذا لم تزال لم تقوم بجمع المبلغ، الرجاء إعلامي حتى أستطيع الذهاب إلى المكان الذي أرسلت فيه المبلغ للحصول على رقم التحكم.,ham
ඔබ එම මිනිසා තාර වෙනවාද,ham
"Caro, dove sarai quando arrivo lì",ham
Messaggio da . Sono all'ospedale di Truro al posto . Puoi chiamarmi qui. ho un telefono accanto a me.,ham
වෙනස් කරන්න. සූප් කෑලි කළ ඇත!,ham
are yοu willing to go for apps clаss.,ham
Your order #5498 has been shipped.,ham
Femme.comment a-t-elle su exactement l'heure du meurtre,ham
Ok c சரி then.,ham
Она пошла на два других раунда сегодня..но все еще не добралась до дома..,ham
PayPal: 613842 ist Ihr Sicherheitscode. Geben Sie diesen Code nicht weiter.,ham
Tolong jangan membatasi dia untuk makan apa pun yang dia suka selama dua hari ke depan.,ham
"Hi, The evo. I just had to download flash. Jealous?",ham
لا أعرف، نأمل هذا الشهر.,ham
ඔහු... මම කියන්නේ ප්‍රවීණයක් සඳහා. හැසිරාගේය. Ã_,ham
"Solo están facilitando 💳 el pago. Tengo ; &lt;#&gt; años para decirlo, [ pero 🎉 puedo pagar 💳 antes. & ¿Entiendes?",ham
ما هو اسم مدرسة جوك؟ لأن الرسوم الدراسية في جامعة فلوريدا تبدو أنها تصل فعليًا إلى &lt;#&gt; ألف دولار. يرجى الرد.,ham
"Entrez le code de vérification : 899079, pour activer SPayLater. Valable pendant 15 minutes. NE partagez PAS ce code avec qui que ce soit. \
jKPmMcdNAgI",ham
se envíа a unο?,ham
"Cela dit, pouvez-vous lui envoyer un message une fois de plus ?",ham
Transmettez-lui mes salutations,ham
අයියා පස්වනවා නැත්... 4 ට ඔබට වත්මන්තෙන් ගෙනාවෙන්ගන්නන් යොවුනොත්තාඑදිනවාද?,ham
"Lol, oh hast du einen Freund für den Hund gefunden?",ham
"நான் உங்களுக்கு விலைகளை அனுப்பினேன், உங்களோடே &lt;#&gt; கிலோ என்று நீங்கள் அர்த்தம் செய்கிறீர்களா?",ham
لا قبل يوم الخميس,ham
ස්වභාවිව සහෝදරාවක්. කරුණාකර මෙම පණිවිඩය විමර්ශ නොකරන්න.,ham
Super mensaje da:) buena sincronización.,ham
ආදරයට එක් මායිම් ඇතුල්; ඔබට ආදරන් කරන්න. එහෙත් මහලවයෙන් එක් මායිම් ඇතුල්; යම්ලවන් කිරීමට කරුනේ වෙනස් බැවින් එන්නත් නැත ඔවුන් සිතුවිලි. සුදු රාත්‍රී!,ham
"Baiklah, saya juga baik:) Kapan kamu akan menyelesaikan kursusnya?",ham
"Привет, мой поездка была отложена, ты все еще запасся?",ham
මට සතියේ විල් සම්බන්ධතාවය ඇත !!,ham
பகல் பிறகு வருகிறேன். அங்கே சந்தோஷமாக இருக்கு.,ham
Your order #3680 has been shipped.,ham
Your order #4554 has been shipped.,ham
Call 6768 for customer support,ham
"Und wie wirst du das machen, Prinzessin? :)",ham
මාගේ අන්දම්කරු නිසා අංකයේ වෛරස ඡායාරූ මගේද? :),ham
"Tu código de seguridad de Discord es: 548235 \
\
tzD9jY28Wrn",ham
"Ich werde um 3 Uhr dort sein, es sei denn, ihr möchtet, dass ich früher komme.",ham
"Bien pero avísame media hora antes de que vengas, necesito prepararme.",ham
"Terima kasih, sayang! Aku tak sabar untuk mencicipi yang sesungguhnya...",ham
"ок, дай знать, мой номер заблокирован без пакета данных, просто отправь SMS на осмул, сейчас бесплатный Wi-Fi",ham
أعتدت عليه. أتمنى فقط أن لا يتخلوا عني وكل ما حجزته هذا العام قليل. هذه التجربة كلها بي في بوسطن وهم في نيويورك.,ham
Trascorrerò il Capodanno con mio fratello e la sua famiglia. I'll plan to meet next week. Are you ready to be spoiled? :),ham
அவர்கள் பல இடங்களில் அதை செய்கின்றனர். உறவியல் மற்றும் மருத்துவ இடங்கள் மட்டுமே பாதுகாப்பானவை.,ham
"[PalFish]4549 (Kode verifikasi Kelas PalFish, berlaku selama 10 menit)",ham
"И, конечно, вы должны поднять шум!",ham
رمز الحساب المؤقت لحساب Microsoft: 9956467,ham
"salgo de la ciudad desde el viernes hasta el lunes, solo por la mañana del día 12 (a las 9), unirme al grupo de gameprog.",ham
Estoy esperando machan. Llámame cuando estés libre.,ham
ஆம் காண்போம் ஆரோ நேரத்தில் இல்லை,ham
நீ எங்கு இருக்கிருக்கீயா. என்ன நடந்தது?,ham
لا أريد سماع فلسفة. قل فقط ما حدث.,ham
"Va bene, grazie per il consiglio. Goditi la tua serata fuori. Cercherò di dormire un po'...",ham
Abbiamo portato Hooch a fare una passeggiata oggi e sono caduto! Splat! Mi sono graffiato le ginocchia e tutto! Avrei dovuto restare a casa! A domani!,ham
In da car park,ham
your verificaton cod3 !s 7636,ham
"Я на Глостер-роуд, что у вас на сегодня запланировано?",ham
இது ஊடாயமாக உள்ளது. இந்த எஸ்எம்எஸ்க்கு பதில் அளித்தல் தயவுசெய்து உதவாதீர்கள்.,ham
"Meskipun aku tidak bisa menutup mataku, kamu ada di dalam diriku, vava kita sedang bermain, umma :-D",ham
"Sekutu, tolong jangan jawab SMS ini",ham
Possiamo fare un bambino nella tua vagina,ham
On the road so cant txt,ham
"Ciao. Nessuna notizia sul lavoro, mi stanno facendo aspettare una quinta settimana! Sì, sono pronto per alcuni woosle e donnole... Ancora a Exeter, ma sarò a casa verso le 3.",ham
ألاحظ أنك تحب النظر في المرآة وتتحول إلى غريب الأطوار.,ham
k.k:) முன்னால் வாழ்த்துக்கள் பொங்கலின் முன்னேற்றம்.,ham
"K Ich bin bereit, &lt;#&gt;?",ham
Suis-je vraiment si mauvais pour être évité de cette manière?,ham
. කරුණාකර මෙම පණිවිඩයට පිළිවෙනවා නැත,ham
ஆல்லி. இந்த எஸ்.எம்.எஸ் க்கு பதில் எழுப்ப வேண்டாம்.,ham
"Tellement de gens semblent spéciaux à première vue, mais très peu resteront spéciaux pour vous jusqu'à votre dernière vue.. Gardez-les jusqu'à la fin de votre vie.. prenez soin d'eux",ham
"வணக்கம், உங்கள் Voicespin DotBig_Limited கணக்கு இருப்பு 372.46 ஆகும். விரைவில் அதை நிகரணை செய்யாதிருந்தால் கிட் எனும் ஹைம் எடுக்கின்றது மற்றும் அது தானாக முறுமுறுபடும்.",ham
"Gracias nuevamente por tu respuesta hoy. ¿Cuándo llega tu visa? ¿Todavía estás comprando los Gucci y bolsos? Mi hermana dice que las cosas no están fáciles, el tío John también tiene sus propias cuentas, así que realmente necesito pensar en cómo ganar mi propio dinero. Más tarde.",ham
Sei bellissima! Continua a inviare quelle foto :) Grazie!,ham
"Non posso, non ho il suo numero!",ham
"Ich weiß nicht, bis wann... Lass uns Pilates lernen gehen...",ham
"මහත්මය, මගේ දුරකතනය දැක්වෙන්නේ සිද්දාත්ම.",ham
லோல் உங்கள் எப்போதும் துரதிப்படைகிறது.,ham
"Netflix - Еще три шага, и мы сделаем все остальное. Завершите регистрацию здесь: m.netflix.com/fufsRKpW6Zp",ham
"Ich frage, ob du dich morgen Abend triffst.",ham
"DIOS PREGUNTÓ, ""¿Qué es el perdón?"" Un niño pequeño dio una respuesta encantadora, ""Es el maravilloso fruto que un árbol da cuando está siendo lastimado por una piedra ... Buenas noches......""",ham
Non . ho nessuno dei + tuoi file 🔥 nella 📧 mia > borsa.. ero ' al \ lavoro quando mi hai chiamato. ( Ti ; dirò se trovo 🚨 qualcosa nella mia stanza. ',ham
எனக்கு பயன்படுத்துவதில் நிச்சயம் ` நுழைந்திருக்கிறேன் 💸,ham
Confirmation code: 4067. Valid for 10 minutes,ham
Ho ricevuto una chiamata da un numero fisso. . . Mi è stato chiesto di venire ad anna nagar . . . Andrò nel pomeriggio,ham
Confirmation code: 3892. Valid for 10 minutes,ham
"Glückwunsch. Das ist großartig. Ich wollte dir sagen, dass du mir deine Punktzahl nicht verrätst, weil es mich entspannen könnte. Aber es motiviert mich tatsächlich, also danke fürs Teilen.",ham
"அண்ணா, நீங்களும் தெலுகு பேசுவீர்களா.. அது நல்லது.. கே, இனிய இரவு..",ham
Ok. Pero termino a las 6.,ham
أنا دائمًا أجلس في الصف الأمامي، وأحيانًا لا أعرف ما يحدث في الخلف. من هناك من ينام ومن هناك من لا ينام. هههه,ham
ඔබ බලාගන්නවාද? ඔබට තේරුම්ගත යුතුයි,ham
"E ora l'energia elettrica è appena andata via, cavolo.",ham
Nein. Ich habe es einfach vergessen. Ich zeige es nächste Woche.,ham
Your order #8880 has been shipped.,ham
"Missed Call, Missed Call spielen, aber der Gegner muss den verpassten Anruf entgegennehmen. Das ist die Regel. Wer eine gute Telefonempfangsqualität hat, gewinnt.",ham
"Ciao, il saldo del tuo account Voicespin StockTradeGlobal è -1873.02. A meno che tu non lo ricarichi al più presto, raggiungerà il limite di credito e verrà bloccato automaticamente.",ham
"Отца Джоя зовут Джон. Тогда Джон - ___ отца Джоя. Если вы ответили на это, у вас IQ  <#> . Это вопрос IAS, попробуйте ответить.",ham
C திரைப்படம் கடைசியில் கடைசி நிமிட முறையில் தீர்மாறி பார்க்க மதி. இரு பார்க்க 2 தான் ஆனால் எனக்கு உத்திக்கும் என் எச்சரிக்கை.,ham
K...k...quando offrirai il trattamento?,ham
Я всегда поддержу тебя! Есть ли у тебя какие-либо предпочтения в постели?,ham
Sedikit. Obat mengatakan diminum sekali setiap 8 jam. Baru 5 jam tapi rasa sakit kembali. Jadi saya minum yang lain. Semoga saya tidak mati,ham
இதுவே தான் காரணம். கடுமையாக தேடினால் நீங்கள் அதை பெறுவீர்கள்.. ஒரு முயற்சி செய்யவும் :),ham
Selamat Pongal sebelumnya:),ham
"යහපෙරත්! එවන්න, ඉරෞය් ගමගත කළවාද, eve 7.30 සත් වීදව දුටිකටත්. එවන්න තෙළුන් x",ham
Your account balance is $1900,ham
Mach dir keine Sorgen ... verwende Eisstückchen in einem Tuchpaket. Nimm außerdem 2 Tabletten.,ham
Your account balance is $2910,ham
Ähm... Irgendwo in der Woodland Avenue. Bekommen Sie die Gemeindezeitschrift? Seine Telefonnummer wird darin sein.,ham
Hey mr whats the name of that bill brison book the one about language and words,ham
"Hallo Schatz, ich bin gerade von der Arbeit zurückgekommen und habe dich den ganzen Tag sehen wollen! Ich hoffe, ich habe dich heute nicht am Telefon verärgert. Wenn du wach bist, ruf mich bitte an xxx",ham
رمز تسجيل Bumble الخاص بك هو 787757. من فضلك لا تخبر أحد بهذا الرمز.,ham
தயவுசெய்து இந்த SMS க்கு பதில் கொடுக்காதீர்கள்,ham
உங்கள் கோரிக்கைக்கு தொடர்புடைய 'மெல்லே மெல்லே (ஒரு மின்னமிணுங்கின்றே நுருங்கு வேட்டம்)' உங்களுக்கு அழைப்புக்குரிய பாடலாக அமைக்கப்பட்டுள்ளது. உங்கள் நண்பர்களின் அழைப்பாடலை நகல் செய்வதற்கு *9 ஐ அழுத்தவும்.,ham
يوجد غرف بـ 400 ألف روبية حيث يشتركون في الحمام معًا، وهناك غرف بحمام داخلي صغير يكلف 600 والأكبر يكلف 700 ألف روبية.,ham
"Oke, maaf ya aku butuh sepuluh tahun buat mandi. Ada rencana apa hari ini?",ham
"நீங்கள் எப்போது அதை வைக்குவது என்று எப்படி நினைக்கிறீர்கள்? அதற்கு அவலோகனம் வேண்டும், நான் காம்பஸ் அருகில் இருந்து எப்போது அதை அடைய வேண்டும் என்று அறிய வேண்டும்",ham
Ok then no need to tell me anything i am going to sleep good night,ham
Netzwerktechnischer Support-Mitarbeiter.,ham
"Um wie viel Uhr soll ich meinem Freund sagen, dass er da sein soll?",ham
"Dan berhentilah jadi orang tua. Kamu bisa membuat lumba-lumba salju, malaikat salju, dan pertarungan bola salju.",ham
"வீடு-உடுக்கையானவள் கொலைச் செய்துகொண்டாள், ஏனெனில் ஆண் மரணமடைந்தார் &lt;#&gt; ஆம் தேதி முகன் குரலில்.. அனைத்து அரசீடர்களையும் நெருக்கமாக அமைக்கவில்லை, அஞ்சல் அலுவலகமும் உள்ளது..",ham
"Hanya hari Sabtu dan Minggu libur, jadi sangat sulit:)",ham
أي شيء، فقط نحن الاثنان.,ham
"¡Tyler (comprando una octava) tiene que irse poco después de las 9, ¿puedes llegar aquí en una hora?",ham
Вы никогда не можете ничего не делать.,ham
MAKE SURE ALEX KNOWS HIS BIRTHDAY IS OVER IN FIFTEEN MINUTES AS FAR AS YOU'RE CONCERNED,ham
Your verification code is 6784,ham
Lmao. Mach ein Foto und schick es mir.,ham
Somebody should go to andros and steal ice,ham
يا إلهي.. هل قاموا بخلع الأسنان؟ هل تحس بألم؟,ham
Ему нужно перестать ложиться спать и заниматься этим чертовым делом.,ham
Yar... Ho pensato che tu sapessi che questo sarebbe successo già da tempo.,ham
කරුණාකර මෙම කෙසව සබඳතාකරන්න.,ham
Perdita di peso! Niente più ragazze. Fai un sacco di soldi su eBay o qualcosa del genere. E ringrazia Dio.,ham
நீங்கள் குழந்தையாக விரும்பவில்லை :),ham
Wenn du groß bist...| Wird Gott Erfolg bringen.,ham
You can jot down things you want to remember later.,ham
"شوبي: استخدم الرمز OTP 035394 لتسجيل حساب شوبي. ساري لمدة 15 دقيقة. لا تقم بمشاركة الرمز مع أي شخص، بما في ذلك فريق شوبي.
jKPmMcdNAgI",ham
Savez-vous quand papa rentrera ?,ham
Aku berjalan selama 2 jam untuk melihatmu! Bukankah itu menunjukkan bahwa aku peduli mengapa kamu tidak percaya bahwa aku serius?,ham
"Halo, apakah kamu suka foto liburan itu? Aku terlihat mengerikan di foto, jadi aku menghapusnya! Bagaimana Program Camp America? Kita bicarakan lebih lanjut ya. Sampai jumpa, Serena :)",ham
"Tidak bisa mengambil peran utama dalam kegiatan pelayanan masyarakat. Kamu luar biasa, Mel!",ham
как дела? я скучаю по тебе!,ham
Espero que estés teniendo un buen día.,ham
"FYI: வாலைக்கும் அக்கா, மொப்கோம் எஸ்பிக்கு கேள்வி கேட்க விரும்புகிறேன், இப்போது படிப்பினைக்கு இணைந்து வாய்ப்பு கிடைக்கும் இல்லையா? உங்களின் கேள்வி.",ham
Your account balance is $2569,ham
"Oui, nous en avons un de prêt pour nous",ham
Ciao.:) supporto tecnico. fornire assistenza ai clienti statunitensi tramite chiamata ed email:),ham
Your payment of $1153 was processed,ham
"Sì, è al paragone... Non ho ancora deciso se tagliare o no... Hee...",ham
"Ja, ich sollte ungefähr 10 Seiten haben, wenn ich Zahlen hinzufüge... Wie viele Seiten habt ihr alle?",ham
"Sono in una riunione, chiamami più tardi al",ham
Confirmation code: 7873. Valid for 10 minutes,ham
"¡Hola, el saldo de tu cuenta de Voicespin boris_test es de 15.0. A menos que lo recargues lo antes posible, alcanzará el límite de crédito y se bloqueará automáticamente!",ham
Confirmation code: 4930. Valid for 10 minutes,ham
Your order #4742 has been shipped.,ham
"Tidak apa-apa, lengan saya terasa lemah karena saya disuntik jadi kita bisa pergi lain kali",ham
No me importa. Pero en realidad todavía no quiero. No sé hasta cuándo jaja,ham
"Merci beaucoup. Lorsque nous avons skypé avec kz et sura, nous n'avons pas eu le plaisir de ta compagnie. J'espère que tu vas bien. Nous t'avons donné un ultimatum oh! Nous faisons le décompte pour le aburo. Profite-en!",ham
"Ha tutto a che fare con il tempo. Mantieniti extra caldo. Fa freddo ma non è nulla di serio. Per favore, prendi molta vitamina C.",ham
Netflix - еще три шага и мы сделаем все остальное. Завершите регистрацию здесь: m.netflix.com/kyfnMGNivVB,ham
"ඒ මාර්ගය ඉරක් අභිමානගත්තේ සිතූ සති රාත්මරිකයේ හටගැනීමෙදී. එනටත්, එමන් මගේ උපන් උපන්දිනයට අදාළාවන්ගෙන්ය කාල කිලෝවට වයකි.",ham
Your payment of $2829 was processed,ham
"5343 è il tuo codice di controllo [Non divulgarlo a nessuno].

?Alipay?",ham
Your verification code is 8854,ham
"Reminder: Wer ist da, grüße unseren Drogenhändler.",ham
عذراً، سأتصل لاحقًا. إذا كانت هناك أي شيء يتعلق بالتجارة، يرجى الاتصال بـ آرول على الرقم &lt;#&gt;,ham
К... к... что-нибудь особенное сегодня?,ham
إنها تسير بشكل جيد... لا مشكلة... ولكن لا يزال هناك حاجة قليلة إلى الخبرة لفهم صوت العميل الأمريكي...,ham
شكرًا لك. وبالمناسبة، لقد خسرت للتو.,ham
مرحبًا بكن، هل ترغبن جميعًا في الاجتماع لتناول العشاء الليلة؟,ham
"Привет, ваш баланс аккаунта Voicespin Test_account - 202.0. Если вы не пополните его как можно скорее, он достигнет кредитного лимита и будет заблокирован автоматически.",ham
"Hey, О, ХОРОШО. НУ, Я С МОИМ ЛУЧШИМ ДРУГОМ ПИТОМ, С КОТОРЫМ Я ВЫШЕЛ НА НЕДЕЛЮ+ ТЕПЕРЬ МЫ СНОВА ВМЕСТЕ. ЭТО ПРОШЛО ДОЛЬШЕ НЕДЕЛИ.",ham
dw**6@gm**.com has been added to Microsoft account ***********86. Not you? https://aka.ms/alca,ham
பஸ் எப்போது இருக்குது என்று உங்களுக்கு தெரியுமா? எனக்கு சில பொருட்களை ஒழிப்பதற்கு வேண்டும்.,ham
Your verification code is 5138,ham
Confirmation code: 7409. Valid for 10 minutes,ham
"Хорошо, это не так, как если бы ты действительно назвал кого-то ""пунто"". Это было бы хуже.",ham
Je ne pense pas que c'est un mauvais appel entre nous.,ham
Codice inDrive: 2891,ham
Call 9577 for customer support,ham
Call 3463 for customer support,ham
"Вот ваш код подтверждения Netflix 230535 для проверки вашего номера телефона. Пожалуйста, не сообщайте этот код никому.",ham
"SHOPEE: There is an attempt to log in to your account. If it's you, click this link to proceed: shopee.co.id/dlink/verify/link?q=kEWALWpD&event_type=1",ham
"Ssttttt, seharusnya tidak ada yang tahu!",ham
"නෑ, මම සියපටම එය උත්සහාව කළා ;V",ham
"සමාවෙන්න, මම වසරක් එක්වල්ල කරන්නේ නැත්තේ ආයේන්වලට",ham
Pensando a te ;) x,ham
Blm beres sep. Malah byk bug,ham
Guarda l'orologio. Ho visto alcuni modelli Swatch che penso siano abbastanza ok. Circa 116 ma ho bisogno di un secondo parere...,ham
இப்போது என் தந்தை வேலைக்கு வெளியேற்றும் பிறகு அனைத்து வெற்றியின்பங்களைக் கேள்விகளாகக் கேளும் மெருகே தத்தர்களை கேளுகின்றார்.,ham
"Protège-toi pour moi, car j'ai besoin de toi, tu me manques déjà et j'envie tous ceux qui te voient en vrai.",ham
Anda memiliki permintaan untuk ditangani.,ham
WHAT TIME U WRKIN?,ham
"அது சரி பெண், நீங்கள் கேல் என்பவர் என்னுடையார் தவறு செய்யவில்லை!! கவனிக்கவும், அன்பே சுகமாக இருங்கள் மற்றும் ஆத்து பெரியவளே! அன்னீக்கிறேன் யேக்ஸ்",ham
"Tu es trop proche de mon cœur. Si tu t'en vas, je serai brisé. S'il te plaît, reste avec moi.",ham
நன்றி குழந்தை! உணவை உண்டாக கூடவே காத்திருக்கிறேன்...,ham
¡Listo! Entonces son las 11:48. ¡Vaya! ¿No estamos todos muy temprano y brillantes esta mañana?,ham
"அற்புதம், கோபுரத்துடன் எப்படி நடப்பது? சார்ல்ஸ் நேற்று இரவு எனக்கு சொல்லினார் ஆனால், உஹ்ஹ், ஆமாம்",ham
"Está bien, pero Tyler tuvo que irse, así que vamos a comprar para él y dejarlo en su casa esta noche. Nuestra orden total es un cuarto, ¿tienes suficiente?",ham
மைக்ரோசாஃப்ட் அசைத்துக் கதிப்புப் பெறுவதற்கு 200387 சரிபார்க்குங்கள்.,ham
I dont have that much image in class.,ham
"Une excellente pensée d'un ami mal compris : je sais que tu me détestes mais le jour où tu connaîtras la vérité, tu te détesteras toi-même :-( Bonne nuit :-)",ham
يوم جيد لك أيضًا. صل من أجلي. انزع الأسنان لأنها تسبب لي آلامًا وصعوبات في الحفاظ على الأشياء الأخرى.,ham
مرحبًا صديقي، إنه RV. هل قضيت عطلة جميلة؟ أرسلت لك رسالة فقط لأقول مرحبًا لأنني لم أرسل لك واحدة منذ زمن بعيد. بدأت في القيادة، لذا تجنب الطرق! RVx,ham
Nur schlafen.. und surfen,ham
"Que stupide de dire que je défie Dieu. Vous ne réfléchissez pas du tout à ce que j'écris, au lieu de cela, vous réagissez immédiatement.",ham
"හොඳයි, සෙන් තෝරාගත්තේ හොයාගතේ පවිජ්ජියටත් වගේ...",ham
"Je ne suis pas tout à fait sûr d'avoir compris ce texte, mais bon. Ho. Quel week-end?",ham
HCL Chennai benötigt ANFÄNGER für den Sprachprozess. Ausgezeichnetes Englisch erforderlich. Gehalt bis zu &lt;#&gt;. Rufen Sie Frau Suman unter &lt;#&gt; für ein telefonisches Interview an - über Indyarocks.com.,ham
நீங்கள் விரும்பும் 💳 பணியை செய்ய 2 🔗 வக்ஸ்ஸ் உள்ளன 📱 ஆனால் அதை ⚠️ செய்ய வேண்டும். அவன் ; வரலாம் மற்றும் நான் அவனுக்கு மருத்துவ [ காப்பீடு பெற்றுக்கொள்ளுவேன். # மற்றும் அவன் ] பிரட்டாக் போட 📱 வழக்கமான பராமரிப்பு அவனுக்குத் ⚡ தேடுகிறேன். _ அதனால் 🎁 வெள்ளிக்கிழமையாகவும் அவனுக்கு $ சரியான காப்பீடு என்பதில் ; என்ன } உதவக்கூடியவர் தெரிந்துகொள்கிறேன்.,ham
"මගේ වැඩේ සිටින්නේ ඇත්තේ... එනමුත් 6 දෙනා එකට... ඔයාටම workin කරනවද... එහෙන ඕර්චඩ් නෑ, වෙනස් යශෝදයට යමු...",ham
"Perché è il  &lt;#&gt;  gennaio quando tutti gli uffici postali sono in vacanza, quindi può andare all'ufficio postale... capito stupido.",ham
ඔහු මට මෙම වර්නයේ වචන පාවිච්චි කළවිටයි නැතිලෑ නෙවෙයි.,ham
Esto simplemente me parece espeluznante y loco.,ham
"Est-ce que c'est à la télé ? Non, c'est Bridget Jones !",ham
I'm leaving my house now.,ham
"""Ух ты. Ты прав! Я не хотела этого делать. Полагаю, когда я решила оставить бостонских мужчин и сменила местоположение на Нью-Йорк, что-то изменилось. Потому что на моей странице входа все еще написано бостон.""",ham
"Halo, saldo akun Voicespin ZohoDemo Anda saat ini adalah -104.28. Kecuali Anda mengisinya secepat mungkin, saldo akan mencapai batas kredit dan akan diblokir secara otomatis.",ham
Haha forse hai ragione... Mi conosci bene. La sensazione di piacere a qualcuno è bella. Vai più veloce a trovarne uno altrimenti tutte le ragazze nel nostro gruppo saranno già fidanzate.,ham
Il tuo account è stato ricaricato con successo di INR <DECIMAL>. Il saldo del tuo account prepagato KeralaCircle è di Rs <DECIMAL>. Il tuo ID transazione è KR <#>.,ham
"Карлос говорит, что мы можем забрать у него позже, так что да, мы настроены.",ham
"SHOPEE: මුරුථමෙන් මුරපදය වෙනස් කිරීම සඳහා OTP කේත 504161 භාවිත කරන්න. එය 15 මිනියන්ද සිට ඉහළට සාදනු ලැබේ. කෝඩ්‌ එක සදහා කේතය ඔවුන් වෙනස දකින්න, තෙවන අන්තර හා Shopee වෙනස දනන්න. jKPmMcdNAgI",ham
"Lei ha lasciato tutto molto vago. Ha solo detto che informerebbe la persona degli affari contabili riguardo all'affitto in ritardo e che dovrei discutere con l'agenzia immobiliare riguardo alla ricerca di un altro posto. Ma controllando online adesso, tutti i posti intorno a USC costano &lt;#&gt; e oltre.",ham
මෙම චින්නා සතියේ පොංගල් නතරනයට නතරකින්නේද? ඔබට වැඩ පුරම්පරික්ශනය ලබාදුන් ආදියෙන්නේද.,ham
STORMGAIN: කේතය 246058,ham
Beritahu di mana Anda mencapai.,ham
"Что ты имеешь в виду, что почти закончено? Закончили спать? Но я думал, что ты собираешься вздремнуть... Да, я уже отправил ей, так что я заберу ее примерно в 4 что-то лор..",ham
"Mein Computer hat gerade das einzige unverzichtbare Teil durchgebrannt, von dem wir keine Ersatzteile haben, weil meine verdammten, idiotischen Mitbewohner es so lieben, das Ding rund um die Uhr auf Vollgas laufen zu lassen.",ham
"Лол, всё в порядке, я не вспомнил до прошлой ночи.",ham
"Nicht wirklich, Kumpel, ich habe leider keine Freunde :(",ham
"ඊ-කොමර්ස් අනුමත 91.93 ඩිර්හම හෙලුලට් කොට්සුර් - බේහාධි එක්සයිඩි 078214 වරග: 248,729.06 ඏමිඩී",ham
"Akan ada pesta kecil di tempatku nanti malam, tertarik?",ham
Non lo so lei... Come non avere...,ham
"Aight, nos vemos en un rato",ham
"Привет, ваш баланс счета Voicespin StockTradeGlobal составляет -1868.52. Если вы его не пополните как можно скорее, то он достигнет кредитного лимита и будет заблокирован автоматически",ham
இன்று உங்களுக்கு வேலை இல்லாததும் எந்த டிவி சீரிஸ் பார்க்க பிடிக்கிறீர்களா?,ham
"Hai sayang, aku lagi duduk di bus yang super penuh saat ini, dan aku nggak akan pulang sampai sekitar jam 7:30. Mau ngapain nanti malam? Telepon aku nanti atau balas pesan, Jess xx",ham
"ஓ... நான் 10 மணிக்கு யோகாசனம் பண்ண விட்டுக் கொண்டிருக்கிறேன், அப்போ 3 மணிக்கு செல்ல வேண்டும் எனில் பார்க்கோவுக்கு போவதில்லை எனில் பிடிக்கோய்... சரி லா, உன் தயார் ஆக்கினால் தொடரும் அல்லது நான் அழைக்க உனக்கு சொல்லி...",ham
رائع، كيف يمكنني التعامل مع البوابة؟ قال لي تشارلز الليلة الماضية ولكن، أه، نعم,ham
"Mi dispiace, chiamerò più tardi.",ham
"Augurando a te e alla tua famiglia un Buon Natale e un FELICE ANNO NUOVO in anticipo..""",ham
"<#> Пожалуйста, введите 156983 в LINE в течение 30 минут.\
JFoQLtyexga",ham
"Natürlich, wenn jemand im nächsten Monat umziehen wird. Wenn es nicht stört, können Sie Bescheid geben. Vielen Dank.",ham
Je suis à une fête avec Alex Nichols.,ham
"Just contribute as much as you can, those who want to donate mangoes, those who don't, it's up to them.",ham
මෙම SMS විසින් ප්‍රතිසැලසුමක් ලැබීමට උදව්වන්න,ham
Los mensajes no son una pérdida de tiempo. Silenciosamente dicen que estoy pensando en ti en este momento y también haciendo que pienses en mí al menos por un instante. Buenas noches. Dulces sueños @Shesil,ham
"Одному из вас пришла в 🎁 голову идея? Знаете ли ⚡ вы о каких-нибудь местах, где что-то происходит?",ham
නෑ දා. . විජය් ජයා ටීවීවලින් කතා කරනවා,ham
"ඔව්, මම එය විතරයි. ඔබ හරිහම කළා ඔබ කියවිය දුනු.",ham
ඇල්ලීය හමුවේද...,ham
"සමහර 🎁 උද්දරයේ, වෙනුවෙන් 🚨 ඇපකරන්න. ⚠️",ham
"யோ மன்னிக்கவும், சவர் என் சரியாக்கிரிச்சால் வாங்கிக்கொண்டுள்ளேன்",ham
U having lunch alone? I now so bored...,ham
Reminder: මම කැප්වූවේ. එක් කූඩය සහ එක් කෑකයේ. අහෝම්යයි,ham
Your order #9152 has been shipped.,ham
"හාය, දුරකථන අංකය &lt;#&gt; යි www.fullonsms.com හි ඔබගේ ලියාපදිංචි කර ඇත. මෙය පුද්ගලට නිදහස් පණිවුඩ යෙදිගෙන යන අනුගමනයට හොඳ ස්ථානගත වේ. අඩ සලකා ගැනුම් සති www.fullonsms.com.",ham
"Ciao, il saldo del tuo account Voicespin ZohoDemo è -104,27. A meno che non lo ricarichi al più presto, raggiungerà il limite di credito e verrà bloccato automaticamente.",ham
<#> 30 நிமிடங்களுள் LINE இல் 315223 ஐ உள்ளிடவும். \ JFoQLtyexga,ham
நான் ஏற்கவிட்டது ஏற்கவிட்டுதான்... மற்ற என்ன செய்யப் பார்க்கவில்லை?,ham
"Hallo, Ihr Voicespin ZohoDemo Kontostand beträgt -100,04. Wenn Sie es nicht umgehend aufladen, wird es das Kreditlimit erreichen und automatisch blockiert.",ham
بكم كلفك غلاف قرص التخزين الخاص بك؟,ham
Mul snack satu lagi teteh kasih rafael ya,ham
"De toute façon, je vais faire du shopping toute seule maintenant. Car ma sœur n'a pas encore fini. Je ne veux pas te déranger.",ham
"ඔව්, එයට මොකක් සඳහාදීමකින්ද?",ham
Teman. tolong jangan membalas SMS ini,ham
පිස්වනකා? ඔබ 2 වන වෙනිවන් 4 විනාශක් ඇත ... ඔබගේ ජාලය අපගේම්ම කළිම෉ද?,ham
Your [ payment of $3897 was processed #,ham
இல்லை சார். ஆனால் கடந்த வாரம் பஸ் சென்று 8 மணி நேரம் பயணம் செய்துவிட்டேன். அடுத்த மதிப்பீட்டு விரைவில் உள்ளது ஆனால் இப்போது இந்த முறை வார்த்தையாக நான் ஓடி போகிறேன் என்று நான் எண்ணுகிறேன்.,ham
"Il ne sera pas avant 2h15 car je suis en train de ranger la maison, est-ce que c'est okay?",ham
"mаtіn dès lε mαtin, hεin.. à 10 hеures, je suis déjà à jakarta..",ham
Должно прийти попозже.. Я обычно купаю его после обеда..,ham
آسف، ما فهمت ما قصدك. هل يمكنك إعادة صياغة الجملة بشكل أكثر وضوحًا؟,ham
Your payment of $4260 was processed,ham
ඔයා ග෗තම්ට ඔබේ නම් කියාවිද?,ham
ஆம். அவர்கள் எனக்கு மின்னஞ்சல் அனுப்பினர். நான் பின்னுக்கு நிர்வாக அலுவலகத்திற்கு போகிறேன். கூடுதல் நிலைகளை வங்கிக்குப் போகிறேன். அல்லது புதன் நாளில் போகிறேன்.,ham
Netflix - Три шага и мы сделаем все остальное. Завершите регистрацию здесь: m.netflix.com/kgBn85d1Zfx,ham
Maybe you should find something else to do instead???,ham
Confirmation code: 5289. Valid for 10 minutes,ham
Your account balance is $1090,ham
قدمي لها شيئًا للشرب، إذا قبلت ولم تتقيأ، فربما تنخفض حرارتها. إذا قيأت، فأخبريني بذلك.,ham
நீங்கள் நன்றாக உணருகின்றீர்கள் என்று நம்புகிறேன். தயவுசெய்து என்னுடைய அறிகுறிக்கையை மூலம் விவரித்து கொள்ளவும். Abiola,ham
FYI: ඔහු කොල්ලලා හටලා තියනවා කෙල්ලාගත් මිලට ඔහුගෙන් අනුව කෙල්ලලා භාවිත කමු. නමුත් ඉරට්ගත් මාවුව අවසන් වන පැයයටත් ෙවූව තාරකා පමණි.,ham
"උමාමාහා සුභ උපන්‍දායකයාන්ගේ දිනයට අලුත් පමණක්.. සුභ උපන්දිය දර්පත්තු ආචාරයා, උපන්දියපෙනිමයි",ham
"¡Hola, el saldo de tu cuenta Voicespin StockTradeGlobal es de -1873.02. A menos que lo recargues lo antes posible, alcanzará el límite de crédito y se bloqueará automáticamente!",ham
سأفعل. كنت exhaustedisat في القطار هذا الصباح بسبب تناول الكثير من النبيذ والفطيرة. أنام جيدًا أنت أيضًا.,ham
"Sto andando ora all'orto, sto arrivando presto. Tu arrivi?",ham
"Мой день рождения в свидетельстве указан в апреле, но на самом деле сегодня. Но не публикуйте эту информацию. Я угостю вас чем-то особенным, если вы сохраните тайну. В любом случае, спасибо за поздравления.",ham
"Umma, hidupku, dan vava, umma sangat mencintaimu, sayang.",ham
Your payment of $2483 was processed,ham
"Buon Natale anche a te, Annie!",ham
Code à usage unique du compte Microsoft : 6774050,ham
انتظر. سأرسل رسالة بعد &lt;#&gt; دقيقة.,ham
"مرحبًا! لقد تحدثت للتو مع مانيشا في. نود أن نعرف ما إذا كنت راضيًا عن التجربة. الرد على الرقم المجاني بـ ""نعم"" أو ""لا"".",ham
"No lo sé, pero estoy arrasando a los chicos en el póquer.",ham
"Gib ein: 576448 App: Telegram\
oLeq9AcOZkT",ham
"Hallo, hier ist Yijue. Wir treffen uns heute Abend um 19 Uhr am Esaplanade.",ham
Hmm :) combien de joueurs sélectionnés?,ham
Your order #6520 has been shipped.,ham
"ஸ்ஹோப்பீ: கணக்கு உருவாக்க ஒடி.டி.பி. 713220 ஐ பயன்படுத்தவும். மட்டுமின் 15 நிமிடங்கள் சிறிய நேரத்திற்கு உள்ளது. எப்போதும் அதாவது ஸ்ஹோப்பீ அல்லது யாருக்காகவும் குறியீட்டை அளித்து கொடுக்கவில்லை.\
jKPmMcdNAgI",ham
உட்குறிவாக இல்லை... பிடியாணது பின் நான்கு வரி பின்புற உள்ளது Ã_...,ham
"Schicke seine Nummer und antworte morgen früh darauf, warum du ihm das so gesagt hast, okay?",ham
"No tengo mucho interés en trabajar en esa empresa, solo hay una persona en el área de TI.",ham
"¡Hola, el saldo de tu cuenta de demostración de Voicespin ZohoDemo es -104.22. A menos que lo recargues lo antes posible, alcanzará el límite de crédito y se bloqueará automáticamente!",ham
"Die Nacht ist für einen weiteren Tag zu Ende gegangen, der Morgen ist auf besondere Weise angebrochen. Mögest du lächeln wie die Sonnenstrahlen und deine Sorgen an der blauen Bucht lassen.",ham
ස්තුතියි!,ham
Gehst du zur Schule oder gehst du nach Hause? Auf jeden Fall gehe ich später zur Schule.,ham
7 සිට... 2 සන්තෙක් කාලයක් වෙතිනවා... ඔයා කීමට කාලය කුමක්ද?,ham
حسنًا. ستكون بخير. أظن.,ham
"Erm â€_ நான் சந்தித்துக் கொள்ளுவேன், க. 6.45 மணி நேரம். அங்கே செல்ல, பார்க்க, போர்களேல்.",ham
பாரீமேன் உங்கள் தீர்ந்த இல்லத்தை எதிர்காலத்தில் காணவில்லையா?,ham
"හොඳයි! නැහැ, කිසිවෙක්ම ලිපිට අවශ්‍යන්නේ නැත - හොදයි! (__) ඔව්, කරන්න කුමක් ද - ඔබට තීරණය කළ හොදින්න පුද්ගලයාගේ දුරකථන අංකය ඇතුළුකරනවාද",ham
"¡Perfecto, eso funcionará, gracias!",ham
"Está bien, entonces iré a tu casa después de media hora.",ham
මතකයේ සිද්ධිය සිසුනොමුල් යකෝනේ කවුවත්තේ,ham
Your account balance is $2534,ham
ஆமா அது பூ போன்றது மெதுவாக இருக்கின்றது,ham
هذا العطلة جيدة (عذر لعدم القيام بالكثير من الديكور),ham
Apakah kamu sudah tahu jam berapa busnya datang? Karena aku perlu menyelesaikan beberapa hal.,ham
مينغل الفواتير لعبة المينغل ولكن يتعين على الخصم القيام بعمل الاتصال الفائت. هذه هي القاعدة. الشخص ذو جودة استقبال هاتف جيدة هو الفائز.,ham
මේ පණිවිඩය ඉන්දියාවේ අධි වෛරයෝෂීයකි:-) 1) APPY FIZZ කියන දෙකක් බාරකටෙකට නොහිතුවේ. එය කැන්සරතා හැසිරීමට උමතා කරයි,ham
Lalu kamu yang mengemudi.,ham
කිසිවියරයන්වහාද...කොහොමට...මමකලා යන්නේ කොහොමද?,ham
அது அதன் பெயர் என்ன? டோக்கோபடி புகலபக் லுமயன் லா காம்ப்ளீட் வாலோபுன் க்வ் செஞ்சிஸ்,ham
யார் கடந்த இரவு நான் நான் நான் நான் நான் நான் நாலாம் பயணம் மெல்லிய மட்டும் உழையும் - என்கின்றது அறியாமல் உள்ளது,ham
"Ich bin momentan an der USF, komm einfach in den Raum, wann immer du magst.",ham
"හැකි, ඔබගේ Voicespin Tera_Solutions_Ltd ගිනුම් ශේෂය -566.95 ය. එය ක්‍රෙඩිට් ලිමිට් වන අතර ඔබට ඉක්මත් කිරීමට කළහොත් එය ණය ලිමිට් සීමාව ලබා දේ. එය රේක් වහන්නේ ජිනු එලිය෧ට අත් යවනාහට කියා හොට සීමාව කරමුළුවො.",ham
Your payment of $4844 was processed,ham
per favore non rispondere a questo SMS,ham
<#> Código de Snapchat: 010662. ¡Disfruta de Snapping! qunyt57f5Rf,ham
"ஆமா, அது நிகழ்ந்த நிகராய பற்றி சொல்லுகிறேன்.",ham
"D'accord, je soumettrai le projet demain, n'est-ce pas?",ham
"வணக்கம், உங்கள் Voicespin StockTradeGlobal கணக்கு இருப்பு -1873.02 ஆகும். நீங்கள் அதிகரிக்க ASAP செய்யாதால் கடன் வரம்பை அளித்து அது தானாக முடக்கப்படும்",ham
Call 5938 for customer support,ham
Oh ya ya. I remember da. .,ham
Your account balance is $4874,ham
متى تُنهي العمل؟,ham
ඔබ මාත් එක්කරන නාගෙඩිය සහභාගීතයට ඔහුටද?,ham
"ගශීලීදය යනු අන්තර්ගතයට බාධාව ඇත. ඔබගේ ලයිඩන් පයිමේන්ස් කරන නොහොන්වහේ, ""පැටරය ග්ලොරි"" පදයට පිළිතුරු කියහිගේ. ඔබගේ රැල්ෆ්ස් නියමවිය හැකි ප්‍රවේශ, දෙස 2ක් පමණ අවශ්‍ය වේ.",ham
[OPPO] 790974 ist Ihr Bestätigungscode. Er läuft in 5 Minuten ab. Geben Sie ihn nicht weiter.,ham
பிரபா.. மன்னிக்கிறேன்.. உண்மையில்.. என் இதயத்திலிருந்து மன்னிக்கிறேன்,ham
كيف حال ابني؟ لا تبقى لي كلمات حلوة هذا الصباح... *تنهد*... كيف يسير يومك، حبيبي؟ هل بدأت دراستك؟,ham
"Hola, acabo de salir del baño y necesito arreglarme el cabello, así que subiré cuando termine, ¿de acuerdo?",ham
Your payment of $1981 was processed,ham
"Haha... Mana mungkin bisa cepat kurus, mungkin harus mencoba selama sebulan baru bisa melihat efeknya... Wah, nanti kita pergi ke Australia malah tambah berat badan lagi.",ham
Kasihan kamu sekali... Tapi kamu tidak mau makan? Sudah mandi?,ham
"SHOPEE: Please use OTP code 289597 to register your SHOPEE account. It is only valid for 15 minutes. DO NOT share this code with anyone, including Shopee. jKPmMcdNAgI",ham
"Feliz año nuevo para ti y tu familia... que este nuevo año traiga felicidad, estabilidad y tranquilidad a tu vibrante y colorida vida:):)",ham
Confirmation code: 7251. Valid for 10 minutes,ham
Call 9156 for customer support,ham
Your verification code is 5539,ham
Синду устроилась на работу в Birla Soft.,ham
"Kamera cukup bagus, 10.1 megapiksel, 3 optik dan 5 digital zoom. Semoga Anda memiliki liburan yang menyenangkan, tetap aman, dan semoga perjalanan Anda menyenangkan! Selamat tahun baru untuk Anda berdua! Sampai jumpa dalam beberapa minggu!",ham
"<#> Harap masukkan 152310 di LINE dalam 30 menit.\
JFoQLtyexga",ham
"මම කුඩාන් අංකයක් නෑ, මම ඇලෙස් අවුලේ ඉක්මන් කිරී නැත්තට ආශ්‍රිත ආක්‍රමණයක් ලබා දෙන ආශ්මරික ආකාරයක් තවමත් කිහිපයනුවේ නෑ.",ham
"""Y lei?"" könnte eine 💰 verkürzte 🔗 Form 🔗 der Frage 🎉 ""Why % are 🔒 you lying?"" < sein. Das würde , auf | Deutsch & bedeuten: ""Warum lügst du?""",ham
"Komm noch ein letztes Mal zu mir nach Hause, ich werde nichts tun. Vertrau mir.",ham
"Pikiran 🎁 yang manis: ""Jangan 🎉 pernah 📱 bosan melakukan hal-hal 🎉 kecil 💳 untuk orang yang kita cintai.."" Karena 🚨 terkadang hal-hal kecil / itu 💸 mengisi bagian ^ terbesar % di 🔒 hati 🔥 mereka.. & Selamat 💰 malam"" 🔗",ham
"Para que podamos empezar rápido, por favor, asegúrese de que las posiciones de asiento estén dispuestas desde el principio, con un espacio de una columna vacía en medio.",ham
"Hey, wie läuft dein Projekt bisher? Hast du schon angefangen?",ham
"Karena itu adalah tanggal  <#> Januari ketika semua kantor pos sedang libur jadi dia bisa pergi ke kantor pos... pahamlah, bodoh",ham
"Sono a Solihull, hai bisogno di qualcosa?",ham
"Masukkan kode verifikasi: 945818, untuk mengaktifkan SPayLater. Berlaku selama 15 menit. JANGAN beritahu kode ini ke siapa pun.",ham
رائع! ما الذي يجذبك إلى الإخوة؟,ham
لا أعرف. لم أرسل له رسالة مؤخرًا.,ham
Misérable. Personne ne vous dit que les effets secondaires de la pilule contraceptive sont des crampes abdominales massives pendant les deux premiers mois. Je n'ai pas dormi de toute la nuit dernière.,ham
Saya masih mencari mobil untuk dibeli. Dan belum melakukan ujian mengemudi.,ham
"Apa yang dimaksud dengan ""Ard 515"" tersebut? Saya butuh lebih banyak konteks untuk bisa membantu Anda dengan pertanyaan tersebut.",ham
"Ciao, amore mio! Sono arrivato a casa e il mio pensiero costante sei tu, amore mio. Spero che tu stia trascorrendo una piacevole visita, ma non vedo l'ora che tu torni a casa da me ... *bacio*",ham
Hey revisa esto da. He enumerado da.,ham
මම තවත් එඑකට යවනවා නෑ හෝ නෑතූනම්මෝද,ham
"¡Hola, el saldo de tu cuenta de Voicespin Test_Keylock_05 es de 9.25. A menos que lo recargues lo antes posible, alcanzará el límite de crédito y se bloqueará automáticamente!",ham
"ஒவ்வொரு தொலைபேசியும் உழைக்கும் போது உதவி என்னில் தெரிவு செய்யவும், ஒன்றுமில்லாமல் உழையவும். அப்போது உழையுவதைப் பறிப்பது முன்னேற்கின்றது.",ham
هل الجمعة القادمة هي عطلة لـ Pongal؟ هل حصلت على أي أخبار من مكان عملك؟,ham
මම &lt;#&gt; මිනිත්තයින්ද ඔබගේ නිවසට හරිනවා.,ham
"fffff. ඔයාට kadеem ටෙක්ට් කරනවාද, හෝ ඔයා කුඩාකෑලේඅහන්ද කියලාද",ham
"Haben Sie etwas dagegen, wenn ich frage, was passiert ist? Sie müssen nicht antworten, wenn es unangenehm ist.",ham
9363 ඔබගේ ඩොක්කවිටි විස්තර පිහිටියේ රහිත අංකයයි. 15 වැනි සෑයයක් තුළින් එක්වනු ඇත.,ham
நீ அங்கே என்ன செய்கிறாயா?,ham
Mungkin sebaiknya kamu mencari hal lain untuk dilakukan?,ham
"IKEA code 515819 pour changer de mot de passe, valable 5 minutes",ham
"கடந்த 15 நிமிடங்களில் விடையை பெறவும்.\
jKPmMcdNAgI",ham
Zugangscode für Microsoft: 7769,ham
Your order #4483 has been shipped.,ham
Je veux te lécher la chatte maintenant...,ham
"ஹலோ, உங்கள் Voicespin MARGIN_ONE_SERVICES_LTD கணக்கு மீதம் -30264.25 உள்ளது. அதை விரைவாக நிர்வஹிப்புக்கானது நிகராததாக அழிக்கும் விதி அடையாது.",ham
"Halo, saldo akun Voicespin Tera_Solutions_Ltd Anda saat ini adalah -566.95. Kecuali Anda mengisinya segera, nanti akan mencapai batas kredit dan akun akan diblokir secara otomatis.",ham
Call 1726 for customer support,ham
Your order #4617 has been shipped.,ham
That means get the door,ham
"Keren, kirim pesan ke saya saat kamu akan pergi",ham
"Halo, saldo akun Voicespin MARGIN_ONE_SERVICES_LTD Anda adalah -29291.27. Kecuali Anda mengisi saldo segera, saldo akan mencapai batas kredit dan akan diblokir.",ham
"Non, c'est bon. Je pourrais faire une sieste, cependant !",ham
هل لم ' يكن ( ذلك ⚠️ هو النمط في عطلات نهاية / الأسبوع 💸 مؤخَّرا؟,ham
Wasserabfluss in der Wüste. Geo-umweltliche Auswirkungen.,ham
Scusa amico. Non so come ho potuto dimenticare. Anche dopo che Dan me l'ha ricordato. Scusa. Spero vi siate divertiti.,ham
En route pour l'école. Pouvez-vous svp me envoyer le numéro d'Ashley ?,ham
"Хорошо, пока.",ham
Gusterò ogni goccia :) sei pronto/a ad usare anche la bocca?,ham
Hey Mädels.. geht eine von euch morgen zum Fahrschulzentrum?,ham
"D'accord, demain vers &lt;#&gt; il est",ham
"Conozco a algunas personas a las que puedo contactar y sí, tener relaciones sexuales.",ham
Iâ€˜ll have a look at the frying pan in case itâ€˜s cheap or a book perhaps. No thatâ€˜s silly a frying pan isnâ€˜t likely to be a book,ham
Ich bin bei einer Hochzeitsfeier.,ham
"Posso probabilmente passare, tutti hanno finito intorno alle &lt;#&gt; giusto?",ham
عيد ميلاد سعيد للنجم ARR :) أتمنى له الحصول على المزيد من جوائز الأوسكار.,ham
Mereka melakukannya di banyak tempat. Hanya rumah sakit dan tempat medis yang aman.,ham
Earn $4863 per week working from home!,spam
WIN 4730 NOW! Click goo.gl/xyz to claim!,phishing
சிறந்த ஆன்லைன் வாங்கல்: அடுத்த வாங்கலில் 50% தள்ளப்படுத்தப்படுகின்றது சூப்பர் ஷூஸ் இல். பார்வை காட்சிப்படு shper.com/offers. வெளியிடவேண்டாம் bit.ly/com37391,spam
URGENT: Your prize is waiting! Call 8338,phishing
🎉 CONGRATS! You won $3534 Amazon gift card! Redeem at tinyurl.com/abc 🎉,phishing
URGENT: Your prize is waiting! Call 7284,phishing
"SIE SIND AUSERWÄHLT, UM EINEN £350 AWARD ZU ERHALTEN! Bitte rufen Sie die Anspruchnummer 09066364311 an, um Ihren Award abzuholen, den Sie als geschätzter Mobilfunkkunde ausgewählt wurden zu erhalten.",phishing
WIN 2621 NOW! Click goo.gl/xyz to claim!,phishing
"Di awal bulan ini, saatnya Anda tetap eksis lebih lama! Nikmati internet dengan volume ultima sebesar 900MB/30 jam. Harganya mulai dari Rp 35 ribu, dapatkan informasi lebih lanjut di *100*471#. Cek tarif dan lokasi di tsel.me/FL.",spam
URGENT: Your prize is waiting! Call 1982,phishing
"Navegación por internet, chat, Facebook y ver videos durante 30 días hasta 1.5 GB por solo Rp 30,000. Compra el paquete marcando *100*1#.",spam
Le montant de la prime d'assurance vie augmente avec l'âge. Achetez une assurance vie de 1 crore maintenant et payez 5390 Rs au lieu de 5603 Rs après votre anniversaire. Appliquez rml.lu/KQgkgvP,spam
"Вам гарантирован современный телефон Nokia, MP3-плеер iPod на 40 ГБ или приз в размере £500! Отправьте слово COLLECT на номер 83355! IBHltd LdnW15H 150р/за сообщение получено18",phishing
Earn $4563 per week working from home!,spam
Sie müssen dem IRS JETZT Geld senden unter https://tinyurl.com/8899,phishing
FREE iPhone 15! Enter code 3125 at bit.ly/123,spam
FREE iPhone 15! Enter code 6779 at bit.ly/123,spam
Pas de 1 tonalité POLYPHONIQUE pour votre téléphone chaque semaine! Il suffit de texter PT2 au 87575. 1ère tonalité GRATUITE! alors commencez à texter maintenant et informez vos amis. 150p/tonalité. 16 réponses HL 4infos,spam
"GUT GEMACHT! Ihr 4* Costa Del Sol Urlaub oder £5000 warten auf Abholung. Rufen Sie jetzt unter 09050090044 an, um zu beanspruchen. SAE, AGB, Postfach 334, Stockport, SK38xh, Kosten £1,50/Min., Max. 10 Min.",phishing
Oferta exclusiva: Obtén un 50% de descuento en tu próxima compra en SuperShoes. Visita www.supershoes.com/offers. Cancela la suscripción en bit.ly/com37384.,spam
Your entry won! Claim $601 cash prize at goo.gl/xyz,phishing
"Hi, Your birthday is coming soon. It is time to buy a 1 Cr Term Plan for Rs.5390 rather paying Rs.5603 after birthday. Click rml.lu/Cvs559Y15",spam
Debt relief program: Get out of debt fast! Call 7744,spam
"Ciao, Grazie per esserti unito al servizio Bung Gita Bicara Bola! Ricevi informazioni interessanti e Pronostici Precisi da Bung Gita! 3 info/settimana a 2rb/sms. Per interrompere: invia ""unreg Gita"" al 3450. Servizio clienti: 0215649770.",spam
"500 New Mobiles from 2004, MUST GO! Txt: NOKIA to No: 89545 & collect yours today!From ONLY ¬£1 www.4-tc.biz 2optout 087187262701.50gbp/mtmsg18 TXTAUCTION",spam
"¡Urgente! Llama al 09066350750 desde tu teléfono fijo. Tu vacaciones en Ibiza de 4 estrellas o 10,000 en efectivo te esperan para ser recogidas. SAE T&Cs PO BOX 434 SK3 8WP 150 ppm 18+",phishing
நீங்கள் உச்ச ஆதாரத்தில் பணம் அனுப்ப வேண்டும். இப்பக்கத்தில் https://tinyurl.com/9058 க்கு வெற்றி அனுப்பவும்.,phishing
Don't miss this amazing deal: bag for only $72!,spam
Dapatkan e-tiket Promo untuk Penerbangan Domestik & Internasional Pemesanan ONLINE 24 jam Info Hubungi: 081316899123,spam
"Привет, как дела? Есть бонус Merry cukup isi pulsa minimun Rp 5 Ribu s.d 15 Ноября, вы сразу получите 300 МБ БЕСПЛАТНО. Давай пополнять счет! Бонус действует 3 дня. RL044A",spam
Your entry won! Claim $1875 cash prize at goo.gl/xyz,phishing
ජවහන්සි වලට වැඩියෙන්නේ උසස් කල සංරක්‍ෂියා අනුව වැඩිවුනු නොවේ. ඔබේ උපන්දිනට පස්සේ 1 පස්සේ ජවහන්සි කල් රු. 5390 හෝ පස්සේ ගන්න. අයියාව එකේ අයියා rml.lu/KQgkgv21කිරීමට වීමකි.,phishing
Your entry won! Claim $1373 cash prize at tinyurl.com/abc,phishing
FREE iPhone 15! Enter code 4142 at bit.ly/123,spam
تحديث الصيف الساخن! اشترِ قطعة واحدة واحصل على الثانية مجانًا على جميع الملابس الشاطئية في TrendyStyles. تسوق الآن عبر www.trendystyles.com/sale20,spam
Work from home: Earn $1575/hour! Start today: goo.gl/xyz,spam
URGENT: Your prize is waiting! Call 2191,phishing
"කරුණාකර මුදල් ගෙවියා යන්න, බැන්ක් ----- An Ardiansyah 5500248418 වෙත, ගුකීත් ගොඩනැහවෙලා ඉම්ස් කරනවා, ස්තුතින්න",phishing
"Dobel kuota dan pesan untuk 6 bulan GRATIS Bluetooth di Orange. Tersedia di ponsel Sony, Nokia, dan Motorola. Hubungi MobileUpd8 di 08000839402 atau call2optout/N9DX",spam
"<Reenviado desde 21870000> Hola, este es tu alerta de mensaje de texto del buzón de correo. Tienes 4 mensajes. Tienes 21 coincidencias. Por favor, llama al 09056242159 para recuperar tus mensajes y coincidencias.",phishing
Work from home: Earn $1127/hour! Start today: tinyurl.com/abc,spam
"Selamat!anda mdptkan satu unit MOBIL NISSAN JUKE dr PT.INDOFOOD pin_anda 27tdn55 u/info pengambilan Hadiah, kunjungi website www.popmieget-lucky.blogspot.com",phishing
"Скачайте столько рингтонов, сколько пожелаете, без ограничений, выбор из тысяч. Вы можете даже отправить их своим друзьям. Отправьте SMS с текстом ""Sir"" на номер 80082, стоимость £3.",spam
Anda perlu segera mengirim uang ke IRS SEKARANG di https://tinyurl.com/8958,phishing
22 දිනන් දිනන්! Euro2004 සඳහා ඔබට මෙරට නොවින්නම් නිවේදන සහ ප්‍රතිචාර දිනබලන කාලීනවල එකතු කෙරෙමි. ඉවත් කිරීම සක්‍රිය කිරීමට GET TXT STOP ලෙස 83222 වහන්සේ වෙනස් කිරීමද,spam
"PUAS Internetan, Chatting, Facebook, e guardare video per 30 giorni fino a 1,5 GB a soli Rp 30. Acquista il pacchetto al *100*1#",spam
<Forwarded from 21870000>ආයුබෝවන් - මෙම අයිතියේ සබැඳි පණිවිඩ පොම්කලා. ඔබට 4 පණිවිඩයි. ඔබට 21 අත් ඊමස් ඇතිවිය. දැන් 09056242159 ට ඇවි ඔබගේ පණිවිඩ සහ විවේග ගැමුණු ලබාගෙන ගන්න.,spam
CAHAYA ගමන ] දායකත්ව සහ ද්‍රව්ථුවේ ] ගහානු 🎁 දෙපවාද හොඳ * සහ ප්‍රබෝ 💰 සහිත 🎁 කලාපයන් සඳහා ඔබේ පිහිටෙ෉්වය සපයාගත හැකිය හැකි බැංකන්ට 24 @ වන 🏦 පෙදක්වන ක්රමස්ທ ^ 081310537888 කේලික් www.cahayatourtravel.com 💸,spam
URGENT: Your prize is waiting! Call 1512,phishing
لقد ربحت! كزبون قيّم لفودافون ، اختارك حاسوبنا لتكون الفائز بجائزة بقيمة 150 جنيه إسترليني. لاستلام الجائزة بسهولة، كل ما عليك فعله هو الاتصال على الرقم 09061743386.,phishing
"INDOMARCOCELL ofrece ser un agente PULSA MKIOS 1CHIP para todos los operadores a los siguientes precios; V.5=4000, V.10=8000, V.20=16000, Para unirte, escribe: DAFTAR y envíalo al 08977628977 #Melukiskan rasa ku tentang kita...",spam
"Yuk INTERNET-an NGEBUT para acceder a FB, Twitter y Chatear comprando el Paquete Flash 500MB/7hr (según la zona de ubicación) desde Rp25rb en *100*433# revisa las tarifas en tsel.me/FL",spam
"Erhältlich ist der iRing mit einem Tarif von Rp. 0,1/7 Stunden (Verlängerung Rp. 3190/7 Stunden) für den Hit Armada - Pencuri Hati. Drücken Sie *808*3*1*4*1# und dann OK/Anrufen. Info: 100&111.",spam
"¡pr1v4do! su 3stado de cuenta de 2004 para 07742676969 mu3$tra 786 punt0s de b0n1ficación no canjeados. par@ reclamar, llame a| 08719180248 código de identificación: 45239 expira",phishing
"Vieni a fare shopping su Google Play, è davvero facile, puoi anche usare il credito telefonico, http://tsel.me/jajanonline",spam
"Когда снова купить пакет Flash, начиная с 1,3 ГБ в MyTelkomsel, получите дополнительный кредит в размере 50 тысяч рупий? Для первой покупки с 25 августа по 25 сентября. Проверьте детали пакета на tsel.me/mytsel1",spam
PESAN RESMI DR TRI-CARE INDONESIA 2016 selamat No.anda mendptkn hadiah dgn No.PIN pemenang;47BL759 U/imfo silahkan kunjungi; www.bima3care2016.jimdo.com,phishing
FREE iPhone 15! Enter code 5701 at bit.ly/123,spam
Debt relief program: Get out of debt fast! Call 3964,spam
Work from home: Earn $2899/hour! Start today: goo.gl/xyz,spam
PERINGATAN Union Kredit Federal: Kartu Kredit Anda telah dikunci sementara. Harap hubungi layanan kartu di (786) 319-4482,phishing
Вы должны отправить деньги Internal Revenue Service (IRS) СЕЙЧАС по адресу https://tinyurl.com/8951,phishing
"Téléphones portables GRATUITS avec location à partir de 4,49 €/mois avec 750 minutes sur tous les réseaux. Offres de forfaits SMS à moitié prix également disponibles. Appelez le 08001950382 ou appelez pour refuser/JMF",spam
DRINGEND! Deine Mobilnummer wurde mit einem garantierten Preis von £2000 ausgezeichnet. Rufe 09058094455 von einer Festnetzleitung aus an. Nenne den Code 3030. Nur 12 Stunden gültig.,phishing
WIN 3597 NOW! Click bit.ly/123 to claim!,phishing
Hot Summer Sale! Buy one get one free on all beachwear at TrendyStyles. Shop now at www.trendystyles.com/sale29,spam
"இது உங்களை தொடர்பு கொள்கிறது என்று 2 வது முயற்சி. நீங்கள் 750 பவுண்ட் பரிசு வெற்றி பெற்றுவிட்டீர்கள். கிளேம் எப்படி உள்ளது என்று கூறவும், 08718726970 எண்ணை இப்போது அழைக்கவும்! ஒன்பது பைசா நேரத்திற்கு. பி.டி-தேசிய விகித",phishing
🎉 CONGRATS! You won $4657 Amazon gift card! Redeem at bit.ly/123 🎉,phishing
عزيزي ماثيو، الرجاء الاتصال على الرقم 09063440451 من خط أرضي، إجازتك في فندق 4 نجوم في تينيريفي أو مبلغ نقدي بقيمة 1000 جنيه إسترليني في انتظار جمعهم. تكلفة المكالمة هي 150 بنس في الدقيقة، تطبق الشروط والأحكام. الرجاء إرسال ظرف مخصص مع رمز البريد إلى الصندوق 334، SK38XH.,phishing
"Glückwunsch, Ihre 3Care-Nummer wurde ausgewählt, um einen Bargeldpreis in Höhe von Rp.45 Millionen vom 3Care-Gewinnspielprogramm zu erhalten. PIN: 7711CA88 Weitere Informationen unter: www.tricare2016.jimdo.com",phishing
"Hallo, Dein Geburtstag steht bald an. Es ist Zeit, einen 1 Cr-Terminkalender für 5390 Rs zu kaufen, anstatt nach dem Geburtstag 5603 Rs zu bezahlen. Klicke rml.lu/Cvs559Y22",spam
You need to send money the IRS NOW at https://tinyurl.com/9041,phishing
"Antworte, um wöchentlich £100 zu gewinnen! Welchen Profisport spielt Tiger Woods? Senden Sie STOP an 87239, um den Service zu beenden.",spam
Your entry won! Claim $4332 cash prize at tinyurl.com/abc,phishing
🎉 CONGRATS! You won $2274 Amazon gift card! Redeem at tinyurl.com/abc 🎉,phishing
Text BANNEDUK to 89555 to see! cost 150p textoperator g696ga 18+ XXX,spam
аnda рerlu segera mεngirim uang kepada irs di httрs://tinyurl.com/b942,phishing
"sonner!3 9ra7uite il vous suffit d'envoyer \p0lys\"" au 87131. r3c3v32 ensuite une nouv3ll3 sonnerie ch4que semaine. réservé @ux 16 an$ et plus. coû7 : £1.50/sema!ne.""",spam
"England gegen Mazedonien - verpasse nicht die Tore/Teamnews. Sende eine SMS an deine Nationalmannschaft an 87077 z.B. ENGLAND an 87077. Versuche es mit: WALES, SCHOTTLAND 4 SMS/'√∫1.20 POBOXox36504W45WQ 16+",spam
මැක්ඩොල්ඩ්හි 20% ක් දොඹන්න! TCASH TAP භේදයම් සඳහා විශේෂිත 20% අතින්පත්බුනය. එක්ක TCASH TAP ස්ධභාවය අලුත්ම ග්‍රාපාරි අවස්ථාවක්ද පින්මානය කරන්න. වැඩි විස්තර tsel.me/tappromo,spam
win838 now! click goo.gl/xyz 70 c|@im!,phishing
🎉 CONGRATS! You won $4391 Amazon gift card! Redeem at bit.ly/123 🎉,phishing
"Ciao, il tuo compleanno sta arrivando presto. È il momento di comprare un piano termico da 1 Cr per Rs.5390 anziché pagare Rs.5603 dopo il compleanno. Clicca su rml.lu/Cvs559Y10",spam
🎉 CONGRATS! You won $1776 Amazon gift card! Redeem at goo.gl/xyz 🎉,phishing
URGENT: Your prize is waiting! Call 8303,phishing
Наслаждайтесь ДОПОЛНИТЕЛЬНЫМ 2 ГБ 4G LTE + ДОПОЛНИТЕЛЬНЫМ объемом данных до 1 ГБ ночью с покупкой пакета FLASH 1 ГБ/30 дней всего за Rp 43rb по номеру *363*49#. Проверьте тариф на tsel.me/FL SKB.,spam
Marvel Mobile Play the official Ultimate Spider-man game (¬£4.50) on ur mobile right now. Text SPIDER to 83338 for the game & we ll send u a FREE 8Ball wallpaper,spam
🎉 CONGRATS! You won $3104 Amazon gift card! Redeem at goo.gl/xyz 🎉,phishing
¡SÍ! El único lugar en la ciudad para conocer a emocionantes solteros adultos ahora está en el Reino Unido. Envía CHAT al 86688 ahora. 150p/Mensaje.,spam
"Utiliza mi código de invitación, nxmvf722ue, y obtén un viaje gratis de hasta Rp75,000. Canjealo en https://www.uber.com/invite/nxmvf722ue",spam
Отказали в кредите? Обеспеченный или необеспеченный? Не могу получить кредит? Позвоните бесплатно сейчас 0800 195 6669 или отправьте SMS с текстом 'help' и мы поможем!,spam
URGENT: Your prize is waiting! Call 1511,phishing
Anda perlu segera mengirim uang ke IRS sekarang di https://tinyurl.com/8898,phishing
"جذّاب جذّاب، تعال وأرسل لي رسالة فأنا رطبة ودافئة وجاهزة للإباحية! هل أنت جاهز للمرح؟ هذه الرسالة مجانية، تكاليف الرسائل المستقبلة 150 بيسة شاملاً ضريبة القيمة المضافة. لإلغاء الاشتراك، ارسل ""STOP"".",spam
🎉 CONGRATS! You won $1536 Amazon gift card! Redeem at tinyurl.com/abc 🎉,phishing
"<Inoltrato da 21870000>Ciao, questo è l'avviso SMS della tua casella di posta. Hai 4 messaggi. Hai 21 corrispondenze. Per favore, richiama il 09056242159 per recuperare i tuoi messaggi e le corrispondenze.",phishing
"ou are guaranteed the latest Nokia Phone, a 40GB iPod MP3 player or a ¬£500 prize! Txt word: COLLECT to No: 83355! IBHltd LdnW15H 150p/Mtmsgrcvd18",spam
"Oferta limitada de software de puerta de enlace SMS para publicidad SMS, elecciones locales, escuelas, instituciones, campus, etc. Precio promocional de rp. 100.000 contacto: jasa advertising corp 085727088813 las 24 horas.",spam
DEAL: URGENT: Your prize is waiting! Call 2987,phishing
"Ayo sorvegliare l'utilizzo dei sussidi per la benzina e il compenso per coloro che ne hanno diritto! Segnalazioni, digita ""BBM"" (spazio) seguito dal messaggio. Invia al 1708.",spam
Sie müssen nun das Geld an das IRS senden unter https://tinyurl.com/8866,phishing
"Sy Ajeng hat eine SMS von PT. 3Care Indonesia über eine Bargeldzahlung von Rp. 100 Millionen auf der Website www.pttricare2016.blogspot.com erhalten, wurde jedoch gebeten, eine Verwaltungsgebühr von Rp. 1,250 Millionen zu bezahlen... Sy wurde auch von Herrn Bambang Purwanto angerufen und die Bankverbindung zur Zahlung der Administrationsgebühr über die Bank BRI auf den Namen PT. TRI LESTARI erhalten. Es wurde sogar der Personalausweis des Marketingleiters des PT. 3 Care Indonesia auf der Website angegeben.",phishing
உங்கள் விளையாட்டுகளை கொண்டும் கூட்டும் மேம்படுங்கள் & Google Play Store இல் உள்ள அநீசிகியல்களை அதிகமாகாத வரை வாங்குங்கள்,spam
"У вас есть секретный поклонник, который хочет связаться с вами - узнайте, кто они. Раскройте, кто считает вас таким особенным. Позвоните по номеру 09058094599.",phishing
"மூன் சிங்கங்கள் இங்கிலாந்து ஒலி, லயன்ம் 4 மோனோ அல்லது லயன்பி 4 போலி என்பதைக் கிடைக்கும். www.ringtones.co.uk க்கு செல்ல, மூல மற்றும் சிறந்த இராணுவத் தனிப்படுத்தும் 3GBP ஒருங்கிணைந்தர ரேட்டு பிரிவு இலவச குறிப்புகள் பொருந்துகின்றன",spam
85233 FREE> نغمة رنين!يرجى الرد REAL,spam
Work from home: Earn $4046/hour! Start today: tinyurl.com/abc,spam
"Herzlichen Glückwunsch - Sie haben in der dieswöchigen Wettbewerbsauslosung den Gewinn von £1450 gewonnen. Um diesen zu erhalten, rufen Sie einfach 09050002311 b4280703 an. AGB/Stopp SMS 08718727868. Nur für über 18-Jährige. 150ppm.",phishing
URGENT: Your prize is waiting! Call 4334,phishing
"RAWIT විකිණිම් වෙනස් වේ, ජාතිකත්වය කුමනුල වේ! AXIS යන්නායා ඔබේ කාඩ්වත් දහනවන්හ අවශනයේ අධිපතීක්කරයා. හිතමුන෿ RAWIT දිනය යොදා ගැනීමට වෙන්කිලීම කරනවා. Info838. LD328",spam
"Update_Now - Penawaran Natal! Terbaru Motorola, SonyEricsson & Nokia & GRATIS Bluetooth! Double Mins & 1000 Pesan Teks di Orange. Hubungi MobileUpd8 di 08000839402 atau call2optout/F4Q=",spam
"Ciao, il 🔒 tuo compleanno sta arrivando presto. 💸 È il ⚡ momento ⚡ di acquistare un piano a 📧 termine di [ 1 💰 Cr per Rs.5390 ⚡ anziché ) pagare Rs.5603 * dopo il compleanno. Clicca rml.lu/Cvs559Y0",spam
URGENT: Your prize is waiting! Call 5039,phishing
Vous devez envoyer de l'argent à l'IRS MAINTENANT sur https://tinyurl.com/9000,phishing
URGENT: Your prize is waiting! Call 2987,phishing
"ответьте, чтобы выиграть £ı00 еженедельно! каким профессиональным видом спорта занимается тайгер вудс? отправьте стоп на 8t239, чтобы завершить обслуживание.",spam
Message Important information for O2 user. Today is your lucky day! 2 find out why log onto http://www.urawinner.com there is a fantastic surprise awaiting you,phishing
"ජයවර්ධනි, හඳුන් ලයින් විතර තැපැල් ගොනස් ලියා ලබාගැනීම? එක්සත් විධානය පරීෂ‍් කිරීමේ කණ්ඩායමට එස් හැඳන ගොනස් ලිපි සැටඩ් 2 ඔපැනිට් 69888 හි ""MOAN"" ට ටකිකත් කරන්න. සිංහල ලිපිය @150p",spam
Debt relief program: Get out of debt fast! Call 1193,spam
4 mois à moitié prix sur le forfait Orange et les derniers téléphones avec appareil photo GRATUITS. Vous avez votre téléphone depuis 11 mois ? Appelez MobilesDirect gratuitement au 08000938767 pour une mise à jour dès maintenant ! ou2stoptxt,spam
Möchten Sie ein neues Videotelefon? 750 Minuten für jede Netzwerk jederzeit? UNBEGRENZTE TEXTNACHRICHTEN? Camcorder? Antwort oder rufen Sie jetzt 08000930705 für Lieferung am Samstagmorgen an.,spam
"Это второй раз, когда мы пытаемся связаться с вами. Вы выиграли приз в размере 1450 фунтов стерлингов, чтобы его получить, просто позвоните по номеру 09053750005 до 310303. Условия и положения/для отказа от СМС используйте номер 08718725756. 140 пенсов в минуту.",phishing
"ඔබ දැනට TEXTCOMP 250 සුප්‍රේටයායි 2 සාදන ලබයි. පළමු සතියේ නිතර ප්‍රශ්නය පිළිබඳව බලන්න, ඊළඟ සතියේ ගාළු එක 150ට ප්‍රතිසන්නේ. අවසන් කිරීම සඳහා STOP ටෙක්ස්ට් එක ටොට 84128ට පණටේස වන්න, සේවා කෙරේන් 08712405020ට ඇමතින්න.",spam
"Половина стоимости абонентской платы Orange в течение 4 месяцев и последние камеры для телефонов БЕСПЛАТНО. У вас уже был телефон 11 месяцев? Позвоните в MobilesDirect бесплатно по номеру 08000938767, чтобы обновиться сейчас! или2stoptxt",spam
🎉 CONGRATS! You won $960 Amazon gift card! Redeem at bit.ly/123 🎉,phishing
"Ricevi subito un diploma D3-S1-S2 autentico registrato e accreditato rapidamente, istantaneamente e ufficialmente. Si prega di visitare: www.buatijazahs1.wordpress.com oppure contattare 085222999475. Grazie.",spam
URGENT: Your prize is waiting! Call 7832,phishing
🎉 CONGRATS! You won $2830 Amazon gift card! Redeem at goo.gl/xyz 🎉,phishing
"இலவச வீடியோ கேமரா ஃபோன்கள், 12 மாதத்திற்கு பிரதி வரி அதிர்வெண்களில் அதிகமாக, 500 க்ராஸ் நெட்வொர்க் நிமிடங்கள் மற்றும் 100 எஸ்எம்எஸ்எஸ் இருமணியுடன். ""MobileUpd8-ஐ"" அழையவும், 08001950382 ஐ அழையவும் அல்லது ""Call2OptOut/674&"" ஐ அழையவும்.",spam
Todays Voda numbers ending 5226 are selected to receive a ?350 award. If you hava a match please call 08712300220 quoting claim code 1131 standard rates app,phishing
"Pria gay yang merasa lapar dan siap untuk makan sekarang. Hubungi 08718730555 dengan biaya 10p/menit. Untuk berhenti menerima pesan teks, hubungi 08712460324 (10p/menit).",spam
"Ciao, il tuo compleanno sta arrivando presto. È il momento di acquistare un piano a termine di 1 Cr per Rs.5390 anziché pagare Rs.5603 dopo il compleanno. Clicca rml.lu/Cvs559Y0",spam
"එස්ට්‍රා ක්‍රෙඩිට්යුන් සහිත 2GB 4G LTE සහ 100mnt/1hr වැඩිම කරගැනීමේ පැකට් සඳහා MY TELKOMSEL APP සහිත 1GB කියන්න ගැන දැනගන්න. හැමෝට, පරියායත්මය පිටුව සටහන් කරන්න tsel.me/mytsel1 හට. S&K",spam
"Querido titular del vale, para reclamar la oferta de esta semana, por favor vaya a http://www.e-tlp.co.uk/reward desde su PC. Se aplican términos y condiciones.",spam
"Text82228>> Получите больше мелодий звонков, логотипов и игр с сайта www.txt82228.com. Вопросы: info@txt82228.co.uk",spam
"Besoin de vacances ? Il y a ici un voyage gratuit à Hong Kong ! Comment faire : Utilisez le crédit AXIS sur votre téléphone Android pour effectuer autant de transactions que possible pour des objets Pokemon Go, BIGO, COC, etc.! Info838 LD328",spam
WIN 4159 NOW! Click bit.ly/123 to claim!,phishing
URGENT This is our 2nd attempt to contact U. Your Â£900 prize from YESTERDAY is still awaiting collection. To claim CALL NOW 09061702893,phishing
"ПОЗДРАВЛЯЕМ, Вы выиграли 1 МАШИНУ FREED от TELKOMSEL, выпуск 2013 года, которая была розыграна вчера вечером в 23:30 на канале RCTI. Информация: 082329676767 H. MULYADI Отправитель: +777",phishing
"¡Hola, estoy muy cachondo! ¿Quieres chatear o verme desnudo? Envía ""hot"" al 69698. Mensaje con cargo de 150 por mensaje. Para cancelar, envía ""stop"" al 69698.",spam
🎉 CONGRATS! You won $4552 Amazon gift card! Redeem at tinyurl.com/abc 🎉,phishing
مرحبًا يا رجال. ترغبون في تلقي صور XXX ساخنة مباشرة على هاتفكم؟ أرسلوا PORN إلى 69855، مجانًا لمدة 24 ساعة ومن ثم 50 بنس في اليوم. لإيقاف الخدمة، أرسلوا STOPBCM SF WC1N3XX.,spam
நீங்கள் IRS-க்கு உங்கள் பணம் உள்ளது ரீயா இப்போது https://tinyurl.com/9006 உள்ளிடவேண்டும்,phishing
"கருநிலா வாடிக்கையாளரே.. M-KIOS CELL உங்களுக்கு M-kios மற்றும் டோக்கன் PLN பிரிஸ் பதிவுக்கு உதவுகிறது: V5: Rp.4300 V10: 8300 கூடுதலாக, சேர விரும்பினால் INFO என்ற வரை உள்ளியக்க 089652018503 என்ற எண்ணுக்கு அனுப்பவும்.",spam
🎉 CONGRATS! You won > $3958 & Amazon = gift ^ card! Redeem at goo.gl/xyz ? 🎉,phishing
Earn $1526 per week working from home!,spam
"Сегодня утром я тоже получил смс. PT.TRI.3SimCard ваш Официальный M-получил приз HONDA JAZZ Rs. Пин-код: 477BFG7S, Информация по телефону: 089606490199 ПЕРЕЙТИ: www.pusat-tri.blogspot.com",phishing
Work from home: Earn $4603/hour! Start today: goo.gl/xyz,spam
Anda perlu segera mengirim uang ke IRS di https://tinyurl.com/8951,phishing
Don't miss this amazing deal: jacket for only $22!,spam
Devi inviare denaro all'IRS ORA su https://tinyurl.com/8919,phishing
"Mila, 🔗 23 ( anni, ; bionda, nuova ! nel ⚡ Regno Unito. Cerco 📱 incontri 🛡️ erotici 🚨 con 🔒 ragazzi britannici. Se ti = va di divertirti 🎉 con me, manda un ) SMS con MTALK al 📱 69866. ⚠️ 18 💰 anni 💳 o più. 30p 💳 al 🏦 testo. Primi { 5 gratis. Incrementi di 💳 £1.50. Per ~ assistenza 🏦 chiama 08718728876.",spam
Sie müssen dem IRS JETZT Geld senden unter https://tinyurl.com/8931,phishing
"Dein Guthaben beträgt jetzt 500 £. Deine nächste Frage lautet: Wer sang in den 80ern 'Uptown Girl'? Um zu antworten, sende deine ANTWORT an die 83600. Viel Glück!",spam
"PESAN GRATIS Aktifkan 500 Pesan Teks GRATIS Anda dengan membalas pesan ini dengan kata GRATIS. Untuk syarat dan ketentuan, kunjungi www.07781482378.com",spam
Don't miss this amazing deal: bag for only $22!,spam
Ваш текущий денежный баланс составляет 500 фунтов - для максимизации своих наличных отправьте GO на 86688 всего 150р/сообщение. Код: 08718720201 ПО Ящик 114/14 TCR/W1,phishing
Anda sedang ditipu! Dapatkan konten seluler Anda dari www.clubmoby.com telepon 08717509990 poli / true / Gambar / Nada dering/Permainan enam unduhan hanya dengan 3.,spam
"Felicidades, has sido premiado con 500 de vales de CD o 125 regalos garantizados y entrada gratuita a un sorteo semanal de 100. Envía MUSIC al 87066 para más información. Consulta los términos y condiciones en www.Ldew.com1win150ppmx3age16.",phishing
🎉 CONGRATS! You won $4825 Amazon gift card! Redeem at goo.gl/xyz 🎉,phishing
ඔබ හිතලා IRS හි මුදල් ඉවන්න අයිතිය තුල https://tinyurl.com/8918,phishing
FLASH SALE: 78% OFF all items! Shop now: goo.gl/xyz,spam
"fél!c1t@tions! un p4s5 c!néma $pécial d'un an pour 2 v0us apparti3nt. app3lez maint3nant le 09061209465! c suprman v, matrix3, starwars3, etc tout c3la gr4tuitement! bx420-ip4-5we. 150pm. n3 manque2 p45!",phishing
URGENT: Your prize is waiting! Call 6167,phishing
"Sie sind ein Gewinner, Sie wurden speziell ausgewählt, um £1000 Bargeld oder eine £2000 Auszeichnung zu erhalten. Sprechen Sie mit einem Live-Operator, um Ihren Gewinn geltend zu machen, rufen Sie von 9 bis 19 Uhr unter 087147123779 an. Kosten 10 Pence.",phishing
8007 இலவசம் முதல் வாரம்! உங்கள் மொபைலிற்காக நோகியா டோன் 4 தவணை டெக்ஸ்ட் NOKIA என்று 8007 க்கு அனுப்பவும். டெக்ச்டிங் செய்து உங்கள் நண்பர்களுக்கு சொந்தமாக்கவும் www.getzed.co.uk POBox 36504 W4 5WQ சாதாரண 150பை/டோன் 16+,spam
Вы должны немедленно отправить деньги в IRS по ссылке https://tinyurl.com/9002,phishing
"Offriamo servizi di prestito in contanti attraverso la garanzia del certificato di proprietà di un'auto. Copriamo l'intera area dell'Indonesia..tasso d'interesse 0,8 - 1% fisso/mese, Nessuna verifica da Banca d'Indonesia, processo veloce,, i dati saranno raccolti direttamente dal nostro team di survey (BFI finance) Contatto: Oktra Mariadi Sihaloho Tel: 082122483312",spam
WIN 1646 @ NOW! Click 🔥 tinyurl.com/abc to ⚠️ claim! ?,phishing
Your entry won! Claim $1430 cash prize at bit.ly/123,phishing
Limited time offer: 75% off everything!,spam
(رقم المعرِّف aytd2773838383 https://goo.gl/782999),spam
Work from home: Earn $631/hour! Start today: goo.gl/xyz,spam
உங்களுக்கு முக்கியமான உத்தியை பார்வையிட விரும்பவேண்டும். இப்போது இலவசமாக அழைப்பிக்குக FREEPHONE 0800 542 0825!,spam
WIN: Earn $1648 per week working from home!,spam
Work from home: Earn $4249/hour! Start today: goo.gl/xyz,spam
Dorothy@kiefer.com (கிரானை வங்கி வலைப்பூர்வ வாங்கு) எங்கள் உறுதியான உத்தரவு ***** 300% க்கும் மேல் *********** நாஸ்தாக் குறி CDGT அது ஒரு $5.00 ஆகும்.,spam
WIN 4887 NOW! Click goo.gl/xyz to claim!,phishing
Вам нужно отправить деньги IRS СЕЙЧАС по адресу https://tinyurl.com/8939,phishing
FREE iPhone 15! Enter code 2515 at bit.ly/123,spam
ඩවීනයාගේ සංරක්ෂණයන් 100% පහත 50 රුපියල් ඩීගේහැසිද MyTelkomsel විදොජේවාහ T-Cash භාවිතාවේ 11 අගාස්තාවන් 2016 දක්වැනේ-- ගලී!,spam
WIN 762 { NOW! Click tinyurl.com/abc 💸 to ) claim!,phishing
Решение от tricare Indonesia № XV/2015 Пин-код победителя 8JF2177 получает 1TOYOTA YARIS U/информация Посетите www.tri-2015.webnode.com или blogspot.com,phishing
ඔබට මුදල් යැවිය යුතු අංශය දැන් එය https://tinyurl.com/8846 මගින් දැනට යාමට අවශ්‍යයි.,phishing
Камера - Вам присуждена цифровая камера SiPix! Позвоните по номеру 09061221066 с городского телефона. Доставка в течение 28 дней.,phishing
URGENT: Your prize is waiting! Call 2723,phishing
🎉 CONGRATS! You won $3356 Amazon gift card! Redeem at goo.gl/xyz 🎉,phishing
اشتريت نغمة رنين والآن أتلقى رسائل نصية تكلف 3 جنيهات تقدم نغمات أخرى وما إلى ذلك,spam
"Nelpon MURAH hanya Rp 2500/panggilan ke MAL, SIN, Thailand, HK, China & USA dgn tekan 01016+Kode Negara+No Tujuan. Info: www.indosatooredoo.com/flatcall2500",spam
Вам нужно немедленно отправить деньги в IRS по ссылке https://tinyurl.com/8921,phishing
Your entry won! Claim $2360 cash prize at tinyurl.com/abc,phishing
Debt relief program: Get out of debt fast! Call 3955,spam
¡URGENTE! Estamos tratando de contactar con U. El sorteo de hoy muestra que has ganado un premio de £2000 GARANTIZADO. Llama al 09066358361 desde una línea fija. Reclame Y87. Válido solo por 12 horas.,phishing
Work from home: Earn $1482/hour! Start today: bit.ly/123,spam
OFFIZIELLE NACHRICHT Herzlichen Glückwunsch! Ihre Sim-Karte hat einen Preis von Rp.100 Millionen von TRI CARE gewonnen. PIN: 7Y7R8K9Z 089636298565 Weitere Informationen unter: www.bima3care78.blogspot.com,phishing
Earn $1401 per week working from home!,spam
8007 25p 4 La canzone di Alfie Moon per il Children in Need sul tuo telefono. Diglielo ai tuoi amici. Invia TONE CHARITY al 8007 per i Nokia o POLY CHARITY per i cellulari con suonerie polifoniche : zed 08701417012 profitto 2 a scopo di beneficenza,spam
🎉 CONGRATS! You won $1572 Amazon gift card! Redeem at goo.gl/xyz 🎉,phishing
"Nos dossiers indiquent que vous pourriez avoir droit à 5000 livres en compensation pour l'accident que vous avez eu. Pour réclamer 4 gratuit, répondez avec CLAIM à ce message. 2 arrêter de recevoir des messages, envoyez STOP",phishing
Your entry won! Claim $4491 cash prize at tinyurl.com/abc,phishing
Work from home: Earn $4483/hour! Start today: bit.ly/123,spam
PRIVATO! Il tuo estratto conto del 2003 mostra 800 punti S. I. M. non utilizzati. Chiama 08715203694 Codice Identificativo: 40533 Scade il 31/10/04,phishing
URGENT: Your prize is waiting! Call 1101,phishing
Salut 07734396839 IBH Customer Loyalty Offer: Le NOUVEAU téléphone mobile NOKIA6600 à partir de seulement ¬£10 chez TXTAUCTION! Texte START au No: 81151 & obtenez le vôtre maintenant! 4T&,spam
Offerta esclusiva: Ottieni il 50% di sconto sul tuo prossimo acquisto su SuperShoes. Visita www.supershoes.com/offers. Annulla l'iscrizione su bit.ly/com37374.,spam
உங்கள் போஸ்ட் செய்யப்பட்ட முடிவு அனுமதிக்கப்பட்டுள்ளது. *889# ஐ உபயோகிக்கி பரிமாணத்தைச் சோதியவும்.,spam
تحدث بطريقة جذابة!! اصنع أصدقاء جدد أو وقع في الحب في أكثر خدمات التعارف النصية سرية في العالم. ما عليك سوى إرسال رسالة نصية بكلمة VIP إلى الرقم 83110 وانظر من تستطيع أن تلتقي به.,spam
FREE iPhone 15! Enter code 9731 at tinyurl.com/abc,spam
Devi inviare denaro all'IRS ADESSO su https://tinyurl.com/9063,phishing
Möchten Sie ein neues Videotelefon? 750 Minuten für alle Netze zu jeder Zeit? Die Hälfte des Linienmietes zum halben Preis und kostenlose SMS für 3 Monate? Antworten Sie oder rufen Sie 08000930705 an für kostenlose Lieferung.,spam
Work from home: Earn $1117/hour! Start today: goo.gl/xyz,spam
"449050000301 Вы выиграли приз в размере £2,000! Чтобы получить выигрыш, позвоните по номеру 09050000301.",phishing
Debt relief program: Get out of debt fast! Call 6144,spam
URGENT: Your prize is waiting! Call 1334,phishing
p1g y7h! no' anda 081310xx m-dpt hadi4h 4ll new av@nz4 dr pt.telkom5el pin @nda:b89c7h9 info kl1k: www.7sel-re5mi777.jimd0.coma/hub;0016282333306308,phishing
FREE iPhone 15! Enter code 5266 at bit.ly/123,spam
உங்களை அறிந்து கொண்டிருக்கும் ஒருவர் உங்களை எங்கள் டேட்டிங் சேவையடில் தொடர முயற்சிக்கிறார்! அது யாராக இருக்கிறதென்பதை அறிய உங்கள் மொபைல் அல்லது லேண்ட்லைன் 09064015307 இலிருந்து அழையவும் பெட்334SK38ch,spam
FREE iPhone 15! Enter code 1333 at bit.ly/123,spam
URGENT: Your prize is waiting! Call 8389,phishing
Your entry won! Claim $2149 cash prize at goo.gl/xyz,phishing
"Вы можете пожертвовать 2,50 фунта стерлингов на фонд поддержки пострадавших от цунами в Азии UNICEF, отправив SMS на номер 864233 с текстом DONATE. 2,50 фунта стерлингов будут добавлены к вашему следующему счету",spam
Selamat ENGLAND! Dapatkan nada dering resmi atau bendera warna di ponsel Anda! Ketik TONE atau FLAG ke 84199 SEKARANG! Berhenti berlangganan dengan mengirimkan pesan teks ENG STOP. Kotak pos 39822 W111WX ¬£1.50,spam
URGENT: Your prize is waiting! Call 6642,phishing
Diskon Musim Panas! Beli satu dapat satu gratis untuk semua pakaian pantai di TrendyStyles. Belanja sekarang di www.trendystyles.com/sale8,spam
Work from home: Earn $1743/hour! Start today: tinyurl.com/abc,spam
Earn $3108 per week working from home!,spam
Necesitas enviar dinero al IRS AHORA en https://tinyurl.com/8994,phishing
限时优惠：全场67%折扣！,spam
FREE iPhone 15! Enter code 7676 at bit.ly/123,spam
"3 இலவச தாரோ உரைகள்! உங்கள் காதல் வாழ்க்கைப் பரப்பை இப்போதுதான் அறியவும்! 3 இலவசமாக முயற்சியுங்கள்! எண் 85555 16 க்கு CHANCE என்ற அனுப்பவும்! இலவச விரைவில், Msgs £1.50 ஆனது",spam
FREE iPhone 15! Enter code 8721 at goo.gl/xyz,spam
WIN 782 NOW! Click bit.ly/123 to claim!,phishing
Hai 1 nuovo messaggio. Chiama il 0207-083-6089,spam
Don't & miss ~ this amazing 🔗 deal: 📱 shoes 📱 for only $15!,spam
Привет 07734396839 IBH Customer Loyalty Offer: The NEW NOKIA6600 Mobile from ONLY ¬£10 at TXTAUCTION!Txt word:START to No:81151 & get Yours Now!4T&,spam
يجب عليك إرسال الأموال لمكتب الضرائب الآن على الرابط: https://tinyurl.com/8855,phishing
"Cliente de T-Mobile, ahora puedes reclamar tu actualización GRATUITA a un teléfono con cámara y una tarjeta SIM de prepago por tu lealtad. Llama al 0845 021 3680. La oferta finaliza el 28 de febrero. Se aplican términos y condiciones.",phishing
Gratis Msg Hola bebé wow acabo de conseguir una nueva cámara móvil. ¿Quieres ver una foto caliente? ¿O prefieres charlar? Estoy esperando por ti. Envía CHAT al 82242 Ayuda 08712317606 Msg150p 2rcv,spam
"Password bulanan untuk wap. mobsi.com adalah 391784. Gunakan telepon wap Anda, bukan PC.",spam
WIN 1475 NOW! Click bit.ly/123 to claim!,phishing
FREE iPhone 15! Enter code 7098 at bit.ly/123,spam
FreeMsg>FAV XMAS TONES!Responder REAL,spam
Offerta esclusiva: Ottieni il 50% di sconto sul tuo prossimo acquisto su SuperShoes. Visita www.supershoes.com/offers. Annulla l'iscrizione su bit.ly/com37381,spam
Quiz sul sole! Vinci un super registratore DVD Sony se riesci a indovinare la capitale dell'Australia! Invia MQUIZ al 82277. B,spam
You need to send money the IRS NOW at https://tinyurl.com/8928,phishing
"DRINGEND. Wichtige Informationen für 02-Benutzer. Heute ist Ihr Glückstag! Um herauszufinden warum, loggen Sie sich unter http://www.urawinner.com ein. Es erwartet Sie eine fantastische Überraschung!",phishing
"Солнечный викли Кв! Выиграйте топовый DVD-плеер Sony, если вы знаете, в какой стране находится Алгарве? Текст ответа на 82277. £1.50 SP:Тайрон",spam
"DEAL: Recarga saldo de XL por 50k en el número 0818643929 ahora, es importante.",spam
Your entry won! Claim $3210 cash prize at bit.ly/123,phishing
Hai un ammiratore segreto che sta cercando di mettersi in contatto con te - scopri chi sono* svela chi pensa che tu sia così speciale - chiama il 09058094594,spam
Vous devez envoyer de l'argent au service des impôts MAINTENANT sur https://tinyurl.com/9037,phishing
Anda perlu segera mengirim uang kepada IRS SEKARANG di https://tinyurl.com/9043,phishing
Страховой взнос по страхованию жизни увеличивается с возрастанием возраста. Купите страхование на 1 крор и заплатите 5390 рупий вместо 5603 после вашего дня рождения. Применить rml.lu/KQgkgv13,spam
FREE iPhone 15! Enter code 1181 at bit.ly/123,spam
"Привет, Скоро будет твой день рождения. Пора приобрести страховой план на 1 крор рупий за 5390 рупий, вместо того, чтобы платить 5603 рупии после дня рождения. Нажми на ссылку rml.lu/Cvs559Y37",spam
Earn $1059 per week working from home!,spam
ENCHÈRES SMS - Un tout nouveau Nokia 7250 est mis aux enchères aujourd'hui ! L'enchère est GRATUITE pour participer ! Envoyez NOKIA au 86021 maintenant ! HG/Suite342/2Lands Row/W1J6HL,spam
Work from home: Earn $4517/hour! Start today: tinyurl.com/abc,spam
WIN 2069 NOW! Click goo.gl/xyz to claim!,phishing
2004 வரை 500 புதிய மொபைல்கள் வேண்டும்! உங்களுக்கு உங்கள் மொபைலை பெற டெக்ஸ்ட்: NOKIA ஐ அனுப்பி வைக்கவும்! மொத்தமாக மட்டும் ¬£1 இருந்து www.4-tc.biz 2optout 087187262701க்கு அனுப்பி 50gbp/mtmsg18,spam
ඔබගේ අපේම දැනගන්නා Amazon මිලටම රු. 108.34 ස් අයිනයක් කර තිබේ. මෙහෙදී දෝෂයක් ඇවිල්ලේ සහෝය (407) 438-4356 දුරකථන අංකය ඇකීමේදී නම්.,phishing
OFFIZIELLE INFORMATIONEN VON PT.TRI CARE PIN Gewinner (8jf2177) Sie haben den PREIS EINER TOYOTA YARIS Einheit gewonnen. Zur Überprüfung des Pins klicken Sie auf: www.tricare2015.blogspot.com.,phishing
Devi inviare denaro all'IRS ORA su https://tinyurl.com/8868,phishing
تهانينا! 2 هواتف محمولة 3G بفيديو هدية لك. اتصل الآن على 09061744553! ابدأ في محادثات فيديو مع أصدقائك، والعب ألعاب جافا، وقم بتنزيل موسيقى عالية الجودة، دون دفع إيجار. ص.ب 420. آي بي 4. 5غ. 150 في الشهر.,spam
Выиграйте годовой запас компакт-дисков на сумму в ¬Ј500 для магазина вашего выбора и участвуйте в еженедельном розыгрыше на ¬Ј100. Отправьте SMS с текстом MUSIC на номер 87066. Подробности и условия на www.Ldew.com.subs16+1win150ppmx3.,spam
"தயவுசெய்து அம்மாவிக்கு முதலில் 25 ரூபாய் புல்ஸாவை AS எண் 085245318024 பொருளாதிகள், ஏனெனில் அம்மாவின் நண்பர் சம்பவம் ஏற்பட்டுவிட்டது, இப்போது அவர்களை தொடர்புகொள்ள வேண்டும், அப்போது அம்மா பணம் புதைக்கும், முக்கியம்",phishing
URGENT: Your prize is waiting! Call 9781,phishing
🎉 CONGRATS! You won $4971 Amazon gift card! Redeem at bit.ly/123 🎉,phishing
Rispondi per vincere £100 settimanali! A che sport professionale gioca Tiger Woods? Invia STOP al 87239 per interrompere il servizio,spam
FLASH SALE: 60% OFF all items! Shop now: goo.gl/xyz,spam
Debt relief program: Get out of debt fast! Call 8625,spam
🎉 CONGRATS! You won $4004 Amazon gift card! Redeem at goo.gl/xyz 🎉,phishing
Earn $1142 per week working from home!,spam
"Grande vente d'été ! Achetez-en un, obtenez-en un gratuit sur tous les vêtements de plage chez TrendyStyles. Magasinez dès maintenant sur www.trendystyles.com/sale39",spam
"Los números Vodafone de hoy que terminan en 4882 han sido seleccionados para recibir un premio de £350. Si tu número coincide, llama al 09064019014 para recibir tu premio de £350.",phishing
"ඔබට £250 සතියෙන් ප්‍රතිලාභ වෙන් කිරීමේ ළදරුවන් ලබා ගැනීමට SHOP ට්‍රරු 80878 වෙත ටික්ස් කරන්න. T's & C's www.txt-2-shop.com custcare 08715705022, 1x150p/wk",spam
"Anda telah menerima pesan bahwa Anda telah menjadi pemenang di Hadiah Kejutan BritAma. Untuk informasi lebih lanjut, kunjungi www.hadiahkejutangBri.blogspot.com. Jika Anda menerima pesan telepon yang mengaku dari BANK BRI namun tidak dapat dipercaya, jangan memberikan nomor PIN Anda.",phishing
"ඔබේ තාක්ෂණයේ සස්රුත ප්‍රජානන්ද ජී එස් 4ජී එල්ටීඑයට හොඳම හීප් විකිණීමට පිළිබඳව ඔබට හැකිය, නමුත් 859බි ගත හැක(සාමාන්‍ය 999බි). සැමදාම ස්මාට්ෆ්රෙන් වෙත එය පරිදි කරනවා.",spam
"Souhaitez-vous des appels téléphoniques, des SMS, de l'Internet en plus (termes et conditions applicables) ? participez à une brève enquête sur l'application musicale jusqu'au 3 septembre. Cliquez sur : http://tsel.me/mulu",spam
Ketuk Ketuk SMS siapa di sana ke nomor 80082 untuk masuk dalam undian mingguan untuk memenangkan voucher hadiah senilai ¬£250 untuk toko pilihan Anda. Syarat dan Ketentuan www.tkls.com usia 16 tahun untuk berhenti SMS hentikan ¬£1.50/minggu,spam
DRINGEND! Ihre Mobilnummer wurde mit einem Bonusanrufpreis von £2000 ausgezeichnet. Rufen Sie 09058095201 vom Festnetz aus an. Nur 12 Stunden gültig.,phishing
"Anda telah memenangkan tiket ke FINAL PIALA EURO2004 atau ¬£800 TUNAI, untuk mengambilnya TELEPON 09058099801 b4190604, POBOX 7876150ppm",phishing
"Auction round 4. The highest bid is now ¬£54. Next maximum bid is ¬£71. To bid, send BIDS e. g. 10 (to bid ¬£10) to 83383. Good luck.",spam
Your entry won! Claim $1111 cash prize at tinyurl.com/abc,phishing
"Terkini, ungkapin apa yang ada dipikiranmu lewat sticker line, beli pake pulsa TSel https://store.line.me/ download di stickershop",spam
"Оживи свою мобилу с Хэллоуинской коллекцией логотипа и изображения, а также бесплатным жутким звонком, отправьте CARD SPOOK на номер 8007 за 0,87 фунта за логотип/изображение",spam
FREE iPhone 15! Enter code 7461 at goo.gl/xyz,spam
🎉 CONGRATS! You won $4660 Amazon gift card! Redeem at goo.gl/xyz 🎉,phishing
WIN 2530 NOW! Click goo.gl/xyz to claim!,phishing
Bloomberg - Message-Center +447797706009 Warum warten? Bewerben Sie sich für Ihre Zukunft http://karriere.bloomberg.com,spam
URGENT: Your prize is waiting! Call 9942,phishing
URGENT: Your prize is waiting! Call 8642,phishing
Work from home: Earn $1268/hour! Start today: tinyurl.com/abc,spam
FREE iPhone 15! Enter code 1773 at goo.gl/xyz,spam
محل بورصة تطهير المستودع بتخفيض 60% BB DAKOTA بسعر 2.3 ألف جنيه، TOCH بسعر 1.6 ألف جنيه، GEMINI بسعر 1 ألف جنيه، معلومات اللابتوب: 085322222369 البن السوداني: 2A6FB800E www.shopinbursabb.blogspot.com,spam
Offre exclusive : Obtenez 50 % de réduction sur votre prochain achat chez SuperShoes. Visitez www.supershoes.com/offers. Désabonnez-vous sur bit.ly/com37385.,spam
"Привет, твой день рождения скоро. Пора приобрести план на 1 Cr на сумму 5390 рупий, вместо того чтобы платить 5603 после дня рождения. Нажми rml.lu/Cvs559Y0",spam
"Поздравляем, вам предоставляется на выбор: годовой запас компакт-дисков от Virgin Records или гарантированный Сюрпризный Подарок. Звоните по номеру 09061104283. Условия и положения на www.smsco.net. Стоимость звонка около £1.50 в месяц, примерно 3 минуты.",phishing
Earn $1648 per week working from home!,spam
FREE iPhone 15! Enter code 8765 at goo.gl/xyz,spam
"Nikmati Diskon Tarif Indosat 01016 & 001 hingga 70% ke 7 Negara (CHN, MLA,HKG,SNG,TWN,VTM,MACAU). Berlaku 07-28Feb13. Info : hub 100/111 atau *123# OK",spam
நீங்கள் இருவருக்கும் பணம் அன்புக்கு அருகில் அனுப்ப வேண்டும் https://tinyurl.com/9059,phishing
You need to send money the IRS NOW at https://tinyurl.com/8851,phishing
Work from home: Earn $2612/hour! Start today: tinyurl.com/abc,spam
Earn $967 per week working from home!,spam
පෞද්ගලිකව! ඔබගේ 2003 ගායනය ආයාතයක් <fone no> සිට 800 අපමගේ ටී. එවලේ නො බර වූ S. I. M. ලකුණු පෙනෙනවා. 08715203656 දකුණු ලකුණු කාණ්ඩය: 42049 අවසානය 26/10/04,spam
"BONUS-GUTHABEN 10RB! Füllen Sie Ihr Guthaben mit mindestens 5rb auf und erhalten Sie einen Bonus von 10rb für Anrufe an die Tri-Nummer! Nur heute! Schnell, füllen Sie Ihr Guthaben auf! T530",spam
🎉 CONGRATS! You won $3270 Amazon gift card! Redeem at tinyurl.com/abc 🎉,phishing
Don't miss this amazing deal: bag for only $38!,spam
Limited time offer: 41% off everything!,spam
අපගේ ¬£250 සතියෝගයට හොඳම ප්‍රශ්නයන්ද නැතිවන තැන්පත් එළියට ENTER ලෙස SMS කිරීමට පිහිටුවන්න 84128 ට දැනගත්තේ. 18 නියෝග්‍රිත  www.textcomp.com සහය 08712405020 සේවාව.,spam
Filthy stories and GIRLS waiting for your,spam
Your entry won! Claim $2547 cash prize at bit.ly/123,phishing
ඔබ වෙනස් කිරීම කල යුතුය IRS NOW ගොද https://tinyurl.com/8984 එකෙහිද?,phishing
Necesitas enviar dinero al IRS AHORA en https://tinyurl.com/8892,phishing
"СРОЧНО! Вы выиграли бесплатное членство на одну неделю в нашем джекпоте на сумму ¬£100,000! Отправьте слово: CLAIM на номер: 81010 Условия и положения www.dbuk.net LCCLTD POBOX 4403LDNW1A7RW18",phishing
Your entry won! Claim $678 cash prize at bit.ly/123,phishing
🎉 CONGRATS! You won $1033 Amazon gift card! Redeem at bit.ly/123 🎉,phishing
Debt relief program: Get out of debt fast! Call 2204,spam
"СПЕЦИАЛЬНО для вас. Пакет интернета всего за 10 тысяч с квотой 1.5 ГБ на 30 часов, действует 24 часа в сутки на самой быстрой сети Indosat. Ответьте на это SMS, набрав ДА и отправьте на номер 919 до 22 мая 15.",spam
"Tarjeta de socio gratuita Dptkn en Larissa Aesthetic Center, descuento del 15% en tratamientos de alta gama y seguro de vida, cada recarga de crédito de Rp 100,000 en Galeri Indosat Jateng DIY hasta el 31 de diciembre de 13.",spam
لقد تم اختيارك للإقامة في أحد أفضل 250 فندقًا بريطانيًا - مجانًا! عطلة تستحق قيمتها 350 جنيه إسترليني! للمطالبة، اتصل بلندن على الرقم 02072069400. ص.ب. 526، SW73SS.,phishing
"Here the money is transferred to account xxx (4413-0100-0226-XXX) in the name of xxx, once transferred please send a text to this number 085215113xxx.",spam
FREE iPhone 15! Enter code 9527 at tinyurl.com/abc,spam
Cher monsieur / madame. BNI déclare que votre compte a été sélectionné comme gagnant d'un prix de 35 millions de roupies. votre code de vérification est 03299757 info cliquez sur www.bankbni2016.blogspot.com,phishing
"Soy ARUM K PRASODJO, operador de TRI JKT PST, en colaboración con PT.POS PERSERO, hemos enviado una carta de notificación para usted, pero su dirección de registro de la tarjeta TRI no se ha encontrado, por lo tanto, hemos enviado esta información por mensaje de texto. ¡FELICIDADES! Su número ha sido seleccionado en el sorteo de TRI que se emitió en MNCtv el 11 de agosto de 2015 como el segundo ganador con el número de sorteo: 333342M. Complete el procedimiento de su premio antes de la fecha límite haciendo clic en este enlace: http://www.gebyar-trichampions.jimdo.com.",phishing
"MESSAGE GRATUIT Activez vos 500 SMS GRATUITS en répondant à ce message avec le mot GRATUIT Pour les conditions générales, visitez www.07781482378.com",spam
Your entry won! Claim $4647 cash prize at tinyurl.com/abc,phishing
انقر على https://tinyurl.com/*,spam
FREE iPhone 15! Enter code 4677 at goo.gl/xyz,spam
WIN 4776 NOW! Click bit.ly/123 to claim!,phishing
Your entry won! Claim $4417 cash prize at goo.gl/xyz,phishing
БОНУС КВОТА 500МБ 🔥 (1ч)! Просто пополните минимум 5 000 сегодня! Поторопитесь и пополните счет < прямо 🔒 сейчас. T514,spam
Work from home: Earn $3914/hour! Start today: bit.ly/123,spam
"SELAMAT! Liburan 4* Costa Del Sol atau ¬£5000 Anda menunggu untuk diambil. Hubungi 09050090044 Sekarang untuk Klaim. SAE, Ketentuan dan Syarat, POBox334, Stockport, SK38xh, Biaya ¬£1.50/per menit, Maksimal 10 menit.",phishing
FREE iPhone 15! Enter code 8486 at tinyurl.com/abc,spam
PRIBADI! Laporan Rekening Anda untuk tahun 2003 dengan nomor akun 07808247860 menunjukkan 800 poin S. I. M. yang belum ditebus. Hubungi 08719899229 Kode Pengenal: 40411 Berlaku hingga 06/11/04,phishing
"Looking for Lucky Numbers! Coming out on the spin today 20/01/2013 Contact: 082-335555-454. Mbah TOGEL semarang ""100% Guarantee"" Raja SHIO (Open 24 Hours)",spam
URGENT: Your prize is waiting! Call 8098,phishing
"da größt3 on1ine-c@$in0, www.jayabet4.com, reg!stri3ren sie sich + holen $ie sich 3inen empfehlung$bonus + 0,25% cashback-bonus für sportw3tten pro w0che. spielen sie auf ihr3m smartphon3 und pc.",spam
FREE iPhone 15! Enter code 7450 at bit.ly/123,spam
Debt relief program: Get out of debt fast! Call 5507,spam
"Jemand, den du kennst, hat unseren Dating-Service gebeten, dich zu kontaktieren! Kannst du raten, wer es ist? RUF JETZT 09058091854 an, dann wird alles enthüllt. POSTFACH 385 M6 6WU",spam
رسالة بريد إلكتروني: عزيزي ديف، هذه هي إشعارك النهائي لجمع عطلتك في تنيريف الرباعية النجوم أو جائزة النقدية بقيمة 5000 جنيه إسترليني! اتصل على الرقم 09061743806 من الهاتف الأرضي. تطبق الشروط والأحكام. يُرجى إرسال ظرف بريدي مسجل إلى صندوق البريد 326، CW25WX. التكلفة 150 بنس للدقيقة.,phishing
"Vorrei uscire dal suo cuore, Aliando, sul tuo telefono cellulare? Ottieni il suo NSP GRATUITO con accesso al *600# e ottieni altre promozioni gratuite in base ai tuoi hobby!",spam
"Ma"" belikan dulu besok pulsa 20rbu di no baruku ini 085340781778 penting",spam
WIN: URGENT: Your prize is waiting! Call 7491,phishing
Your entry won! Claim $2453 cash prize at goo.gl/xyz,phishing
"Désolé, je suis WAHYU. Concernant la voiture de votre père que je veux acheter, j'ai déjà vu et c'est parfait. Pour négocier le prix, veuillez contacter mon frère au 081219550857 avec M. JUSMAN SAFEI (TP)",spam
Your entry won! Claim $2783 cash prize at tinyurl.com/abc,phishing
يجب عليك إرسال الأموال للسلطة الضريبية الآن عبر الرابط: https://tinyurl.com/8933,phishing
Vous devez envoyer de l'argent à l'IRS MAINTENANT sur https://tinyurl.com/8908,phishing
FREE iPhone 15! Enter code 6033 at goo.gl/xyz,spam
FREE iPhone 15! Enter code 5594 at goo.gl/xyz,spam
"Назад на работу завтра, каникулы закончились! Можешь увидеть меня сегодня вечером для страстных утех, прежде чем мне придется вернуться? Общайтесь СЕЙЧАС 09099726481 Любовь ДЕНА Звонки £1/мин Мобы &nbsp;moreLKPOBOX177HP51FL",spam
You need to send money the IRS NOW at https://tinyurl.com/8973,phishing
"URGENT! Your Mobile No. was awarded ¬£2000 Bonus Caller Prize on 5/9/03 This is our final try to contact U! Call from Landline 09064019788 BOX42WR29C, 150PPM",phishing
bonjour. οffre de fidélité clіεnt : lе nouveаu nοkіa6650 mobile à partir dε seυlemεnt £10 chez txtauctiоn ! еnvoуez le mot : start au numéro : 81151 et obtenez le vôtrε dès maintenant ! 4 сοnditions générales - 1s0p/mtmsg.,spam
"Kundenservice Ankündigung. Wir haben kürzlich versucht, eine Lieferung an Sie zu machen, aber konnten dies nicht tun. Bitte rufen Sie unter 07090298926 an, um einen neuen Termin zu vereinbaren. Ref:9307622.",spam
URGENT: Your prize is waiting! Call 6117,phishing
FREE iPhone 15! Enter code 7247 at tinyurl.com/abc,spam
🎉 CONGRATS! You won $4185 Amazon gift card! Redeem at bit.ly/123 🎉,phishing
"Вы выиграли 1 000 фунтов наличными или приз в 2 000 фунтов! Чтобы получить выигрыш, позвоните по номеру 09050000327. Условия и положения: RSTM, SW7 3SS. 150 рублей за сообщение",phishing
Update_Now - 12Mths அரை விலை பேரஞ்சு லைன் வாடகை: 400 நிமிடங்கள்... 08000839402 என்னை அழையவும் அல்லது விரைவில் அமர்க்கைக்கான அழைப்பு = J5Q,spam
FREE iPhone 15! Enter code 9917 at goo.gl/xyz,spam
Камера - Вам присуждена цифровая камера SiPix! Позвоните по номеру 09061221066 с городского телефона. Доставка в течение 28 дней.,phishing
Earn $4753 per week working from home!,spam
🎉 CONGRATS! You won $1117 Amazon gift card! Redeem at goo.gl/xyz 🎉,phishing
FREE iPhone 15! Enter code 7691 at bit.ly/123,spam
Debt relief program: Get out of debt fast! Call 8851,spam
Se le ha otorgado £50 para jugar por dinero en efectivo al instante. Llame al 08715203028 para reclamar. CADA 9º jugador gana un mínimo de £50 a £500. Optar por salir 08718727870.,phishing
"Amazon akan mengirimkan pengembalian dana sebesar $32,64 untuk Anda. Tolong balas dengan nomor rekening bank dan nomor routing Anda untuk menerima pengembalian dana Anda.",phishing
வாழ்த்துக்கள் ஓடுகிறது. உங்கள் மொபைலில் கேரோகி உடன் நடந்துகொள்ளவும். இலவச இணைப்பு என்னுடைய SING now என்ற பதிலைக் கொடுக்கவும்.,spam
WIN 2601 NOW! Click bit.ly/123 to claim!,phishing
"Hi, Your birthday is coming soon. It is time to buy a 1 Cr Term Plan for Rs.5390 rather paying Rs.5603 after birthday. Click rml.lu/Cvs559Y35",spam
هذه الرسالة مجانية. مرحبًا بك في نادي Sex & Dogging الجديد والمحسّن! لإلغاء الاشتراك في هذه الخدمة، يرجى الرد بـ STOP. msgs@150p 18+ فقط,spam
Your entry won! Claim $4491 cash prize at bit.ly/123,phishing
Your entry won! Claim $2859 cash prize at bit.ly/123,phishing
Debt relief program: Get out of debt fast! Call 5695,spam
வாழ்க்கை காப்பீடு முதிர்ந்து வயது அதிகரிக்கப் போகுகின்றது. 1 கோடி வாழ்க்கை காப்பீடு இப்போது வாங்குங்கள் மற்றும் உங்கள் பிறந்த நாள் இருந்து பின்பு ரூஸ் 5390 க்கு கிடைப்பதாக ரூஸ் 5603 இல் பதில் செலுத்தலாம். விண்ணப்பு rml.lu/KQgkgv22 வெளியிடவும்.,spam
No 1 POLYPHONIC tone 4 ur mob every week! Just txt PT2 to 87575. 1st Tone FREE ! so get txtin now and tell ur friends. 150p/tone. 16 reply HL 4info,spam
ඔබේ මුදල්-ළුය දැක්කා 500 රුපියය - ඔබේ මුදල වැනි දීම සැමදායක් කිරීම සඳහා ක්‍රිප්ටය යවන්න.GO කියන අතර 86688 ට එළවළු නැගෙන ගන්න. 150p/msg වගේ බේස්මයක්  සන්නස්වීම කරන්න. සෝප්පානුව 08718720201 HG/Suite342/2Lands Row/W1J6HL,phishing
"5p 4 la canción de Children in Need de Alfie Moon en tu móvil. Dile a tus amigos. Envía un mensaje de texto con la palabra ""Tono de caridad"" al 8007 para Nokias o ""Caridad de poly"" para polys: zed 08701417012 ganancia a la caridad.",spam
WIN 911 NOW! Click bit.ly/123 to claim!,phishing
"Félicitations! Un pass cinéma spécial d'un an pour 2 vous appartient. Appelez maintenant le 09061209465! C Suprman V, Matrix3, StarWars3, etc tout cela GRATUITEMENT! bx420-ip4-5we. 150pm. Ne manquez pas!",phishing
"¡Felicidades! Ha recibido un premio de Rp. 75 millones. De TELKOMSEL puntos ""Edisi september"" Contacte a la oficina central: 082375271777 (Ir. Dwi Hartanto)",phishing
Life insurance premium increases with growing age. Buy 1 Cr Life Insurance now & pay Rs5390 instead of Rs5603 after your b'day. Apply rml.lu/KQgkgv41,spam
Free video camera phones with Half Price line rental for 12 mths and 500 cross ntwk mins 100 txts. Call MobileUpd8 08001950382 or Call2OptOut/674&,spam
"Do you want to quickly and easily check your credit and remaining internet quota? Let's download the myCare app right now, or access it at https://mycare.indosatooredoo.com",spam
WIN 3969 NOW! Click goo.gl/xyz to claim!,phishing
XMAS புரட்சிகள்! உங்களை தொடரவும் முயற்சி செய்கிறோம். இன்றைய போட்டியில் உங்கள் ஒரு £2000 பெருந்தரமான புரட்சியை பெற்றுள்ளீர்கள் என்று காட்டுகின்றது. லேண்டு லைனிலிருந்து 09058094565 எண்ணை அழைக்கவும். 12 மணி நேரத்திற்கான செல்லுதலை செயல்படுத்தவும்.,phishing
You need to send money the IRS NOW at https://tinyurl.com/8854,phishing
"Jangan sampai kalah Bro, games mu bisa terbantu dengan menambah koinmu, beli aja pakai pulsa, cek caranya di http://tsel.me/jajanonline",spam
"Вас особо отобрали для получения приза в размере 3000 \. Позвоните по номеру 08712402050 ДО закрытия линий. Стоимость 10 руб. за минуту. 16+. Применяются условия. AG Promo""",phishing
هل ترغب في هاتف نوكيا 3510i باللون، يتم توصيله غدًا؟ مع 200 دقيقة مكالمات مجانية إلى أي هاتف محمول + 100 رسالة نصية مجانية + كاميرا فيديو مجانية. الرد أو اتصل على 8000930705.,spam
URGENT: Your prize is waiting! Call 7906,phishing
Work from home: Earn $2509/hour! Start today: tinyurl.com/abc,spam
Work from home: Earn $890/hour! Start today: goo.gl/xyz,spam
Your entry won! Claim $1553 cash prize at bit.ly/123,phishing
Earn $4463 per week working from home!,spam
Your entry won! Claim $2288 cash prize at tinyurl.com/abc,phishing
( قد تم حذف نص الرابط لأسباب أمنية، يُرجى عدم مشاركة روابط مختصرة في هذا السياق. ),spam
"СРОЧНО! Ваш мобильный номер 07xxxxxxxxx выиграл бонусный приз в размере £2,000 для звонивших 02/06/03! это вторая попытка связаться с ВАМИ! позвоните по номеру 09066362231 НЕМЕДЛЕННО! BOX97N7QP, 150PPM",phishing
Aviez-vous votre mobile depuis 11 mois ou plus ? Vous avez le droit de mettre à jour vers les derniers mobiles couleur avec appareil photo gratuitement ! Appelez la société de mise à jour mobile au 08002986030.,phishing
ملحوظة: نحاول الاتصال بك. يُظهر السحب الذي أُقيم في نهاية الأسبوع الماضي أنك فزت بجائزة بقيمة 1000 جنيه إسترليني مضمونة. يُرجى الاتصال على الرقم 09064017295 وذكر رمز المطالبة K52. العرض ساري لمدة ١٢ ساعة. سعر الاتصال هو ١٥٠ بنس في الدقيقة.,phishing
"மன்னிக்கவும், வாஹ்யு. அப்பர் வாகனத்தை விற்க விரைவில் பார்த்தேன் மற்றும் பொட்டிகள்க்கு பொருந்தியுள்ளது, முக்கிய தரம் சாலையில் உத்தரவு கேட்கவும், 081219550857 இல் உன் வாழ்க்கைமான் ஜுஸ்மான் சேஃபை (டி.பி) அணைக்கவும்.",spam
Mettre à jour maintenant - 12 mois à moitié prix sur la location de la ligne Orange : 400 minutes... Appelez MobileUpd8 au 08000839402 ou appelez2optout=J5Q,spam
URGENT: Your prize is waiting! Call 4517,phishing
"විශේෂ පොයින් පොයින්! 20 TselPoin ඔබගේ 20 මින්, 100SMS හෝ 20MB නිර්දේශයට *700*20# ට පරිවර්තනය කරන්න. ප්‍රසිද්ධ ප්‍රමාණතාව 2016 ජූලි 11-31. තොරතුරු තොරට එකඟ කරන්න: 188",spam
"කරුණාකර 9ට පස්මලා 11දක්වල ඔබගේ  ජංගම සේවා නියෝජනයෙන් ගිණුම හා සම්පූර්ණ රුප්පෙල් ආශාවක් සංවේදය කරන්න. FREEPHONE 0808 145 4742 ට අංකය අමතන්න, ඔබට තවද, කියන ලද  බතුල හෝ දෛනික රුප්පෙල්ට ගැලපෙන හෙනැක්වෙමි!",spam
FREE iPhone 15! Enter code 5908 at tinyurl.com/abc,spam
FREE iPhone 15! Enter code 5866 at goo.gl/xyz,spam
කරුණාකර 10ට පසු 9ටදී 0800 169 6031 දරණ සේවා නම්ත ඇමතුම් එක සඳහා එක් විදේශගත කරනලද ¬£1000 හෝ ¬£5000 භාණ්ඩයක් ලැබුවාද ඔබට!,phishing
Work from home: Earn $2106/hour! Start today: bit.ly/123,spam
Эксклюзивное предложение: получите скидку 50% на ваш следующий покупку в SuperShoes. Посетите www.supershoes.com/offers. Отказаться от подписки на bit.ly/com37403.,spam
تحتاج إلى إرسال الأموال الآن إلى السلطة الضريبية على الرابط التالي: https://tinyurl.com/8983,phishing
FREE iPhone 15! Enter code 7661 at tinyurl.com/abc,spam
Your entry won! Claim $4488 cash prize at goo.gl/xyz,phishing
Die Lebensversicherungsprämie steigt mit steigendem Alter. Kaufen Sie jetzt eine Lebensversicherung über 1 Cr und zahlen Sie Rs5390 anstatt Rs5603 nach Ihrem Geburtstag. Bewerben Sie sich unter rml.lu/KQgkgv42,spam
Debt relief program: Get out of debt fast! Call 9230,spam
"This is the 2nd time we have tried 2 contact u. U have won the 750 Pound prize. 2 claim is easy, call 08718726970 NOW! Only 10p per min. BT-national-rate",phishing
"ඔබට අත්‍යවශ්‍ය Nokia දුරකථනයක්, 40GB iPod MP3 චන්දයක් හෝ ¬£500 උපයන ධෛර! පංසාදිග වචනක්: COLLECT යොමු කර No: 83355 වෙත! IBHltd LdnW15H 150p/Mtmsgrcvd18",spam
Your entry won! Claim $4542 cash prize at bit.ly/123,phishing
"Vente estivale! Achetez-en un, obtenez-en un gratuit sur tous les vêtements de plage chez TrendyStyles. Magasinez dès maintenant sur www.trendystyles.com/sale40",spam
🎉 CONGRATS! You won $2381 Amazon gift card! Redeem at goo.gl/xyz 🎉,phishing
Mau Pergi Dari Hatiku nya Aliando di HP kamu? Ambil NSP GRATIS nya dengan akses ke *600# dan dapatkan promo gratis lainnya sesuai hobimu!,spam
"Выиграйте новейшую книгу ""Гарри Поттер и Орден Феникса (Книга 5)"". Ответьте на 5 вопросов - шанс стать первым среди читателей!",spam
Earn $3853 per week working from home!,spam
شكرًا لك على كونك عميلًا مخلصًا لـ اندوساتوأوريدو. قم بتنزيل الفيديو + مكافأة مجانية للاتصال لمدة 60 دقيقة، اتصل بـ *900*8#,spam
முக்கிய செய்தி. இது ஒரு கடைசி தொடர் மூலம் உங்களை தொடர்பு கொள்ள முயற்சி செய்கிறோம். உங்களுக்கு மிகமுதல் செய்திகள் எங்கள் உத்திக்குவிக் பிரதிப் இல்லம் காத்திருக்கின்றன. காலாவதி 13/4/04. இப்போது 08717507382 அழையவும்!,phishing
Hai un ammiratore segreto che sta cercando di mettersi in contatto con te - scopri chi sono * svela chi pensa che tu sia così speciale - chiama il 09058094599,spam
இன்றைய அதிகாரத்திற்கு நீங்கள் துருத்தி பணம் அனுப்ப வேண்டும் https://tinyurl.com/9046,phishing
FREE iPhone 15! Enter code 2725 at bit.ly/123,spam
WIN 2968 NOW! Click goo.gl/xyz to claim!,phishing
Devi inviare denaro all'IRS ADESSO a https://tinyurl.com/8901,phishing
Sie 💸 müssen 🎁 dem 🛡️ IRS 🚨 JETZT Geld \ senden unter https://tinyurl.com/8906,phishing
Your entry won! Claim $2226 cash prize at goo.gl/xyz,phishing
ඔබට Warkop DKI ද මතකද? *600# හෝතලසුරැතැවල අහුරවන NSP එකට නපුර  ඉල්ලන්නෙන් නමක් ලැබේද? හිතනෙන් හෝම්බටන් මිලට  නපුර පැහැදිලි හෙවන ක්ෂේත්කරයක් ලබාද?,spam
No 1 sonnerie POLYPHONIQUE pour votre mobile chaque semaine ! Il vous suffit de taper PT2 au 87575. 1ère sonnerie GRATUITE ! Alors commencez à envoyer des SMS dès maintenant et informez vos amis. 150p/sonnerie. 16 réponses HL pour plus d'info.,spam
"Paris romantique. 2 nuits, 2 vols à partir de 79 livres. Réservez maintenant pour l'année prochaine. Appelez le 08704439680. Des conditions générales s'appliquent.",spam
"Вы заинтересованы в наличных и кредите на подержанный мотоцикл любого типа и марки? Здесь доступно 50 единиц с годом выпуска с 2004 года и позже. Свяжитесь с MS DEDIK по телефонам 087739124242 или 085743146233, обслуживаем кредитные карты из других стран.",spam
WIN 4905 NOW! Click goo.gl/xyz to claim!,phishing
URGENT! Nous essayons de contacter U. Le tirage d'aujourd'hui montre que vous avez gagné un prix de £800 GARANTI. Appelez le 09050001808 à partir d'une ligne fixe. Réclamez M95. Valide 12 heures seulement,phishing
Earn $3081 per week working from home!,spam
இப்போது ஐ.ஆர்.எஸ்-க்கு பணம் அனைத்தும் அனுப்ப வேண்டும் https://tinyurl.com/8913,phishing
"Hai, Ulang tahunmu akan segera tiba. Saatnya membeli Rencana Jangka Waktu 1 Cr seharga Rs.5390 daripada membayar Rs.5603 setelah ulang tahun. Klik rml.lu/Cvs559Y di sini",spam
FREE iPhone 15! Enter code 3711 at bit.ly/123,spam
"Darlehen für jeden Zweck £500 - £75,000. Hausbesitzer und Mieter willkommen. Wurde Ihnen zuvor eine Absage erteilt? Wir können trotzdem helfen. Rufen Sie kostenlos an unter 0800 1956669 oder senden Sie zurück 'Hilfe'.",spam
"Um Ihre Chance auf einen wöchentlichen Geldpreis von £250 zu erhalten, senden Sie ACTION an die Nummer 80608. Teilnahmebedingungen unter www.movietrivia.tv Kundenservice 08712405022, 1x150p/Woche",spam
ඔබ සුදු ආර්ථිකයකි ඔබට කාෂ් හෝ 4* නාවික (ස්වයං ඇගයෙන්) ලයිව් කිරීම සඳහා ජවල් ආකාර 2 එක කරන්න 0871277810810.,spam
🎉 CONGRATS! You won $2220 Amazon gift card! Redeem at goo.gl/xyz 🎉,phishing
باقة برونت 24 ساعة 2 جيجابايت 60 ساعة rp28800 ستكون نشطة قريبًا. اكتشف عروض اكسيس الجذابة الأخرى، اتصل بالرقم *123#. المزيد من المعلومات، اتصل بـ838.,spam
Pesan Gratis: SMS: PANGGIL ke No: 86888 & klaim hadiah Anda berupa 3 jam waktu bicara untuk digunakan dari ponsel Anda sekarang! Berlangganan 6GBP/bulan termasuk 3 jam 16 berhenti?txtStop,spam
Debt relief program: Get out of debt fast! Call 5407,spam
Work from home: Earn $1505/hour! Start today: bit.ly/123,spam
Your entry won! Claim $1988 cash prize at bit.ly/123,phishing
Debt relief program: Get out of debt fast! Call 7365,spam
Don't miss this amazing deal: shoes for only $65!,spam
Your entry won! Claim $1077 cash prize at goo.gl/xyz,phishing
"رسالة مجانية: تشير سجلاتنا إلى أنك قد تكون مؤهلاً للحصول على 3750 جنيهًا إسترلينيًا بسبب الحادث الذي تعرضت له. للمطالبة بذلك مجانًا، قم بالرد بـ ""نعم"" على هذه الرسالة. لإلغاء الاشتراك، أرسل ""توقف"".",phishing
🎉 CONGRATS! You won $4376 Amazon gift card! Redeem at tinyurl.com/abc 🎉,phishing
Kami mencoba menghubungi Anda terkait balasan Anda terhadap tawaran kami untuk Video Handset? 750 menit ke jaringan apa pun kapan saja? TEKST TIDAK TERBATAS? Kamera video? Balas atau hubungi 08000930705 SEKARANG,spam
Anda perlu segera mengirim uang ke IRS sekarang di https://tinyurl.com/8833,phishing
"Romantic Paris. 2 nights, 2 flights from ¬£79 Book now 4 next year. Call 08704439680Ts&Cs apply.",spam
WIN 2599 NOW! Click bit.ly/123 to claim!,phishing
"Main games dengan cara yang murah dan menyenangkan, cukup beli koin menggunakan pulsa. Temukan cara melakukannya di http://tsel.me/jajanonline",spam
Your entry won! Claim $1374 cash prize at tinyurl.com/abc,phishing
"بونص كوتا 500 ميغابايت (لمدة ساعة)! فقط قم بشحن رصيدك بقيمة 5,000 هذا اليوم! هيا، قم بشحن رصيدك الآن بسرعة. T514",spam
Économisez de l'argent sur la lingerie de mariage sur www.bridal.petticoatdreams.co.uk Choisissez parmi une superbe sélection avec livraison nationale. Présenté par WeddingFriend,spam
"Como suscriptor registrado de optin, su participación en el sorteo de un vale de regalo de 100 libras esterlinas se ingresará al recibir una respuesta correcta al 80062. ¿Qué es el número 1 en las listas de la BBC?",spam
أنت غير مسجل في خدمة حزمة الليل. للاشتراك، قم بشحن الرصيد باستخدام كوبون Kenyang Download.,spam
"Hi, the SEXYCHAT girls are waiting for you to text them. Text now for a great night chatting. send STOP to stop this service",spam
Эксклюзивное предложение: Получите скидку 50% на следующую покупку в магазине SuperShoes. Посетите www.supershoes.com/offers. Отказаться от рассылки можно по ссылке bit.ly/com37419.,spam
Your entry won! Claim $4967 cash prize at goo.gl/xyz,phishing
"Bangkitkan ponsel Anda dengan koleksi Halloween dari logo dan pesan gambar Nokia ditambah nadanya GRATIS yang menyeramkan, kirimkan CARD SPOOK ke 8007.",spam
நீங்கள் தற்காலிகமாக IRS க்கு பணம் அனுப்ப வேண்டும் இப்போது https://tinyurl.com/9010 இல்,phishing
"Думаешь, что умён? Выиграй £200 на этой неделе в нашей еженедельной викторине, отправь текст PLAY на 85222 сейчас! Условия и положения: WinnersClub PO BOX 84, M26 3UZ. 16+. GBP1.50/неделя",spam
Debt relief program: Get out of debt fast! Call 4666,spam
சூடான கோடை விற்பனை! அனைத்து கடற்கட்டம் உடன் ஒருவர் பெறுவதும் TrendyStyles இல். உடன் ஷாப் செய்யுங்கள் www.trendystyles.com/sale5 இல்,spam
FREE iPhone 15! Enter code 5315 at tinyurl.com/abc,spam
"வாழ்த்துக்கள், உங்களுக்கு 500 சி.டி வவுசருக்கு அல்லது 125 பரிந்துரை உற்சாகம் வழங்கப்பட்டுள்ளன & இலவசமாக 100 ஒளிபரிசீல் 2 வார படம் அனுப்ப முயற்சி செய்யுங்கள் டெக்ஸ்ட் மியூசிக் க்கு 87066.",spam
Work from home: Earn $987/hour! Start today: tinyurl.com/abc,spam
URGENTE! Stiamo cercando di contattare U. L'estrazione di oggi mostra che hai vinto un premio garantito di £2000. Chiama il 09058094507 da una linea fissa. Richiedi il premio 3030. Valido solo per 12 ore.,phishing
INFO OFFICIELLE Tri Care FÉLICITATIONS Votre numéro a été sélectionné pour remporter un prix de 1 voiture MOBIL de Tri Care Avec le code gagnant: br25h99 Info: www.gebeyar-3care.tk,phishing
ඔබ ආර්ඩි එකට දැන්වීම් දාන්න අවශ්‍යයි https://tinyurl.com/8995,spam
Work + from home: Earn 🎉 $2459/hour! 💳 Start today: bit.ly/123,spam
вы должны отправит деньги irs сейчас на h77ps://tinyurl.c0m/8976,phishing
Your entry won! Claim $1865 cash prize at goo.gl/xyz,phishing
"Ваш код скидки RP176781. Чтобы прекратить получение дальнейших сообщений, ответьте стоп. www.regalportfolio.co.uk. Служба поддержки клиентов 08717205546.",spam
WIN 3142 NOW! Click tinyurl.com/abc to claim!,phishing
Earn $2861 per week working from home!,spam
URGENT: Your prize is waiting! Call 2629,phishing
"Bienvenue sur UK-mobile-date ce message est GRATUIT vous offrant des appels gratuits vers 08719839835. Les futurs messages seront facturés à 150 pence par jour. Pour annuler, envoyez ""go stop"" au 89123.",spam
free 1phone 15! enter code 1881 @t 90o.gl/xyz,spam
FREE iPhone 15! Enter code 8748 at bit.ly/123,spam
Nikmati EXTRA 2GB 4G LTE + EXTRA kuota hingga 1GB midnight dengan pembelian paket FLASH 1GB/30 hari mulai dari Rp 43.000 di *363*49#. Cek tarif di tsel.me/FL SKB,spam
Premi asuransi jiwa meningkat seiring bertambahnya usia. Beli Asuransi Jiwa 1 Cr sekarang & bayar Rs5390 daripada Rs5603 setelah ulang tahun Anda. Ajukan di rml.lu/KQgkgv21,spam
urgent: yoυr рrize is waiting! call 9s8е,phishing
Debt relief program: Get out of debt fast! Call 2528,spam
Sei stato premiato con una pausa cittadina e potresti VINCERE una spesa estiva di £200 ogni settimana. Invia un messaggio con il testo STORE al 88039. SkilGme. Termini e condizioni al 087147403231. Vinci adesso! Età 16+ £1.50 a settimana per l'iscrizione.,spam
Debt relief program: Get out of debt fast! Call 5812,spam
مرحبًا، عيد ميلادك قريب. حان الوقت لشراء خطة حياة لمدة سنة بقيمة 5390 روبيه بدلاً من دفع 5603 روبيه بعد عيد الميلاد. انقر على الرابط rml.lu/Cvs559Y20,spam
🎉 CONGRATS! You won $4900 Amazon gift card! Redeem at tinyurl.com/abc 🎉,phishing
Декабрь только! У вас уже больше 11 месяцев мобильный телефон? Вы имеете право обновиться до последнего цветного камерного мобильного телефона бесплатно! Звоните в The Mobile Update Co по бесплатному номеру 08002986906,phishing
Offre exclusive : Bénéficiez de 50% de réduction sur votre prochain achat chez SuperShoes. Visitez www.supershoes.com/offers. Désabonnez-vous à bit.ly/com37387,spam
Debt relief program: Get out of debt fast! Call 4783,spam
"Salut, Ton anniversaire arrive bientôt. Il est temps d'acheter un plan à terme de 1 crore pour 5390 Rs au lieu de payer 5603 Rs après ton anniversaire. Clique sur rml.lu/Cvs559Y27",spam
"විශේෂයි, පිහිටන්දුන් සහ ඉවත්වූ ඉවුම්වරු පිහිටන පිටම, මම සහභාවිත කරන්නේ, මම බලාගෙන අනුමැතියක් අරිනවා, මිළ විස්තර අවශ්‍ය කළ හැක, කරුණාකො හවසටද, වටිනායා. හාජී. දර්මහාත්; 085796022225.",spam
Ambil bonus harianmu di *600# (Bebas Pulsa). Dptkan gratis nelpon atau internetan dan promo lainnya sesuai hobimu!,spam
"ඔබගේ දුරුතරයට සංසදයක් එක්කරගත් සියළු අනුරාධපුරයක් ලගාව දින එනවාද? කැඳවීමෙහි TONES2U පිළිගත විය. www.ringtones.co.uk, මුල් හා හෙත්ටරුහා. කෙලින් 3GBP ජාතිය අපේක්ෂක දිවයින අන්තරයට අත්වන විය.",spam
"මූලික බැසිලි ෻චිපටින්, කරුණාකර මේ අතුරු සුදුකරන් සඳහා සිංහල පරිවර්තකයට පරිවර්තක කරන්න",spam
Sie müssen dem IRS JETZT Geld senden unter https://tinyurl.com/8996,phishing
ඔයා දැන් IRS වෙත මුදල යවන්න අවශ්‍යා NOW https://tinyurl.com/8939ට,phishing
WIN 3767 NOW! Click tinyurl.com/abc to claim!,phishing
"Mi dispiace, abbiamo cercato di contattarti ma senza successo. Congratulazioni! Il tuo numero è stato selezionato per il terzo premio da PT.3CARE. Pin; b8337h9 Per ulteriori informazioni clicca su www.hadiah3care-2016.blogspot.com",phishing
Dating site: Meet local singles for FREE! Sign up: tinyurl.com/abc,spam
"PRIVÉ! Votre Relevé de Compte 2004 pour le 07742676969 montre 786 Points Bonus non utilisés. Pour réclamer, appelez le 08719180248 Code Identifiant: 45239 Expire",phishing
Your entry won! Claim $4941 cash prize at tinyurl.com/abc,phishing
FREE iPhone 15! Enter code 6492 at goo.gl/xyz,spam
WIN 1692 NOW! Click bit.ly/123 to claim!,phishing
"Sie haben einen garantierten Preis von £200 oder sogar £1000 Bargeld gewonnen. Um Ihren Preis zu beanspruchen, rufen Sie gebührenfrei unter 08000407165 an (ab 18 Jahren). Um weitere Nachrichten zu stoppen, senden Sie STOP an 88222. PHP. RG21 4JX.",phishing
URGENT: Your prize is waiting! Call 2276,phishing
FREE iPhone 15! Enter code 7963 at bit.ly/123,spam
"Давайте совершать покупки в Google Play, это так легко, вы можете использовать даже баланс телефона, http://tsel.me/jajanonline",spam
ПОЗДРАВЛЯЕМ! Вы стали победителем в розыгрыше POP-MIE GETLUCKY и выиграли 1 автомобиль NISSAN JUKE. Ваш пин-код: b89c7h9. Для получения информации перейдите по ссылке: www.hadiah-pop-mie-2013.webs.com.,phishing
Femmes au foyer ennuyées ! Discutez et rencontrez maintenant ! 0871750.77.11 ! Tarif national BT de seulement 10p/min à partir des lignes fixes !,spam
🎉 CONGRATS! You won $1255 Amazon gift card! Redeem at tinyurl.com/abc 🎉,phishing
"n0vedades, expre$a |o que tienes en m3n7e a 7ravé5 de pegatinas de 1ine, compra con crédito d3 7sel https://st0re.1in3.me/ d3scargar 3n stickershop",spam
"Ponsel Nokia terbaru atau Pemain MP3 iPOD + hadiah ¬£400 DIPASTIKAN! Balas dengan: MENANG ke 83355 sekarang! Norcorp Ltd. ¬£1,50/Pesansompditerima18+",phishing
Debt relief program: Get out of debt fast! Call 3588,spam
"Has ganado un Nokia 7250i. Esto es lo que recibes cuando ganas nuestra subasta GRATUITA. Para participar, envía Nokia al 86021 ahora. HG/Suite342/2Lands Row/W1JHL 16+",phishing
Your entry won! Claim $2737 cash prize at bit.ly/123,phishing
Your entry won! Claim $4866 cash prize at bit.ly/123,phishing
"WIN: තේම්මාරැ, TRI හි MNCTV දැන් ඔබගේ අංකය දින 5 අගෝස්ට් 2015වලින් දැක්වීම් කර ඇත. නමුත් වෙනස් ගිවිසුම වෙළදාමක් වී ඇති අයියං ඔබේ දුරකතන අන්තර්ජාතයක් ලේ පෙන්න උතුළේ ලෙටරන් 1 යන මහා මාර්ගයේ පැස්කා සෙමංගි පිටපත් 50 වන හා එදිට පමනක් මාසය නියමැයම සිදු කළ හැකිය. ඔබගේ සිම් කාඩ් නංගුකරණ යෝගය TRI වෙත හොඳයි ශබ් ස් ඉම් ඉඩෙහි , ලැබූ තොයේටා සියලුම නව යොරිස් පින් කැස්ප්ර෧්න් අමුතු pin ඔබගේ.2d7id99 සිට රාමස වෆබ් අංකනයට, www.my-tri2015.jimdo.com",phishing
Yank Tolong isi'in pulsa di no ini.085325556742 ini no baruq.skrng penting,spam
Earn $1217 per week working from home!,spam
Don't miss this amazing deal: jacket for only $85!,spam
XCLUSIVE@CLUBSAISAI 2MOROW 28/5 SOIRÉE SPÉCIALE ZOUK AVEC NICHOLS DE PARIS.  ROSES GRATUITES POUR TOUTES LES DAMES !!! info: 07946746291/07880867867,spam
WIN 1372 NOW! Click goo.gl/xyz to claim!,phishing
"Belanja sampai terjatuh, APAKAH ITU ANDA, baik 10K, 5K, ¬£500 Tunai atau voucher perjalanan ¬£100, Hubungi sekarang, 09064011000. NTT PO Box CR01327BT Biaya tetap garis bawah 150ppm selular beragam",spam
Your entry won! Claim $4919 cash prize at goo.gl/xyz,phishing
Your entry won! Claim $3143 cash prize at bit.ly/123,phishing
<Forwarded from 88877>FREE entry into our ¬£250 weekly comp just send the word ENTER to 88877 NOW. 18 T&C www.textcomp.com,spam
"INTERFLORA - Никогда не поздно заказать цветы Interflora на Рождество. Позвоните по номеру 0800 505060, чтобы разместить свой заказ до полуночи завтра.",spam
Earn $3208 per week working from home!,spam
"Willkommen! Bitte antworten Sie mit Ihrem ALTER und GESCHLECHT, um anzufangen. z.B. 24M",spam
"Следующий месяц получайте до 50% больше звонков по стандартной абонентской плате 2, чтобы активировать звонок 9061100010 C Wire3.net 1st4Terms PoBox84 M26 3UZ Стоимость £1.50 за минуту MobcudB more",spam
"GAGNANT : Nous avons un gagnant ! M. T. Foley a remporté un iPod ! D'autres prix passionnants bientôt, alors gardez un œil sur votre mobile ou visitez www.win-82050.co.uk",phishing
"Это второй раз, когда мы пытаемся связаться с вами. Вы выиграли приз в размере 750 фунтов. Получить его просто, позвоните сейчас по номеру 08718726970! Только 10 пенсов в минуту. Национальная тарификация BT.",phishing
4.5GB/30 days only Rp 55 Thousand Special for you who are selected. Activate now at *550*907# Hurry..! SKB,spam
FREE iPhone 15! Enter code 6495 at bit.ly/123,spam
Ingin ponsel video terbaru? 750 menit kapan pun di jaringan apa pun? Sewa garis setengah harga? Balas atau hubungi 08000930705 untuk pengiriman besok,spam
Club des sonneries : Recevez le classement des singles britanniques sur votre mobile chaque semaine et choisissez n'importe quelle sonnerie de qualité! Ce message est gratuit.,spam
Your & entry 🚨 won! Claim 🏦 $3819 cash _ prize at tinyurl.com/abc ),phishing
"Du wirst es nicht glauben, aber es ist wahr. Es sind unglaubliche Nachrichten! Antworte jetzt mit G, um wirklich erstaunliche Dinge zu erfahren, die deinen Verstand sprengen werden. Von O2FWD nur 18p/Nachricht.",spam
هذا الرابط يحتوي على اختصار URL ولا يوجد معلومات عن المحتوى المحدد فيه.,spam
"ВЫ ВЫИГРАЛИ! Ваш отдых на Коста-дель-Соль на 4* или ¬£5000 ждут вас. Позвоните по номеру 09050090044 сейчас, чтобы забрать выигрыш. Просим оплатить доставку по адресу SAE, TC s, POBox334, Stockport, SK38xh, Стоимость ¬£1.50 за сообщение, Максимальная длительность - 10 минут",phishing
URGENT: Your prize is waiting! Call 3660,phishing
Вам необходимо немедленно отправить деньги IRS по адресу https://tinyurl.com/8935.,phishing
Work from home: Earn $3567/hour! Start today: goo.gl/xyz,spam
Grazie per il tuo continuo supporto. La tua domanda di questa settimana ti permetterà di partecipare al nostro sorteggio di £100 in contanti. Qual è il nome del NUOVO Presidente degli Stati Uniti? Rispondi con un messaggio al numero 80082.,phishing
Earn $3267 per week working from home!,spam
🎉 CONGRATS! You won $701 Amazon gift card! Redeem at bit.ly/123 🎉,phishing
Necesitas enviar dinero al IRS AHORA en https://tinyurl.com/9052,phishing
Debt relief program: Get out of debt fast! Call 9850,spam
FREE iPhone 15! Enter code 1488 at goo.gl/xyz,spam
உன் பக்கங்கள் பகாமாஸ் செல்க்கின்றீர்கள்! இலவசமாக அழைக்க 08081560665 என்ற தொலைபேசி எண்ணிற்கு அழையுங்கள் மற்றும் பகாமாஸ் கப் அல்லது ¬£2000 பணம் பெற whatsapp 18 மற்றும் அதிகாரம் மற்றும் 18+ முதல். வெற்றி அவாய்வமையல்லை txt X ஐ 07786200117 உக்கு அனுப்புங்கள்.,spam
Dovete inviare denaro all'IRS ADESSO su https://tinyurl.com/8929,phishing
U have a secret admirer who is looking 2 make contact with U-find out who they R*reveal who thinks UR so special-call on 09058094599,spam
Debt relief program: Get out of debt fast! Call 7101,spam
"Abbiamo cercato di contattarti riguardo alla tua risposta alla nostra offerta di un nuovo telefono Nokia e videocamera, rispondi o chiama 08000930705 per la consegna.",phishing
"Sunshine Hols. Pour réclamer vos vacances médicales, envoyez une enveloppe pré-adressée timbrée à Drinks on Us UK, PO Box 113, Bray, Wicklow, Eire. Le quiz commence samedi ! Se désabonner Stop",spam
GRATIS Whatsapp per tutto il giorno! Basta acquistare Internet giornaliero 100MB al costo di Rp1500. Rispondi a questo SMS scrivendo JR per acquistare. N091,spam
Debt relief program: Get out of debt fast! Call 4683,spam
تحتاج إلى إرسال الأموال إلى الهيئة الضريبية الآن على https://tinyurl.com/8920,phishing
Your entry won! Claim $924 cash prize at tinyurl.com/abc,phishing
URGENT: Your prize is waiting! Call 4303,phishing
URGENT: Your prize is waiting! Call 5669,phishing
"GEWINNER!! Als geschätzter Netzwerkkunde wurden Sie ausgewählt, um einen £900 Preis zu erhalten! Rufen Sie unter 09061701461 an, um Ihren Gewinn zu beanspruchen. Anspruchscode KL341. Nur 12 Stunden gültig.",phishing
"Mit XL müssen Sie sich nicht um Einstellungen kümmern, Sie können direkt ins Internet gehen. Aktivieren Sie jetzt das Internet-Paket unter My.XL.co.id.",spam
Work from home: Earn $2461/hour! Start today: bit.ly/123,spam
Work from home: Earn $2541/hour! Start today: bit.ly/123,spam
Work from home: Earn $4869/hour! Start today: bit.ly/123,spam
Debt relief program: Get out of debt fast! Call 5706,spam
Tons gratuits. J'espère que vous avez apprécié votre nouveau contenu. texto stop au 61610 pour vous désabonner. aide: 08712400602450p Fourni par tones2you.co.uk,spam
Had your mobile 11mths ? Update for FREE to Oranges latest colour camera mobiles & unlimited weekend calls. Call Mobile Upd8 on freefone 08000839402 or 2StopTxt,spam
"Terima kasih atas pembelian Anda di Amazon baru-baru ini. Anda telah dikenakan biaya sebesar $108,34. Jika ada kesalahan, silakan hubungi (777) 438-4356.",spam
URGENT: Your prize is waiting! Call 1543,phishing
!خاص! كشف حسابك لعام 2003 من رقم 07815296484 يظهر 800 نقطة S.I.M. غير مستردة. اتصل بالرقم 08718738001 واستخدم رمز التعريف 41782 قبل انتهاء الصلاحية في 18/11/04.,phishing
INDOSAT පොයින් සම්මුකත්වය 2013 සුභ සෑම්කාර්ඩ් +6281571xxxx ස්කාර්ඩ් තත්වය තැඹිලි වී ඇත්තේ. ඊ-ලී ඔබට එය Pin-b89c7h9-මෙවනවා PT.INDOSAT වෙත ප්‍රමාදු වෙයි. තොරතුරු සඳහා කියවන්න www.infoindosatpoin.webs.com.,phishing
FREE iPhone 15! Enter code 9434 at goo.gl/xyz,spam
Your entry won! Claim $1225 cash prize at tinyurl.com/abc,phishing
URGENT: Your prize is waiting! Call 5745,phishing
URGENT: Your prize is waiting! Call 5286,phishing
Your entry won! Claim $1869 cash prize at goo.gl/xyz,phishing
Мы пытались связаться с вами относительно вашего ответа на наше предложение о новом телефоне Nokia и видеокамере. Ответьте или позвоните по номеру 08000930705 для доставки.,phishing
Work from home: Earn $4253/hour! Start today: tinyurl.com/abc,spam
La prime d'assurance-vie augmente avec l'âge. Achetez une assurance-vie de 1 crore maintenant et payez Rs5390 au lieu de Rs5603 après votre anniversaire. Appliquez rml.lu/KQgkgv16,spam
3 رسائل تاروت مجانية! اكتشف حالتك العاطفية الآن! جرب 3 مرات مجانية! ارسل CHANCE إلى 85555 اطلب العمر 16 فقط! بعد الرسائل الثلاث المجانية، سيتم دفع 1.50 جنيه لكل رسالة.,spam
عرض حصري: احصل على خصم بنسبة 50٪ عند شراءك التالي من سوبر شوز. قم بزيارة www.supershoes.com/offers. يمكنك إلغاء الاشتراك عبر bit.ly/com37402.,spam
PROMO: අද පමණයි!!! ඔබ ඉදිරිපස 200 MB නිපැය 3ක් ලබා ගත්තේ එයට 1000 ක් සහ මුල් මුල්දරයාගැනිවීමක්. කරුණාකර මෙහෙයවීමට සේ කියාපිටකයයි. අතවශ්‍යයාව අදාළ කාරණය සමග TL049B,phishing
URGENT: Your prize is waiting! Call 4444,phishing
"Lieber U, Sie wurden zu XCHAT eingeladen. Dies ist unser letzter Versuch, Sie zu kontaktieren! Senden Sie CHAT an 86688.",spam
"БЕСПЛАТНОЕ СООБЩЕНИЕ: Мы ошибочно выставили счёт на ваш мобильный номер с кодом 83332. Пожалуйста, позвоните по номеру 08081263000, чтобы вернуть вам деньги за переплату. Этот звонок будет бесплатным с фиксированного телефона BT.",phishing
"Ich möchte dir meine tiefsten dunkelsten Fantasien erzählen. Ruf mich an unter 09094646631 für nur 60 Pence pro Minute. Um keine weiteren Nachrichten zu erhalten, rufe an unter 08712460324 (örtlicher Tarif).",spam
"¡Has ganado ?1,000 en efectivo o un premio de ?2,000! Para reclamar, llama al 09050000327",phishing
Die glücklichen Nomormu: Das Identitätstest steht Ihnen zur Verfügung! Gewinnen Sie 10.000 Rp bei Ihrem 30. Test. Senden Sie jetzt eine SMS mit Y an 99455! Info: 838 VD001,spam
£දහස200 එන්ටත් සැපයූද WEEK සිට කළාද. 2 හඳුනින් ටෙක්ස්ට් ටේ 8803 සිට ලැපියාද. SkilGme. TsCs08714740323 1Winawk! වත් age16 £1.50ක් කියවුනාවි.,spam
"ИНФОРМАЦИЯ. НАЛИЧНЫЕ БЕЗ ЗАЛОГА 20 - 250 МИЛЛИОНОВ, ПРОЦЕНТНАЯ СТАВКА 1,50%, УСЛОВИЯ ДЛЯ ВЛАДЕЛЦЕВ КРЕДИТНЫХ КАРТ ПРОЦЕСС 3 РАБОЧИХ ДНЯ ЗВОНИТЕ. ФИРЛИ 021 93417219",spam
நான் ஏராக்கம் மற்றும் கொடுமையுடன் உள்ளே வசிக்கிறேன் - எனது பதிலுக்கு உங்களிடம் நேரடியாக பதில் அனுப்பவும் 150 ரூபா அஞ்சலுக்கு நெட்கொலெக்ஸ் லிமிடெட் ஹெல்ப்டெஸ்க்: 02085076972 எனும் இலக்கைஅனுப்பியது நிறுத்து என்னுடன் நிறைவேற்க.,phishing
Earn $637 per week working from home!,spam
URGENT: Your prize is waiting! Call 7692,phishing
புதிய TEXTBUDDY சாட் 2 உயிரினங்கள் உங்கள் பகுதியில் 4 மட்டுமே 25ப் லட்சம் இலவசம் பெற. பின்னர் கோப்பக எண் அல்லது gaytextbuddy.com இல் தேடுங்கள். 89693க்கு ஒரு பெயரை டெக்ஸ்ட் செய்க.,spam
WIN 2922 NOW! Click goo.gl/xyz to claim!,phishing
"No recibirás más mensajes del servicio de chat. Para servicios Hardcore GRATIS, envía un mensaje de texto con la palabra GO al 69988. Si no recibes respuesta, debes verificar tu edad con tu red y volver a intentarlo",spam
Glückwunsch !!! Sie haben einen Bar Scheck in Höhe von 27 Millionen Rupien von PT. Bank Rakyat Indonesia erhalten. Ihr PIN-Code lautet: ijh76k79. Für weitere Informationen besuchen Sie www.bri-untungbeliung.blogspot.com oder kontaktieren Sie uns unter: 021-3677-1839.,phishing
Earn $3388 per week working from home!,spam
🎉 CONGRATS! You won $4189 Amazon gift card! Redeem at tinyurl.com/abc 🎉,phishing
"Bitte überweise es einfach an MANDIRI, Konto auf den Namen ARYA. Kontonummer: 131-000-7252-937. Lass mich wissen, sobald du es überwiesen hast!",phishing
அவசரம்! நாம் உங்களை தொடர முயற்சிக்கிறோம். கடந்த வீக்என்ட் கொள்கைகள் உங்கள் பரிசு உறுதியுடன் ¬£900 பரிசு பெற்றுள்ளது என்று காட்சிப்படுகிறது. 09061701851 எடுக்கவும். கோரிக்கை குறியீடு K61. செல்லுநர் 12 மணிநேரத்திற்க்கும் மட்டும் சரியா உள்ளது,phishing
Terpilih dapat cek 27jt. KODE TRIPLE CEK ANDA (02599875) U/Info Klik Website www.undianbri.co.vu,phishing
"БЕСПЛАТНОЕ СООБЩЕНИЕ: Мы ошибочно выставили счет на ваш мобильный номер от короткого номера 83332. Пожалуйста, позвоните по номеру 08081263000, чтобы вернуть вам сумму оплаты. Этот звонок будет бесплатным с любой телефонной линии BT.",phishing
ජවන්ය රහිත මණ්ඩපන අවේශ෱ය සදහන් රාත්‍රී හා. දුරකතාවම 1 නිෂ්පාදික ජවන්ය රාත්‍රී වෙත දු. රු5390 ගිනුම් ද්වේශකතාවන් දිනනම් දු. රු5603 ක් පසු ගිනුම් ද්වේශය ගැන්වූ කිරීම්. ඇප්ලයි rml.lu/KQgkgv10 කරන්න.,spam
تهانينا! لقد فزت ببطاقة هدايا وولمارت بقيمة 1000 دولار. اذهب إلى http://bit.ly/12345 للمطالبة الآن.,phishing
"<පහත්තිගේ යළියොමුරු 88877 යුන වෙබ් සුබ්-පිටුවේ වෙබ් සුබ්-පිටුවේ> එනම්, කිසිවිට්ටිවේ ශබ්බ,  ගොල හෝ සංවිධානව, දනවැඩත සේව දක්වාකිරීම අනියම් කෝක් වු",spam
"Lieber Gutscheininhaber, um Ihre 1. Klasse Flughafen-Lounge-Pässe gemäß Ihrem Urlaubsgutschein in Anspruch zu nehmen, rufen Sie bitte 08704439680 an. Bei der Buchung geben Sie bitte den Code ""1st class x 2"" an.",spam
Kami mencoba menghubungi Anda mengenai balasan Anda terhadap sms kami untuk paket video mobile 750 menit TEKS TAK TERBATAS + kamera video gratis. Balas atau hubungi 08000930705 sekarang.,spam
URGENT: Your prize is waiting! Call 8918,phishing
Ini adalah tautan singkat ke situs web: https://bit.ly/10247,spam
¿Quieres tener sexo esta noche? ¿Quieres recibir ubicaciones reales de Dogging enviadas directamente a tu móvil? Únete a la red de Dogging más grande del Reino Unido. ¡Envía un mensaje de texto con la palabra PARK al 69696 ahora! Coste del mensaje £1.50.,spam
FREE iPhone 15! Enter code 9185 at tinyurl.com/abc,spam
"ඔබට උත්සාහ දෙන්නේ නැවත අලුත් කුහුණ සහ ටෙxts 4 6 මස නිදහස. ඔරන්ජ් ටෙ Bluetooth නියම වුවා. සොනී, නොකියුබල් ටෙලිකෝන් ද තාක්ෂණය සමග ලබා ගත හැක. නම් MobileUpd8 එක අංකය 08000839402 ලෙස අංකක් පමණි. ඉල්ලපු කිරීමට හෝ call2optout/N9DXට කිරීමට හෝ එම අංකයට අවශ්‍යතාවයක් නොමැත.",spam
"Paris romantis. 2 malam, 2 penerbangan dari ¬£79. Pesan sekarang untuk tahun depan. Hubungi 08704439680. Berlaku ketentuan dan syarat.",spam
Debt relief program: Get out of debt fast! Call 1521,spam
🎉 CONGRATS! You won $2569 Amazon gift card! Redeem at goo.gl/xyz 🎉,phishing
Devi inviare soldi all'IRS ORA su https://tinyurl.com/8918,phishing
URGENT: Your prize is waiting! Call 2492,phishing
WIN 2486 NOW! Click goo.gl/xyz to claim!,phishing
Your entry won! Claim $1247 cash prize at goo.gl/xyz,phishing
Вам нужно немедленно отправить деньги в IRS по адресу https://tinyurl.com/8987,phishing
🎉 CONGRATS! You won $3961 Amazon gift card! Redeem at goo.gl/xyz 🎉,phishing
"நீங்கள் வெற்றிபெற விரும்புகிறீர்களா Westlife உடன் Meet+Greet ஐ 4 உங்களுக்கு அல்லது ஒரு நண்பருக்கு? அவர்கள் தற்போது எந்த சுற்றுக்கோலையில் இருக்கின்றார்கள்? 1) அடமாத, 2) பயன்படுத்தாத, 3) ஒரேசாரி. உங்கள் பதிலை 83049 என்ற இலக்கம்க்கு அனுப்பவும். செலவு 50 பெ + ஸ்டாண்டர்ட் எஸ்.எம்.எஸ் உள்ளிட்டல்.",spam
URGENT: Your prize is waiting! Call 7292,phishing
🎉 CONGRATS! You won $2258 Amazon gift card! Redeem at bit.ly/123 🎉,phishing
URGENT: Your prize is waiting! Call 2239,phishing
WIN 3897 NOW! Click bit.ly/123 to claim!,phishing
"INFO RESMI PT.INDOFOOD No.Anda t'dftr pemenang UNDIAN POP MIE edisi 2013 Mndptkn 1unit ""NISSAN JUKE"" PIN;a1c5h79 info,kunjungi;www.popmieget.webs.com",phishing
🎉 CONGRATS! You won $2745 Amazon gift card! Redeem at bit.ly/123 🎉,phishing
🎉 CONGRATS! You won $2049 Amazon gift card! Redeem at bit.ly/123 🎉,phishing
🎉 CONGRATS! You won $1018 Amazon gift card! Redeem at goo.gl/xyz 🎉,phishing
"Kaufen Sie 1 Gratis 1 für Lychee Tea oder Latte Flavour von Yellow Truck Jl.Patuha Nr. 29. Zeigen Sie diese SMS vor. Nur gültig für heute, Es gelten Bedingungen. Promo *606#",spam
ඔබට ඉස්විග කे තා කරන්නෙලන්අ ශ්‍ර නොව perfilඑගොනොලඅ රනෙොhttps://tinyurl.com/9026,spam
زود جوالك بجوانب جنسية مجانية! ما عليك سوى إرسال كلمة BABE إلى 88600. بعد ذلك، ستحصل كل أسبوع على جوانب جنسية جديدة لمشاهير مثيرين! زور الموقع PocketBabe.co.uk للمزيد من الصور. يتم خصم 16 جنيهًا إسترلينيًا أسبوعيًا. الرقم: 087016248,spam
PRIVATE! Your 2004 Account Statement for 07742676969 shows 786 unredeemed Bonus Points. To claim call 08719180248 Identifier Code: 45239 Expires,phishing
Work from home: Earn $1932/hour! Start today: goo.gl/xyz,spam
Earn $1487 per week working from home!,spam
2p al minuto per chiamare la Germania al numero 08448350055 dalla tua linea BT. Solo 2p al minuto. Controlla PlanetTalkInstant.com per informazioni e Termini e Condizioni. Invia un SMS con scritto stop per disattivare.,spam
உங்கள் மொபைலுக்கு எண் 1 பாலிபோனிக் டோன் ஒரு வாரத்தில்! கோப்புக்களின் PT2 ஐ 87575 க்கு அனுப்பவும். 1-வது டோன் இலவச! இப்போது கோப்புகளைப் பெறுங்கள் மற்றும் உங்கள் நண்பர்களுக்கு தெரியப்படுத்துங்கள். 150 பைசா / டோன். தகவலுக்கான புதிய விவரம் அனுப்ப HL 4info,spam
"Per avere la possibilità di vincere una spesa settimanale di £ 250 invia un SMS con scritto SHOP al 80878. Termini e condizioni su www.txt-2-shop.com assistenza clienti 08715705022, 1x150p/sett.",spam
"PRIVAT! Laporan Rekening Anda tahun 2004 untuk 07742676969 menunjukkan 786 Bonus Points yang belum ditebus. Untuk mengklaimnya, hubungi 08719180248 Kode Pengenal: 45239 Berakhir",phishing
Per favore CHIAMA immediatamente 08712402902 in quanto c'è un messaggio urgente in attesa per te.,phishing
Don't miss this amazing deal: watch for only $91!,spam
"CDs 4u: வாழ்த்துக்கள், உங்களுக்கு £500 வெயிட் வாங்கல் வவோச்சர்கள் அல்லது £125 பரிசு உண்டு & இலவச உடுக்கை 2 £100 வீக்ளி டிரா விண் MUSIC to 87066 TnCs www.ldew.com1win150ppmx3age16",spam
Partecipa gratuitamente a un concorso settimanale per vincere i biglietti della finale di FA Cup del 21 maggio 2005. Invia FA al 87121 per ricevere la domanda di partecipazione (tariffa standard per SMS) Si applicano Termini e Condizioni. 08452810075over18's,spam
Work from home: Earn $633/hour! Start today: goo.gl/xyz,spam
Your entry won! Claim $3878 cash prize at goo.gl/xyz,phishing
URGENTE! Stiamo cercando di contattare U. L'estrazione di oggi mostra che hai vinto un premio di £800 GARANTITO. Chiama il 09050003091 da una linea fissa. Richiedi il premio C52. Valido 12 ore soltanto.,phishing
URGENT: Your prize is waiting! Call 2184,phishing
"¡LookAtMe!: Gracias por tu compra de un videoclip de LookAtMe!, se te ha cobrado 35p. ¿Crees que puedes hacerlo mejor? ¿Por qué no envías un video en un MMSto 32323?",spam
"Su cuenta ha sido acreditada con 500 mensajes de texto GRATIS. Para activar, simplemente envíe un mensaje de texto con la palabra CREDIT al número: 80488 Términos y Condiciones www.80488.biz",spam
සිංහලෙන් පරිවර්තන කරන්න,spam
KOSTENLOS für die 1. Woche! Nr. 1 Nokia-Klingelton für dein Handy jede Woche einfach NOKIA an 8007 texten. Fang an zu texten und erzähl es deinen Freunden unter www.getzed.co.uk Postfach 36504 W45WQ Normaltarif 150p/Klingelton 16+,spam
FREE iPhone 15! Enter code 6720 at tinyurl.com/abc,spam
URGENT! Your Mobile number has been awarded a <UKP>2000 prize GUARANTEED. Call 09061790125 from landline. Claim 3030. Valid 12hrs only 150ppm,phishing
07732584351 - Rodger Burns - MSG = Nous avons essayé de vous appeler concernant votre réponse à notre SMS pour un téléphone portable Nokia gratuit + un caméscope gratuit. Veuillez appeler maintenant le 08000930705 pour la livraison demain,phishing
IRS-க்கு உங்கள் பணத்தை உள்நுழைய வேண்டும். உங்கள் நம்பகத்திற்கு உடன் பணம் அனுப்ப வேண்டும் https://tinyurl.com/8872,phishing
URGENT: Your prize is waiting! Call 2739,phishing
FREE iPhone 15! Enter code 9441 at goo.gl/xyz,spam
Your entry won! Claim $3045 cash prize at bit.ly/123,phishing
DEAL: Don't miss this amazing deal: jacket for only $22!,spam
"2 цента в минуту, чтобы позвонить в Германию по номеру 08448350055 с вашей линии от BT. Только 2 цента в минуту. Проверьте PlanetTalkInstant.com для информации и условий. Отправьте текст ""стоп"", чтобы отказаться.",spam
"1000's flirting NOW! Txt GIRL or BLOKE & ur NAME & AGE, eg GIRL ZOE 18 to 8007 to join and get chatting!",spam
FREE iPhone 15! Enter code 1944 at bit.ly/123,spam
Exklusives Angebot: Erhalten Sie 50% Rabatt auf Ihren nächsten Einkauf bei SuperShoes. Besuchen Sie www.supershoes.com/offers. Abmeldung unter bit.ly/com37411,spam
FREE iPhone 15! Enter code 3135 at goo.gl/xyz,spam
"¡Felicidades! 2 * teléfonos móviles 3G con 🏦 videollamadas 💸 son tuyos. ¡Llama ahora al 09063458130! + Videochatea con tus amigos, juega 🎁 juegos de Java, descarga música > polifónica, ) sin < alquiler ) en línea.",phishing
සුබසැති !!! ඔබට PT.Bank Rakyat Indonesia වෙළදපල Rs. 27අහස ගෙවිය හැකිය යුතුය. ඔබගේ පින්:ijh76k79 වැරදි වේ: www.bri-untungbeliung.blogspot.com හෝ දුරක: 021-3677-1839,phishing
Your entry won! Claim $1910 cash prize at goo.gl/xyz,phishing
"Urgente! Per favore, chiama il 0906346330. La tua vacanza spagnola di 4 stelle gratuita con ABTA o £10.000 in contanti ti aspettano per essere ritirati. Spedisci una busta preaffrancata alle condizioni di servizio del BOX 47 PO19 2EZ. 150p per minuto. Maggiorenni.",phishing
Libremente expresa tu yo con el paquete Freedom Combo de Indosat Ooredoo. ¡Ponte en contacto pronto con *123# o visita www.indosatooredoo.com/freedom!,spam
Your entry won! Claim $2011 cash prize at tinyurl.com/abc,phishing
Work from home: Earn $4062/hour! Start today: goo.gl/xyz,spam
Debt relief program: Get out of debt fast! Call 4072,spam
URGENT: Your prize is waiting! Call 9025,phishing
"இந்த மாதத்தின் கொடுப்பனவு கேட்கும் 'Maaf' கேள்விக்கு பதிலாக, நீங்கள் பரிலப்பான பிரிப்பின் மூலம் Yogi அவர்களுக்கு செலுத்தவும்: 08562115779, ஏனையவர்களிடம் வெற்றிப்படைக்கப்பட்டது என்று முடியும்.",phishing
🎉 CONGRATS! You won $1358 Amazon gift card! Redeem at goo.gl/xyz 🎉,phishing
"සින්හල පරිවර්තනය: නිදහසින් වැඩිදුරටත් Rayman Golf 4 නොමැති O2 Games Arcade වෙළඳසැල්. 1 වන ක්ලික් කරන්න UR වෙනසක්. ප්‍රපෝෂ්, නැතුව කර දිනවා සහ සංවිධාතාකර. වෙළඳප්පාඩය සඳහා 0 යන යතුර ඔබට ආලෝකයන් ඇත. Termsapply",spam
"Entschuldigung, ich wollte Sie nur daran erinnern, dass die Miete, wenn Sie sie fortsetzen oder bezahlen möchten, bitte an Herrn Chandra unter der Nummer 082374910777 geleistet werden muss, da ich die Vollmacht bereits übertragen habe. Entschuldigen Sie, dass ich Ihnen nur eine SMS geschickt habe.",spam
"Estimado cliente, felicidades, ha recibido un premio de: Sorteo de PT. INDOFOOD POPMIE su PIN es FH53X77, Para más información visite: www.pop-mie-indofood.webs.com",phishing
URGENT: Your prize is waiting! Call 8824,phishing
Debt relief program: Get out of debt fast! Call 7843,spam
"Telepon 09094100151 untuk menggunakan menit Anda! Panggilan dikenakan biaya 10p/menit (dapat berbeda-beda untuk ponsel). Layanan disediakan oleh AOM, hanya GBP5/bulan. AOM Box61, M60 1ER sampai Anda berhenti. Hanya untuk usia 18+!",spam
🎉 CONGRATS! You won $4884 Amazon gift card! Redeem at bit.ly/123 🎉,phishing
"Quiz Sunshine Wkly Q! Gagnez un lecteur DVD Sony haut de gamme si vous savez dans quel pays Liverpool a joué en milieu de semaine? Envoyez la réponse par SMS au 82277. £1,50 SP: Tyrone",spam
WIN 4986 NOW! Click tinyurl.com/abc to claim!,phishing
Debt relief program: Get out of debt fast! Call 7926,spam
Work from home: Earn $3983/hour! Start today: tinyurl.com/abc,spam
ඔබට දැන් හදුන්වන්නේ IRS වෙත මුදල යවන්න ඉඩ දෙනවේ https://tinyurl.com/8952,phishing
🎉 CONGRATS! You won $4179 Amazon gift card! Redeem at tinyurl.com/abc 🎉,phishing
Work from home: Earn $2063/hour! Start today: goo.gl/xyz,spam
Necesitas enviar dinero al IRS AHORA en https://tinyurl.com/8901,phishing
நீங்கள் உரில் உரிச்சு அன்பேன இப்போது https://tinyurl.com/8888 க்கு பணம் அனுப்ப வேண்டும்.,phishing
ඔබට 1 නව පණිවුඩයකි. 0207-083-6089 එකට අළුත් කරන්න.,spam
Исключительное предложение: получите скидку 50% на следующую покупку в магазине SuperShoes. Посетите www.supershoes.com/offers. Отказаться от подписки можно по ссылке bit.ly/com37405.,spam
Work from home: Earn $3927/hour! Start today: goo.gl/xyz,spam
Sie haben Tickets für das EURO2004 CUP FINALE oder £800 Bargeld gewonnen. Zur Abholung rufen Sie unter 09058099801 mit dem Code b4190604 an. Adresse: POBOX 7876150ppm.,phishing
"Votre compte de 2004 pour 07XXXXXXXXX montre 786 points non échangés. Pour réclamer, appelez le 08719181259 Code identifiant: XXXXX Expire le 26.03.05",phishing
"Möchten Sie ein Meet+Greet mit Westlife für sich oder einen Freund gewinnen? Auf welcher Tour befinden sie sich derzeit? 1) Unbreakable, 2) Untamed, 3) Unkempt. Senden Sie die Zahl 1, 2 oder 3 an 83049. Kosten 50p + Standard SMS-Gebühren.",spam
Debt relief program: Get out of debt fast! Call 1114,spam
WIN 2010 NOW! Click tinyurl.com/abc to claim!,phishing
🎉 CONGRATS! You won $1703 Amazon gift card! Redeem at bit.ly/123 🎉,phishing
Work from home: Earn $824/hour! Start today: bit.ly/123,spam
"Hast du, was es braucht, um am WRC-Rallye in Australien teilzunehmen? Mit Lucozade Energy kannst du es schaffen! Sende RALLY LE an 61200 (25p), siehe Verpackungen oder lucozade.co.uk/wrc & vielleicht bist du dabei!",spam
Your entry won! Claim $2153 cash prize at bit.ly/123,phishing
Your entry won! Claim $1758 cash prize at bit.ly/123,phishing
அதிகாரியன் Tri Care கருத்து அளவு எண். XV/2016 PIN வெற்றியாளர் உங்கள் =39XV544F பெற்றுள்ளது-1 யுனிட் கார் HONDA JAZZ Rs தகவலுக்கு கிளிக் செய்யவும் www.kejutantriindonesia.blogspot.co.id,phishing
Your entry won! Claim $4695 cash prize at tinyurl.com/abc,phishing
رابح! قد تربح 500 جنيه إسترليني من قسائم HMV الحقيقية الآن. فقط أجب على 4 أسئلة سهلة. اللعب الآن! ارسل HMV إلى 86688 لمزيد من المعلومات: www.100percent-real.com,spam
Don't miss this amazing deal: jacket for only $42!,spam
"Ciao, stanotte è la tua notte fortunata! Sei stato invitato a XCHAT, la chat più selvaggia del Regno Unito! Invia CHAT al 86688 ora! 150p/MsgrcvdHG/Suite342/2Lands/Row/W1J6HL LDN 18 anni",spam
Devi inviare denaro all'IRS ORA su https://tinyurl.com/9004,phishing
"Solution pratique spéciale pour les titulaires de cartes de crédit, profitez de la facilité du crédit sans garantie de 5 à 150 millions avec une limite de prêt maximale de 5 X, CONTACTEZ FANY 02194521396 (ignorez si vous n'êtes pas intéressé)",spam
WIN 4916 NOW! Click bit.ly/123 to claim!,phishing
ඔබ දැන් IRS වෙත මුදල යවනවෙනුව https://tinyurl.com/9060 හි දැනේ.,phishing
Debt relief program: Get out of debt fast! Call 3725,spam
🎉 CONGRATS! You won $4193 Amazon gift card! Redeem at bit.ly/123 🎉,phishing
Hai il tuo cellulare da 11 mesi o più? Hai diritto di aggiornarlo ai più recenti modelli di cellulari a colori con fotocamera gratuitamente! Chiama gratuitamente The Mobile Update Co al 08002986030,spam
FREE iPhone 15! Enter code 9990 at tinyurl.com/abc,spam
"Кто-то, кого ты знаешь, попросил нашу службу знакомств связаться с тобой! Не можешь догадаться кто? ПОЗВОНИ 09058091854 СЕЙЧАС, все будет раскрыто. А/Я 385 М6 6WU",phishing
🎉 CONGRATS! You won $686 Amazon gift card! Redeem at tinyurl.com/abc 🎉,phishing
Por favor LLAME al 08712402902 inmediatamente ya que hay un mensaje urgente esperándolo.,phishing
Anda perlu segera mengirim uang ke IRS sekarang di https://tinyurl.com/8943,phishing
"Promo Januari Male Sale! Obrolan Gay panas sekarang lebih murah, hubungi 08709222922. Tarif nasional dari 1,5p/menit murah menjadi 7,8p/menit puncak! Untuk berhenti menerima pesan, hubungi 08712460324 (10p/menit)",spam
WIN 2281 NOW! Click tinyurl.com/abc to claim!,phishing
"Holen Sie sich JETZT Ihren 1. KLINGELTON KOSTENLOS! Antworten Sie auf diese Nachricht mit TON.  Großartige TOP 20-Töne für Ihr Handy jede Woche für nur 1,50 £ pro Woche. Um abzumelden, senden Sie STOP an 08452810071. 16",spam
🎉 CONGRATS! You won $1864 Amazon gift card! Redeem at bit.ly/123 🎉,phishing
"හායි, ඔබගේ උපන් දිනය ඉටුරු වේ. එය අවශ්‍යයි 1 Cr ක්‍රි ඉබ සගය කිරීමට වෙනස්පොල Rs.5603 ක ගොහෙම වෙළදපදනට ඉතා Rs.5390 මත click rml.lu/Cvs559Y17ම් ක්ලික් කරන්න.",phishing
w0rk from h0me: earn $3129/hour! start today: goo.9l/xyz,spam
"¡Promoción especial! ¡BONO DE 500MB (1hr) de CUOTA! ¡Simplemente recarga a partir de 5,000 hoy! Vamos, ¡recarga tu saldo ahora mismo! T580",spam
Urgen! Hubungi 09066350750 dari telepon rumah Anda. Liburan 4* Ibiza gratis atau 10.000 uang tunai menunggu pengambilan. S&K berlaku. PO BOX 434 SK3 8WP. Biaya panggilan 150 ppm. 18+,phishing
Devi inviare denaro all'IRS ADESSO su https://tinyurl.com/8895,phishing
Earn $2806 per week working from home!,spam
Debt relief program: Get out of debt fast! Call 1686,spam
URGENT: Your prize is waiting! Call 6289,phishing
"Hai, Ulang tahunmu akan segera tiba. Saatnya untuk membeli Rencana Term 1 Cr seharga Rs.5390 daripada membayar Rs.5603 setelah ulang tahun. Klik rml.lu/Cvs559Y12",spam
"මේ සතියේ SavaMob සාමාරේකර උපත් ලබා ගත හැක. වැඩි විස්තර සඳහා 08709501522 ද ඇමතුමක් දක්වන්න! SavaMob, POBOX 139, LA3 2WU. දිග රු. 1.50/සතිය. SavaMob - ජලයකට උපත්මකයි!",spam
"Utilisez XL, pas besoin de configurer, vous pouvez naviguer sur Internet directement. Activez maintenant le forfait Internet sur My.XL.co.id.",spam
"Lelang putaran 4. Penawaran tertinggi saat ini adalah ¬£54. Penawaran tertinggi berikutnya adalah ¬£71. Untuk menawar, kirimkan PENAWARAN contoh 10 (untuk menawar ¬£10) ke 83383. Semoga berhasil.",spam
Work from home: Earn $1727/hour! Start today: goo.gl/xyz,spam
"¡ALERTA HERMANO MAYOR! El ordenador te ha seleccionado para 10.000 en efectivo o un vale de 150 libras. Llama al 09064018838. NTT PO Box CRO1327. 18+. Costo de llamada desde línea fija de BT 150ppm, tarifas de móvil varían.",phishing
WIN 2533 NOW! Click bit.ly/123 to claim!,phishing
"Ваша 4G-LTE карта была активирована Получите дополнительные данные до 10 ГБ и интересный контент на сети 4G, свяжитесь с *123*46# Информация о местоположении www.indosatooredoo.com/4G",spam
Erhalten Sie täglich 20% Rabatt bei Bakmi GM nur mit TCASH TAP! Es gelten Bedingungen. Informationen unter tsel.me/tappromo.,spam
"surve11|3z l'util!s47ion des subv3ntion$ pour le carburant 3t 1es compensations pour c3ux qui y 0nt droit! p0ur les réclamations, tapez bbm (espace) 1e me5sage. envoy3z au 1708",spam
"Жаркая летняя распродажа! Купите одно, получите второе бесплатно на всю пляжную одежду в TrendyStyles. Покупайте сейчас на www.trendystyles.com/sale24",spam
Block Breaker now comes in deluxe format with new features and great graphics from T-Mobile. Buy for just ¬£5 by replying GET BBDELUXE and take the challenge,spam
Devi inviare denaro all'IRS ADESSO su https://tinyurl.com/8977,phishing
العرض الحصري: احصل على خصم 50٪ عند الشراء التالي من SuperShoes. قم بزيارة www.supershoes.com/offers. إلغاء الاشتراك عن طريق bit.ly/com37417,spam
¡PRIVADO! Su Estado de Cuenta del 2003 para 07808 XXXXXX muestra 800 puntos S. I. M. sin canjear. Llame al 08719899217 Código de Identificación: 41685 Vence el 07/11/04,phishing
بيرز بيك نيك، وتوم، بيت، و... ديك. في الواقع، جميع الأنواع يحاولون الدردشة الشاذة مع رفع الصور، اتصل برقم 08718730666 (10 بنس/الدقيقة). لإيقاف الرسائل، اتصل بالرقم 08712460324,spam
No 1 tono POLIFONICO 4 il tuo cellulare ogni settimana! Basta inviare un SMS con PT2 al 87575. 1° Tono GRATIS! Quindi inizia a inviare SMS ora e racconta ai tuoi amici. 150p/tono. 16 rispondi HL 4info,spam
"Como valioso cliente, me complace informarle que, tras la reciente revisión de su número de móvil, ha sido galardonado con un premio de bonificación de £1500, llame al 09066368470.",phishing
"СПЕЦИАЛЬНЫЕ БАЛЛЫ ПРОМО! Обменяйте свои 20 баллов TselPoin на 20 минут, 100 SMS или 20 МБ по номеру * 700 * 20 #. Промо-период с 11 по 31 июля 2016 года. Информация по телефону: 188",spam
FREE iPhone 15! Enter code 8138 at goo.gl/xyz,spam
WIN 1106 NOW! Click goo.gl/xyz to claim!,phishing
ඔබට ඉස් NOW වෙත මුනුතුන් https://tinyurl.com/8868 ඇද බැරියාගේආගයි.,phishing
🎉 CONGRATS! You won $3768 Amazon gift card! Redeem at tinyurl.com/abc 🎉,phishing
"Sie haben einen garantierten Bargewinn von 1000 £ oder einen Sachpreis von 2000 £ gewonnen. Um Ihren Preis einzulösen, rufen Sie unseren Kundendienstmitarbeiter unter der Nummer 08714712412 zwischen 10:00 und 19:00 Uhr an. Kosten: 10 Pence.",phishing
ඔබට නැවත ආදායම් ගෙවිය යුතු අතර එවිදී ඊස් අත්විදිනයට ගෙවු ගැනීමින් https://tinyurl.com/8963 අත්සනයෙන් එවන්න.,phishing
🎉 CONGRATS! You won $2516 Amazon gift card! Redeem at bit.ly/123 🎉,phishing
Dicembre soltanto! Hai il tuo cellulare da più di 11 mesi? Hai diritto a aggiornare gratuitamente al più recente cellulare con fotocamera a colori! Chiama The Mobile Update Co GRATIS al 08002986906,spam
"Anda telah MENANG hadiah uang tunai senilai ¬£1000 atau hadiah senilai ¬£2000. Untuk mengklaim hadiah Anda, hubungi perwakilan layanan pelanggan kami di 08714712394 antara pukul 10 pagi hingga 7 malam.",phishing
චායාලයාට මහල් 27ද කුමක්දේ. ඔබගේ වරක් එක (02599875) සදහා තවම වැඩි විශ්වාසය හෝ සියලුම ඇප්ස් සබළළ සංවේදීන් සඳහා වෙබ් අඩවිය www.undianbri.co.vu සමඟින් යන්න.,spam
Esta es la cuenta. banco MANDIRI. a/n: ALI SYAMSUDIN. rek: 136-001-198-6939,spam
Sexualiza tu móvil con una foto sexy GRATUITA de Jordan! Solo envía un mensaje de texto con la palabra BABE al 88600. ¡Luego cada semana recibe una celebridad sexy! PocketBabe.co.uk para más fotos. 16 £3/semana 087016248,spam
Work from home: Earn $2531/hour! Start today: tinyurl.com/abc,spam
"Möchtest du dein Spiel fortsetzen? Kauf es einfach mit Guthaben, Bro, überprüfe http://tsel.me/jajanonline",spam
FREE iPhone 15! Enter code 8943 at bit.ly/123,spam
"Selamat, Anda mendapatkan 500 voucher CD atau 125 hadiah yang dijamin & Gratis masuk ke undian mingguan 100. Ketik MUSIK ke 87066 Syarat & Ketentuan www.Ldew.com1win150ppmx3usia16",spam
"I hope this information helps.""",spam
WIN 3780 NOW! Click bit.ly/123 to claim!,phishing
Debt relief program: Get out of debt fast! Call 7959,spam
Devi inviare denaro all'IRS ADESSO su https://tinyurl.com/8886,phishing
"NASIB: Condividere, dedicarsi. Fai di questi due una routine e la vita sarà più leggera. Puoi scaricare lo sfondo su http://m.m4in.biz/r?74WhuM STOP: *123*66# / scrivi UNREG NASIB e invia a 92828 Servizio clienti: 087789917018",spam
تحتاج إلى إرسال الأموال إلى السلطة الضريبية الآن على الرابط التالي: https://tinyurl.com/9028,phishing
FREE iPhone 15! Enter code 9033 at bit.ly/123,spam
"மேல் விவரிக்கப்பட்ட நிலை 4. அதிக மொத்த பிட் இப்போது £54. அடுத்த அதிக பிட் £71. பிட் செய்ய அனுமதியாக BIDS ஐ அனுப்புக, உதா பிட் £10 என்று அனுப்பவும் 83383 க்கு. வெற்றி அடையாளவும்.",spam
Your entry won! Claim $2851 cash prize at tinyurl.com/abc,phishing
Limited time offer: 40% off everything!,spam
"සින්හල පරිවර්තනය:
අයින්දෝසැටෝරීය් යානේනල් හෝටෙවලෝොක්ෂ් යන්න, හාස් මහල සත්ව මිනිට් ඡන්, කුලගනන්ල් ටබචත් සීජණඞ් ළු සිවවිය උහ *955*1# පද යෑය/ඕක්ක්.",spam
Exklusives Angebot: Erhalten Sie 50% Rabatt auf Ihren nächsten Einkauf bei SuperShoes. Besuchen Sie www.supershoes.com/offers. Abmelden unter bit.ly/com37382.,spam
"පැකට් BRONET 2GB 60 වදන් 24 වත්මනයට සකස්. මෙම 2GB විතරක් 23.59 ට වේගයි මෘදුකාංගය 27-10-2016 තෙල්පො. අක්මෝස් අක්කෙස්, කක්ද *123#. තොරතුරු838",spam
احصل على جوائز بقيمة مئات الملايين من الروبية في مدينة 1000 بركة. كيف؟ انقر على www.murahituim3.com/kota1000berkah البرنامج ساري حتى 9 أغسطس 2013.,spam
🎉 CONGRATS! You won $3187 Amazon gift card! Redeem at bit.ly/123 🎉,phishing
Debt relief program: Get out of debt fast! Call 4446,spam
WIN 1753 NOW! Click bit.ly/123 to claim!,phishing
"DRINGEND! Wir versuchen, U zu kontaktieren. Die heutige Auslosung zeigt, dass Sie einen garantierten Preis von £800 gewonnen haben. Rufen Sie vom Festnetz aus die 09050001808 an. Gutschein M95. Nur 12 Stunden gültig.",phishing
"Numéro de promotion : 8714714 - Vous avez gagné une escapade en ville et vous pourriez GAGNER une virée shopping d'été de 200 £ chaque semaine. Envoyez DÉPÔT au 88039. SkilGme. CGV 087147403231Pour gagner ! À partir de 16 ans, 1,50 £ par abonnement par semaine",phishing
Эксклюзивное предложение: получите скидку 50% на ваш следующий заказ в SuperShoes. Посетите www.supershoes.com/offers. Отказаться от подписки на bit.ly/com37409,spam
بلومبرغ - مركز الرسائل +447797706009 لماذا تنتظر؟ قدّم طلب لمستقبلك http://c4reer$.8|0om8erg.com,phishing
எங்களை அழைத்துப் பார்க்க முயற்சித்தேன் எங்கள் எஸ்எம்எஸ் குறித்து உங்கள் பதிலுக்கு உரிய 750 நிமிடங்கள் முக்கிய உரை இலவசமாக வீடியோ மொபைல் வசதியுடன் கேமரா பதில் அல்லது இப்போது 08000930705 எண்ணை அழைக்கவும் Del Thurs,spam
ඔබගේ අනතුරේ m-tronik හි විශ්වවේධාදත්වරු m-tronik විශ්වස්තුවන් ලෑන් ලැසුම් [2] විස්තරයකි; [25e477r] u/තොරතුර සහාය www.gebyarhadiah2016.com,spam
மார்வெல் மொபைல் அனைத்து ஸ்பைடர் இசுள்ட் கேம் (Â£4.50) உங்கள் மொபைலில் இப்போது விளம்பரணம் செய்யுங்கள். கேம் செய்ய எஸ்.பைடர் என்ற மெசேஜ் அனுப்பி 83338 எண்களில் அனுப்புங்கள் மற்றும் நாங்கள் உங்களுக்கு இலவசமான 8Ball வால்பேபர் அனுப்புவோம்,spam
Work from home: Earn $2136/hour! Start today: goo.gl/xyz,spam
Your entry won! Claim $1889 cash prize at bit.ly/123,phishing
Your entry won! Claim $4782 cash prize at bit.ly/123,phishing
Vente estivale! Achetez-en un et obtenez-en un gratuitement sur tous les vêtements de plage chez TrendyStyles. Magasinez maintenant sur www.trendystyles.com/sale50,spam
FREE % iPhone 15! 🎁 Enter ⚡ code 1540 _ at goo.gl/xyz,spam
"இந்த உரையை தமிழில் மொழிபெயர்ப்பதற்கு பிரபலமான மொழிபெயர்ப்பாளராக இருக்கிறீர்களா, அந்த உரை எதையும் பொருள் கொடுக்காதீர்கள்.",spam
Вам нужно отправить деньги в IRS СЕЙЧАС по адресу https://tinyurl.com/8990,phishing
FREE iPhone 15! Enter code 5240 at tinyurl.com/abc,spam
"Это уже второй раз, когда мы пытаемся связаться с вами. Вы выиграли приз в размере 750 фунтов. Получить его легко, позвоните по номеру 08718726970 СЕЙЧАС! Только 10 пенсов за минуту. Национальная тарификация BT.",phishing
URGENT: Your prize is waiting! Call 4049,phishing
Heißer Sommerschlussverkauf! Kaufen Sie ein Produkt und erhalten Sie ein weiteres kostenlos beim Kauf von Strandmode bei TrendyStyles. Jetzt einkaufen unter www.trendystyles.com/sale46.,spam
"හායි, ඔබගේ උපන්දිනය ඉවත් වීමේ දින ඉක්රියාව ඉවත් කරන්නේ සැමදාමා විය. ඔබට 1 කෝමර සැබෑ රු. 5390 සඳහා දිනවැඩියාවක් මිලදී ගැනීමේ වේලාව ඇසුනෙන්, උපන් දිනන්ගෙන් පසු වාසි කිරීමට රු. 5603 සඳහා විය. මොකක්වුණේ rml.lu/Cvs559Y21 වෙබ් අඩවියෙහි ක්ලික් කිරීමක්.",spam
"Pas de nouvelles de U4 depuis un moment. Appelle pour une discussion privée et impolie au 01223585334 pour prendre du plaisir. Tu veux voir des photos de moi en train de baiser, alors envoie PIX au 8552. Pour arrêter, envoie STOP au 8552. SAM xxx",spam
🎉 CONGRATS! You won $3830 Amazon gift card! Redeem at tinyurl.com/abc 🎉,phishing
"Berkat isi ulang pulsa No anda T,pilih sbg pemenang Cek tunai Rp.75jt dri PT.M-KIOS PIN:(5N939F7) U/INFO KLIK www.pt-mkios15.blogspot.com",phishing
¡Venta de verano caliente! Compra uno y llévate otro gratis en toda la ropa de playa en TrendyStyles. ¡Compra ahora en www.trendystyles.com/sale47!,spam
"44 7732584351, Apakah Anda ingin menerima ponsel Nokia 3510i warna baru besok? Dengan 300 menit percakapan gratis ke semua nomor ponsel + 100 pesan teks gratis + Kamera digital gratis, balas atau hubungi 08000930705.",spam
"Update_Now - Doppelte Minuten und 1000 SMS auf Orange-Tarifen. Neuestes Motorola, SonyEricsson & Nokia & Bluetooth KOSTENLOS! Rufen Sie MobileUpd8 unter 08000839402 an oder rufen Sie an, um sich abzumelden/!YHL",spam
Your entry won! Claim $1038 cash prize at tinyurl.com/abc,phishing
Earn $2207 per week working from home!,spam
Debt relief program: Get out of debt fast! Call 6726,spam
لا تفوت الحصول على نغمة بوليفونيكية جديدة كل أسبوع لهاتفك المحمول! ما عليك سوى إرسال رسالة نصية تحتوي على PT2 إلى 87575. النغمة الأولى مجاناً! ابدأ الإرسال الآن وقم بإخبار أصدقائك. 150 بنس للنغمة. 16 رسالة للرد، HL 4info,spam
БОНУС СПЕЦИАЛЬНОГО ПРЕДЛОЖЕНИЯ HMV 500 фунтов настоящих купонов HMV можно выиграть. Просто ответь на 4 простых вопроса. Играть сейчас! Отправьте HMV на 86688 Больше информации: www.100percent-real.com,spam
Your entry won! Claim $574 cash prize at bit.ly/123,phishing
Grande vendita estiva! Acquista uno e ottieni uno gratuito su tutti i costumi da bagno su TrendyStyles. Acquista ora su www.trendystyles.com/sale19,spam
Disfrute de llamadas y SMS ILIMITADOS a otros usuarios de Indosat Ooredoo y navegación ilimitada por Internet durante 3 días con el paquete Ramadhan Unlimited. Marque *123*88#,spam
අපට හරි! කරුණාකර ලැන්ඩ්ලයින්සෙලෙපිකම්සේ 09061213237 ඇමතුගෙන දීමට යක්ෂය. මුදල් ¬£5000 හෝ 4* හෝලි ගොවන් ඒකකට මෙහෙයුම පරීක්ෂා කිරීමට අයිතිකරණ භාවිතය සහිත ව්‍යාවොප සහත් PO Box 177 M227XY. 16+,phishing
"¡Felicidades! Gracias a un buen amigo U ha GANADO el premio de Navidad de ¬£2,000. 2 reclamar es fácil, ¡solo llama al 08718726978 AHORA! Solo 10p por minuto. Tarifa nacional de BT.",phishing
URGENT: Your prize is waiting! Call 2650,phishing
يجب عليك إرسال الأموال إلى الخدمة الضريبية الآن على الرابط: https://tinyurl.com/8985,phishing
Your entry won! Claim $2098 cash prize at bit.ly/123,phishing
Life insurance premium increases with growing age. Buy 1 Cr Life Insurance now & pay Rs5390 instead of Rs5603 after your b'day. Apply rml.lu/KQgkgv33,spam
Your entry won! Claim $3015 cash prize at goo.gl/xyz,phishing
"DEAL: Hey Boys. ඔයාට විශ්වාස XXX ඡාංගත ඡාංගත් 2 උරගම SMS කරගන්නනේද? PORN ට්‍රයි කරන්න 69855 වෙත, 24 පැය නොගත් සහ ඊරග කිරීමට අත්හිටියාව ප්‍රමාණයක්. නවතමන් ට්‍රයි කරන්න STOPBCM SF WC1N3XX වෙත",spam
"இந்தோசாதூர்டூ உங்கள் நம்பிக்கையான வாடிக்கையாளராக இருக்க நன்றி. வீடியோ + இலவசமாக போன் செய்ய 60 நிமிடம், தொடர *900*8#",spam
"Tu saldo en efectivo es actualmente de 500 libras - para maximizar tu dinero en efectivo, envía DINERO en este momento al 86688 solo por 150p/mensaje. CC: 08718720201 Apartado de correos 114/14 TCR/W1",phishing
Hai vinto un Nokia 7250i. Questo è ciò che ottieni quando vinci la nostra asta GRATUITA. Per partecipare invia Nokia al 86021 ora. HG/Suite342/2Lands Row/W1JHL 16+,phishing
¡Llama a Alemania por solo 1 penique por minuto! Llama desde una línea fija a través del número de acceso 0844 861 85 85. ¡Sin pago anticipado! ¡Acceso directo!,spam
FREE iPhone 15! Enter code 8131 at goo.gl/xyz,spam
විශේෂයෙ! ඔබගේ 2003 ගිනුමේ සාදය මත 800 ක් කළ නොහැකයි. 08718738001 ඉඩලබා ගත් අනන්‍ය ප්‍රකාශ අංකය: 49557 වනවිට පිවිසෙනවා 26/11/04,spam
Exclusive Offer: Get 50% off on your next purchase at SuperShoes. Visit www.supershoes.com/offers. Unsubscribe at bit.ly/com37379,spam
Don't miss this amazing deal: shoes for only $40!,spam
"Rock deine Chik. Hol dir jetzt Hunderte schmutziger Filme und XXX-Bilder auf dein Handy. Antworte mit FILTH an 69669. Saristar Ltd, E14 9YT 08701752560. 450p pro 5 Tage. Stop2, um zu kündigen.",spam
"1000 флиртов прямо СЕЙЧАС! Напишите ДЕВУШКА или ПАРЕНЬ и свое ИМЯ и ВОЗРАСТ, например, ДЕВУШКА ЗОИ 18 на 8007, чтобы присоединиться и начать общение!",spam
Dapatkah Anda mendapatkan 2 telepon SEKARANG? Saya ingin mengobrol untuk mengatur pertemuan. Hubungi saya SEKARANG di 09096102316. Anda bisa datang ke sini besok. Kamu cinta JANE xx Panggilan ¬£1/menit. Lebih banyak layanan bisa diakses melalui EMSPOBox45PO139WA.,spam
¡Te están estafando! Obtén tu contenido móvil de www.clubmoby.com llama al 08717509990 poly/true/Pix/Ringtones/Juegos seis descargas por solo 3,spam
Earn $4086 per week working from home!,spam
"Someone U know has asked our dating service 2 contact you! Cant Guess who? CALL 09058097189 NOW all will be revealed. POBox 6, LS15HB 150p",spam
Sie müssen dem IRS JETZT Geld überweisen unter https://tinyurl.com/9051.,phishing
"Du hast einen heimlichen Bewunderer, der Kontakt mit dir aufnehmen möchte - finde heraus, wer es ist * offenbare, wer dich so besonders findet - ruf 09058094599 an.",spam
WIN 953 NOW! Click goo.gl/xyz to claim!,phishing
Obtenez la sonnerie polyphonique officielle de l'ANGLETERRE ou le drapeau colore sur votre mobile pour le match de ce soir ! Envoyez TONE ou FLAG au 84199. Optout txt ENG STOP Box39822 W111WX £1.50,spam
"Sorry, I can't open shortened or unknown URLs. How can I assist you with this text?",spam
WIN 4522 NOW! Click goo.gl/xyz to claim!,phishing
WIN 4087 NOW! Click goo.gl/xyz to claim!,phishing
"mercі poυr vοtre cοmmаnde de sonnеriε, nυméro de référencе x49. vοtrе mobilе sera facturé 4,50. si votre sοnnеrіе n'arrivе pas, vеuillez appeler lе sеrvicе сlient αυ ο906s989182.",spam
Work from home: Earn $3965/hour! Start today: bit.ly/123,spam
WIN 4163 NOW! Click bit.ly/123 to claim!,phishing
"HAI VINTO! La tua vacanza a 4* Costa Del Sol o ¬£5000 ti aspettano per essere ritirati. Chiama ora al 09050090044 per richiedere. SAE, TC s, POBox334, Stockport, SK38xh, Cost¬£1.50/pm, Max10mins",phishing
Exklusives Angebot: Erhalten Sie 50% Rabatt auf Ihren nächsten Einkauf bei SuperShoes. Besuchen Sie www.supershoes.com/offers. Abbestellen unter bit.ly/com37386,spam
"Especial para 🚨 ti. ¡Paquete de internet por solo 10 mil con 1.5GB < de datos por 30 días, 💸 válido las 24 📧 horas en la red más ⚠️ rápida ⚠️ de Indosat. , Responde a este SMS "" escribiendo 🎁 SI al 919 hasta el 22 ( de mayo de 🔒 15.",spam
URGENT: Your prize is waiting! Call 3554,phishing
"Virementz simplement l'argent sur ce compte. Mandiri. Numéro de compte: 152-00-1236312-9. au nom de: DARMAN. Une fois le virement effectué, envoyez un SMS à ce numéro. Merci",phishing
இந்த படிக்கும் பேக் ஃப்ளாஷ் சந்தா நிறுத்தப்படும். அச்சுரியம் உள்ளவர்கள் ஃப்ளாஷ் உள்ளமைக்க சரி என்பதை ஜால் அனுமதிப்பது. உங்கள் பேக் இறக்குமுறையை உறுதிப்படுத்த சென்ட் SMS நிரோதனையை காத்தியிருக்கவும்.,spam
Work from home: Earn $4297/hour! Start today: tinyurl.com/abc,spam
"Was wünschst du dir zu Weihnachten? Wie wäre es mit 100 kostenlosen SMS und einem neuen Videotelefon mit halbierten monatlichen Kosten? Rufe jetzt kostenlos unter 0800 0721072 an, um mehr zu erfahren!",spam
FREE iPhone 15! Enter code 8578 at tinyurl.com/abc,spam
"449050000301 Hai vinto un premio di £2.000! Per richiederlo, chiama il 09050000301.",phishing
Your entry won! Claim $1571 cash prize at bit.ly/123,phishing
"OFFER: ЧЕРНАЯ ИНТЕРНЕТ-МАГАЗИН BIG SAL 50% BB Z10 Rp. 4 млн ДАКОТА Rp.2,8 млн Самсунг ноут II Rp. 3 млн Iphone 5 16GB Rp. 3 млн Ноутбук, камера и др. Интересуетесь? Приглашаем вас на BBM PIN: 25A4FF8C",spam
¡Felicitaciones! Has recibido un cupón de Zalora por Rp100rb. Ingresa el código del cupón TSU59 al realizar la transacción en www.zalora.co.id/simPATI. ¿Quieres otro cupón? Contacta *999*1#,spam
"Selamat! Nokia 3650 ponsel kamera video Anda. Hubungi 09066382422. Biaya panggilan 150ppm, rata-rata panggilan 3 menit, dapat berbeda dari ponsel 16+. Akhiri 300603. Kirim ke BCM4284 Ldn WC1N3XX.",spam
"Félicitations! Grâce à un bon ami, tu as GAGNÉ le prix de Noël de £2,000. Pour réclamer, il suffit d'appeler le 08718726971 MAINTENANT! Seulement 10p par minute. Tarif national BT.",phishing
Debt relief program: Get out of debt fast! Call 5760,spam
Work from home: Earn $757/hour! Start today: tinyurl.com/abc,spam
لقد تم اختيارك بشكل خاص لتلقي جائزة بقيمة 2000 جنيه إسترليني! اتصل على 08712402050 قبل إغلاق الخطوط. التكلفة 10 بنس للدقيقة. 16+. تطبق الشروط والأحكام. AG Promo,phishing
"Mila, age23, blonde, new in UK. I look sex with UK guys. if u like fun with me. Text MTALK to 69866.18 . 30pp/txt 1st 5free. Â£1.50 increments. Help08718728876",spam
<Diteruskan dari 88877> Masuk GRATIS ke kompetisi mingguan senilai ¬£250 hanya dengan mengirimkan kata ENTER ke 88877 SEKARANG. 18 T&C www.textcomp.com,spam
INTERFLORA - Â“It's not too late to order Interflora flowers for christmas call 0800 505060 to place your order before Midnight tomorrow.,spam
Your entry won! Claim $2192 cash prize at goo.gl/xyz,phishing
"வாழ்த்துக்கள்! PT.INDOFOOD இலிருந்து ஒரு நிசான் ஜூக் கார் பெற்றுள்ளீர். ஸ்டிக்கர் உங்கள் 27tdn55 இல் உள்ளது. விரும்பிய விபரங்களுக்கு, விருப்பமாக உதவியும், இணையதளம் www.popmieget-lucky.blogspot.com ஐ அணுகவும்.",phishing
Vous devez envoyer de l'argent à l'IRS MAINTENANT sur https://tinyurl.com/8873,phishing
ඔබට 1 කට නව පණිවුඩක් ඇදුම් වේ. 08715205273 අංකය එක ඇමතුනේ.,spam
Debt relief program: Get out of debt fast! Call 7186,spam
مرحبًا، عيد ميلادك قريب. حان الوقت لشراء خطة تأمين على المدى الطويل بقيمة 5390 روبية بدلاً من دفع 5603 روبية بعد عيد ميلادك. انقر على الرابط rml.lu/Cvs559Y27,spam
"KOSTENLOSE NACHRICHT: Unsere Aufzeichnungen deuten darauf hin, dass Ihnen für den Unfall, den Sie hatten, möglicherweise 3750 Pfund zustehen. Um kostenlos zu beanspruchen, antworten Sie mit JA auf diese Nachricht. Um abzulehnen, senden Sie STOP.",phishing
HMV BONUS SPECIAL. 500 фунтов подлинных ваучеров HMV можно выиграть. Просто ответьте на 4 легких вопроса. Играйте сейчас! Отправьте HMV на 86688. Больше информации: www.100percent-real.com.,spam
"INDOMARCOCELL предлагает стать агентом PULSA MKIOS 1CHIP для всех операторов по следующим ценам; V.5=4000, V.10=8000, V.20=16000, Как присоединиться: напишите DAFTAR и отправьте на 08977628977 #Выразить свои чувства о нас..",spam
"الدخول مجاني في مسابقة أسبوعية لفرصة الفوز بآيبود. أرسل كلمة ""POD"" إلى 80182 للحصول على الدخول (تكلفة الرسالة النصية القياسية). تطبق الشروط والأحكام. اتصل بـ 08452810073 للحصول على التفاصيل. للأعمار 18+",spam
WIN 3630 NOW! Click tinyurl.com/abc to claim!,phishing
Penawaran Eksklusif: Dapatkan diskon 50% untuk pembelian Anda selanjutnya di SuperShoes. Kunjungi www.supershoes.com/offers. Berhenti berlangganan di bit.ly/com37386,spam
🎉 CONGRATS! You won $4732 Amazon gift card! Redeem at goo.gl/xyz 🎉,phishing
"Gentile cliente, La tua scheda SIM ha ricevuto un assegno in contanti di Rp:27jt da PT.TRICARE INDONESIA Il tuo PIN è HDR7JN7 Per verificare il PIN, visita www.programundiantricare-2015.blogspot.co.id",phishing
"Terima kasih untuk pembelian terbaru Anda di Amazon. Anda telah dikenai biaya sebesar $108.34. Jika terjadi kesalahan, harap hubungi (786) 438-4356.",spam
Anda dipilih untuk menerima penghargaan ¬£350! Silakan hubungi nomor klaim 09066364311 untuk mengumpulkan hadiah Anda yang Anda pilih untuk diterima sebagai pelanggan seluler yang dihargai.,phishing
"Selamat!! ¬†anda Mendpt hadiah Rp. 75 juta. Dari TELKOMSEL point ""Edisi september"" Hub kntr pusat : 082375271777 (Ir. Dwi Hartanto)",phishing
"Promotionsnummer: 8714714 - Du hast einen City-Break gewonnen und könntest JEDE WOCHE einen £200 Sommer-Einkaufsbummel gewinnen. Sende den Text STORE an 88039. SkilGme. TsCs087147403231Winawk! Alter 16, £1.50 pro Woche Abonnement",phishing
Heißer Sommerverkauf! Kaufen Sie ein Teil und erhalten Sie das zweite gratis bei allen Strandkleidungen bei TrendyStyles. Jetzt einkaufen unter www.trendystyles.com/sale42.,spam
"Salut, si tu cherches du plaisir torride en journée avec une femme mariée aux formes généreuses, je suis disponible toute la semaine prochaine. Discutons maintenant pour fixer un rendez-vous. JANINExx Appels £1/min Mobiles plus LK PO BOX 177 HP51FL",spam
"வாழ்த்துக்கள், உங்களுக்கு 500 சீடி வாவ்சர்ஸ் அல்லது 125 பரிமாறம் உதவியும் & இலவசமாக 100 குறிப்புகளில் பிரவேசம் செய்யவும். உடன் துரூதமாய் MUSIC என்று அனுப்பவும் 87066 என்ற எண் க்கு சின்னமணி Ldew.com1win150ppmx3age16 என்ற நிபுணன் விதிமுறைகள் வழியாவே அறியுங்கள்.",spam
"Gebyar puntos plus-plus INDOSAT Edición 2013 período 9, Su número de PIN de sorteo (d377hi8) ha ganado un premio, para más información; www.gebyarINDOSATpoinplus.weebly.com",phishing
Earn $4740 per week working from home!,spam
WIN 2498 NOW! Click bit.ly/123 to claim!,phishing
උක්මෙන්න නැවත මිල 50% අසන ලැබුණු SuperShoes හි පිහිටි මිලට පමණි. www.supershoes.com/offers වෙත පිවිසෙන්න. අක්‍ශය ඉවශනය කිරීම සහිත පරිශීලකත්වයෙන් bit.ly/com37419 වෙත පිවිශනය කිරීමට ඉඩ නගන්න.,spam
URGENT: Your prize is waiting! Call 3154,phishing
5p 4 песню Alfie Moon на благотворительный концерт на вашем мобильном. Скажи своим друзьям. Отправьте смс с текстом Tone charity на 8007 для телефонов Nokia или Poly charity для полифонических мелодий: zed 08701417012 прибыль 2 благотворительности.,spam
WIN 2816 NOW! Click tinyurl.com/abc to claim!,phishing
Привет: Вы были выбраны для немедленного получения приза от PT.TELKOMSEL в размере 75 миллионов рупий. Для получения дополнительной информации свяжитесь с центром: 085245780079 Д-р. Х.МУЛЬЯДИ Исполнитель: TELKOMSEL,phishing
FREE iPhone 15! Enter code 9607 at tinyurl.com/abc,spam
"¡URGENTE! ¡Has ganado una membresía GRATUITA de 1 semana en nuestro premio mayor de £100,000! Envía la palabra: RECLAMAR al Número: 81010 Términos y Condiciones www.dbuk.net LCCLTD APARTADO 4403LDNW1A7RW18",phishing
كاميرا - تم منحك كاميرا رقمية SiPix! اتصل على الرقم 09061221066 من الهاتف الثابت. التسليم خلال 28 يومًا,phishing
Work from home: Earn $2520/hour! Start today: goo.gl/xyz,spam
"Токо-багус телефон акция скидка 50% BlackBerry: Dakota Rp.2,8jt torchRp 2jt Гемини 900rb информация/смс/пин 282F4C55 085776973349 WWW.TOKOBAGUSPHONE.COM",spam
🎉 CONGRATS! You won $4574 Amazon gift card! Redeem at bit.ly/123 🎉,phishing
URGENT: Your prize is waiting! Call 6361,phishing
عليك أن ترسل المال إلى مكتب الضرائب الآن على الرابط التالي: https://tinyurl.com/9011,phishing
"2p par minute pour appeler l'Allemagne 08448350055 depuis votre ligne BT. Seulement 2p par minute. Consultez PlanetTalkInstant.com pour plus d'informations et les termes et conditions. Envoyez ""stop"" pour vous désabonner.",spam
¡URGENTE! Estamos tratando de contactar con U. El sorteo de hoy muestra que has ganado un premio de £2000 GARANTIZADO. Llama al 09058094507 desde un teléfono fijo. Reclama el premio 3030. Válido solo por 12 horas.,phishing
Save money on wedding lingerie at www.bridal.petticoatdreams.co.uk Choose from a superb selection with national delivery. Brought to you by WeddingFriend,spam
URGENT: Your prize is waiting! Call 5485,phishing
在家工作每月赚3298元！,spam
Vous devez envoyer de l'argent à l'IRS MAINTENANT sur https://tinyurl.com/8847,phishing
Non conosco te e tu non mi conosci. Invia CHAT al 86688 ora e cerchiamo di trovarci! Solo 150p/Msg ricevuti. HG/Suite342/2Lands/Row/W1J6HL LDN. 18 anni o più.,spam
"Osos Pic Nick, y Tom, Pete y ... Dick. De hecho, todos los tipos intentan chat gay con carga de fotos llamar al 08718730666 (10p/min). Para detener los textos, llame al 08712460324",spam
Debt relief program: Get out of debt fast! Call 6126,spam
Your entry won! Claim $581 cash prize at goo.gl/xyz,phishing
Dicembre soltanto! Hai il tuo cellulare da 11 mesi o più? Hai diritto a un aggiornamento gratuito al più recente cellulare con telecamera a colori! Chiama il Mobile Update Co GRATIS al 08002986906,spam
Debt relief program: Get out of debt fast! Call 1869,spam
"ОФИЦИАЛЬНОЕ СООБЩЕНИЕ от Tri No. XV/15 Ваш победительный PIN-код 67YTG44 был выбран в качестве второго приза наличными 45 млн. Подробная информация .Tri нажмите на WWW.3-INFO.WEBNODE.COM ОТ НОМЕРА. 089655264130 ЗАТЕМ ПРИДЕТ СМС .ИЗВИНИТЕ, ПОЗВОНИТЬ МОЖНО С НОМЕРА 085104894998",phishing
WIN 4359 NOW! Click goo.gl/xyz to claim!,phishing
Your entry won! Claim $2856 cash prize at bit.ly/123,phishing
Questo messaggio è gratuito. Benvenuti nel nuovo e migliorato club del Sesso & Dogging! Per disiscriverti da questo servizio rispondi STOP. msgs@150p 18+solo,spam
Valentinstags-Spezial! Gewinnen Sie über £1000 in unserem Quiz und machen Sie mit Ihrem Partner die Reise Ihres Lebens! Senden Sie JETZT GO an die 83600. 150p/Nachricht erhalten. Kundenservice: 08718720201.,spam
ටානය.25% ඩොමිනෝස් පිසිකරන අගුස් 14 දක්වා දරුවනෙන් සිරිත්ව වර්ගය. / සාදනීය චැනිකනට් 1500366/visit http://bit.ly/294KoZ6 කේත: VR25D,spam
"Obtenez GRATUITEMENT 1 cappuccino (chaud / glacé) & Freza, pour tout achat minimum de Rp75Rb au café EXCELSO de Semarang, Yogya, Solo jusqu'au 9 août 13. Montrez le SMS au personnel.",spam
Debt relief program: Get out of debt fast! Call 4642,spam
வாழ்க்கை கடமை கூவுது வயது வருடத்தின்மையின் உடன். 1 கோடி வாழ்க்கை கடமை இப்போது வாங்கி மட்டுமே ஆணை செய்யவும் & உங்கள் பிறந்தநாள் பிற்கு ரூ.5390 பொருள் செலுத்துவதாகவும் அல்லது ரூ.5603 நிறைக்கும். விண்ணப்பிக்க rml.lu/KQgkgv17,spam
Gratis: Txt: LLAMA al No: 86888 y reclama tu recompensa de 3 horas de tiempo de llamadas para usar desde tu teléfono ahora! Suscríbete por 6GBP/mes incluye 3 hras. 16 ¿detener? txtStop,spam
Your entry won! Claim $936 cash prize at bit.ly/123,phishing
"விஊச் டிரெவல்: சைபெல்! !!-D""₹..ு ஒனி யொூ நெச்..₹. பொே.. ₹.். ஒன் யொன்! ..ே!! அட் ஒன் யொ. கிைஷ்..े. #ொூை. सव..ைை.े.হொூक் ஂூ.३१८१",spam
உங்களுக்கு தொடர்பு கொள்ள 08712402902 அக்டோ அதிகமானது இல்லை உள்ளது.,spam
WIN: Don't miss this amazing deal: watch for only $37!,spam
"Quiz del pub Moby. Vinci un premio del valore di £100 se sai chi sarà la nuova Duchessa di Cornovaglia? Manda un SMS con il suo nome alla 82277. Per non ricevere più messaggi, invia STOP. Costo del messaggio £1.50. Codice: 008704050406. SP",spam
"Congratulazioni! 2 videotelefoni 3G mobili sono tuoi. Chiama ora al 09063458130! Chattare in video con i tuoi amici, giocare a giochi Java, scaricare musica polifonica, noleggio online.",phishing
Devi inviare denaro all'IRS ADESSO su https://tinyurl.com/8850,phishing
ටියෑ මෝබ් වලට යුනික් ලංකාවේ ඇඟවීම ඔන්නේ අලුත් ජංගම දුරකතනයක් ගණන්! එසේ වෙති! වැඩි තොරතුරු සහිතව එකට MAT ටෙකක් 87021 වලට ටික්ස්ට් කරන්න.,spam
Позвоните бесплатно по номеру 0800 542 0578 сейчас!,spam
L'offerta attuale più alta è di 151. Per mettere in pausa questa asta invia FUORI. Assistenza clienti: 08718726270,spam
"අත්පොරොදුරක්! ඔබගේ ජංගම දුර 077xxx 02/06/03 දිනයේ Â£2,000 රුගයේ බෝනම් කෝස්ක් තරගය ලබාදුන්! මෙය ඔබ වෙනත් අවශ්‍යසැපයපට වූ දෙකක් එක්කරන්න! 09066362206 වලංගු දැන්ම අපෙන් අපට ඇපකරන්න! BOX97N7QP, 150ppm",phishing
🎉 CONGRATS! You won $859 Amazon gift card! Redeem at tinyurl.com/abc 🎉,phishing
Bienvenue ! Veuillez répondre avec votre ÂGE et votre SEXE pour commencer. par exemple 24H,spam
Earn $4109 per week working from home!,spam
🎉 CONGRATS! You won $2247 Amazon gift card! Redeem at bit.ly/123 🎉,phishing
يجب عليك إرسال الأموال الآن إلى السلطات الضريبية عبر https://tinyurl.com/8838,phishing
Devi inviare denaro all'IRS ORA su https://tinyurl.com/8955,phishing
"Mila, வயது 23, பூம்பனையானவள், UKஇல் புதியவள். நான் UK ஆண்களுடன் காமம் வைப்பேன். உங்களுக்கு என்னுடன் செல்ல விரும்பினால். 69866 க்கு MTALK என்ற அனுப்பியுங்கள். 18. 30 சந்தா/உன் 1ம் 5 உட்கட்டப்பட்டது. Â£1.50 முதல் அபரவணுக்கு உயர்தின்மைகள். Help08718728876",spam
"Herzlichen Glückwunsch, 2 mobile 3G Videotelefone gehören Ihnen. Rufen Sie jetzt 09063458130 an! Videochat mit Ihren Freunden, spielen Sie Java-Spiele, laden Sie Polyphonic-Musik herunter, ohne Mietgebühren. Bx420. Ip4. 5we. 150p.",phishing
Work from home: Earn $1245/hour! Start today: tinyurl.com/abc,spam
🎉 CONGRATS! You won $1194 Amazon gift card! Redeem at tinyurl.com/abc 🎉,phishing
Your entry won! Claim $1803 cash prize at tinyurl.com/abc,phishing
"0A$NETWORKS පද්ධති මෘදුකාංග මෙම්බරු සඳහා බිල් සඐකසු සපයා ඇතිදැයි ඒවායෙන් ""නිහැරටු"" සඳහම වනු ඇත, එවිට හිස දෙවන දෙයකින් ඇති ඇත. බී. ජී.",spam
"உங்களுக்கு விரோதமான யூரோடிசிங் பயணத்திற்கு ஒருபோது விருப்பமாக விலையாக இந்தக் குறைந்த போன்ற பம்புகள் குறிப்பிடுக. கிளேம் டெக்ட் உங்கள் மொபைலில் DIS என செய்ய EBUL 18+ 6 * £1.50(LS1 3AJ மிகைப் பொருத்த இரக்கம் உள்ளது)10, LS1 3AJ",spam
Kirimi dulu pulsa 20ewu di no ini 085285485839 Mas Agus,spam
"plgn yth,TRI dan MNCTV hanno già annunciato il tuo numero il 03-Marzo-2015 mattina ma non è stato possibile contattarti, quindi io DESI HERMAWATI del Servizio Clienti di TRI presso PLAZA SEMANGGI Lt1 jl,JEND SUDIRMAN KAV50 JKT PST invio un messaggio importante prima della scadenza che il tuo numero di simcard tri ha vinto il concorso di PESTA INTERNET TRI, secondo premio TOYOTA NEW YARIS,PIN tuo:2d7id99. Per informazioni ufficiali clicca; www.internet-tri.jimdo.com",phishing
URGENT: Your prize is waiting! Call 1249,phishing
Earn $4891 per week working from home!,spam
ارسل كلمة RINGTONE أولاً إلى 87131 للحصول على نغمة موسيقية من نوع poly أو ارسل GET إلى 87131 للحصول على نغمة حقيقية! للمساعدة، اتصل على 0845 2814032 بعد 16 رسالة أولى مجانية، وتكلفة النغمات بعد ذلك هي 3 جنيهات إسترلينيه للأسبوع للرسائل القصيرة لإنهاء الخدمة أرسل كلمة stop.,spam
WIN 1515 NOW! Click goo.gl/xyz to claim!,phishing
WIN 3495 NOW! Click bit.ly/123 to claim!,phishing
Necesitas enviar dinero al IRS AHORA en https://tinyurl.com/8890.,phishing
NASIB: Berbagi dan berbakti. Rutinkan 2 hal ini dan hidup akan terasa lebih ringan. Wallpaper dapat diunduh di http://m.m4in.biz/r?74WhuM Berhenti: *123*66# / ketik UNREG NASIB ke 92828 Layanan pelanggan: 087789917018,spam
WIN 3855 NOW! Click bit.ly/123 to claim!,phishing
Debt relief program: Get out of debt fast! Call 1102,spam
"Кто-то обратился в наш службу знакомств и ввел ваш номер телефона, потому что им нравитесь! Чтобы узнать, кто это, позвоните с городского телефона по номеру 09058098002. PoBox1, W14RG 150p",phishing
"Para revisar y MANTENER la fantástica consola de juegos Nokia N-Gage con Club Nokia, visita www.cnupdates.com/newsletter. Para cancelar las alertas, responde con la palabra OUT.",spam
Cashbin.co.uk (¡Obtén mucho dinero este fin de semana!) www.cashbin.co.uk Querido/a bienvenido/a al fin de semana. ¡Tenemos nuestro mayor y mejor sorteo de dinero NUNCA VISTO! Estos..,spam
நீங்கள் உதவியை உங்கள் ஐஆர்எஸ் உற்பத்தி செய்ய வேண்டும் இப்போது https://tinyurl.com/8933 இல் கட்டுப்படுத்தவும்.,phishing
"Layanan kencan kami diminta untuk menghubungi Anda oleh seseorang yang pemalu! TELEPON 09058091870 SEKARANG semua akan terungkap. POBox84, M26 3UZ 150p",spam
FREE iPhone 15! Enter code 2867 at goo.gl/xyz,spam
WIN 3122 NOW! Click goo.gl/xyz to claim!,phishing
"Hai, Ulang tahunmu akan segera tiba. Saatnya membeli 1 Rencana Term Life senilai Rs.5390 daripada membayar Rs.5603 setelah ulang tahun. Klik rml.lu/Cvs559Y26",spam
"ඔබගේ ප්‍රාධිපාලකයින් දැන් පළිගැනීමේ වේගය වඩා වැඩි යහපතක්. 09090204448 ඇඟවල් සම්බන්දය කරන්න හෝන්. 1 ඔබගේවත් සැකයුමක් සැකසුමි. ඔව්, ඉදිරිපස එක් කියලා. බීඑන් 1.50 මින්යාතය APN LS278BB",spam
"Eres un ganador, has sido seleccionado especialmente para recibir £1000 en efectivo o un premio de £2000. Habla con un operador en vivo para reclamar, llama al 087147123779 de 9 am a 7 pm. Costo 10p.",phishing
රසාංශ ක්විස් සත්ව ගැජලික ප්‍රෝචාලය! ලිවර්පූල් මධ්‍යස්ථානයක් ඉම වීයේ ඇයිල්ස් ක්‍රිකඩ් කරගත් රංගනය දක්වාද? පිටව ස්පර්ට්දසන් කරන්න 82277 ට. රු. 1.50 SP:තාය්‍රෝ,spam
FREE iPhone 15! Enter code 6106 at goo.gl/xyz,spam
Debt relief program: Get out of debt fast! Call 2079,spam
ජවිපුජාන ලීෆී රාජාල අවසානය සියළු වයස වෙළඳාම්ව වේ. දැක්කා බලන්න 1 ක්ර් ජවිපුජාන රාජාලය & ඔබගේ උපන් උපයෝග් පස්විය ඇසූ පස්වීම Rs5390 විට ලැබේ. අයත් rml.lu/KQgkgvP යන ඇබෑර්ලක්අපිප්පොපෝකප්කජ්ග්වනන්න.,spam
FreeMsg: Testo: CHIAMATA al No: 86888 e richiedi il tuo premio di 3 ore di tempo di conversazione da utilizzare dal tuo telefono ora! Iscrizione 6GBP/mese incluse 3 ore 16 stop?txtStop,spam
Devi inviare denaro all'IRS ADESSO su https://tinyurl.com/9048,phishing
¡URGENTE! Estamos tratando de contactarte. El sorteo del fin de semana pasado muestra que has ganado un premio de £900 GARANTIZADO. Llama al 09061701939. Código de reclamo S89. Válido solo por 12 horas.,phishing
حاولنا التواصل معك بخصوص عرضنا عن هاتف الفيديو الجديد 750، مع دقائق من أي شبكة في أي وقت، ونصف السعر الإيجار لكاميرا فيديو. يمكنك الاتصال على الرقم 08000930705 أو الرد للتوصيل يوم الأربعاء.,spam
URGENT: Your prize is waiting! Call 1904,phishing
نغمة الملك 84484,spam
"Hola hermano, compra monedas de juegos con tu saldo, es muy fácil, echa un vistazo en http://tsel.me/jajanonline",spam
"Nomor Voda hari ini yang berakhir dengan 5226 terpilih untuk menerima penghargaan ?350. Jika Anda memiliki padanan, harap hubungi 08712300220 dengan mengutip kode klaim 1131. Tarif standar berlaku.",phishing
You need to send money the IRS NOW at https://tinyurl.com/8941,phishing
Debt relief program: Get out of debt fast! Call 6171,spam
Sie müssen dem IRS JETZT Geld senden unter https://tinyurl.com/8943,phishing
ஒரு வாரியாக நுழையப்படுகின்ற ஒரு தவறு பட்டியலில் இடுகைப்பெற ஒரு அவசரம் பெற போது உங்கள் தொலைபேசிக்கு iPod வெற்றிகொண்டபடியாகூட்கிறது. உலாவுங்கள் POD என்ற செய்தி 80182 எண்க்கு அனுப்புங்கள் (ஸ்டாண்டர்ட் செய்தி வெளியீடு) செயல்பட்டிகள் போலவே தள்ளீடுகள் 18+ பயன்பாட்டு விதிகளை பற்றி விவரங்கள் 08452810073 எண்க்கானூ விவரங்களை பெற்றுக்கொண்டவர்கள் 18+,spam
Your entry won! Claim $4480 cash prize at goo.gl/xyz,phishing
Anda perlu segera mengirim uang kepada IRS SEKARANG di https://tinyurl.com/8885,phishing
"Dear Sir/Madam! Your number has been officially selected as the 2nd prize winner from PT.M-tronik. Pin number: 2g43f79 For information on claiming your prize, please visit: www.gebyarmtronik.tk",phishing
Hi Trims kmu udh gabung layanan Bung Gita Bicara Bola!Dpt info menarik n Prediksi Akurat dr Bung Gita! 3info/mg 2rb/sms.Stop: unreg Gita ke 3450.CS:0215649770,spam
Your entry won! Claim $805 cash prize at goo.gl/xyz,phishing
"¡Consigue un teléfono móvil nuevo siendo agente de The Mob! ¡Además, muchas más sorpresas! Para más información, solo envía el mensaje MAT al 87021.",spam
Work from home: Earn $2401/hour! Start today: bit.ly/123,spam
Il tuo saldo contante è attualmente di 500 sterline - per massimizzare il tuo incasso ora invia GO al 86688 solo 150p/messaggio. CC 08718720201 HG/Suite342/2Lands Row/W1J6HL,phishing
FREE iPhone 15! Enter code 4176 at tinyurl.com/abc,spam
ofert4 exclusiva: obtén un 50% de descuen7o 3n tu próxima compr@ en supershoes. visi7a www.5upersh0es.com/of3rt@s. d@rse de b@ja en b!7.ly/com37378.,spam
Hot Summer Sale! Buy one get one free on all beachwear at TrendyStyles. Shop now at www.trendystyles.com/sale40,spam
قم بتحويل المبلغ إلى بصفحة البنك فقط بإسم المستلم xxx رقم الحساب 7390685xxx، بعد الانتهاء من العملية قم بإرسال رسالة نصية إلى هذا الرقم!,phishing
"Liebe/r Gutscheininhaber/in, um das Angebot dieser Woche in Anspruch zu nehmen, bitte gehen Sie auf Ihrem PC zu http://www.wtlp.co.uk/text. Es gelten die Teilnahmebedingungen.",spam
Earn $4601 per week working from home!,spam
FLASH SALE: 76% OFF all items! Shop now: bit.ly/123,spam
"Votre sonnerie gratuite vous attend d'être collectée. Envoyez simplement le mot de passe ""MIX"" au 85069 pour vérifier. Obtenez Usher et Britney. FML, Boîte postale 5249, MK17 92H. 450Ppw 16",spam
تم تجديد اشتراك TONEXS الخاص بك و تم خصم 4.50 جنيه إسترليني من حسابك. يمكنك اختيار 10 بولي مزيدة هذا الشهر. www.clubzed.co.uk *رسالة فوترة*,spam
Don't miss this amazing deal: watch for only $65!,spam
පෞද්ගලික සේවා දැන්වීම. ඔබට අපේ අසවැක්ෂණය බස් එලී කර ඇත. කරුණාකර 07046744435 දුරංගනාව සැකසීමට දුන්න.,phishing
Work from home: Earn $2361/hour! Start today: tinyurl.com/abc,spam
"Félicitations! Vous avez remporté un prix en espèces de 15 millions de roupies de INDOSAT. Votre code PIN est 277fg49. Pour plus d'informations sur la collecte du prix, visitez le site Web indosat www.hadiah-indosat.blogspot.com",phishing
debt relief pro9r4m: g3t out of debt f4$t! ca|l 6219,spam
Work from home: Earn $1464/hour! Start today: bit.ly/123,spam
"Komm schon, Schatz, mach mich geil, mach mich an! Schick mir jetzt deine Fantasie per SMS, Schatz -) Ich bin heiß, klebrig und brauche dich jetzt. Alle Antworten kosten £1,50. Um zu stoppen, sende STOP.",spam
URGENT: Your prize is waiting! Call 8771,phishing
"Ответьте своим именем и адресом, и ВЫ ПОЛУЧИТЕ ПО ПОЧТЕ бесплатное проживание на неделю в различных местах по всему миру www.phb1.com тел. 08700435505150р",spam
free iphone 15! enter c0de 6720 at tinyur|.com/abc,spam
Debt relief program: Get out of debt fast! Call 6883,spam
Your entry won! Claim $3428 cash prize at tinyurl.com/abc,phishing
WIN 3465 NOW! Click goo.gl/xyz to claim!,phishing
Du musst jetzt Geld an das Finanzamt unter der Adresse https://tinyurl.com/8942 senden.,phishing
يجب عليك إرسال الأموال للسلطات الضريبية الآن على https://tinyurl.com/8839,phishing
"يمكنك إيقاف نغمات النادي الإضافية عن طريق الرد على ""STOP MIX"". انظر إلى my-tone.com/enjoy.html للاطلاع على البنود. تكلف نغمات النادي 4.50 جنيه إسترليني في الأسبوع. MFL، صندوق بريد 1146 ميلتون كينز MK45 2WT (2/3)",spam
Sei abbastanza unico? Scoprilo dal 30 agosto. www.areyouunique.co.uk,spam
URGENT! Vous avez gagné une adhésion GRATUITE d'une semaine à notre Jackpot de prix de 100 000 ¬£! Envoyez le mot: RECLAMER au numéro: 81010 Conditions générales sur www.dbuk.net LCCLTD BOÎTE POSTALE 4403LDNW1A7RW18,phishing
"Urgente - chiama 09066649731 da una linea fissa. La tua vacanza gratuita a Ibiza di 4* o £10,000 in contanti ti attendono per il ritiro SAE T&C PO BOX 434 SK3 8WP 150ppm 18+",phishing
استخدم TCASH لدفع فواتير الكهرباء أو شراء رمز الكهرباء! ما عليك سوى الاتصال برقم * 800 # واختيار قائمة الدفع أو الشراء.,spam
WIN 4398 NOW! Click goo.gl/xyz to claim!,phishing
FREE iPhone 15! Enter code 1761 at tinyurl.com/abc,spam
"Je suis chaud et excité et prêt, je vis près de chez vous - envoyez une réponse pour entendre le début de ma part 150p par message Netcollex LtdHelpDesk: 02085076972 réponse Stop pour arrêter",spam
Debt relief program: Get out of debt fast! Call 4564,spam
URGENT: Your prize is waiting! Call 3300,phishing
"Hai Pemegang Voucher, Untuk mengklaim penawaran minggu ini, di PC Anda silakan kunjungi http://www.e-tlp.co.uk/reward. Syarat dan Ketentuan berlaku.",spam
(ایتد2773838383 https://goo.gl/783090),spam
Your entry won! Claim $4752 cash prize at bit.ly/123,phishing
"ශ්‍රී උබ අභිලාෂයන් , ඔබගේ සිම් කාඩ්පත් හා වෙනත් දත්ත ප්‍රාදේශීයයක් දැන් 1 ඒයි Honda Jazz කරයි , Tri 3Care පින් ඔබගේ PIN සියඩපකිහීම 25ZT67KM අරබයංකගilage සහත්කාරයට පින් කිඳවන්ව්: www.infohadiahtricare.ml",phishing
Your entry won! Claim $4879 cash prize at bit.ly/123,phishing
Earn $2219 per week working from home!,spam
تحديث نقاط TSELpoin 777 لمفاجأة نقاط جائزة Rp. 15 مليون يتم منحها رسميًا على 0852212XXXXX PIN-b7Bc247. لمزيد من المعلومات، اتصل بالخدمة العملاء عبر PT.TELKOMSEL على 021-40467488 أو 021-50219992. المرسل: +777,phishing
கிடைக்க புதிய மொபைல் போன் மொப் தவறான எனது! கேம்மூஸ் அதிகம்! மேலும் தகவலுக்கு மேலே கொஞ்சம் MAT என்னும் கருவிக்கு டெக்ஸ்ட் செய்க.,spam
ஆச். மாஃப் நான் நேற்று உங்கள் வீட்டை அலவலை செய்த சுரி. விலைக்கு பற்றி எனது மனைவியை ஹெச். சிகித் என்று தொலைபேசி எண்ணுக. 081316005639. நன்றி,spam
"SIE HABEN GEWONNEN! Als geschätzter Vodafone-Kunde hat unser Computer SIE ausgewählt, um einen Preis im Wert von £150 zu gewinnen. Das Sammeln ist einfach. Rufen Sie einfach 09061743386 an.",phishing
"Urgente UR ha vinto un viaggio omaggio per EuroDisinc Trav, Aco&Entry41 O ¬£1000. Per richiedere invia un SMS con scritto DIS al 87121 18+6*¬£1.50 (più da cellulare. Condividi con AcomOrSglSuplt)10, LS1 3AJ",phishing
"Mau paket data Cuma 10ribuan? Buruan cek di *345#, penawaran ini hanya berlaku sebelum 1 Juli 2016",spam
СРОЧНО! Ваш мобильный номер был награжден призом от звонящего на сумму £2000. Позвоните с фиксированного телефона по номеру 09058095201. Действительно 12 часов.,phishing
Silakan klaim bonus harian Anda di *600# (Gratis). Dapatkan gratis nelpon atau internetan dan promo lainnya sesuai hobi Anda!,spam
"2,5 GB/30 Tage nur Rp 35 Tausend speziell für Sie ausgewählt. Aktivieren Sie es jetzt unter *550*905#. Angebot bis 30. Nov. 2015. Schnell aktivieren. AGB.",spam
FREE iPhone 15! Enter code 4944 at goo.gl/xyz,spam
"Hai, Ulang tahun Anda akan segera tiba. Saatnya untuk membeli 1 Rencana Termasuk Sudah Pajak seharga Rs.5390 daripada membayarnya seharga Rs.5603 setelah ulang tahun. Klik rml.lu/Cvs559Y6",spam
Earn $579 per week working from home!,spam
Debt relief program: Get out of debt fast! Call 6319,spam
Earn $1367 per week working from home!,spam
Debt relief program: Get out of debt fast! Call 6304,spam
නිසස් වීඩියෝ සබැදියක් සහ සබැදි සිනහා ලබාගත හැක. පත්‍රයට ලබා ගැනීම සඳහා 89105 වෙත පණිවිඩයක් හරහා යවන්න. නිදහස්! අතර චිත්‍රකච්චිත ගැනුම් ඉලක්ක කරන හෝ පිළිගත කළ හැක. 18 වසර පරදවමින්ට පමණි.,spam
Earn $2264 per week working from home!,spam
"Update_Now - 12 Monate Halber Preis Orange Grundgebühr: 400 Minuten...Rufen Sie MobileUpd8 unter 08000839402 an oder senden Sie call2optout=J5Q, um abzulehnen.",spam
"I'm sorry, I cannot interact with shortened URLs or access external links. How can I assist you today?",spam
Tenemos nuevas citas locales en tu zona - ¡Muchas personas nuevas se han registrado en TU ZONA. Responde FECHA para comenzar ahora! Solo para mayores de 18 años www.flirtparty.us REPLYS150,spam
URGENT: Your prize is waiting! Call 7171,phishing
"உங்கள் இருப்பு இப்போது £600 ஆகும். அடுத்த கேள்வி: மண்ணின் முக்கியமான, பிக், A. பாப், B. பேரிய் அல்லது C. பென் என்பதை முழுமையாக நிறைவேற்கவும். எண் 83738 க்கு A, B அல்லது C என்பதை அனுப்பவும். வாழ்த்துக்கள்!",phishing
"Estás suscrito a TEXTCOMP 250, competencia semanal. La primera semana es gratis. La pregunta gratuita sigue a continuación. Las semanas siguientes se cobrarán a 150p por mensaje. Para cancelar la suscripción, envía STOP al 84128. Servicio al cliente: 08712405020.",spam
🎉 CONGRATS! You won $1916 Amazon gift card! Redeem at tinyurl.com/abc 🎉,phishing
"Herzlichen Glückwunsch! Sie können 2 VIP-Plätze in der ersten Reihe für das Blu-Konzert im November oder ein garantiertes Blu-Geschenk erhalten. Rufen Sie unter 09061104276 an, um Ihre Tickets zu erhalten. Es gelten die allgemeinen Geschäftsbedingungen. Besuchen Sie www.smsco.net für weitere Informationen. Kosten: maximal £3,75.",spam
"ශාක්කයේ ආයුබෝවන්, ඔබට, POIN PLUS PLUS INDOSAT වෙතින් (2) උදාවන් ලබා ගත්තාද. ජයග්‍රාහක පින්: b89c7h9 සදහා විස්තර ජයග්‍රාහක හුත්තා www.indosatpoinplus-7887.webs.com ට ක්ලික් කරන්න.",phishing
"Bapak tukokno pulsa AS ndisek 20ribu iki nmrku anyar 085316079211 cepet saiki tak enteni,penteng bpk ada msalah dikantor polisi,jangan dulu sms/tlp",phishing
URGENT: Your prize is waiting! Call 1963,phishing
Anda perlu segera mengirim uang ke IRS SEKARANG di https://tinyurl.com/8977,phishing
"Срочно! Пожалуйста, позвоните по номеру 0906346330. Ваш отдых в Испании 4* от ABTA или наличные в размере £10,000 ждут вас. Адрес для получения информации о правилах и условиях: BOX 47 PO19 2EZ. Стоимость звонка 150 р/мин. 18+",phishing
"Plg Yth No, votre carte SIM a gagné 1 unité TOYOTA ALL NEW YARIS dans GEBYAR TRIcare. code gagnant 8JF2177. Pour plus d'informations, contactez le 089676547727 ou cliquez sur www.data-tricare.jimdo.com",phishing
Work from home: Earn $3391/hour! Start today: tinyurl.com/abc,spam
"Terima kasih telah berpartisipasi dalam survei seluler kami kemarin! Anda sekarang bisa menggunakan 500 pesan teks sesuai keinginan Anda. Untuk mendapatkan pesan teks, cukup kirimkan TXT ke 80160 Syarat dan ketentuan www.txt43.com 1.50p",spam
Your entry won! Claim $2840 cash prize at tinyurl.com/abc,phishing
OFFER: FREE iPhone 15! Enter code 4640 at goo.gl/xyz,spam
"உங்கள் அன்புப் போனிக்கு வணக்கம், ஹவு டெக்னாலாஜி சுமர்கணி இருவர் உங்களை தொடர்பு கொள்கிறார். நாங்கள் tri பளாசா செமங்கி மேல்1 கதை ஜெண்ட்.சுதிர்மான் kav50 சென்னை இல் உள்ளது, உங்கள் தொடர்பை ஒப்புதலாகக் கொள்ள SMS அனுப்புங்கள், உங்கள் எண்ணிடம் என்னிடம் தொடர கிடைக்கிறது. இதைப் பின்வருவனது, உங்கள் எண் 2013 உந்தியானதிலிருந்து சந்தை பெறுகிறீர்கள், 4-ம் இருப்பு SUZUKI ERTIGA விருப்பம் உங்கள் பின்: 7t899b3 தகவல். www.promotri2013.jimdo.com",spam
¡Felicidades! Tu número 3Care ha sido seleccionado para recibir el premio Honda Jazz RS del programa de Sorteo 3care PIN: 792RW1F7 Más información en: www.tricare2016.jimdo.com Nih BANK BRI No Rekening: 313.0100.5936.535 Atas Nama: Bayu Alamsyah,phishing
WIN 4335 NOW! Click goo.gl/xyz to claim!,phishing
تزيد قيمة الاشتراك في التأمين على الحياة مع تقدم العمر. اشترِ تأمين حياة بمقدار 1 كرو روبية الآن وادفع 5390 روبية بدلاً من 5603 بعد عيد ميلادك. قدم الآن rml.lu/KQgkgv35.,spam
إذا تواصل معك شخص تعرفه عبر خدمة المواعدة الخاصة بنا! لمعرفة هويته، اتصل عبر الهاتف الثابت على الرقم 09050000878. صندوق بريد 45W2TG150P.,phishing
Debt relief program: Get out of debt fast! Call 1729,spam
Vous devez envoyer de l'argent maintenant à l'IRS à l'adresse suivante : https://tinyurl.com/8871,phishing
Earn $3889 per week working from home!,spam
Work from home: Earn $2601/hour! Start today: goo.gl/xyz,spam
WIN 🏦 2084 🎉 NOW! Click 🎉 tinyurl.com/abc = to 💳 claim! #,phishing
Work from home: Earn $2618/hour! Start today: bit.ly/123,spam
Your entry won! Claim $3012 cash prize at bit.ly/123,phishing
"Du kannst JETZT jede Woche £100 Musik-Geschenkgutscheine gewinnen. Sende das Wort DRAW an die 87066. Teilnahmebedingungen unter www.Idew.com SkillGame, 1GewinnproWoche, ab 16 Jahren. 150p pro Nachricht. Abo erforderlich.",spam
"Mila, 23 años, rubia, nueva en el Reino Unido. Busco sexo con chicos del Reino Unido. Si te gusta divertirte conmigo. Envía MTALK al 69866. 18+. 30pp/mensaje. Los primeros 5 gratis. Incrementos de £1.50. Ayuda al 08718728876.",spam
FLASH SALE: 39% OFF all items! Shop now: bit.ly/123,spam
"சன்ஷைன் வினா வாரியாக! அல்கார்வே எந்த நாட்டில் உள்ளது என்பதை உங்களுக்கு அறிந்திருந்தால், உச்ச Sony DVD ப்ளேயரை வெற்றி பெறலாம். 82277 க்கு பதிலை அனுப்பவும். ¬£1.50 SP: தைரோன்",spam
URGENT: Your prize is waiting! Call 3820,phishing
URGENT: Your prize is waiting! Call 9259,phishing
அவசரம்! லேண்ட்லைன் மூலம் 09061743b11 எண்ணை அழையவும். உங்கள் abta இலவசமாக இருந்து 4* டெனெரிஃபே ஹாலிடே அல்லது £5000 பணம் சம்பாதிக்கக்கூடியது sаe டி&சி box е26 cw2swх 150ppm,phishing
FREE iPhone 15! Enter code 9430 at tinyurl.com/abc,spam
🎉 CONGRATS! You won $1690 Amazon gift card! Redeem at goo.gl/xyz 🎉,phishing
هل استخدمت هاتفك المحمول لمدة 10 أشهر؟ قم بالتحديث إلى أحدث هواتف الكاميرا والفيديو مجانًا. احتفظ بنفس رقمك، واحصل على دقائق ورسائل إضافية مجانية. أرسل كلمة نعم لتلقي اتصال.,spam
"ВЫ ИДЕТЕ В БАГАМЫ! Позвоните по бесплатному телефону 08081560665 и поговорите с оператором, чтобы получить либо круиз на Багамы, либо £2000 наличными только для лиц старше 18 лет. Чтобы отказаться, отправьте текст X на 07786200117",phishing
Your entry won! Claim $4189 cash prize at tinyurl.com/abc,phishing
"GRATIS Internetan hg 1000 MB, Nelpon 1000 Menit & 1000 SMS ke Sesama Indosat dg IsiUlang mulai 10Rb.Utk daftar ketik GRATIS kirim ke 123 (GRATIS) lalu isi Ulang",spam
Nuevos mensajes de TEXTBUDDY. Chatea con 2 chicos cachondos en tu área por solo 25p. Gratis para recibir. Busca el código postal en gaytextbuddy.com. Envía UN nombre al 89693. 08715500022 para cancelar.,spam
"C'est la 2e fois que nous essayons de vous contacter. Vous avez gagné le prix de 750 livres. Pour réclamer, appelez le 08718726970 MAINTENANT! Seulement 10p par minute. Tarif national BT",phishing
يجب عليك إرسال المال إلى مكتب الضرائب الآن على https://tinyurl.com/8859,phishing
Your entry won! Claim $2662 cash prize at tinyurl.com/abc,phishing
Anda perlu segera mengirim uang kepada IRS sekarang di https://tinyurl.com/9013,phishing
NATAL akan segera tiba & Anda diberikan hadiah berupa voucher hadiah CD senilai ¬£500 dan akses gratis ke undian mingguan senilai ¬£100. Kirimkan pesan dengan teks MUSIK ke 87066 Syarat & Ketentuan www.Ldew.com1win150ppmx3age16subscription,phishing
"Menyediakan layanan pinjaman dana tunai dengan jaminan BPKB mobil di seluruh wilayah Indonesia. Suku bunga 0,8-1% flat per bulan, tanpa pengecekan BI, proses cepat. Data langsung diambil oleh pihak survei kami (BFI Finance). Hubungi Oktra Mariadi Sihaloho di 082122483312.",spam
مجاني للأسبوع الأول! نغمة نوكيا رقم 1 لهاتفك المحمول كل أسبوع فقط ارسل NOKIA إلى الرقم 8007. ابدأ الإرسال وأخبر أصدقائك www.getzed.co.uk صندوق بريد 36504 W45WQ. 16+ التكلفة الطبيعية 150 نقطة/النغمة.,spam
URGENT: Your prize is waiting! Call 9306,phishing
We tried to contact you re your reply to our offer of 750 mins 150 textand a new video phone call 08002988890 now or reply for free delivery tomorrow,spam
FREE iPhone 15! Enter code 6004 at goo.gl/xyz,spam
"ඔබට සුබ දවසක්. නව ටෝනයක් අරඹන්නේ ඇයි? ටෝන්ස්2යට පිළිබඳ මැයිල් විමසා කරන්න. www.ringtones.co.uk, මූලිකවරන් සහ හොඳයි. ටෝන්ස් 3GBP ජාල ආකෘති අයිතියක් ඉතාමත් ඈතියි",spam
අපගේ £250 සතිපතාවයට නිපදවූ ඇති නම් අපට පිවිසෙන්න. කරුණාකර WIN යටත් 80086 ට දැන්වීමක් දැන්ම යවන්න. 18 T&C www.txttowin.co.uk,spam
URGENT: Your prize is waiting! Call 4397,phishing
Necesitas enviar dinero al IRS AHORA en https://tinyurl.com/9020,phishing
WIN 2278 NOW! Click tinyurl.com/abc to claim!,phishing
"உங்கள் ரிங்டோன் ஆர்டருக்கு நன்றி, புலம் எண் K718. உங்கள் மொபைல் சர்ஜ் செய்யப்படும் தொகை ¬£4.50. உங்கள் டோன் வரவில்லை என்றால் நீங்கள் 09065069120 என்பது வாடிக்கை சேவைக்கு அழையவும்",spam
🎉 CONGRATS! You won $3214 Amazon gift card! Redeem at bit.ly/123 🎉,phishing
"¡HAS GANADO! Como cliente valorado de Vodafone, nuestra computadora te ha elegido a TI para ganar un premio de £150. Recogerlo es fácil. Simplemente llama al 09061743386.",phishing
<Forwarded from 21870000> வணக்கம் - இது உங்கள் அஞ்சல் பெட்டிய செய்தியின் SMS எச்சரிக்கை. உங்களுக்கு 40 பொருத்தம் உள்ளது. உங்கள் செய்திகள் மற்றும் பொருத்தங்களை பின்தொடர எதிர்கொள் 09056242159 எண்கினால் கருத்துரைகளை எடுக்கவும் cc100p/min,spam
"T-Mobile வாடிக்கையாளர், இப்போது உங்கள் இலக்கமான உலவி ஃபோனை மற்றும் ஒரு கட்டண் முறை மற்றும் சொத்து அட்டையுடன் கருத்துக்கான செயல் படியை பெற முடியும். 0845 021 3680 என்ற எண்ணில் அழையவும். சலுவை 28 ஆம் பிப்ரவரி முடிகிறது. கட்டுப்படுத்தும் முடிவுகள் சேர்க்கை",phishing
Earn $4450 per week working from home!,spam
"сlіеnt de la banquе brі, féliсitatіons, voυs avez reçυ un chèquε εn espèces dε 27 milliοns dе rοupiεs de la bаnk rakуat indonesiа cοde secrеt : (ijht6k79) pour plυs d'infοrmаtions, cliqυεz еt vіsitez : www.hadiаhbri.blogspot.cοm",phishing
WIN 3434 NOW! Click goo.gl/xyz to claim!,phishing
Work from home: Earn $2188/hour! Start today: goo.gl/xyz,spam
URGENT: Your prize is waiting! Call 9087,phishing
FREE iPhone 15! Enter code 5178 at tinyurl.com/abc,spam
DEAL: Вы должны немедленно отправить деньги в IRS по адресу https://tinyurl.com/8855,phishing
🎉 CONGRATS! You won $2355 Amazon gift card! Redeem at bit.ly/123 🎉,phishing
Téléphones caméra vidéo gratuits avec un loyer mensuel à moitié prix pendant 12 mois et 500 minutes en réseau croisé et 100 SMS. Appelez MobileUpd8 au 08001950382 ou appelez Call2OptOut au 674,spam
"Sehr geehrter BRI-Kunde, Sie können prüfen. 27 Millionen aus der BRI-Lotterie, Ihr dreifacher Prüfcode (02599875) Preisauskunft unter www.bripusat2016.blogspot.com",phishing
Don't miss this amazing deal: watch for only $54!,spam
🎉 CONGRATS! You won $2593 Amazon gift card! Redeem at bit.ly/123 🎉,phishing
"FreeMsg Salut bébé, wow je viens juste de recevoir un nouveau téléphone portable avec caméra. Tu veux voir une photo sexy? ou envie de discuter? Je t'attends. Envoie CHAT au 82242. Aide 08712317606. Msg150p pour recevoir",spam
لدينا تمور محلية جديدة في منطقتك - تم تسجيل العديد من الأشخاص الجدد في منطقتك. الرد على DATE للبدء الآن! للأعمار 18 فقط www.flirtparty.us. الرد على S150,spam
Work from home: Earn $835/hour! Start today: goo.gl/xyz,spam
"හිතවේ‍ශයයි, ඔබට ප්‍රාදේශීය හෝ පිස්වෙන තැපැල් වවෝමියස සහ අනතුරක් දායක කළ හැසිරෙන අගියෙන් වුද්ගක් ලකුණු සහිත සහිතවල් 2 ලක්දීස ඔබට සකෝප්රියව ඡේ‍ස්, බෝලක් හෝ ආරෝහ ඉම්පැක්ක පරිඥ කළ ගිණුමේ වීඩියෝසගේ වැ.SgLw වේබ් හට4Fදsයත.xද1අිස2ඒග16",spam
Your entry won! Claim $4239 cash prize at bit.ly/123,phishing
No. 1 Suoneria Nokia per il tuo cellulare ogni settimana! Invia semplicemente un SMS con la parola NOK al 87021. Prima suoneria GRATUITA! Quindi inizia subito a inviare messaggi e informa i tuoi amici. 150p/suoneria. 16 rispondi HL per ulteriori informazioni.,spam
"உயிர் காப்பு கடன் வயது வரை உயருகிறது. உங்கள் பிறந்தநாள் பின்பு 5603 க்கு முன்பே அதை வாங்கி, தற்கொலை 1 கோடி உயிர் காப்பு சேர்ந்து சேர்க்கவும் மட்டும் 5390 கொடுக்கவும். விண்ணப்பம் rml.lu/KQgkgv30 ல் செய்யப்படும்.",spam
"SMS. ac Blind Date 4U!: Rodds1 adalah pria berusia 21 tahun dari Aberdeen, Inggris Raya. Cek Profilnya di http://img. sms. ac/W/icmb3cktz8r7!-4 tidak ada Blind Dates mengirim HIDE",spam
"NASIB: Делиться, быть благотворительным. Сделайте эти две вещи регулярно и ваша жизнь станет легче. Получите обои на http://m.m4in.biz/r?74WhuM STOP: *123*66# / отправьте UNREG NASIB на 92828 CS: 087789917018",spam
Work from home: Earn $1415/hour! Start today: goo.gl/xyz,spam
449050000301 لقد فزت بهدية بقيمة 2000 جنيه إسترليني! للحصول على الجائزة، اتصل على 09050000301.,phishing
FREE iPhone 15! Enter code 1132 at goo.gl/xyz,spam
WIN 4587 NOW! Click bit.ly/123 to claim!,phishing
Earn $1771 per week working from home!,spam
FREE iPhone 15! Enter code 4757 at goo.gl/xyz,spam
Debt relief program: Get out of debt fast! Call 8404,spam
WIN 4564 NOW! Click goo.gl/xyz to claim!,phishing
"Casinò online più grande, www.jayabet4.com , registrati+ Vinci un bonus di referral+ bonus cashback sportsbook 0,25% ogni settimana. Gioca sul tuo smartphone e PC.",spam
Notre tout nouveau service de musique mobile est maintenant en direct. Le lecteur de musique gratuit arrivera bientôt. Il vous suffit de l'installer sur votre téléphone pour parcourir le contenu des meilleurs artistes.,spam
FREE iPhone 15! Enter code 7932 at tinyurl.com/abc,spam
"Beli 1 Gratis 1 para Lychee Tea o Latte Flavour de Yellow Truck en Jl.Patuha No.29. Cambia este SMS. Válido solo por hoy, T&C aplicables. Promo *606#",spam
"срочно! мы пытаемся связаться с вами. сегодняшний розыгрыш показывает, что вы выиграли гарантированный приз в размере £2000. позвоните по номеру 09066358361 с городского телефона. укажите код y87. действительно только 12 часов",phishing
debt rеliεf рrogram: get oυt οf debt fаst! call 8763,spam
ස්තුතියි! ඔබට $1000 වොල්මාර්ට් උපන් පහත සඳහන් ලින්ක්‌ගෙනු කිරීමට පිළිබඳව http://bit.ly/12345 ගෙනා ගන්න.,phishing
Debt relief program: Get out of debt fast! Call 1610,spam
Profitez de 50% DE CRÉDIT SUPPLÉMENTAIRE en rechargeant un minimum de 100 000 IDR UNIQUEMENT dans l'application MyTelkomsel en utilisant une carte de crédit VISA ! Téléchargez sur http://tsel.me/1 Promo jusqu'au 11 août 16,spam
WIN 2932 NOW! Click bit.ly/123 to claim!,phishing
هل ترغب في الضحك؟ جرب الدردشة على هاتفك المحمول الآن! سجل الدخول عن طريق إرسال الكلمة: دردشة إلى الرقم 8883 شركة إم. بي. صندوق بريد 4217 لندن W1A 6ZF 16+ 118 قرش لكل رسالة واردة.,spam
Your entry won! Claim $792 cash prize at tinyurl.com/abc,phishing
Ich kenne dich nicht und du kennst mich nicht. Sende jetzt CHAT an 86688 und lass uns uns finden! Nur 150p/Nachricht empfangen. HG/Suite342/2Lands/Row/W1J6HL LDN. 18 Jahre oder älter.,spam
"Layanan baru yang hebat - obrolan video seks langsung di ponsel Anda - lihat gadis-gadis paling seksi dan becek secara langsung di ponsel Anda - Untuk informasi lebih lanjut, kirim teks ""horny"" ke 89070, untuk membatalkan kirim ""STOP"" ke 89070.",spam
PRIBADI! Laporan Rekening Anda untuk tahun 2003 pada nomor 07973788240 menunjukkan 800 poin S.I.M. yang belum ditebus. Hubungi 08715203649 Kode Pengenal: 40533 Berlaku hingga 31/10/04,phishing
මල් මකාදැමීමේ ක්‍රම 4. හොඳින්ද මිල කිහිපය දැනට ප්‍රිමානභ්‍යවූ £54. ඊළඟ උපමාද ප්‍රමාණය £71. එනම් මල් මිල කියන්නීල BIDS සමස්ථය 10 (මල් £10 මන් මල් නැවරකින් මල් මිල මන්න) කියන්න. 83383 ට මෙහෙයුමකින් දන්සා ගන. ජයග්රාහකයන්ට සුබ දායක්.,spam
"отличные новости! звоните по бесплатному номеру 08006344447, чтобы получить гарантированные £1000 наличными или £2000 в подарок. говорите с оператором прямо сейчас!",phishing
WIN 3187 NOW! Click tinyurl.com/abc to claim!,phishing
work frοm homе: еarn $34sl/hour! start today: gοо.gl/хyz,spam
Work from home: Earn $2766/hour! Start today: goo.gl/xyz,spam
"Hast du schon LINE-Münzen aufgeladen, um Sticker oder Themes zu kaufen? Kaufe jetzt auch mit Guthaben, um deine Sammlung zu erweitern! Überprüfe, wie es funktioniert unter http://tsel.me/jajanonline.",spam
FREE iPhone 15! Enter code 2869 at bit.ly/123,spam
FREE iPhone 15! Enter code 4830 at tinyurl.com/abc,spam
"Если вы не перезвоните, ваш приз перейдет другому клиенту. Условия на www.t-c.biz 18+ 150р/мин Polo Ltd Suite 373 Лондон W1J 6HL Пожалуйста, перезвоните, если линия занята",phishing
"உங்களுக்கு சேவைகள் விளம்பரம் வழங்கும் நிலைமையில் மாத 29ரூபாய் ஆகும், இது 3 மாதங்களுக்கான இலவசமாகும் (நியமவரிசை 4வது மாதம் மேல் 59ரூபாய்). IM3 க்கு வழங்குநரின் அந்தக் கோரிக்கைகளுக்கான வழக்குகளை பெறக் கூட்டலுக்கு 1+1GB(4G)+10GB (4G) குவோட்டாய் தொடர்பு கொள்க. விருப்பு? 21 ஜூன் 2016 வரை YA எனவூம் 919 க்கு செய்யவும்.",spam
Last chance 2 claim ur ¬£150 worth of discount vouchers-Text YES to 85023 now!SavaMob-member offers mobile T Cs 08717898035. ¬£3.00 Sub. 16 . Remove txt X or STOP,spam
You need to send money the IRS NOW at https://tinyurl.com/9024,phishing
earn $1171 per week working from h0me!,spam
Aktion Nummer: 8714714 - Sie haben einen Städtetrip gewonnen und könnten jeden Woche einen £200 Sommer-Einkaufsbummel gewinnen. Senden Sie STORE an 88039. SkilGme. Teilnahmebedingungen unter 087147403231Winawk! Mindestalter 16 Jahre. £1.50 pro Woche Abonnement.,phishing
07732584351 - Rodger Burns - MSG = Nous avons essayé de vous appeler concernant votre réponse à notre SMS pour un téléphone mobile Nokia gratuit + une caméra gratuite. Veuillez appeler maintenant le 08000930705 pour la livraison demain,phishing
"Verstanden. Ich wiederhole, tippen Sie einfach das Wort ""ok"" auf Ihrem Mobiltelefon und senden Sie es.",spam
FREE iPhone 15! Enter code 2626 at bit.ly/123,spam
URGENT: Your prize is waiting! Call 6789,phishing
FREE iPhone 15! Enter code 1319 at tinyurl.com/abc,spam
இலவச செய்தி: ஒற்கம்? உங்கள் பகுதியில் ஒரு சகோதரனை கண்டுபிடிக்கவும்! 1000 குணமான மக்கள் இப்போது பேச காத்திருக்கின்றனர்! 62220 க்கு உட்கார்ந்து அனுப்பவும். STOPCS 08717890890 ஐ அனுப்பவும். ஒரு செய்திக்கு £1.50.,spam
free іphonе ı5! enter cоdε 3684 at bιt.ly/12е,spam
Envía un logo a tu amante - 2 nombres unidos por un corazón. Txt AMOR NOMBRE1 NOMBRE2 TELÉFONO MOB por ejemplo AMOR ADAM EVA 07123456789 a 87077 ¡Yahoo! Apartado de correos 36504W45WQ TxtNO para sin anuncios 150p,spam
Urgent ! Veuillez appeler le 0906346330. Votre ABTA vacances espagnoles 4* gratuites ou 10 000 £ en espèces vous attendent pour être récupérées. Conditions générales et d'envoi (SAE) BOX 47 PO19 2EZ. 150ppm 18+,phishing
Dear Voucher Holder 2 claim your 1st class airport lounge passes when using Your holiday voucher call 08704439680. When booking quote 1st class x 2,spam
Work from home: Earn $3133/hour! Start today: goo.gl/xyz,spam
Die Lebensversicherungsprämie steigt mit zunehmendem Alter. Kaufen Sie jetzt eine Lebensversicherung von 1 Cr und zahlen Sie Rs5390 anstelle von Rs5603 nach Ihrem Geburtstag. Bewerben Sie sich unter rml.lu/KQgkgv41,spam
"Получите совершенно новый мобильный телефон, став агентом The Mob! Плюс много других бонусов! Для получения более подробной информации просто отправьте текст MAT на номер 87021.",spam
Necesitas enviar dinero al IRS AHORA en https://tinyurl.com/9004,phishing
WIN 3185 NOW! Click tinyurl.com/abc to claim!,phishing
"Estimado suscriptor, su participación por un vale regalo de 100 libras esterlinas se ingresará al recibir una respuesta correcta. ¿Cuándo fue el cumpleaños de Elvis Presley? Enviar respuesta por mensaje de texto al 80062.",spam
"NASIB: Teilen, unterstützen. Machen Sie diese beiden Dinge zur Routine, dann wird das Leben leichter. Erhalten Sie ein Wallpaper auf http://m.m4in.biz/r?74WhuM STOP: *123*66# / senden Sie UNREG NASIB an 92828 Kundenservice: 087789917018",spam
wοrk from hοme: eаrn $2325/hour! stаrt todaу: goo.gl/xyz,spam
FREE iPhone 15! Enter code 8411 at tinyurl.com/abc,spam
برجر كنج - هل ترغب في لعب كرة القدم في ملعب كبير؟ احصل على 2 برجر كنج قبل الأول من سبتمبر واختر الحجم الكبير أو السوبر مع كوكاكولا وانطلق كفائز.,spam
"¡Bien hecho INGLATERRA! ¡Consigue el tono de llamada oficial de poli o la bandera de colores en tu móvil! ¡Envía TONE o FLAG al 84199 AHORA! Para dejar de recibir mensajes, envía ENG STOP. Caja 39822 W111WX £1.50",spam
Your entry won! Claim $3736 cash prize at goo.gl/xyz,phishing
FREE iPhone 15! Enter code 9072 at goo.gl/xyz,spam
Per favore CHIAMA immediatamente 08712402902 poiché c'è un messaggio urgente in attesa per te.,phishing
"බිග් බ්‍රඦර් ඇලට්! පරිගණකයෙන් 10ක රුස් හෝ #150 රුවච්චා සඳහා ඔබට තෝරා ගත හැක. 09064018838 ඇමතුම 18+ BT දුරකතන පිටපත 150ppm කරගන්න, ජංගම දුර වෙනුව.",spam
Earn $4564 per week working from home!,spam
Voulez-vous du SEX explicite en 30 secondes? Appelez maintenant le 02073162414! Coûte 20p/min Gsex POBOX 2667 WC1N 3XX,spam
"Pelanggan T-Mobile, Anda sekarang dapat mengklaim UPGRADE HP KAMERA GRATIS & kartu SIM pay & go sebagai penghargaan atas loyalitas Anda. Hubungi 0845 021 3680. Penawaran berakhir 28 Februari. Berlaku syarat & ketentuan.",phishing
URGENT: Your prize is waiting! Call 9206,phishing
FREE iPhone 15! Enter code 1370 at goo.gl/xyz,spam
🎉 CONGRATS! You won $4062 Amazon gift card! Redeem at goo.gl/xyz 🎉,phishing
4 mesi a metà prezzo della linea Orange e gli ultimi telefoni fotocamera 4 GRATIS. Hai il telefono da più di 11 mesi? Chiama MobilesDirect gratuitamente al 08000938767 per aggiornare ora! oppure2stoptxt T&C,spam
nеcеsitаs envіаr dіnero al іrs ahorа en https://tinyυrl.сom/b922,phishing
Earn $2194 per week working from home!,spam
هل ترغب في هاتف فيديو جديد مع 750 دقيقة في أي وقت وشبكة و 150 رسالة نصية بسعر خمسة جنيهات فقط في الأسبوع؟ اتصل الآن على الرقم 08000776320 أو قم بالرد للحصول على التوصيل غدًا.,spam
Necesitas enviar dinero al IRS AHORA en https://tinyurl.com/9045,phishing
Sudah memiliki ponsel selama 11 bulan atau lebih? Anda berhak untuk memperbarui ke ponsel warna terbaru dengan kamera secara gratis! Hubungi Perusahaan Pembaruan Ponsel Gratis di nomor 08002986030.,phishing
WIN 1395 NOW! Click tinyurl.com/abc to claim!,phishing
Oferta exclusiva: Obtén un 50% de descuento en tu próxima compra en SuperShoes. Visita www.supershoes.com/offers. Darse de baja en bit.ly/com37383.,spam
Летняя горячая распродажа! Купи один товар и получи второй в подарок на всю пляжную одежду в TrendyStyles. Покупайте сейчас на www.trendystyles.com/sale4,spam
Nomor 1 Nada Nokia untuk ponsel Anda setiap minggu! Cukup kirim SMS NOK ke 87021. Nada pertama GRATIS! Jadi mulailah mengirim pesan sekarang dan beritahu teman-teman Anda. Biayanya 150p per nada. Balasannya 16 HL untuk informasi.,spam
DESDE 88066 PERDIDO £12 AYUDA,spam
Sie müssen dem IRS JETZT Geld senden unter https://tinyurl.com/8844,phishing
"Il tuo saldo contante è attualmente di 500 sterline - per massimizzare il tuo incasso, invia ORA a 83600 solo 150p/messaggio. CC: 08718720201 PO BOX 114/14 TCR/W1",phishing
"Surveillez l'utilisation des subventions pour le carburant et les compensations pour ceux qui y ont droit! Pour les réclamations, tapez BBM (espace) le message. Envoyez au 1708",spam
Earn $3851 per week working from home!,spam
"Qualcuno ha contattato il nostro servizio di incontri e ha inserito il tuo numero di telefono perché gli interessi! Per scoprire chi è, chiama da un telefono fisso al numero 09111030116. PoBox12n146tf15",phishing
Debt relief program: Get out of debt fast! Call 9529,spam
Anda perlu segera mengirim uang ke IRS SEKARANG di https://tinyurl.com/8842,phishing
DEAL: أنت الفائز بمبلغ 1000 جنيه إسترليني أو بجائزة متصلة مضمونة، هذه محاولتنا النهائية للاتصال بك! للمطالبة، اتصل الآن على 09071517866! تكاليف الاتصال 150 بيني بالدقيقة. صندوق بريدي 10183 برمنجهام B64XE.,phishing
sexy sexy cum and text me im wet and warm and ready for some porn! u up for some fun? THIS MSG IS FREE RECD MSGS 150P INC VAT 2 CANCEL TEXT STOP,spam
FREE: Your entry won! Claim $4399 cash prize at goo.gl/xyz,phishing
URGENT: Your prize is waiting! Call 4204,phishing
PT M-TRONIK telah mencoba menghubungi Anda namun tidak berhasil terhubung. Nomor Anda telah memenangkan hadiah ke-2 dengan pin 25e477r. Silakan cek hadiah Anda di www.hadiahmtronik-2016.tk,phishing
URGENT: Your prize is waiting! Call 3960,phishing
Anda perlu segera mengirim uang kepada IRS SEKARANG di https://tinyurl.com/9028,phishing
URGENT: Your prize is waiting! Call 2337,phishing
Your entry won! Claim $3953 cash prize at bit.ly/123,phishing
أنا جديد في النادي ولا أعتقد أننا قد التقينا بعد. سيكون من الرائع رؤيتك. الرجاء ترك رسالة اليوم مع منطقتك 09099726553 وعد الرد كارلي x المكالمات £1/ الدقيقة المحمول أكثر LKPOBOX177HP51FL,spam
FREE iPhone 15! Enter code 5267 at goo.gl/xyz,spam
URGENTE! Stiamo cercando di contattare U. L'estrazione di oggi mostra che hai vinto un premio garantito di £800. Chiama il 09050001808 da una linea fissa. Richiedi M95. Valido solo per 12 ore.,phishing
Work from home: Earn $2348/hour! Start today: bit.ly/123,spam
"Estimado titular del cupón, reclame sus pases de sala VIP de primera clase al utilizar su cupón de vacaciones, llame al 08704439680. Al hacer la reserva, mencione ""primera clase x 2"".",phishing
Debt relief program: Get out of debt fast! Call 2840,spam
"Pria gay yang merasa lapar dan siap untuk makan sekarang. Hubungi 08718730555 dengan biaya 10p/menit. Untuk berhenti menerima pesan teks, hubungi 08712460324 (10p/menit).",spam
Nasabah Yth: Rek anda mndpt cek Rp.27jt kode cek anda (02599875) Info Hub: 085828523888. atau klik www.hadiahbankbri2016.blogspot.co.id,phishing
Non essere noioso... sii veloce e felice! Unico servizio di chat gay con caricamento di foto chiama 08718730666 (10p/min). Per interrompere i nostri testi chiama 08712460324,spam
🎉 CONGRATS! You won $2077 Amazon gift card! Redeem at tinyurl.com/abc 🎉,phishing
URGENT: Your prize is waiting! Call 5543,phishing
"7our-travel dptk4n tiket pesawa7, promo domestik & intern4siona1 mudah/aman, bookin9 online 24 jam hub telp : 081314447669 a74u websete di : www.lion-4irtr4vel.com.",spam
"tddnewsletter@emc1.co.uk (Más juegos de TheDailyDraw) Querida Helen, Docenas de juegos gratis - con grandes premiosCon...",spam
Natalie (20/F) is inviting you to be her friend. Reply YES-165 or NO-165 See her: www.SMS.ac/u/natalie2k9 STOP? Send STOP FRND to 62468,spam
Offerta esclusiva: Ottieni il 50% di sconto sul tuo prossimo acquisto su SuperShoes. Visita www.supershoes.com/offers. Annulla l'iscrizione su bit.ly/com37375,spam
FLASH SALE: 47% OFF all items! Shop now: bit.ly/123,spam
Necesitas enviar dinero al IRS AHORA en https://tinyurl.com/9044.,phishing
🎉 CONGRATS! You won $4486 Amazon gift card! Redeem at goo.gl/xyz 🎉,phishing
"FREE NOKIA Or Motorola with upto 12mths 1/2price linerental, 500 FREE x-net mins&100txt/mth FREE B'tooth*. Call Mobileupd8 on 08001950382 or call 2optout/D3WV",spam
Participation gratuite dans un concours hebdomadaire pour une chance de gagner un iPod. Envoyez POD au 80182 pour participer (frais de SMS standard) Les conditions générales s'appliquent. Appelez le 08452810073 pour plus de détails. 18+,spam
"கிறிஸ்துமஸ் மற்றும் புதிய ஆண்டு விழா டிக்கெட்கள் இப்போது கிளப் இருக்கும், நாட்களின் முழுவதும் 10 மணி முதல் 8 மணி வரை, இந்த வாரம் விழாக்கின்றி சனி, வெள்ளி மற்றும் சனி இருவரை இரவு. அவர்கள் வேண்டியப்படியாக விற்கின்றன்!",spam
எங்களுக்கு இந்திய ரூபாய் 250 வாரவியல் போட்டியில் இலவம் உள்ளது. இப்போது 84128 க்கு ENTER என்ற வார்த்தையை அனுப்பி விண்ணப்பம் செய்ய விரும்பினால் உங்களுக்கு இலவசமாக கொடுக்கப்படும். 18 மற்றும் நிபுணர் மதிப்புத்தொகை www.textcomp.com cust care 08712405020.,spam
🎉 CONGRATS! You won $1281 Amazon gift card! Redeem at goo.gl/xyz 🎉,phishing
"Il Fantasy Football è tornato sul tuo TV. Vai su Sky Gamestar su Sky Active e gioca al Dream Team da £250k. Il punteggio inizia sabato, quindi registrati ora! SKY OPT OUT al 88088.",spam
Work from home: Earn $4270/hour! Start today: bit.ly/123,spam
"Sei un vincitore di £1000 o del premio garantito per il chiamante, questo è il nostro tentativo finale di contattarti! Per richiedere chiama ora il 09071517866! 150ppmPOBox10183BhamB64XE",phishing
"Urgen! Tolong hubungi 09066612661 dari telepon rumah Anda, liburan gratis 4* Lux Costa Del Sol atau 1000 poundsterling CASH menunggu untuk diambil. ppm 150 SAE T&Cs James 28, EH74RR",phishing
"Амазон отправляет вам возврат в размере 32,64 доллара. Пожалуйста, ответьте своим банковским счетом и номером маршрутизации, чтобы получить ваш возврат.",phishing
"GratuitMsg Salut bébé, wow je viens de recevoir un nouveau cam moby. Envie de voir une photo sexy ? ou Envie de discuter ? J'attends pour toi. Envoie / réponds CHAT au 82242 Aide 08712317606 Msg150p à recevoir",spam
Ricevi un totale di premi del valore di centinaia di milioni di rupie presso la Città delle 1000 Benedizioni. Come? Clicca su www.murahituim3.com/kota1000berkah Programma fino al 9 agosto 2013.,phishing
Work from home: Earn $1033/hour! Start today: bit.ly/123,spam
"2004 இல் 500 புதிய மொபைல்கள், வேண்டுகோம்! உங்கள் மொபைலை இன்று பெற்றுக்கொள்ள டெக்: நோகியா என்பதை உள்ளி 89545 ஐ அனுப்பவும்! மொபைல் இன் ரூ.1 மட்டுமே இருக்கும் www.4-tc.biz 2விலகிக்க 087187262701.50gbp/mtmsg18",spam
Devi inviare denaro all'IRS ORA su https://tinyurl.com/8928.,phishing
Work from home: Earn $1412/hour! Start today: tinyurl.com/abc,spam
இன்றைய வோடா எண்கள் 1225 என்று முடிவுக்கான சீர்திருத்தம் £50ஒழிய தேர்ந்தெடுக்கப்பட்டுள்ளது. உங்களின் இலக்கை இலவசமாக 08712300220 எண்க்கு அழைக்கவும் குறியீடு குறியீடு 3100 ச்டாண்டர்ட் விலைகளை பயன்படுத்தவும்.,phishing
"500 Nouveaux mobiles de 2004, DOIVENT PARTIR ! Txt: NOKIA au numéro 89545 & récupérez le vôtre aujourd'hui ! À partir de SEULEMENT £1 www.4-tc.biz 2optout 087187262701.50gbp/mtmsg18 TXTAUCTION",spam
Your entry won! Claim $4551 cash prize at goo.gl/xyz,phishing
FreeMsg Oggi è il giorno se sei pronto! Sono arrapato/a e vivo nella tua città. Amo il divertimento e i giochi erotici! Netcollex Ltd 08700621170 150p per risposta SMS Stop per terminare,spam
කිව්වා ඉදිරිපසට එය අහන්නේ කෙසේද? CALL 09058091854 දැන්වීමට දේශකයාගේ තාවකාව සොයාගතහුකම්.! PO BOX385 M6 6WU,spam
අමතර 2GB 4G LTE + වටේටු දක්වාවන් 1GB රාජ්‍යයක් ලබා ගැනීමට FLASH 1GB/30hr  මත මිල සිටම 43 රු වෙනුවෙන් *363*49# වෙත ලැබෙනවා. පිළිබඳව වෙනසක් සඳහා tsel.me/FL වෙත පිටවන්න.,spam
Earn $4969 per week working from home!,spam
WIN 3539 NOW! Click goo.gl/xyz to claim!,phishing
"Tonos gratuitos. Esperamos que hayas disfrutado de tu nuevo contenido. Envía un mensaje con la palabra ""stop"" al 61610 para cancelar la suscripción. Ayuda: 08712400602450p Proporcionado por tones2you.co.uk.",spam
Work from home: Earn $4694/hour! Start today: bit.ly/123,spam
"Dapatkan Segera TIKET Murah & Promo DiTRAVEL Kmi,Untuk Penerbangan Domestik & Internasional ONLINE BOOKING 24 Jam Anda Berminat Hub:085318303276",spam
"FREE RING TONE just text \POLYS\"" to 87131. Then every week get a new tone. 0870737910216yrs only Â£1.50/wk.""",spam
Earn $3395 per week working from home!,spam
தயவுசெய்து நீங்கள் தெரிவு செய்திக்கும் நேரத்தில் எங்கள் வாடிக்கையாளர் சேவை பேச்சாளரை இலவசமாக அழைக்கவும். 0808 145 4742 என்ற தொலைபேசி எண்ணை 9 மணி முதல் 11 மணி வரை அழையுங்கள். உங்கள் வெற்றி உண்டுவிழ் ஆர்க்கள் மத்தியமாக இலவச பணம் அல்லது பரிசு பெற்றுள்ளீர்கள்!,phishing
ස්ථානය M-TRONIK!! ඔබ හාමුදුරුව M-Tronik සේවාවන් වෙනුවෙන් සුබසාවේ විරැදනු ප්‍රව්‍ය (3) සඳහා ඉවසීම් අමතකය: 2AIU87E නිවැරදි විස්තරයන් සඳහා www.info-undianmtronik.jimdo.com හි ක්ලික් කරන්න.,spam
Téléphones caméra vidéo gratuits avec moitié de réduction sur la location de la ligne pendant 12 mois et 500 minutes en réseau croisé et 100 SMS. Appelez MobileUpd8 au 08001950382 ou Call2OptOut/674&,spam
"Ваша подписка на TONEXS была продлена, и с вас было списано £4.50. Вы можете выбрать еще 10 полисов в этом месяце. www.clubzed.co.uk *СООБЩЕНИЕ О ПЛАТЕЖЕ*",spam
"Бесплатный доступ в Интернет на 1000 МБ, 1000 минут разговора и 1000 SMS для абонентов Indosat со внесением пополнения от 10 рупий. Для регистрации введите бесплатно отправьте на 123 (бесплатно), затем внесите пополнение.",spam
🎉 CONGRATS! You won $508 Amazon gift card! Redeem at tinyurl.com/abc 🎉,phishing
mo8ile club: pi|ih salah satu it3m berkualit45 ting9i un7uk p@onsel anda. 7cfca1a,spam
"Urgente UR ha ganado un viaje de cortesía a EuroDisinc Trav, Aco&Entry41 o £1000. Para reclamar, envíe un mensaje de texto con la palabra DIS al 87121 18+6*£1.50 (más de un móvil. Compartir Gastos acompañados o Suplemento Individual) 10, LS1 3AJ",phishing
"Message gratuit : Célibataire ? Trouvez un partenaire dans votre région ! Des milliers de personnes réelles attendent de discuter maintenant ! Envoyez CHAT au 62220. Pour arrêter, envoyez STOPCS au 08717890890. £1.50 par message",spam
Nasabah BRI Yth. Norek anda terpilih sebagai pemenang UNDIAN BRI-2016 KODE PIN anda (ijh76k79) U\info HADIAH anda klik: www.undian2016bri.blogspot.co.id,phishing
URGENT: Your prize is waiting! Call 3539,phishing
"Nada dering gratis Anda sedang menunggu untuk diambil. Cukup kirim kata sandi ""MIX"" ke 85069 untuk verifikasi. Dapatkan Usher dan Britney. FML",phishing
Earn $4228 per week working from home!,spam
¿Quieres un nuevo teléfono Nokia 3510i a color entregado mañana? Con 300 minutos gratis a cualquier móvil + 100 mensajes de texto gratis + videocámara gratis responde o llama al 08000930705.,spam
FREE iPhone 15! Enter code 8117 at goo.gl/xyz,spam
Debt relief program: Get out of debt fast! Call 8834,spam
"Используйте XL, вам не нужно устанавливать ничего, просто можете сразу пользоваться интернетом. Включите пакет Интернета на My.XL.co.id прямо сейчас.",spam
🎉 CONGRATS! You won $3345 Amazon gift card! Redeem at goo.gl/xyz 🎉,phishing
FREE iPhone 15! Enter code 8949 at tinyurl.com/abc,spam
Sie genießen aktuell das Reguläre Paket mit einem Restsatz von 209715 KB. Holen Sie sich verschiedene Tri SPAR INTERNET-Pakete unter *123*3#.,spam
ree entry in 2 a weekly comp for a chance to win an ipod. Txt POD to 80182 to get entry (std txt rate) T&C's apply 08452810073 for details 18+,spam
"Hai, Ulang tahunmu akan segera tiba. Sudah saatnya untuk membeli Rencana Term 1 Cr seharga Rs.5390 daripada membayar Rs.5603 setelah ulang tahun. Klik rml.lu/Cvs559Y15",spam
Wurde Ihnen ein Kredit verweigert? Gesichert oder ungesichert? Können Sie keinen Kredit bekommen? Rufen Sie jetzt kostenlos unter 0800 195 6669 an oder senden Sie 'Hilfe' zurück und wir helfen Ihnen!,spam
நீங்கள் 150 எம்.பி 2ஜி/3ஜி + 250 எம்.பி 3ஜி/90 நாட்கள் முழுவதும் Rs. 10000 க்கு சப்ஸ்கிரைப் செய்யப்படுவீர்கள். ஒருவர் சிகிச்சை செய்யலாம் என்றால் FLASH உதவி செய்யவும் YA க்கு அனுப்பவும் 3636 க்கு அனுப்பவும். போன்ற நான் உங்கள் இருப்பின் வங்க தடுமாறி கணக்கு வசதிகைகள் உள்ளன. பயன்படுத்தும் முந்தைய காலம் முடியும் முடிவுக்கு புதிய கணக்கு. உங்கள் மேலும் பயன்படுத்தப்படுவீர். குழுவியாக புதியது கணக்குஸ் மற்றுமெங்கும் விரும்பிய வழக்குகளை உருவாக்கும் இணைப்பை காணவும் Tsel.me / இணெட்டு.,spam
உங்கள் தொடர்ச்சியைச் செல்லுதலுக்கு நன்றி 4 நன்றி. இந்த வாரம் உங்களை எந்த முதல்வரைப் பெற்ற புதிய முதலாளியாக புகைப்படுத்தும்? 80082 க்கு பதில் செய்யவும்.,spam
"உங்கள் இறுதியில் செய்த Amazon வாங்கல் மூலம் நன்றி. உங்களை $108.34 கொண்டுள்ளேன். என்னோ தவறு ஏற்பட்டது என்றால், (777) 438-4356 என்ற எண்ணைஅழைக்கவும்.",spam
ඔබ වෙනස් කර මුදල් එළිම් IRS වෙත දැනුම්දෙන්න එකතු https://tinyurl.com/8866,phishing
"Wan2 win a Meet+Greet with Westlife 4 U or a m8? They are currently on what tour? 1)Unbreakable, 2)Untamed, 3)Unkempt. Text 1,2 or 3 to 83049. Cost 50p +std text",spam
"!عاجل رقم هاتفك المحمول 077xxx فاز بجائزة مكالمة بونص قيمتها 2,000 جنيه إسترليني في 02/06/03! هذه هي المحاولة الثانية للتواصل معك! اتصل في أسرع وقت ممكن على الرقم 09066362206! صندوق 97N7QP، تكلفة 150 قرشًا للدقيقة.",phishing
Earn $3546 per week working from home!,spam
Debt relief program: Get out of debt fast! Call 9506,spam
FREE iPhone 15! Enter code 2163 at goo.gl/xyz,spam
FREE iPhone 15! Enter code 3725 at goo.gl/xyz,spam
OFFER: Tebak apa! Seseorang yang kamu kenal diam-diam tertarik padamu! Ingin tahu siapa itu? Hubungi kami di 09065394973 dari Telepon Rumah DATEBox1282EssexCM61XN 150p/menit 18Â≤Å,spam
Перевод: Отправьте мне 20 тысяч пульса на этот номер 085285485839 Мистер Агус,phishing
FREE iPhone 15! Enter code 8543 at bit.ly/123,spam
WIN 1626 NOW! Click goo.gl/xyz to claim!,phishing
Exclusive deal: jacket at 90% off! Limited time: goo.gl/xyz,spam
FREE iPhone 15! Enter code 6266 at tinyurl.com/abc,spam
URGENT: Your prize is waiting! Call 5864,phishing
"¡Alguien ha contactado nuestro servicio de citas e ingresado tu número de teléfono porque les gustas! Para descubrir quién es, llama desde una línea fija al 09111032124. PoBox12n146tf150p",phishing
"Selamat, Вы получили приз 1 единицу автомобиля HONDA JAZZ & наличные 35 млн рупий от PT.TriCare Ваш победный PIN-код; 477bfg7s. Для получения информации перейдите на сайт: www.tricareindonesia.com",phishing
சமீபத்திய ஆரஞ்சு புதிய ப்ளூடூத் மொபைலில் டுபிள் மின் & டுபிள் டெக்ஸ்ட் & 1/2 விலை லைன் ரெண்டல். மொபைல்அப்டே8 க்கு சமீபத்திய சலுஷகம்களுக்கு அழையவும். 08000839402 அல்லது வெளிநடை / எல்56 உழைப்பு கூட்டுவிதம்,spam
Debt relief program: Get out of debt fast! Call 8926,spam
URGENT! We are trying to contact U. Todays draw shows that you have won a ¬£800 prize GUARANTEED. Call 09050003091 from land line. Claim C52. Valid12hrs only,phishing
"அவசரம்! தயவுசெய்து 0906346330 என்பதை அழைக்கவும். உங்கள் ABTA சராசரி 4* ஸ்பானிஷ் விடயம் அல்லது £10,000 காசு பெற முடியும். சீரை பெற கைப்பேசியுள் அல்லது நியமத்துக்கு உரிய கெட்டு பெற முன்னாள் பொக்கு எண் 47 PO19 2EZ 150ppm 18+",phishing
Debt relief program: Get out of debt fast! Call 3430,spam
FREE ! iPhone 15! Enter code 2891 + at . tinyurl.com/abc !,spam
يجب عليك إرسال الأموال إلى الضرائب الفيدرالية الآن على http$://t!nyurl.com/8911,phishing
"மதாரிமால் இருமுறை ஆக்கம். தரம் 6% குறிப்பு THR6 பிரைட்டை ஆக்கம், தரம் 15% குறிப்பு THR15 பொறு Lifestyle, தரம் 25% குறிப்பு THR25 ஆக்கம்.  http://mthr.ml/TSELTHR",spam
Your entry won! Claim $1097 cash prize at goo.gl/xyz,phishing
WIN 3712 NOW! Click tinyurl.com/abc to claim!,phishing
"Hola, soy Mandy Sullivan llamando de HOTMIX FM... has sido elegido para recibir £5000.00 en nuestro sorteo de premios de Pascua.... Por favor, llama al 09041940223 para reclamar antes del 29/03/05 o tu premio será transferido a otra persona....",phishing
Sie müssen JETZT Geld an das IRS senden unter https://tinyurl.com/9038,phishing
Earn $1457 per week working from home!,spam
Earn $1984 per week working from home!,spam
El costo del seguro de vida aumenta con la edad. Compre un seguro de vida de 1 Cr ahora y pague Rs5390 en lugar de Rs5603 después de su cumpleaños. Aplicar rml.lu/KQgkgv9,spam
FREE iPhone 15! Enter code 7917 at goo.gl/xyz,spam
Debt relief program: Get out of debt fast! Call 6128,spam
"நான் உன்னை அறிந்துகொண்டில்லை மற்றும் நீங்கள் என்னை அறிந்துகொள்ளாதீர்கள். தற்போது 86688 க்கு செந்து CHAT செய்யுங்கள் மற்றும் நாம் ஒருவரை ஒப்பிடலாம்! ஒரு செஜ் வரவில /சூட் 342/ 2 லாந்திஸ் ரோ/ W1J6HL எல்டைன், இந்தியன். 18 வயது கூடியவர்கள் மட்டும்.",spam
"<Пересылка с 21870000>Привет - это оповещение о SMS-сообщении вашего почтового ящика. У вас 40 совпадений. Пожалуйста, перезвоните по номеру 09056242159, чтобы прослушать ваши сообщения и совпадения за 100 рублей в минуту",phishing
"Du hast einen heimlichen Bewunderer, der dich kontaktieren möchte - finde heraus, wer es ist* Wer denkt, dass du so besonders bist - rufe 09058094599 an.",spam
PESAN RESMI PT.3Care Indonesia Berkat isi Ulang No. Anda M-dptkan hadiah ke-3 Dengan kode PIN Anda (B8337H9) U/info hadiah klik; www.hadiah-pt3care34.blogspot.com,phishing
Sensation excitante de jouer à un jeu qui n'a jamais existé. Rejoignez les héros dans le jeu HIT. Téléchargez gratuitement sur http://bit.ly/2c6jsXN,spam
Your entry won! Claim $3546 cash prize at tinyurl.com/abc,phishing
earn $2977 per w3ek working from hom3!,spam
"வாழ்த்துக்கள்! ஒரு நல்ல நண்பருடன் சரியான முகவரியில் ¬£2,000 கிறிஸ்துமஸ் போட்டியை நீங்கள் வென்றுள்ளீர்கள். சென்ட் பிரியாக்க என்னைக் கூடாதியாகஅ, 08718726978 இப்போது அழையவும்! ஒரே நாடு முதல் 10 பெண்கள் உடன். BT-தேசிய-விகிதியார்",phishing
Anda perlu segera mengirim uang kepada IRS SEKARANG di https://tinyurl.com/9000,phishing
PROMO: Debt relief program: Get out of debt fast! Call 2078,spam
Offre exclusive : Obtenez 50 % de réduction sur votre prochain achat chez SuperShoes. Visitez www.supershoes.com/offers. Désabonnez-vous à bit.ly/com37418,spam
"El fútbol fantástico ha vuelto a tu televisor. Ve a Sky Gamestar en Sky Active y juega al Dream Team de £250k. La puntuación comienza el sábado, ¡así que regístrate ahora! SKY OPT OUT al 88088",spam
WIN 3783 NOW! Click goo.gl/xyz to claim!,phishing
FREE iPhone 15! Enter code 8283 at tinyurl.com/abc,spam
"Grazie per la tua iscrizione a Ringtone UK, al tuo cellulare verranno addebitati £5 al mese. Si prega di confermare rispondendo con SÌ o NO. Se rispondi NO, non verrai addebitato.",spam
Debt relief program: Get out of debt fast! Call 2894,spam
Du musst JETZT das Geld an das IRS senden unter https://tinyurl.com/9064,phishing
Debt relief program: Get out of debt fast! Call 8376,spam
Debt relief program: Get out of debt fast! Call 9664,spam
"Punya apa yang diperlukan untuk ikut serta dalam WRC Rally di Oz? Kamu bisa dengan Lucozade Energy! Kirim RALLY LE ke 61200 (25p), lihat kemasan atau lucozade.co.uk/wrc & itu bisa menjadi kamu!",spam
Your entry won! Claim $3535 cash prize at goo.gl/xyz,phishing
Debt relief program: Get out of debt fast! Call 5501,spam
supporters de sports - obtenez les dernières nouvelles sportives sur votre mobile 1 semaine GRATUITEMENT PLUS une SONNERIE GRATUITE Envoyez SPORT ON au 8007 www.getzed.co.uk 0870141701216+ norm 4sms/120p,spam
"ඔබට  EURO2004 CUP FINAL විමර්ශනය ලබා දෙයි හෝ Â£800 මුදලක්, ලබා ගැනීම සඳහා 09058099801 b4190604 ට අපට අපේක්ස් 7876150 ppm ට චායාර්ථ කරන්න.",phishing
ඔබ සම්පූර්ණයෙන් මුන් කිරි හිගම වෙළද කිරීම ඉන්දියාසිවියන්ට හදා ගත හැකිය https://tinyurl.com/8886,spam
"Venerdì BUONO promo, BRONET 24 ore 1 GB 30 ore Rp10900 e BRONET 4 GB 60 ore (24 ore 2 GB + 00-06 2 GB) Rp24900. Attiva immediatamente il pacchetto tramite *123*888#. Informazioni838. LD268",spam
ارسل كلمة PASS إلى الرقم 69669 لاستلام النغمات البوليفونية الخاصة بك. تطبق رسوم GPRS العادية فقط. استمتع بنغماتك.,spam
"Anda bisa memenangkan ¬£100 dari Voucher Hadiah Musik setiap minggunya mulai SEKARANG. Ketik kata DRAF ke 87066 Syarat dan Ketentuan www.Idew.com SkillGame, 1Winaweek, usia16. Biaya SMS Rp 150/pesan Berlangganan.",spam
ඔබ දැනට IRS හි මුදල ලැබුණු අවශ්‍යයි https://tinyurl.com/8838,phishing
"இலவசமாக Msg எனக்கு உங்கள் எஸ்எம்எஸ் பதிலளித்துவிட்டீர்களா? நான் ராண்டி, செக்ஸி, பெண் மற்றும் இடத்தில் வாழுகிறேன். உங்களிடமிருந்து செய்தியை கேட்க விரும்புகிறேன். நெட்கோலெக்ஸ் பகிரங்கள் 08700621170150க்கு எஸ்எம்எஸ் பதில் 50பெ நிறுத்து முடிக்க Stop சொல்லி",spam
"KOSTENLOS den ganzen Tag Whatsapp nutzen! Einfach das Internet-Tagespaket mit 100 MB für Rp1500 kaufen. Antworte auf diese SMS mit ""JR"" um zu kaufen. N091",spam
"Pemberitahuan EmailDari: Jeri StewartUkuran: 2KBJudul: Obat resep murahUntuk mendengarkan email, hubungi 123",spam
ඉගෙරින්! ඔබගේ ජංගම දුරකථන අර්ධදක්වා £2000 තිබේ. දුරකථන රහිත 09058094455 දෙයකින්. අයිති 3030. නිවේදනය 12 වෙනි කාලයට පමණක් වලින්න,phishing
"Texte und triff heute jemanden Sexy. Du kannst ein Date finden oder sogar flirten, es liegt an Dir. Mach mit für nur 10p. ANTWORTE mit NAME & ALTER z.B. Sam 25. 18 - Nachricht empfangen @achtunddreißig Pence.",spam
"Opportunità di diventare agente ricariche/ALL Operator MKIOS, Prezzi convenienti; 5=4500, 10=8500, 20=18000, 25=22000, 50=45000, Scrivi GABUNG Invia a 087775777917",spam
День святого Валентина Специальное предложение! Выиграйте более £1000 в нашей викторине и отправьте своего партнера в поездку жизни! Отправьте GO на 83600 прямо сейчас. 150р/сообщение. Служба поддержки: 08718720201.,spam
WIN 849 NOW! Click bit.ly/123 to claim!,phishing
Anda perlu segera mengirim uang kepada IRS SEKARANG di https://tinyurl.com/9038,phishing
"வாழ்த்துக்கள், உங்களுக்கு 500 சி.டி. வவுசர்ஸ் அல்லது 125 பரிமாணம் உற்பத்தி உண்டு மற்றும் இலவச புள்ளி 2 100 வீக் ட்ரா உள்ளது எழுத்து MUSIC ஐ 87066 க்கு அனுப்பவும் TnCs www.Ldew.com1win150ppmx3age16",spam
Your entry won! Claim $2076 cash prize at tinyurl.com/abc,phishing
Devi inviare denaro all'IRS ADESSO su https://tinyurl.com/8985,phishing
"Январская распродажа 🚨 для мужчин! Горячий ⚡ гей-чат стоит 📱 дешевле { сейчас, звоните 🎉 по номеру ⚠️ 08709222922. ` Национальная тарификация от 1,5 & п/мин : дешево до 7,8 🚨 п/мин пиковое время! ~ Чтобы ( остановить 💰 тексты, 🔒 позвоните по "" номеру > 08712460324 (10 } п/мин) 🏦",spam
URGENT: Your prize is waiting! Call 7356,phishing
Выиграйте годовой запас компакт-дисков на сумму £500 для магазина вашего выбора и участвуйте в нашем еженедельном розыгрыше на £100. Отправьте SMS с текстом MUSIC на номер 87066. Условия и положения на www.Ldew.com.subs16+1win150ppmx3,spam
Work from home: Earn $3531/hour! Start today: bit.ly/123,spam
Your entry won! Claim $3804 cash prize at goo.gl/xyz,phishing
Netzbetreiber. Der Service ist kostenlos. Für die vollständigen Geschäftsbedingungen besuchen Sie 80488.biz.,spam
"தொடர்புக்கான விரைவில் அழைக்கவும்! உங்கள் abta இலவச 4* ஸ்பானிஷ் விடுகதை அல்லது £10,000 பணம் சம்பந்தப்பட்டுத்தர வேண்டும் sa3 நியமனங்கள் box 47 po19 2ez 150ppm 18+",phishing
Exklusives Angebot: Erhalten Sie 50% Rabatt auf Ihren nächsten Einkauf bei SuperShoes. Besuchen Sie www.supershoes.com/offers. Abbestellen unter bit.ly/com37375.,spam
Work from home: Earn $1537/hour! Start today: goo.gl/xyz,spam
Your entry won! Claim $2249 cash prize at tinyurl.com/abc,phishing
"Offizielle Mitteilung von TRI CARE Herzlichen Glückwunsch, Sie haben einen Bargeldpreis in Höhe von Rp.45jt gewonnen. Gewinn-PIN 94AD653. Zur weiteren Informationen besuchen Sie bitte: www.undian-bimatri.blogspot.com.",phishing
Life insurance උපාංගන ප්‍රාන නීති නිෂ්පාදනය කරනවා. 1 අර ආර්තාවයේ ජීවිත රටාංගනය කර යායුගේ උපාංග ගොවීමේපස වර්ෂයේ අගිරිදු 5390 ගායනයක් ගේවා ගිහින් ධුපාත් කළ වේ. අයත් ඉලොකා rml.lu/KQgkgv16 සංස්කෘත කරනවා.,spam
Вы успешно отписаны от всех услуг. Получайте много сексуальных красоток прямо на свой телефон! Перейдите на сайт http://gotbabes.co.uk. Без подписок.,spam
FREE: ПОЗДРАВЛЯЕМ! Вы стали победителем в розыгрыше POP-MIE GETLUCKY и выиграли 1 автомобиль NISSAN JUKE. Ваш пин-код: b89c7h9. Для получения информации перейдите по ссылке: www.hadiah-pop-mie-2013.webs.com.,phishing
URGENT: Your prize is waiting! Call 9711,phishing
ملحوظة. معلومات هامة لمستخدم 02. اليوم هو يومك المحظوظ! لمعرفة السبب، تفضل بزيارة http://www.urawinner.com هناك مفاجأة رائعة بانتظارك!,phishing
¡GANAR URGENTE! ¡Tu número de móvil ha sido premiado con un premio de £2000 GARANTIZADO llama al 09061790121 desde una línea fija. reclama 3030 válido solo 12 horas 150ppm,phishing
"Anda dijamin mendapatkan ponsel Nokia terbaru, pemutar MP3 iPod 40 GB, atau hadiah ¬£500! Kirim kata: KUMPULKAN ke No: 83355! IBHltd LdnW15H 150p/Mtmsgrcvd18",spam
ديسمبر فقط! هل لديك هاتف جوال لأكثر من 11 شهرًا؟ أنت مؤهل للتحديث إلى أحدث هاتف ذكي بكاميرا ملونة مجانًا! اتصل بشركة تحديث الجوال المجاني على الرقم 08002986906.,spam
Your entry won! Claim $1794 cash prize at tinyurl.com/abc,phishing
Earn $3915 per week working from home!,spam
"Vuoi un NUOVO telefono video con 750 minuti verso tutti i network, 150 messaggi di testo per soli cinque sterline a settimana. Chiama ora 08000776320 o rispondi per la consegna domani.",spam
Work from home: Earn $3072/hour! Start today: goo.gl/xyz,spam
"Als geschätzter Kunde freue ich mich, Ihnen mitteilen zu können, dass nach einer kürzlichen Überprüfung Ihrer Handynummer ein Bonuspreis von £1500 für Sie vergeben wurde. Bitte rufen Sie die Nummer 09066368470 an.",phishing
Earn $2980 per week working from home!,spam
Work from home: Earn $512/hour! Start today: bit.ly/123,spam
"Бонус Rp. 5,000 для вас! Просто позвоните другу на 2 минуты сегодня, чтобы получить бонус, только сегодня! A010",spam
Migrate your card to kartuHalo (SAME NUMBER). GET Special Package 4GB Only 25k/month. visit GraPARI & show this SMS. (Limited Promo). SKB,spam
"Urgen! Hubungi 09061749602 dari telepon rumah. Liburan gratis ke Tenerife atau ¬£10,000 tunai menunggu pengambilan, SAE T&Cs BOX 528 HP20 1YF. Biaya 150ppm 18+.",phishing
RT-KIng Pro Video Club>> هل تحتاج مساعدة؟ البريد الإلكتروني info@ringtoneking.co.uk أو اتصل على 08701237397. يجب أن تكون عمرك 16 عامًا أو أكثر! الاستفادة من رصيد النادي المسترد على www.ringtoneking.co.uk! استمتع!,spam
"உங்களுக்கு சமீபத்திய நோகியா ஃபோன், 40GB ஐபாட் MP3 ப்ளேயர் அல்லது £500 விருப்பம் உத்தரவாளி! உள்ளீடு வார்த்தை: COLLECT ஐ எண்: 83355 க்கு அனுப்பவும்! IBHltd LdnW15H 150அங்கத்துக்கு/மெஸேஜ்கள்18+ஏமாற்றுநர்கள்",phishing
Debt relief program: Get out of debt fast! Call 8824,spam
"Sie sind ein Gewinner, Sie wurden speziell ausgewählt, um £1000 Bargeld oder eine £2000 Auszeichnung zu erhalten. Sprechen Sie mit einem Live-Operator, um Ihren Gewinn geltend zu machen, rufen Sie von 9 bis 19 Uhr unter 087147123779 an. Kosten 10 Pence.",phishing
🎉 CONGRATS! You won $3108 Amazon gift card! Redeem at goo.gl/xyz 🎉,phishing
சமத்துவ விழித்து இருபது நிமிஷங்களுக்கு இருபது எஸ்.எம்.எஸ். & அப்படியான 1/2 விலையில் லைன்ரெண்டல் குறைவான ஏரியான புதிய ஆரஞ்சு புதியம் புளூடூதவிஓ மொபைல்களில். மொபைலப்டே லாடஸ்ட் ஆப்பர்ஸ் சம்பந்தப்பட்ட சம்பந்தம் ஒலிக்க வருக. 08000839402 அல்லது call2optout/LF56 - பெயரை அழுத்திவிடு.,spam
"No he oído de U4 desde hace un tiempo. Llámame ahora, estoy aquí toda la noche solo con mis bragas puestas. Haz que ruegue por ello como lo hiciste la última vez. 01223585236 XX Con cariño, Nikiyu4.net",spam
"ஹேக் சாட். 121 அறைகளில் பின்னுள்ள நுழைவு பெறவும் செலவுக்கு நுழைவு சில கிறுக்குகள். NEO69 அல்லது 09050280520 என்று அழையவும், சந்தாக்கவும் 25p பிப்ம் சப்ஸ்கிரைப் செய்ய விரும்பினால் DPS, Bcm பெ. 8027 லோண்டன், wc1n3xx",spam
!عاجل: تمت منح رقم جوالك جائزة مكالمة بقيمة 2000 جنيه إسترليني في 03/02/09! هذه محاولتنا الثانية للاتصال بك! اتصل على 0871-872-9755 صندوق95قو,phishing
Your item is on its way back to your local office. Please book your re-delivery here: https://failed-delivery-department.com,phishing
¡URGENTE! Tu número de móvil ha sido premiado con un premio GARANTIZADO de £2000. Llama al 09058094454 desde un teléfono fijo. Reclama el premio 3030. Válido solo por 12 horas.,phishing
"Uang yang telah saya menangkan dengan nomor kemenangan 946, apa yang harus saya lakukan selanjutnya?",spam
FREE iPhone 15! Enter code 3397 at tinyurl.com/abc,spam
"i1 fantasy fo07ball è tornato in 7v. v4i su sky 9am3star su sky act1v3 3 gioca c0n !l dr3am team da £250k. la fas3 di pun7e9gio 1nizia sabato, quindi registrati ora! 5ky pt out al 88088",spam
ඔබට නගර විසින් වියහැකියි සහ මෙම සමග £200 සුමර් නිසාගිය සප්රේ කිහිපයක් හෝ මෙහෙයුම සගයා කරගත හැක. සරංගය සඳහා ටක්ස් කරන්න STORE ට h88039 ට ටික බන්න . ස්කිල්. Tscs087147403231 වාරියක්! වයන්16 £1.50 විස්තරයේ කොටසට සඳහන්න.,spam
Vous êtes un gagnant. Vous avez été spécialement sélectionné pour recevoir £1000 en espèces ou des vacances 4 étoiles (vols compris). Parlez à un opérateur en direct pour réclamer au 0871277810810.,phishing
Work from home: Earn $2823/hour! Start today: tinyurl.com/abc,spam
ЧАСТНОЕ! Ваш выписка по счету 2003 года для 07753741225 показывает 800 неиспользованных баллов S.I.M. Звоните 08715203677 Идентификационный код: 42478 Истекает 24/10/04,phishing
WIN: URGENT: Your prize is waiting! Call 4517,phishing
FREE: Anda harus segera mengirimkan uang kepada IRS sekarang di https://tinyurl.com/9024,phishing
🎉 CONGRATS! You won $701 Amazon gift card! Redeem at bit.ly/123 🎉,phishing
URGENT: Your prize is waiting! Call 9322,phishing
Debt relief program: Get out of debt fast! Call 2145,spam
Debt relief program: Get out of debt fast! Call 6611,spam
"VINCITORE: Abbiamo un vincitore! Il signor T. Foley ha vinto un iPod! Presto arriveranno altri premi emozionanti, quindi resta aggiornato sul tuo cellulare o visita www.win-82050.co.uk",phishing
Devi inviare denaro all'IRS ADESSO su https://tinyurl.com/9038,phishing
URGENT: Your prize is waiting! Call 3812,phishing
"Decisión de Tri Care Indonesia No.XV\2016, tu número de ganador es 67YTG44 y has sido seleccionado para recibir un cheque de 45 millones. Para más información visita www.my-tri8.webnode.com.",phishing
Debt relief program: Get out of debt fast! Call 5247,spam
You need to send money the IRS NOW at https://tinyurl.com/9026,phishing
Earn $1868 per week working from home!,spam
Your entry won! Claim $1817 cash prize at goo.gl/xyz,phishing
Necesitas enviar dinero al IRS AHORA en https://tinyurl.com/8974.,phishing
Earn $3659 per week working from home!,spam
Work from home: Earn $4924/hour! Start today: bit.ly/123,spam
"У вас есть мобильный 11 месяцев? Обновитесь БЕСПЛАТНО до последних цветных камерных мобильных телефонов Orange и получите неограниченные звонки на выходных. Позвоните в Mobile Upd8 по бесплатному номеру 08000839402 или отправьте SMS ""2StopTx""",spam
دوروثي@كيفر.كوم (بنك الغرانيت يصدر توصية للشراء القوية) اختيار متفجر لأعضائنا ***** تضاعف بنسبة تفوق 300% *********** رمز ناسداك CDGT ذلك هو بمعدل 5.00 دولار لكل..,spam
Harap hubungi perwakilan layanan pelanggan kami di 0800 169 6031 antara pukul 10 pagi hingga 9 malam karena Anda telah MENANG dengan hadiah tunai senilai ¬£1000 atau hadiah senilai ¬£5000!,phishing
Tebak apa! Seseorang yang kamu kenal diam-diam tertarik padamu! Ingin tahu siapa itu? Hubungi kami di 09065394973 dari Telepon Rumah DATEBox1282EssexCM61XN 150p/menit 18Â≤Å,spam
Your entry won! Claim $3485 cash prize at bit.ly/123,phishing
"Fantasy Football ist zurück auf Ihrem TV. Gehen Sie zu Sky Gamestar auf Sky Active und spielen Sie das 250.000 Pfund Dream Team. Die Wertungen beginnen am Samstag, also melden Sie sich jetzt an! SKY OPT OUT an 88088",spam
🎉 CONGRATS! You won $3383 Amazon gift card! Redeem at bit.ly/123 🎉,phishing
!عاجل: تم منح رقم هاتفك المحمول جائزة قيمتها 2000 جنيه إسترليني مضمونة. اتصل على 09061790125 من خط هاتف ثابت. اطلب الرقم 3030. الصالح لمدة 12 ساعة فقط. سعر الدقيقة 150 قرشًا,phishing
"WIN: CDs 4u: ඔබට උදාවූ CD ගාස්තු වවරායකයන් ලබා ගත හැකිය කිරීමට හෝ ආශාවට විශ්වාසය කළ විට, නිසා දැනටද 2 දොන් රු. 100 ලෙස මුළු වරටත් ප්‍රවේශ වීමට නොවිමන නොවළෙන මෙහේ සලකුණ ඔබගේ හෝගම එකට මස අභාවප්‍රකට හෝ වර්ඩීය කිරීමට  ඉඩ ලබා ගත හැක. ක්.ව. ක. www.ldew.com1win150ppmx3age16",phishing
URGENT: Your prize is waiting! Call 6178,phishing
Atto decisionale di Tri Care INDONESIA No.XV/2016 Pin_Pemenang ANDA:67ytg44 vince PREMIO IN CONTANTI di Rp.45 milioni U/INFO clicca: www.info-undian3.webnode.com,phishing
Work from home: Earn $583/hour! Start today: bit.ly/123,spam
"Grande vente d'été ! Achetez-en un, obtenez-en un gratuitement sur tous les vêtements de plage chez TrendyStyles. Magasinez dès maintenant sur www.trendystyles.com/sale28",spam
قبل الدفع / التحويل، يرجى التواصل أولًا مع رئيسي، السيد أرديانساه، على الرقم 081563257257 لأن هناك تغيير في طريقة الدفع.,spam
"Sei un vincitore, sei stato scelto specialmente per ricevere £1000 in contanti o un premio di £2000. Parla con un operatore dal vivo per richiedere la chiamata al numero 08714712377 dalle 9:00 alle 19:00. Costo 10p.",phishing
"هل ترغب في الحصول على لقاء جنسي الليلة؟ هل ترغب في تلقي مواقع Dogging الحقيقية مباشرة إلى هاتفك المحمول؟ انضم إلى أكبر شبكة Dogging في المملكة المتحدة عن طريق إرسال رسالة نصية قصيرة تحتوي على كلمة ""MOAN"" إلى الرقم 69888. السعر: 31 بني أبلغتكم رسالة يمكن أن تكلف 150 بنيغ على الأكثر.",spam
Work from home: Earn $3187/hour! Start today: bit.ly/123,spam
"NASIB: Die Ernährung des Gehirns liegt darin, positiv zu denken. Wenn man alles kann, kann Wissen erlangt werden. Sie können Hintergrundbilder unter http://m.m4in.biz/r?jXPC42 erhalten. STOPP: *123*66# / schreiben Sie UNREG NASIB und senden Sie es an 92828. Kundensupport: 087789917018.",spam
Work from home: Earn $2552/hour! Start today: goo.gl/xyz,spam
FREE iPhone 15! Enter code 9584 at goo.gl/xyz,spam
"உங்கள் அடுத்த வாங்கும் பொருளில் 50% தள்ளப்பாடு பெற ஒரு தனிப்பட்ட சவால்: சூப்பர்ஷூஸின் வருவாய் பெற www.supershoes.com/offers. விரும்பாவிருக்கிறது என்ன, நீக்க www.bit.ly/com37375 இணையதளம்.",spam
"Vous avez été spécialement sélectionné pour recevoir une ""récompense de 3000 € ! Appelez le 08712402050 AVANT la fermeture des lignes. Coût de 10ppm. 16+. Termes et conditions s'appliquent. AG Promo",phishing
"Ich hoffe, Sie haben Ihren neuen Inhalt genossen. Senden Sie „stop“ an 61610, um den Dienst zu kündigen. Hilfe: 08712400602450p Bereitgestellt von tones2you.co.uk.",spam
"free2day sexy st george's day рic оf jordan!txt pic tо 89080 dont miss oυt, thеn εvеry wk a saucy celeb!4 mοrе рics c poсketbabe.со.uk 08to241182tl6 ¬£3/wk",spam
🎉 сongrats! yου won $4b25 amаzon gιft card! redeem at goo.gl/xуz 🎉,phishing
Work from home: Earn $4515/hour! Start today: goo.gl/xyz,spam
Grazie per il tuo continuo supporto. La tua domanda di questa settimana ti farà partecipare al nostro sorteggio per 100 sterline in contanti. Chi è il NUOVO Presidente degli Stati Uniti? Invia la risposta in un SMS al 80082.,spam
Abbiamo nuove date locali nella tua area - Molte persone nuove si sono registrate NELLA TUA ZONA. Rispondi DATE per iniziare ora! Solo maggiorenni www.flirtparty.us REPLYS150,spam
Sie müssen dem IRS JETZT Geld senden unter https://tinyurl.com/8953.,phishing
freе iphonε 15! еnter code 9315 at gοo.gl/хyz,spam
🎉 CONGRATS! You won $1692 Amazon gift card! Redeem at goo.gl/xyz 🎉,phishing
URGENT: Your prize is waiting! Call 1383,phishing
"Texte und triff heute jemanden Sexy. Du kannst ein Date finden oder sogar flirten, es liegt an Dir. Mach mit für nur 10p. ANTWORTE mit NAME & ALTER z.B. Sam 25. 18 - Nachricht empfangen @achtunddreißig Pence.",spam
Your entry won! Claim $720 cash prize at goo.gl/xyz,phishing
Work from home: Earn $503/hour! Start today: goo.gl/xyz,spam
У вас есть важное объявление о обслуживании клиентов. Звоните по бесплатному номеру 0800 542 0825 прямо сейчас!,spam
"O2 இலிருந்து அறிதல்: 2.50 பவுண்டு இலவச அழைய கட்டணம் மற்றும் மிகப் பட்டியல் விவரங்களைப் பெற தயவுசெய்து உங்களுடைய செல்லுபடியான பெயர், வீட்டு எண் மற்றும் புகோஸ்தல் இணையத்துடன் இந்த உரைக்கு 2 பதிலளிக்கவும் நன்றி",phishing
சன்ஷைன் வினருக்கு வாழ்த்துகள்! நீங்கள் ஆஸ்திரேலியாவின் தலைநகரை என்ன என்று கருதுறதில் சேரவாட்டம் வெற்றிபெற கட்டளை MQUIZ இல் 82277 க்கு அனுப்பவும். B,spam
"Ужасни свою компанию с Хэллоуинской коллекцией логотипа и картинки сообщения плюс бесплатным жутким звуком, отправь текст CARD SPOOK на 8007 zed 08701417012150р за логотип/картинку",spam
WIN 692 NOW! Click bit.ly/123 to claim!,phishing
Limited time offer: 53% off everything!,spam
"தொடர்புக்கான விரைவில் அழைக்கவும்! உங்கள் abta இலவச 4* ஸ்பானிஷ் விடுகதை அல்லது £i0,ο0o பணம் சம்பந்தப்பட்டுத்தர வேண்டும் sae நியமனங்கள் box 47 po19 2еz 1s0рpm 1b+",phishing
"Поздравляем, вам присуждены 500 ваучеров на компакт-диски или гарантированный подарок на 125 и бесплатный вход в еженедельное розыгрыш на 100. Отправьте SMS с текстом MUSIC на номер 87066. Условия на www.Ldew.com1win150ppmx3age16.",phishing
"Urgente! Chiama il 09061749602 da un telefono fisso. La tua vacanza a Tenerife 4* omaggio o £10,000 in contanti ti aspettano per il ritiro. SAE T&Cs BOX 528 HP20 1YF 150ppm 18+",phishing
நீங்கள் ஒரு £350 விருது பெற தேர்ந்தெடுக்கப்பட்டிருக்கீர்! மதிப்புச் செல்லாத கலை வாடிக்கையாளாக நீங்களாக தேர்ந்தெடுக்கப்பட்டிருந்தது இந்த விருதை பெற வேண்டும் என்று நீங்கள் புரிந்திருக்கின்றீர்கள். உங்கள் விருப்பமான கோப்பு எண் 09066364311 என்ற எண்ணை அழையவும் உங்கள் விருதை சேர்க்க உத்தியீர்கள்.,phishing
FREE iPhone 15! Enter $ code 💰 3105 at 🔒 bit.ly/123,spam
"LAYANAN SMS. untuk kredit teks Anda yang termasuk, silakan pergi ke www.comuk.net login= ***** Berhenti langganan dengan STOP. tidak ada biaya tambahan. bantuan: 08700469649. PO BOX420. IP4 5WE",spam
Эксклюзивное предложение: Получите скидку 50% на следующую покупку в магазине SuperShoes. Посетите www.supershoes.com/offers. Отказаться от подписки можно на bit.ly/com37388.,spam
Plg/Yth!! உங்கள் எண் அதிகாரிகளாக தேர்ந்தெடுக்கப்பட்டுள்ளது பிடிஎம்.எம்- ட்ரானிக் இரண்டாவது பரிசுக்காக Pin: 2g43f79 உங்கள் பரிசு மேலாண்மை இணைப்புக்கு செல்க: www.gebyarmtronik.tk,phishing
"Surf, Chat, Facebook, and watch videos for 30 days up to 1.5 GB for only Rp 30,000. Purchase the package at *100*1#.",spam
FLASH SALE: 29% OFF all items! Shop now: goo.gl/xyz,spam
URGENT: Your prize is waiting! Call 6225,phishing
Debt relief program: Get out of debt fast! Call 5152,spam
Life insurance premium increases with growing age. Buy 1 Cr Life Insurance now & pay Rs5390 instead of Rs5603 after your b'day. Apply rml.lu/KQgkgv12,spam
WIN 1163 NOW! Click tinyurl.com/abc to claim!,phishing
🎉 CONGRATS! You won $2668 Amazon gift card! Redeem at goo.gl/xyz 🎉,phishing
"¡URGENTE! ¡Este es el segundo intento de contactarte! ¡Has GANADO £1000! LLAMA AL 09071512432 antes del 300603. Términos y condiciones: BCM4235WC1N3XX. Coste de la llamada 150ppm, coste desde móviles puede variar. Máximo £7.50.",phishing
Le montant de la prime d'assurance-vie augmente avec l'âge. Achetez une assurance-vie de 1 crore maintenant et payez 5390 Rs au lieu de 5603 Rs après votre anniversaire. Appliquez rml.lu/KQgkgv4,spam
🎉 CONGRATS! You won $2729 Amazon gift card! Redeem at tinyurl.com/abc 🎉,phishing
சன்ஷைன் வினர் வாரந்தோற் கே! உங்களுக்கு உங்களுக்கு ஏற்ற சோனி DVD ப்ளேயர் வெற்றி பெற உங்களுக்கு புஷ்தியாக படித்த நாடம் தெரியுமா? உதிர்ந்தேம் பதிலை 82277 க்கு படித்து அனுப்புங்கள். ங்கு  ¬£1.50   சிபி:டைரோன்,spam
"Discussion sur le piratage. Obtenez un accès backdoor à 121 salons de discussion pour une fraction du coût. Répondez NEO69 ou appelez le 09050280520, pour vous abonner à 25p par minute. DPS, Bcm box 8027 Ldn, wc1n3xx",spam
deb7 rel!ef pr0gram: get out of debt f@$t! call 1661,spam
Earn $4451 per week working from home!,spam
Debt relief program: Get out of debt fast! Call 5244,spam
"¡URGENTE! ¡Tu número de teléfono móvil 07xxxxxxxxx ganó un premio de bonificación de £2,000 en la llamada el 02/06/03! ¡Este es el segundo intento de contactarte! ¡Llama al 09066362231 lo antes posible!",phishing
WIN 1883 NOW! Click bit.ly/123 to claim!,phishing
Respuesta con tu nombre y dirección y RECIBIRÁS POR CORREO una semana de alojamiento completamente gratis en varios lugares de todo el mundo www.phb1.com ph: 08700435505150p,spam
WIN 3567 NOW! Click bit.ly/123 to claim!,phishing
"PENTING Ini adalah upaya kedua kami untuk menghubungi Anda. Hadiah ¬£900 Anda dari KEMARIN masih menunggu pengambilan. Untuk klaim, SEGERA HUBUNGI 09061702893. ACL03530150PM",phishing
Earn $2362 per week working from home!,spam
We tried to contact you re your reply to our offer of a Video Phone 750 anytime any network mins Half Price Line Rental Camcorder Reply or call 08000930705,spam
"Chiama 09095350301 e invia le nostre ragazze nell'estasi erotica. Solo 60p/min. Per interrompere gli sms, chiama 08712460324 (al costo nazionale)",spam
Penawaran Eksklusif: Dapatkan diskon 50% untuk pembelian selanjutnya di SuperShoes. Kunjungi www.supershoes.com/offers. Berhenti berlangganan di bit.ly/com37383,spam
FREE iPhone 15! Enter code 1520 at goo.gl/xyz,spam
Вас специально выбрали для получения награды в размере 2000 фунтов! Позвоните по номеру 08712402050 ДО закрытия линий. Стоимость 10 пенсов в минуту. 16+. Действуют правила и условия. AG Promo,phishing
Debe enviar dinero al IRS AHORA en https://tinyurl.com/9003,phishing
"Sebagai salah satu pelanggan terdaftar kami, Anda dapat mengikuti undian untuk memenangkan voucher hadiah senilai 100 G.B. dengan membalas dengan ENTER. Untuk berhenti berlangganan, ketik STOP.",spam
Earn $3236 per week working from home!,spam
سارع بالحصول على شهادة dе-s1-s2 الأصلية المسجلة وذات التصنيف السريع، العاجل، والفوري. قم بزيارة: www.bυatijаzahs1.wordpress.com أو اتصل على: 0b5222999475. شكرًا.,spam
"Ein £400-WEIHNACHTSGESCHENK WARTET AUF SIE! Unser Computer hat Sie zufällig aus unseren loyalen Handykunden ausgewählt, um eine Belohnung von £400 zu erhalten. Rufen Sie einfach die 09066380611 an.",phishing
Congratulations ur awarded 500 of CD vouchers or 125gift guaranteed & Free entry 2 100 wkly draw txt MUSIC to 87066 TnCs www.Ldew.com1win150ppmx3age16,phishing
"Come abbonato SIM, sei stato selezionato per ricevere un Bonus! Ricevilo a casa tua, invia la parola OK al numero: 88600 per richiederlo. 150p/messaggio, SCAD. 30 apr.",phishing
"Хочешь потрахаться? Я хочу. Заинтересован? sextextuk.com отправь SMS на 69876 с текстом XXUK SUZY. Стоимость SMS 1,50 за сообщение. Условия на сайте. X",spam
"Yuk INTERNET-an NGEBUT utk akses FB, Twitter, & Chatting dgn beli Paket Flash 500MB/7hr (sesuai zona lokasi) mulai Rp25rb di *100*433# cek tarif di tsel.me/FL",spam
Work from home: Earn $1334/hour! Start today: tinyurl.com/abc,spam
PRIVATO! Il tuo Estratto Conto del 2003 per il numero di telefono <fone no> mostra 800 punti S. I. M. non riscattati. Chiama il 08715203656 Codice Identificativo: 42049 Scade il 26/10/04,phishing
"SERVICES SMS. pour vos crédits texte inclusifs, veuillez vous rendre sur www.comuk.net login= ***** désabonnez-vous en envoyant STOP. pas de frais supplémentaires. aide: 08700469649. BOÎTE POSTALE 420. IP4 5WE",spam
"ஹாய், எப்படி இருக்கின்றீர்கள்? இது ஒரு குத்துப்படுத்துவதற்கான போனஸ் உள்ளது, குந்து குறைவாக ரூ. 5 ரூபாய் முதல் 15 நவம்பர் வரை நீங்கள் 300 எம்.பி இலவசம் பெறுவீர்கள். ரூமி குறிப்பு வழி ஃபர் 3 நாட்களுக்காக. RL044A",spam
ඔබට විකුණුම් වාසනා හෝ බොනස 1000 ලගදී 200 පවතෙන් ගරාන ගිවිසුමක් ලබා දීමට ඉඩ පළ කළ හැකිය. ඔබගේ වාසනා එක ඉබේපී කිරීමට නිදහස් ලබා දෙන්න 08000407165 ට නෙනෙයි (18+). නව වැදගත් සලකා බලන් නොගෙන නැවතත් ‌ලොක්‍ස් කිරීමට 88222 ට ඩිමිටි කරන්න. ඩීඒම් PHP. RG21 4JX,spam
مزاد SMS - هاتف Nokia 7250 الجديد تمامًا معروض للبيع اليوم! المشاركة في المزاد مجانية ومفتوحة للجميع! ارسل NOKIA إلى 86021 الآن! HG/Suite342/2Lands Row/W1J6HL,spam
"வா, காதல் செய்யுங்கள், என் உயிரை ஏற்றுக்கொள்! உங்கள் கனவை இப்போது எனக்கு டெக்ஸ்ட் செய்யுங்கள் -) என் ஆடை உடம்புக்கு இருக்கின்றது மற்றும் நீங்களை இப்போது தேவைப்படுகின்றேன். என் பதில்கள் ஒவ்வொரு பதிலுக்கும் £1.50 செலவு. இதை ரத்து செய்ய STOP அனுப்புவதற்காக 2.",spam
සත්‍යතාව! අගමැති ව්‍යාපාරික ප්‍රවාහන දත්ත හාසයට තේරුම් ලබන අමුතා ඔබට ¬£900 උදාහරණයක් ලබා ගත හැක! ගමනය පිළිබදව 09061701444 එක අපට අවශ්‍යවන්න. වලංගු 24 ක කාලයක් පමණ. ACL03530150PM,spam
Earn $3624 per week working from home!,spam
3 RAMADHAN Buongiorno tu sei il vincitore di Rp.100jt. PIN CODE 7Y7R8K9Z Info: www.hadiah-3ramadhan.blogspot.com,phishing
Страховой взнос по страховому полису жизни увеличивается с возрастом. Купите страховку на 1 кр рупий сейчас и заплатите 5390 рупий вместо 5603 после вашего ДР. подробности по ссылке rml.lu/KQgkgv34,spam
Estás suscrito al mejor servicio de contenido móvil en el Reino Unido por £3 cada 10 días hasta que envíes STOP al 82324. Línea de ayuda 08706091795.,spam
"Dad, please top up XL credit of 50 thousand rupiahs to phone number 0818643929, it's urgent.",spam
Gratis Pesan: Hai - Saya Buffy. Usia 25 tahun dan senang memuaskan pria. Sedang sendirian di rumah dan merasa hasrat. Balas 2 untuk melihat foto saya! QlynnBV Bantuan08700621170150p per pesan Kirim stop untuk berhenti menerima pesan.,spam
URGENT: Your prize is waiting! Call 8979,phishing
"Votre carte 4G-LTE a été activée. Obtenez une allocation supplémentaire allant jusqu'à 10 Go et du contenu intéressant sur le réseau 4G, contactez *123*46#. Informations sur l'emplacement www.indosatooredoo.com/4G",spam
URGENT: Your prize is waiting! Call 5384,phishing
NFO RESMI Nomor Anda: 089772xxxxx Terpilih Men-dpt HADIAH Langsung Dari PT.TRI 3Care PIN.Pemenang Anda: F8HJ7TL Utk/Info Lengkap klik; www.HadiahTri3Care.blogspot.com,phishing
Earn $3790 per week working from home!,spam
பரிந்துரைக்கும் கடன்கள்! மிகவும் முடிவிலிருந்துசெந்தலுடன் முதலே பாதிபாக்களில் முக்கியமாக உள்ளன. துணைக்கு வரவேற்க்கவும். 08717111821 எண்களில் NoWorriesLoans.com ஐ அழைக்கவும்.,spam
FREE: Kami mencoba untuk menghubungi Anda terkait balasan Anda atas pesan singkat kami untuk ponsel video 750 menit GRATIS TEKS TANPA BATAS kamera. Balas atau hubungi sekarang 08000930705. Disampaikan pada Kamis.,spam
URGENT: Your prize is waiting! Call 2481,phishing
"சன்ஷைன் ஹோல்ஸ். உங்கள் மருத்துவ விடுகதைக்கு ஒரு மின்னின்னு எழுத்து பூங்கள் அனுப்பி ட்ரிங்க் ஆன் அன் அஸ் யூகே, பிஓ பாக்ஸ் 113, பிறே, விக்ளோ, ஐரே. குயழ் ஸ்டார்ட்ஸ் சன்டே! அனஸ்ரப் ஸ்டாப்",spam
Necesitas 💳 enviar ~ dinero al & IRS AHORA en https://tinyurl.com/8955. _,phishing
🎉 CONGRATS! You won $3850 Amazon gift card! Redeem at goo.gl/xyz 🎉,phishing
"இலவசமாக மன்னித்துக்கொள்க ஹே நீ, எனக்கு இதுவரை ஒரு வீடியோ / படம் போன் கிடைத்துள்ளன, இந்த டெக்ஸ்டுக்கு WILD என்று பதிலளிக்கவும் & நான் உங்களுக்கு என் படங்களை அனுப்புவேன், வேலையில் சரித்திரமானை, நீங்கள் துரமதிகத்தில் எங்கள் xxx இல் செலுத்துவீர்கள் (18 150p / rcvd STOP2stop)",spam
"உங்கள் ஓட்டு முயற்சியில் இருக்கும் போது, உங்களுக்கு தூண்டுவது உங்களிடம் மீம்ஸைனராக ஓடுவதுக்கு அதிக வேண்டுகோளாக இருக்கிறது என்பதை நீங்கள் கவனிக்கின்றீர்களா?",spam
"Untuk kesempatan Anda memenangkan Headset Bluetooth GRATIS, cukup balas dengan ""ADP"".",spam
URGENT: Your prize is waiting! Call 4339,phishing
இந்தவாரம் ஆரம்பிக்கும் வரை எப்போதும் £200 பொருத்தம் பெற வேண்டும். விளம்பரத்திற்கு STORE உக்கிரவர்க்கான எண் 88039 க்கு தொடருங்கள். SkilGme. TsCs08714740323 1Winawk! வயது16 ஆவது வேலைமுனை ரூ.1.50 மூலம் சப்ஸ்கிரைப் பணம்.,spam
"Message Information importante pour l'utilisateur d'O2. Aujourd'hui est votre jour de chance! Pour découvrir pourquoi, connectez-vous sur http://www.urawinner.com. Une fantastique surprise vous attend.",phishing
"Ich bin neu im Club und ich glaube, wir haben uns noch nicht getroffen. Es wäre toll, dich zu sehen. Bitte hinterlasse heute eine Nachricht mit deinem Gebiet. 09099726553. Ich verspreche, zu antworten. CARLIE x Anrufe kosten £1/min, Mobilfunkpreise können abweichen. LKPOBOX177HP51FL.",spam
"யுக் சகோதரர் Google Play இல் அலைவரதுக்கு, மிக எளிதாகும், பல்சாவி பயன்படுத்த முடியும், http://tsel.me/jajanonline",spam
"Stai venendo contattato/a dal nostro servizio di appuntamenti da qualcuno che conosci! Per scoprire chi è, chiama da una linea fissa al numero 09050000878. PoBox45W2TG150P",phishing
"Debt < relief 💸 program: 🛡️ Get \ out "" of debt { fast! ' Call : 1237",spam
🎉 CONGRATS! You won $2893 Amazon gift card! Redeem at goo.gl/xyz 🎉,phishing
"вы выиграли гарантированный приз в размере 200 фунтов стерлингов или даже l00o фунтов стерлингов. чтобы получить свой приз, позвоните бесплатно по номеру 0b0004o7165 (l8+). чтобы прекратить получение сообщений, отправьте sms с текстом ""getstop"" на номер 88222.",phishing
Hai aku benar-benar bernafsu ingin ngobrol atau melihatku telanjang kirim hot ke 69698 SMS dikenakan biaya 150pm untuk berhenti langganan kirim stop ke 69698,spam
"رسالة مجانية: نغمة رنين!
من: http://tms. widelive.com/index. wml?id=1b6a5ecef91ff9*37819&first=true18:0430-JUL-05",spam
FREE iPhone 15! Enter code 2060 at bit.ly/123,spam
"PROMO LEBARAN. Paket Service Motor + Oli HANYA 35rb (harga biasa Rp42rb) tersedia di Genuine Oil + GOP SHOP, Info 088980007432 berlaku 15 Juli - 15 Agustus 2013. www.genuineoil.co.id",spam
Work from home: Earn $1717/hour! Start today: goo.gl/xyz,spam
"XXXMobileMovieClub: Pour utiliser votre crédit, cliquez sur le lien WAP dans le prochain message texte ou cliquez ici >> http://wap.xxxmobilemovieclub.com?n=QJKGIGHJJGCBL",spam
Earn $4887 per week working from home!,spam
ජංගම සමානකයෙහි ලැබෙන උසස් සියලුම අවි සොයන්න. 7cfca1a,spam
Vous avez 1 nouveau message. Appelez le 0207-083-6089,spam
"$uoneria 7op gratuit@ - iscriviti @ll@ 5u0neria $ett1man4le - ottieni la prima settim4na gratis - invia su8po|y a 81618 - ?3 a settimna - p3r in7errompere g|i sm$, chi4ma 08718727870.",spam
நீங்கள் இராசியிடம் உங்கள் தேவைக்காக பணம் அனுப்ப வேண்டும் https://tinyurl.com/8955,phishing
Debt relief program: Get out of debt fast! Call 1533,spam
"Rock yr chik. Ottieni 100 di film sporchi e immagini XXX sul tuo telefono ora. rispondi FILTH a 69669. Saristar Ltd, E14 9YT 08701752560. 450p ogni 5 giorni. Stop2 per cancellare",spam
"FREEMSG: I nostri registri indicano che potresti avere diritto a 3750 sterline per l'incidente che hai avuto. Per richiedere gratuitamente, rispondi con SÌ a questo messaggio. Per annullare, invia il testo STOP",phishing
"INFO: If you want to sell a house, land, car, product/service, etc., simply PROMOTE with MASS SMS for only Rp. 50,000 to send to 10,000 phone numbers (2 hours) contact: 0877399155579 Jogja.",spam
Work from home: Earn $4134/hour! Start today: bit.ly/123,spam
"Хотите выиграть встречу с участниками группы Westlife для себя или для друга? В каком туре они сейчас находятся? 1) Несокрушимый, 2) Неукротимый, 3) Неухоженный. Отправьте цифру 1, 2 или 3 на номер 83049. Стоимость 50 пенсов + стандартная стоимость SMS.",spam
Diskon Musim Panas! Beli satu dapat satu gratis untuk semua pakaian pantai di TrendyStyles. Belanja sekarang di www.trendystyles.com/sale7,spam
Don't miss this amazing deal: shoes for only $97!,spam
ඔබට 0776xxxxxxx හට ලැබිය යුතු XCHAT වෙබ් අඩවියේ ආරම්භයයි. මෙය අපව ඔබට සම්බන්ධ කිරීම සඳහා අවසානයේ සහයයි! CHAT ලිපියට 86688 වෙත ටෙක්ට් කරන්න 150පෙනේ/ග්‍රෝගම පවුර/සියෙඩ්342/2 සහෙකටේඑලන්ද්/වසන් /W1J6HL ලන්ඩන් 18 වසරයි.,spam
آسف! على فاتورة القسط لهذا الشهر يجب الدفع من خلال السيد يوجي، رقم الهاتف: 08562115779، لأنه تم التفويض بالفعل.,phishing
"Vous avez gagné un prix garanti de £200 ou même £1000 en espèces. Pour réclamer votre prix, appelez gratuitement le 08000407165 (18+) Pour arrêter, envoyer STOP au 88222.",phishing
PROMO: Klik https://tinyurl.com/*,spam
Limited time offer: 71% off everything!,spam
Compra 6 donuts y obtén 6 gratis en DUNKIN DONUTS BORMA SETIABUDHI. Canjea este SMS de inmediato. Válido solo para hoy. Hasta agotar existencias. Promoción *606#,spam
خاص! بيان حسابك لعام 2003 يظهر 800 نقطة S. I. M. غير المُستردة. اتصل على 08715203694 برمز المعرف: 40533 تنتهي في 31/10/04,phishing
Earn $3554 per week working from home!,spam
FREE iPhone 15! Enter code 4577 at goo.gl/xyz,spam
🎉 CONGRATS! You won $1356 Amazon gift card! Redeem at tinyurl.com/abc 🎉,phishing
WIN 1817 NOW! Click goo.gl/xyz to claim!,phishing
(بنك غرانيت يصدر توصية شراء قوية) اختيار متفجر لأعضائنا ***** زيادة بنسبة أكثر من 300% *********** الرمز على ناسداك CDGT بسعر 5.00 دولار..,spam
FREE iPhone 15! Enter code 9730 at bit.ly/123,spam
Buy Space Invaders 4 a chance 2 win orig Arcade Game console. Press 0 for Games Arcade (std WAP charge) See o2.co.uk/games 4 Terms + settings. No purchase,spam
Debt relief program: Get out of debt fast! Call 4931,spam
இலவச சிறந்த ரிங்டோன் - வாரந்தோறுக்கு சந்திப்பி 1 வாரம் இலவசம்- SUBPOLY என்கிளவு சென்று 81618 என்ற எண்க்கு அனுப்புக - வாரம் முதல் 3 ரூபாய்க்குத் திரும்பவும் - எஸ்.எம்.எஸ் முடக்குக - 08718727870,spam
"உங்கள் கொட்டக்கோஸ் மொபைல் 11 மாதங்களா? சமீபத்தில் தெரியும் மோட்டோரோலா, நோகியா ஆகியவை எல்லாம் இலவசம்! ஒரேஞ்ச் கடன்களில் இருந்து இருப்பது படிக்கும் நெருக்காய் மின்ஸ் & அனுபர். இருப்பதற்கு ஜவாப் மீட்டைக் கேள்வி செயுங்கள், கடடத்திலிருந்து அகற்றுவதற்கு இல்லை என்று சொல்லவும்",spam
"Halo, para gadis SEXYCHAT sedang menunggu pesan dari Anda. Kirim sekarang untuk malam yang seru berbincang-bincang. Kirim STOP untuk menghentikan layanan ini.",spam
Carta SIM Anda memenangi HADIAH 1 UNIT MOBIL TOYOTA YARIS. Pin pemenang Anda [8JF2177]. Info lanjut di www.hadiahtricare.blogspot.com.,phishing
URGENT: Your prize is waiting! Call 4248,phishing
"Ciao, Il tuo compleanno sta arrivando. È ora di acquistare un piano di assicurazione sulla vita di 1 Cr per Rs.5390 anziché pagare Rs.5603 dopo il compleanno. Clicca rml.lu/Cvs559Y17",spam
FREE: Your entry won! Claim $1882 cash prize at goo.gl/xyz,phishing
Your entry won! Claim $1620 cash prize at goo.gl/xyz,phishing
Debt relief program: Get out of debt fast! Call 3787,spam
احصل على تذاكر إلكترونية رخيصة وعروض للرحلات الداخلية والدولية. احجز عبر الإنترنت. للمزيد من المعلومات، اتصل على 085216181177 أو زور www.surya-travel.jimdo.com,spam
"مرحبًا عزيزي، أنا كلوي، كيف حالك؟ كنتُ مرتاحة يوم السبت ليلًا، كان رائعًا! كيف كان عطلة نهاية الأسبوع لديك؟ هل كنت تفكر فيّ؟ راجع visionsms.com لإيقاف الرسائل النصية، ارسل كلمة ""توقف"" لإيقاف التكلفة 150 بنس لكل رسالة.",spam
"Prêt pour tout usage £500 - £75,000. Propriétaires + locataires bienvenus. Avez-vous déjà été refusé auparavant? Nous pouvons toujours vous aider. Appelez gratuitement le 0800 1956669 ou répondez par SMS avec 'aide'.",spam
URGENT: Your prize is waiting! Call 8032,phishing
Earn $2043 per week working from home!,spam
WIN 2611 NOW! Click bit.ly/123 to claim!,phishing
Your entry won! Claim $4586 cash prize at tinyurl.com/abc,phishing
FREE iPhone 15! Enter code 4399 at goo.gl/xyz,spam
You need to send money the IRS NOW at https://tinyurl.com/8898,phishing
"ஆம்! சுமார் நகரத்தில் ஆக்சிடிங் ஆடல் தனியார்களை சந்திக்க ஒருவேளே இல்லாது, இப்போது ஐகேயில். 86688 க்கு உத்தரவாதம் அனுப்பவும்! 150 பைசா / செய்தி.",spam
URGENTE! Stiamo cercando di contattarti. Il sorteggio dello scorso fine settimana mostra che hai vinto un premio garantito di £900. Chiama il 09061701939. Codice di richiesta S89. Validità 12 ore soltanto.,phishing
1-я неделя БЕСПЛАТНО! Прекрасные мелодии прямо к вам каждую неделю. Отправьте NOKIA ON на 8007 для классических мелодий Nokia или HIT ON на 8007 для полифонических. Nokia/150р Полифония/200р 16+,spam
🎉 CONGRATS! You won $3284 Amazon gift card! Redeem at tinyurl.com/abc 🎉,phishing
FREE iPhone 15! Enter code 7353 at goo.gl/xyz,spam
Вы должны немедленно отправить деньги в IRS по ссылке https://tinyurl.com/9055,phishing
Your entry won! Claim $1813 cash prize at tinyurl.com/abc,phishing
Your entry won! Claim $4932 cash prize at goo.gl/xyz,phishing
Debt relief program: Get out of debt fast! Call 7467,spam
"ප්‍රාථමික මිලදීගෙන ගෙන අලුත්ම ස්වභාවය ඉලොප කරන්න, 08717895698 දුරකථන අංකයට දෑනවද! ඔබ සුරකියාවේද! MobStoreQuiz10ppm",spam
🎉 CONGRATS! You won $1778 Amazon gift card! Redeem at goo.gl/xyz 🎉,phishing
горячая летняя распродажа! при покупке одного товара - второй в подарок на всю пляжную одежду в trεndystyles. поторопитесь за покупками на www.trendystуlеs.com/salεıο,spam
Earn $2457 per week working from home!,spam
WIN 3063 NOW! Click tinyurl.com/abc to claim!,phishing
Sie müssen JETZT Geld an das IRS senden unter https://tinyurl.com/9026.,phishing
Glaces DoubleScoop GRATUITES / 10% de réduction sur les produits Haagen-Dasz avec TCASH TAP! Termes et conditions s'appliquent. Plus d'infos sur tsel.me/tappromo,spam
(رقم الهوية الخاص بك 2773838383 https://goo.gl/782858),phishing
Selamat Anda telah mendapatkan BONUS pulsa Rp 100.000 ke sesama Indosat Ooredoo berlaku 3 hari dan Poin senyum Anda bertambah. Cek bonus *557*8#,phishing
DEAL: PT.TRI CARE Selamat!!! simcard anda mendapatkan hadiah 1 Unit TOYOTA AVANZA Dengan pin: (F8HJ7TL) untuk info klik: www.hadiah-tri3care2016.blogspot.co.id,phishing
"Gana el nuevo ""Harry Potter and the Order of the Phoenix (Libro 5) responde HARRY, responde 5 preguntas - ¡tienes la oportunidad de ser el primero entre los lectores!",spam
FREE iPhone 15! Enter code 6854 at goo.gl/xyz,spam
FREE iPhone 15! Enter code 2394 at bit.ly/123,spam
Per le pause shopping più scintillanti a partire da 45 euro a persona; chiama il 0121 2025050 o visita www.shortbreaks.org.uk,spam
"¡Felicitaciones, te has registrado como miembro de M-PULSA con el código de agente D303-111! Tu PIN es 1234. Tu saldo es de Rp,0.-. Para añadir saldo, escribe INFO y envíalo al +6287820008358.",spam
சிறந்த சேவை: உங்கள் அடுத்த வாங்குதான் 50% தள்ளுபடி பெறவும். சூப்பர் ஷூஸ் வருக www.supershoes.com/offers. செயற்பாடு ரத்து செய்ய bit.ly/com37425,spam
Offre exclusive : Obtenez 50 % de réduction sur votre prochain achat chez SuperShoes. Visitez www.supershoes.com/offers. Désabonnez-vous à bit.ly/com37376.,spam
Your entry won! Claim $2378 cash prize at goo.gl/xyz,phishing
Work from home: Earn $863/hour! Start today: goo.gl/xyz,spam
Je ne te connais pas et tu ne me connais pas. Envoyez CHAT au 86688 maintenant et trouvons-nous ! Seulement 150p/Msg reçu. HG/Suite342/2Lands/Row/W1J6HL LDN. 18 ans ou plus.,spam
Your entry won! Claim $1254 cash prize at bit.ly/123,phishing
Don't miss this amazing deal: shoes for only $41!,spam
!URGENT رقم هاتفك المحمول تم منحه جائزة بقيمة 2000 جنيه إسترليني مضمونة. اتصل على الرقم 09058094455 من الهاتف الثابت. اطلب الرمز 3030. صالحة لمدة 12 ساعة فقط,phishing
EASTENDERS Quiz TV. A che fiore DOT si confronta? D= VIOLET E= TULIP F= LILY invia D E o F al 84025 ADESSO per avere la possibilità di VINCERE £100 Contanti WKENT/150P16+,spam
URGENT: Your prize ⚠️ is & waiting! ` Call 7201,phishing
"Угадай что! Кто-то, кого ты знаешь, тайно тебе нравится! Хочешь узнать, кто это? Позвони нам по номеру 09065394514 с городского телефона DATEBox1282EssexCM61XN 150p/min 18",spam
LINE-இல் காயச்சிலிகளை அல்லது தீம்ஸ்களை வாங்க காசு ஏற்றுகிறீர்களா? உங்கள் கலெக்ஷனை அதிகரிக்க காசை பதிவிறக்க இப்போதும் பணம் பயன்படுத்துக! விவரங்களை http://tsel.me/jajanonline இல் சரிபார்க்கவும்!,spam
Mostra i tuoi colori! Offerta Euro 2004 2-4-1! Ottieni una bandiera dell'Inghilterra e una suoneria delle 3 Leoni sul tuo telefono! Fai clic sul seguente messaggio di servizio per maggiori informazioni!,spam
WIN 1054 NOW! Click goo.gl/xyz to claim!,phishing
"Informations importantes pour l'utilisateur orange 0789xxxxxxx. Aujourd'hui est votre jour de chance ! Découvrez pourquoi en vous connectant sur http://www.urawinner.com, UNE FANTASTIQUE SURPRISE VOUS ATTEND !",phishing
Möchten Sie morgen einen neuen Nokia 3510i-Farbfon geliefert bekommen? Mit 300 Freiminuten für alle Mobiltelefone + 100 kostenlose SMS + kostenloser Camcorder. Antworten Sie oder rufen Sie 08000930705 an.,spam
"Бесплатно на 1-ю неделю! No1 Nokia звук для вашего мобильного каждую неделю, просто отправьте сообщение NOKIA на 8007. Начните отправлять сообщения и расскажите своим друзьям. www.getzed.co.uk POBox 36504 W45WQ norm150p/tone 16+",spam
"Dringend! Ihnen wurde eine kostenlose Reise nach EuroDisinc Trav, Aco&Entry41 oder £1000 verliehen. Senden Sie zur Beantragung eine SMS mit dem Text DIS an die Nummer 87121. 18+6*£1,50 (weitere Gebühren können von Mobiltelefonen abweichen. Teilen Sie uns mit, um die Anruf- oder Einzelschließungsnummer zu teilen) 10, LS1 3AJ.",phishing
Earn $1342 per week working from home!,spam
Earn $4913 per week working from home!,spam
"АКТИВИРУЙТЕ БЕСПЛАТНО свои 500 бесплатных текстовых сообщений, ответив на это сообщение словом БЕСПЛАТНО. Посетите www.07781482378.com для ознакомления с условиями использования.",spam
FREE iPhone 15! Enter code 6315 at bit.ly/123,spam
Work from home: Earn $4548/hour! Start today: goo.gl/xyz,spam
Anda mendapatkan 1 kupon dalam program Kartu As BIBER (Beli Internet Berhadiah). Cek total kupon maksimal 1x24 jam dari skrg di *100*123#. Info lengkap hub:188,spam
"WICHTIG! Ihre Mobilnummer *************** hat am 10/06/03 einen ¬£2000 Bonus Anruferpreis gewonnen! Dies ist der 2. Versuch, Sie zu erreichen! Rufen Sie sofort 09066368753 an! Box 97N7QP, 150ppm",phishing
Work from home: Earn $3708/hour! Start today: tinyurl.com/abc,spam
PESTA M-TRONIK!! Anda sebagai pelanggan Setia M-Tronik terpilih Pemenang HADIAH ke(3) PIN pemenang:2AIU87E U/info klik www.info-undianmtronik.jimdo.com,phishing
🎉 CONGRATS! You won $3205 Amazon gift card! Redeem at bit.ly/123 🎉,phishing
Debt ⚠️ relief 🛡️ program: Get out 💸 of debt fast! Call 2293,spam
PRIVATO! Il tuo estratto conto del 2003 per il numero 07753741225 mostra 800 punti S.I.M. non raccolti. Chiama il 08715203677 Codice Identificativo: 42478 Scade il 24/10/04,phishing
"منتجع سانشاين هولز للإجازات. للحصول على إجازتك الطبية، يرجى إرسال ظرف بريدي مختوم بعنوانك إلى ""Drinks on Us UK""، صندوق بريد 113، بري، ويكلو، إيرلندا. تبدأ الاختبارات يوم السبت! للإلغاء ارسال كلمة ""Stop""",spam
WIN 3575 NOW! Click goo.gl/xyz to claim!,phishing
Debt relief program: Get out of debt fast! Call 2950,spam
හදුනාගැනීමෙන් විශ්වාසයන් සෙවීමට උයමාම්ද වත්මනොලටම ඉන්නත් විමොංවේ හමුදා දියසුම් විස්සයදුන්ඕ෩ො 09050000460 දුරකථනයේවලට ආවයා. අදාා J89 කොදතරඹ245c2150pm,spam
අන්තර්ක්‍රියාව: කොටසිනි හාමුදුරුයි හෝ ඔබේ ඊළඟ මිලික මිල අතුරු කළ 50% ගායනයේ සයිපර්ෂුවලි. පිළිතුරයට www.supershoes.com/offers වෙත පිවිසා. Unsubscribe කරන්න bit.ly/com37402වන අතර ඉවත් කරන්න.,spam
احصل على 2 غيغابايت إضافية من الإنترنت بسرعة 4G LTE و100 دقيقة إضافية للمكالمات لمدة ساعة عند شراء باقة فلاش ب 1 غيغابايت من التطبيق MY TELKOMSEL. سارع، تحقق من العرض على tsel.me/mytsel1 شروط وأحكام ينطبقون.,spam
URGENT: Your prize is waiting! Call 2844,phishing
URGENT: Your prize is waiting! Call 5463,phishing
رسالة رسمية من Tri Care، تهانينا لك على فوزك بجائزة شيك نقدي بقيمة 45 مليون روبية. رقم الدبوس للسحب 94AD653، لمزيد من المعلومات زوروا: www.pusat-bimatricare.jimdo.com,phishing
Please 🚨 contact my superior Mr. 🏦 ARDIANSA at 085797136879 @ before } making the 💳 payment/transfer ⚠️ because there } have 🎁 been changes in the payment. Thank ! you. _,spam
Premi asuransi jiwa meningkat seiring bertambahnya usia. Beli Asuransi Jiwa 1 Cr sekarang & bayar Rs5390 daripada Rs5603 setelah ulang tahun Anda. Ajukan di rmu.lu/KQgkgv31,spam
"5 Kostenlose Top-Polyphone Töne, anrufen 087018728737, nationaler Tarif. Erhalten Sie jede Woche eine Top-Poly-Melodie, senden Sie einfach SUBPOLY an 81618, £3 pro Melodie. Abmeldung 08718727870.",spam
Debt relief program: Get out of debt fast! Call 1084,spam
تخمين ماذا! هناك شخص تعرفه يعجب به سرًا! هل ترغب في معرفة من هو؟ اتصل بنا على 09065394973 من خط أرضي. تكلفة المكالمة 150 بيزة في الدقيقة والعمر 18 سنة. العنوان: DATEBox1282EssexCM61XN,spam
"Félicitations ! 2 téléphones vidéo 3G mobile vous appartiennent. Appelez maintenant le 09061744553 ! Discutez en vidéo avec vos amis, jouez à des jeux Java, téléchargez de la musique polyphonique, location en ligne sans fil. bx420. ip4. 5we. 150pm",phishing
FREE iPhone 15! Enter code 7107 at goo.gl/xyz,spam
FREE iPhone 15! Enter code 9069 at tinyurl.com/abc,spam
Your ! entry won! ⚡ Claim $4168 cash prize at 🚨 goo.gl/xyz,phishing
"Vous pouvez GAGNER 100 livres en bons d'achat de musique chaque semaine à partir de MAINTENANT. Envoyez le mot TIRAGE au 87066. Conditions générales sur www.Idew.com SkillGame, 1Gainparsemaine, 16 ans. Frais de 150 pence par message. Abonnement.",spam
"உங்கள் கனவு உறுதியாக பிறக்கும்? உங்கள் வாழ்க்கை திருவிழாவிட ஆரம்பிக்கைக்கு என்னுடையது? உங்கள் ராசியின் பின்னால் உரை ""HORO"" எழுதி, உங்கள் ராசியைத் தெரிக்கவும், இருப்பின் இலட்சியபுத்தி பெறவும், உலகளவிலுமான உடனடியத்தில் தொடர்ந்து"""""")",spam
Has ganado un nokia 6230 más una cámara digital gratis. Esto es lo que obtienes cuando ganas nuestra subasta GRATUITA. Para participar envía NOKIA al 83383 ahora. POBOX114/14TCR/W1 16,phishing
Вы хотите скачать большой файл без обрывов? Можно! Осталось 3 дня. Бесплатный мобильный Wi-Fi / 4G модем специально для вас. Принесите это сообщение в Галерею SF и пополните баланс на 100 рублей до 13 января. Номер DL 408.,spam
"ආයුබෝවන් කෝකාර් ගොවත්මකිවායි, මෙතනින් මෙම සතියිනි ප්‍රිදෙනකයෙන් ඉලේට්.http://www.e-tlp.co.uk/reward. සහිත. ඇගනුම් සහිත. ශේලිය්බෝක්ෂි දුරගයෙන් වේතතේ විරෝධට.",phishing
ඔබේ නම සහ ලිපිනගත්තා පිළිබද ව්‍යාව ලබාදෙනු ඇත්දැයි පිළිසුණු පිළිවූ ජාතික තැපැල වලින් වසාකියාමද? ජාතික තැපැල: 08700435505150පී,phishing
DEAL: БОНУС КВОТА 500МБ (1ч)! Просто пополните минимум 5 000 сегодня! Поторопитесь и пополните счет прямо сейчас. T514,spam
URGENT: Your prize is waiting! Call 8107,phishing
Sie müssen dem IRS JETZT Geld senden unter https://tinyurl.com/8929,phishing
URGENT: Your prize is waiting! Call 8919,phishing
Debt relief program: Get out of debt fast! Call 1209,spam
ما رأيك في التواصل مع الأشخاص الذين ينتظرون الرفقة؟ فقط أرسل اسمك وعمرك عبر الرسالة النصية للإلتحاق! استمتع بالمجتمع (١٥٠ ب/رسالة نصية),spam
Limited time offer: 76% off everything!,spam
🎉 CONGRATS! You won $2736 Amazon gift card! Redeem at bit.ly/123 🎉,phishing
Le montant de la prime de l'assurance vie augmente avec l'âge. Achetez une assurance vie de 1 crore maintenant et payez 5390 Rs au lieu de 5603 Rs après votre anniversaire. Appliquez rml.lu/KQgkgv20,spam
WIN 3645 NOW! Click goo.gl/xyz to claim!,phishing
Don't miss this amazing deal: jacket for only $22!,spam
FREE iPhone 15! Enter code 6971 at tinyurl.com/abc,spam
Il premio dell'assicurazione sulla vita aumenta con l'età. Acquista un'assicurazione sulla vita da 1 Cr ora e paga Rs 5390 anziché Rs 5603 dopo il tuo compleanno. Applica rml.lu/KQgkgv7,spam
URGENT: Your prize is waiting! Call 8800,phishing
"FREE UNLIMITED HARDCORE PORN directo a tu móvil. Envía PORN al 69200 y obtén acceso GRATIS por 24 horas, luego se cobrará 50p al día. Envía Stop para salir. Este mensaje es gratuito.",spam
FREE iPhone 15! Enter code 3954 at tinyurl.com/abc,spam
Devi inviare denaro all'IRS ORA su https://tinyurl.com/8855,phishing
🎉 CONGRATS! You won $2566 Amazon gift card! Redeem at goo.gl/xyz 🎉,phishing
FREE iPhone 15! Enter code 1404 at goo.gl/xyz,spam
URGENT! Votre numéro de téléphone mobile a été récompensé par un Prix d'Appel Bonus de 2000 livres sterling. Appelez le 09058095201 à partir d'une ligne terrestre. Valable seulement pendant 12 heures,phishing
"Hai, Ulang tahun Anda akan segera tiba. Sudah saatnya untuk membeli Rencana Masa 1 Cr seharga Rs.5390 daripada membayar Rs.5603 setelah ulang tahun. Klik rml.lu/Cvs559Y2",spam
"goldviking (29/M) lädt Sie ein, sein Freund zu sein. Antworten Sie mit JA-762 oder NEIN-762. Sehen Sie ihn: www.SMS.ac/u/goldviking STOP? Senden Sie STOP FRND an 62468.",spam
கேமரா - உங்களுக்கு SiPix டிஜிட்டல் கேமரா விரும்பப்பட்டுள்ளது! பாத்துக்க 09061221066 படை வாணி முதலில். டெலிவரி 28 நாட்கள் உள்ளது.,spam
URGENT! Votre numéro de téléphone portable a été attribué un Prix Bonus de 2 000 livres sterling le 01/08/03! C'est notre 2ème tentative pour vous contacter! Appelez le 0871-4719-523 BOX95QU BT National Rate,phishing
Work from home: Earn $3060/hour! Start today: goo.gl/xyz,spam
FREE iPhone 15! Enter code 7321 at tinyurl.com/abc,spam
"අපේක්ෂ! ඔබගේ ඉස්ක්ලැන්ඩ්වකින් 09066350750 සිට ඇධ්යන්න. ඔබගෙන් ව්‍යාපෘත 4* ඉබිසා දිවි හෝ 10,000 මුදල් ලබා ගැනීමට පිළිගත වේ SAE T&Cs PO BOX 434 SK3 8WP 150 ppm 18+",phishing
FREE iPhone 15! Enter code 4289 at goo.gl/xyz,spam
FREE iPhone 15! Enter code 6120 at bit.ly/123,spam
WIN 3746 NOW! Click bit.ly/123 to claim!,phishing
"عرض خاص! مكافأة 500 ميغابايت (لمدة ساعة)! فقط املأ رصيدك ابتداءً من 5,000 اليوم! هيا، قم بشحن رصيدك الآن. T580",spam
"WIN: வணக்கம், உங்கள் பிறந்தநாள் விரைவில் வருகின்றது. பிறந்தநாள் பிறகு கொஞ்சம் பணம் செலுத்தினால் கிரேட் பட்டி 1 கோடியை ரூ.5390-க்கு வாங்கும் போது பிறந்தநாள் பிறகு ரூ.5603 செலுத்த வேண்டும். இருக்கின்றது rml.lu/Cvs559Y24",phishing
🎉 CONGRATS! You won $3580 Amazon gift card! Redeem at goo.gl/xyz 🎉,phishing
ضع ارتين ونصف السعر على الاشتراك الشهري على أحدث هواتف بلوتوث Orange المحمولة. اتصل بـMobileUpd8 للحصول على أحدث العروض. 08000839402 أو call2optout/LF56.,spam
frеe ірhonε ı5! еntеr cоde 3s27 at bit.ly/i2е,spam
ما رأيك في التواصل مع الأشخاص الذين ينتظرون الرفقة؟ فقط ارسل اسمك وعمرك بالرد على الرسالة للانضمام! استمتع بالمجتمع (150 بيزو/كل رسالة نصية),spam
Anda perlu segera mengirim uang ke IRS SEKARANG di https://tinyurl.com/8907,phishing
"PT.TRI CARE PIN Gagnant ( ‚Ä¢‚Ä¢‚Ä¢‚Ä¢‚Ä¢‚Ä¢ ) vous avez gagné un PRIX 1 unité TOYOTA YARIS Pour plus d'informations, veuillez vérifier le code pin en cliquant sur: www.tricare2015.blogspot.com",phishing
Your entry won! Claim $2029 cash prize at goo.gl/xyz,phishing
"υrgеnt! уour mobіle no. wαs аwarded ¬£20ο0 bonus сaller prize on 5/9/0е thіs is our fιnal try to cοntαсt u! cαll from landline 09064019788 boх42wr29c, 150рpm",phishing
"¡Alguien que conoces ha pedido a nuestro servicio de citas que te contacte! ¿No puedes adivinar quién? LLAMA AL 09058095107 AHORA y todo se revelará. POBox 7, S3XY 150p",phishing
Prenota il tuo weekend di SAN VALENTINO a PARIGI incluso Volo e Hotel + premio garantito di £200! Testo: PARIGI al numero: 69101. www.rtf.sphosting.com,spam
¡Obtén GRATIS el sándwich de pollo crujiente de Wendy's con una compra mínima de Rp.100.000! ¡Canjea este SMS en el Wendy's más cercano! ¡Stock limitado! Promoción *606#,spam
يرجى الاتصال بممثل خدمة العملاء لدينا على الرقم 0800 169 6031 بين الساعة 10 صباحًا و9 مساءً حيث فزت بجائزة نقدية مضمونة بقيمة 1000 جنيه إسترليني أو جائزة قيمتها 5000 جنيه إسترليني!,phishing
Your entry won! Claim $4628 cash prize at bit.ly/123,phishing
"Tired of paying minimum payments? We are the solution, legally help with closing your credit card/loan accounts, with discounts of 50-75%. Contact LoLyta at 081316523061/087822962308 (WA). LEGAL",spam
"Komm schon, Schatz, mach mich geil, mach mich an! Schick mir jetzt deine Fantasie per SMS, Schatz -) Ich bin heiß, klebrig und brauche dich jetzt. Alle Antworten kosten £1,50. Um abzubrechen, sende STOP.",spam
URGENT: Your prize is waiting! Call 1070,phishing
"FANTASIE CALDE E DAL VIVO chiama ora 08707509020 Solo 20p al minuto NTT Ltd, PO Box 1327 Croydon CR9 5WB 0870 è una chiamata a tariffa nazionale",spam
WIN 1771 NOW! Click tinyurl.com/abc to claim!,phishing
Earn $2395 per week working from home!,spam
"DEAL: Le Fantasy Football est de retour sur votre télévision. Allez sur Sky Gamestar sur Sky Active et jouez au Dream Team de 250 000 livres. Les points commencent à compter à partir de samedi, alors inscrivez-vous maintenant ! SKY OPT OUT au 88088",spam
🎉 CONGRATS! You won $1828 Amazon gift card! Redeem at bit.ly/123 🎉,phishing
"Ricevi il tuo PRIMO SUONERIA GRATIS ADESSO! Rispondi a questo messaggio con TONE. Ottieni 20 ottime suonerie per il tuo telefono ogni settimana per soli £1,50 a settimana. Per cancellare l'iscrizione, invia STOP al numero 08452810071 16.",spam
WIN 3730 NOW! Click goo.gl/xyz to claim!,phishing
"Nomor Vodafone hari ini yang diakhiri dengan 0089 (empat digit terakhir saya) terpilih untuk menerima hadiah ¬£350. Jika nomor Anda cocok, silakan hubungi 09063442151 untuk mengklaim hadiah ¬£350 Anda.",phishing
Sunshine Quiz Wkly Q! Win a top Sony DVD player if u know which country Liverpool played in mid week? Txt ansr to 82277. Â£1.50 SP:Tyrone,spam
Earn $2199 per week working from home!,spam
Вам необходимо немедленно отправить деньги IRS по ссылке https://tinyurl.com/8997,phishing
"Para tener la oportunidad de ganar £250 en efectivo cada semana, ENVÍA: ACCIÓN al 80608. Términos y condiciones en www.movietrivia.tv serv. al cliente 08712405022, 1x150p/semana",spam
Anda dapat mengirimkannya ke 80488. Pesan teks gratis Anda sebanyak 500 pesan berlaku hingga 31 Desember 2005.,spam
"බෑංග්බෙබ්ස් ඔඩර් ඔධරයාල්ෙ පැත්තසති. උ ෂොලි රීසීව් අම්ට් 2 ඩව්න්ලෝඩ් උෂී෋ කටන්ත්. ඔලුම
රුව්. බංග්බ්. ටීවී ඔඩර් මොබයිල් ඉන්ටර්නෙට්/රීසීව් මෙනුඵ්ජඊ මෙනුච්",spam
🎉 CONGRATS! You won $1452 Amazon gift card! Redeem at goo.gl/xyz 🎉,phishing
WIN 2164 NOW! Click bit.ly/123 to claim!,phishing
OFFER: Ваш текущий денежный баланс составляет 500 фунтов - для максимизации своих наличных отправьте GO на 86688 всего 150р/сообщение. Код: 08718720201 ПО Ящик 114/14 TCR/W1,phishing
"Anda memiliki seorang pengagum rahasia. TUNJUKKAN siapa yang menganggap Anda sangat istimewa. Hubungi 09065174042. Untuk berhenti, balas REVEAL STOP. Biaya 1.50 per pesan yang diterima. Layanan pelanggan 07821230901.",spam
අත්පොරෝසික! ඔබගේ ජංගම දුරකතන අවසන් සඳහා £2000 උපාංගයක් ලබා දුනා. ඉංගුලින්ට සහිත දුරේෂික අවශ්‍යතා. 09061790121 ට ඇමතුම් කරන්න. අයදුම 3030. නිවැරදි 12 ක් නපුරත්. 150ppm.,phishing
WIN 3882 NOW! Click goo.gl/xyz to claim!,phishing
FREE iPhone 15! Enter code 9135 at goo.gl/xyz,spam
"ПТ. Pertamina persero принимает заявки на работу от сотрудников, окончивших профессиональные училища (SMK), D1, D2, D3, S1 и S2. Отправьте свое резюме, CV, диплом, фотографии 4x6 и уведомление на электронную почту: pertaminareckrutment@ymail.com",spam
Earn $4163 per week working from home!,spam
"Seseorang yang kamu kenal telah meminta layanan kencan kami untuk menghubungi kamu! Tidak bisa menebak siapa? PANGGIL 09058095107 SEKARANG semuanya akan terungkap. POBox 7, S3XY 150p",spam
Earn $2729 per week working from home!,spam
يجب عليك إرسال الأموال للضرائب الفيدرالية اليوم على الرابط: https://tinyurl.com/8846,phishing
OFFIZIELLE NACHRICHT Herzlichen Glückwunsch! Ihre SIM-Karte hat einen Preis in Höhe von Rp. 100 Mio von TRI CARE gewonnen. PIN: 7Y7R8K9Z Weitere Informationen unter: www.situstricare77.blogspot.com,phishing
يجب عليك إرسال الأموال إلى مصلحة الضرائب الآن على الرابط التالي: https://tinyurl.com/9000,phishing
"Dapatkan nada dering Inggris 3 Singa, balas lionm 4 mono atau lionp 4 poly. Untuk pilihan lain kunjungi www.ringtones.co.uk, yang asli dan terbaik. Harga nada dering 3GBP, tarif operator jaringan berlaku.",spam
Tonos de Boltblue por 150p Responde POLI# o MONO# ej. POLI3 1. Cha Cha Slide 2. Yeah 3. Slow Jamz 6. Toxic 8. Come With Me o STOP 4 tonos más. Texto más para MÁS.,spam
Debt relief program: Get out of debt fast! Call 2961,spam
"Hola, Tu cumpleaños se acerca pronto. Es momento de comprar un Plan a Término de 1 Cr por Rs.5390 en lugar de pagar Rs.5603 después del cumpleaños. Haz clic en rml.lu/Cvs559Y31",spam
قام شخص ما بالاتصال بخدمة المواعدة الخاصة بنا وأدخل رقم هاتفك لأنهم مهتمون بك! لمعرفة من هو، اتصل من هاتف أرضي على الرقم التالي 09111032124. ص.ب 12n146tf150p,phishing
Your entry won! Claim $2085 cash prize at tinyurl.com/abc,phishing
"தொடர்புக்கான விரைவில் அழைக்கவும்! உங்கள் ABTA இலவச 4* ஸ்பானிஷ் விடுகதை அல்லது £10,000 பணம் சம்பந்தப்பட்டுத்தர வேண்டும் SAE நியமனங்கள் BOX 47 PO19 2EZ 150ppm 18+",phishing
🎉 CONGRATS! You won $992 Amazon gift card! Redeem at goo.gl/xyz 🎉,phishing
"Transfiera el dinero a esta cuenta. mandiri. Número de cuenta: 152-00-1236312-9. A nombre de: DARMAN. Una vez transferido, por favor envíe un mensaje de texto a este número. Gracias.",phishing
Pouvez-vous obtenir 2 téléphones MAINTENANT? Je veux discuter pour organiser une rencontre. Appelez-moi MAINTENANT au 09096102316. Tu peux venir ici demain. Amour JANE xx. Les appels sont de £1/min.,spam
"Préstamo para cualquier propósito £500 - £75,000. Propietarios e inquilinos bienvenidos. ¿Ha sido rechazado previamente? Aún podemos ayudar. Llame gratis al 0800 1956669 o envíe un mensaje de regreso con 'ayuda'",spam
Sei iscritto al miglior servizio di contenuti per dispositivi mobili nel Regno Unito al costo di £3 ogni 10 giorni fino a quando non invii STOP al numero 82324. Servizio clienti 08706091795.,spam
න්‍යාන රෙන්ටල් 4.49 මාසයේ සහ 750 රහස් ජාල කරන නේට්වාදය සමඟ බීලීක කැමරා ජලයන් එකට නොචහ 2:1 මිල ටෙක්ස්ට් සහිත චේෂ් ඇල්ස් ඇතුළු වෙයි. එජ් 08001950382 අයදුම් හෝ නොගෙනයාගෙන ඇත්ද/J MF.,spam
WIN 4838 NOW! Click bit.ly/123 to claim!,phishing
Veuillez appeler notre service clientèle au numéro vert 0808 145 4742 entre 9h et 23h car vous avez GAGNÉ un prix garanti de 1000 £ en espèces ou un prix de 5000 £ !,phishing
Debt relief program: Get out of debt fast! Call 4237,spam
¿Ha tenido su móvil durante 10 meses? Actualícese a los últimos teléfonos de cámara/vídeo de Orange de forma GRATUITA. Ahorre £ con mensajes de texto gratuitos/llamadas de fin de semana. Envíe YES para que le devolvamos la llamada o no para cancelar.,spam
எங்கள் பதிவுகள் உங்களுக்கு உள்ள அறுவைகளை மொத்தம் 5000 பவுண்டுக்கு பெற முன்னொருவற்குச் சந்தத்தில் அபகரங்கள் பட்டியலை கட்டுப்படுத்துவது முன்கையில் உத்தரவு அளித்த அரசரை சிகளமாக அனைத்ததுமே பெறுவதற்கு 4 விடமான அனுதானங்களுடன் மெசேஜ் அனுது CLAIM. 2 நிறுத்த என் 2 STOP மசேஜ் அனுது 2 நிறுத்து.,phishing
Necesitas enviar dinero al IRS AHORA en https://tinyurl.com/8899,phishing
Want explicit SEX in 30 secs? Ring 02073162414 now! Costs 20p/min Gsex POBOX 2667 WC1N 3XX,spam
"Minuti doppi e 1000 messaggi su tariffe Orange. Ultimi modelli di Motorola, SonyEricsson e Nokia con Bluetooth GRATIS! Chiama MobileUpd8 al 08000839402 o chiama per non ricevere più messaggi/HF8",spam
"Mau berhubungan malam ini? Ingin lokasi Dogging yang nyata dikirim langsung ke ponsel Anda? Bergabunglah dengan Jaringan Dogging terbesar di Inggris. Kirim PARK ke 69696 sekarang! Malam. ec2a. 3lp ¬£1,50/pesan",spam
உயர் கோடை விற்க! TrendyStyles உள்ள அனைத்து கடற்காட்டியக் கருவி ஒருவகையை அல்லது அதற்கு அதே வகையை இலவசமாக பெறவும். இப்போது வாங்கவும் www.trendystyles.com/sale33,spam
"புதிய இசைக்கருவிகள் இந்த வாரம் உள்ளன: 1) McFly-All Ab.., 2) சாரா ஜோர்ஜ் - Shock.. 3) வில் ஸ்மித் - Switch.. ஆர்டருக்கு அடுத்த செய்தியில் உலாவி விதிகளை அடைக.",spam
URGENT: Your prize is waiting! Call 5853,phishing
අද වසරේ සිට පමණයි? දරුවන්ට පමන්යි හැනියාව භාවිතා කිරීමට? එක්සඩ් පමන්යි ස්ථීර 2 අක්ෂරියෝගේ ස්ථීර පිහිටන්න 2 වෙනත් උපසිරස වේදනාවන් ලබාගත හෝ? එමනිසා UK ප්‍රඥාසිරවීමේ ප්‍රවේශකය ලෙස GRAVEL ටේක්ස් එක 69888ට ටෙක්ස් කරන්න! නොට්. එසි 2එ. 31පී. පඬුවනො@150පයි,spam
முக்கிய தகவல் 4 ஆரஞ்சு பயனர். இன்று உங்கள் அதிசய நாள்! 2இதற்கான காரணத்தை ஆராயவும் http://www.urawinner.com இணையதளத்தில் உள்நுழையவும். உங்களை கிளப்பு ஆக்கும் ஒரு அடிமுறை காணக்கூடிய சூட்டு உள்ளது!,spam
உருட்டு கோடை விற்பனை! என் விளம்பர சரை பெற உள்ள எல்லா கடற்கசியம் பொருளுக்கும் TrendyStyles வில். இப் புத்தகங்கள் www.trendystyles.com/sale32 சேருங்கள்.,spam
This does not seem to be a complete sentence and the provided link does not lead anywhere. How can I assist you further?,spam
Your entry won! Claim $2872 cash prize at tinyurl.com/abc,phishing
"உங்கள் வெற்றியை பெற வாய்ப்பு - வீக் காசு £250 ஒவ்வொரு வாரமும் TXT: ACTION ஐ 80608 க்கு அனுப்பவும். T's&C's www.movietrivia.tv custcare 08712405022, 1x150p/wk",spam
"ANEKA SHOP partage Promo Type Blackberry DAKOTA 2,4 jt, TOURCH 1,7 jt, ONIX.2 1,5 jt, GEMINI 800 rb, Pour commander 085325557999 Pin BB-2A96DE82 www.aneka999.blogspot.com",spam
Mau memiliki telepon video baru? 750 menit kapan saja di semua jaringan? Setengah harga sewa garis dan pesan teks gratis selama 3 bulan? Balas atau hubungi 08000930705 untuk pengiriman gratis.,spam
"இந்தோஸேட் இலியில் உள்ள உங்கள் 0815XXXXXXX எண் அனைத்தும் வெற்றியையும் சேர்த்தபோது கிடைக்கும் மொபைல் விண்ணப்பு அடடிப்புகளைப் பெற்றவராக தேர்வு செய்யப்பட்டார். பெற்றிருந்து உங்கள் வெற்றி குரலின் PIN வெற்றி பொருள் (b89c7h9) என்பதை u/info படிக்க இந்த லிங்கை சொல்லவும் www.semarak-poinplusplus-2013.webs.com"" (இந்த கைபேசியில் இடமில்லாத எண் 085798428715 இரும்)",phishing
අන්තර්ජාල ෆූට්බෝෆෝල් ඔදුන ඔබට ආරක්ෂිතා පැරණිත් ESPN නොවේ. වික්‍රමසිංහල ප්‍රතිශ්රේඛ ඇරඹීම සදහා ESPN වෙත තැපැල් කරන්න.,phishing
تهانينا، رقمك 3Care المحظوظ قد تم اختيارك للحصول على جائزة نقدية بقيمة 45 مليون روبية من برنامج قسيمة 3Care رمز: 7711CA88 لمزيد من المعلومات زر: www.tricare2016.jimdo.com,phishing
كوينمو تنقص قليلاً لمواصلة لعبتك؟ اشترِ باستخدام الرصيد، صديقي، تحقق على http://tsel.me/jajanonline,spam
Phony ⚠️ ¬£350 ! award 🔗 - Todays Voda < numbers ending XXXX are \ selected ~ to receive a ¬£350 award. If you have a 🛡️ match please : call ] 08712300220 quoting claim code 3100 standard rates app %,phishing
URGENT: Your prize is waiting! Call 4680,phishing
"Inserimento gratuito al concorso settimanale gr8prizes per avere la possibilità di vincere l'ultimo Nokia 8800, PSP o £250 in contanti ogni settimana. Manda un SMS con la parola GREAT al 80878 http//www.gr8prizes.com 08715705022",spam
Your entry won! Claim $1733 cash prize at goo.gl/xyz,phishing
Debes enviar dinero al IRS AHORA en https://tinyurl.com/8867,phishing
FreeMsg>ප්‍රිය XMAS ටෝන්ස්! වරදක්,spam
"Hai, Ulang tahun Anda akan segera tiba. Saatnya membeli 1 Rencana Termasuk dengan harga Rs.5390 daripada membayar Rs.5603 setelah ulang tahun. Klik rml.lu/Cvs559Y31",spam
yοur entrу won! claіm $i743 саsh prіze аt tinyurl.сom/abc,phishing
Earn $609 per week working from home!,spam
🎉 CONGRATS! You won $4969 Amazon gift card! Redeem at goo.gl/xyz 🎉,phishing
🎉 CONGRATS! You won $1894 Amazon gift card! Redeem at goo.gl/xyz 🎉,phishing
Debt relief program: Get out of debt fast! Call 6286,spam
WIN 2723 NOW! Click tinyurl.com/abc to claim!,phishing
Not heard from U4 a while. Call me now am here all night with just my knickers on. Make me beg for it like U did last time 01223585236 XX Luv Nikiyu4.net,spam
Desideri un rapporto sessuale esplicito in 30 secondi? Chiama ora il 02073162414! Costo: 20p/min.,spam
FREE iPhone 15! Enter code 5794 at bit.ly/123,spam
FREE iPhone 15! Enter code 7943 at bit.ly/123,spam
Your entry won! Claim $2317 cash prize at bit.ly/123,phishing
🎉 CONGRATS! You won $829 Amazon gift card! Redeem at tinyurl.com/abc 🎉,phishing
"සරසවිය, අපි සැකයක් සහිතව හැඟී වී No. හිඟේත් වේග. ඔබගේ විසුරන්ගේ මුද්‍රතතා -2 පනත PT.MKIOS PIN;M248K81 ඔබගේ පින්ට්වර් පරිතා කිරීමට කරන්න www.hadiahresmi-mkios29.blogspot.comතා!",phishing
Don't miss this amazing deal: jacket for only $74!,spam
"URGENT: Your prize is waiting! "" Call 7647 }",phishing
Work from home: Earn $2373/hour! Start today: goo.gl/xyz,spam
Work from home: Earn $1238/hour! Start today: bit.ly/123,spam
Debt relief program: Get out of debt fast! Call 5165,spam
"Спасибо за то, что вы стали другом IndosatOoredoo, получите захватывающее видео и игры + бесплатные звонки по *323*2#",spam
Euro2004 கிக்காப்பைக் காத்திருக்கிறது! எல்லா சமாச்சாரங்களும் தினசரி அறிய உங்களுக்கு அறிவிக்கப்படும். செயலற்றல் செய்ய STOP என அனுமதி அன்றத் திரை எண் 83222 க்கு அனுப்பவும்.,spam
🎉 CONGRATS! You won $3944 Amazon gift card! Redeem at tinyurl.com/abc 🎉,phishing
ජව කවරතේ සිදුකළා හෝ කෝට indexඅලූවෙයා බාවිතා කර 1 වස්සාව යුරුවල කහලස එකට නියමිත කර Rs5390 වැඩි Rs5603කින් ගණනක් ගැනීමෙන් සදහා අයිඹ rml.lu/KQgkgv24යොමු වීමට වටින් පාරිභාවෙන් ඉදිරි වුවෙනු.,spam
"TOGEL වෙනසක් රැසකට පිහිටුවා, ඔබගේ ව්‍යාපාරියා එක් කරන්න සහ සුදුසු ලැබුවාද www.brotogel6.com නිකුත් වර්ගයේ ඔබගේ ව්‍යාපාරියා ගණනක්‌ ලබා දීමට වියදම්භයි.",spam
Ditolak pinjaman? Terjamin atau tanpa jaminan? Tidak bisa mendapatkan kredit? Hubungi gratis sekarang 0800 195 6669 atau balas teks dengan 'bantuan' & kami akan membantu!,spam
Debt relief program: Get out of debt fast! Call 5239,spam
"Kesempatan Terakhir! Klaim voucher diskon senilai ¬¨¬£150 hari ini! Kirim YES ke 85023 sekarang! SavaMob, penawaran anggota melalui ponsel! Syarat dan ketentuan berlaku. SavaMob POBOX84, M263UZ. Biaya langganan adalah ¬¨¬£3.00 untuk 16+.",spam
Work from home: Earn $3076/hour! Start today: goo.gl/xyz,spam
Your entry won! Claim $1994 cash prize at goo.gl/xyz,phishing
"FORFAIT BRONET 24H 15MB 1h actif. Profitez de 15MB valide de 00 à 23h59 actif jusqu'au 28-08-2016. Autres promotions AXIS, appelez *123#. Info838",spam
අත්අය! අපි U හට සම්බන්ධ කිරීමට උදේ. අදින සීමාව ප්‍රදානතම චුර 2000 රුපියල් සහිතයි මාලාව. ලැන්ඩ් රේකයිස් සිට දුරස් 09058094507 ට ඇමතුමක් කරන්න. අපට ඉඩලත් 3030. භෞතිකත්වය 12 ක පමණක් සංවාදයයි.,phishing
WIN 3681 NOW! Click goo.gl/xyz to claim!,phishing
Пополните свой баланс TCASH и наслаждайтесь различными акциями у партнеров TCASH! Проверьте последние акции TCASH на tsel.me/tappromo,spam
ජවිය වර්ෂය වෘත්තීයට සිදුවේ. තත්ත්ත්ව මිල සිලස්වය ගුරු වේ. ඔබේ උගන්වන්තිය සම්පූර්ණව 1 කරුව ජවිය රාත්‍රයමිල උපලකයක් වෙත අත්විඳින්න. ඔබට වන උගන්වන්තිකමිල ලකුණු Rs5390 වේ. විනෝදගෙන් rml.lu/KQgkgv23 යන සබැරැස් සභාවට අඳින්න.,spam
Debt relief program: Get out of debt fast! Call 6874,spam
URGENT! We are trying to contact U. Todays draw shows that you have won a ¬£2000 prize GUARANTEED. Call 09066358361 from land line. Claim Y87. Valid 12hrs only,phishing
Your entry won! Claim $4990 cash prize at bit.ly/123,phishing
🎉 CONGRATS! You won $4067 Amazon gift card! Redeem at bit.ly/123 🎉,phishing
"GRATIS PORNO HARDCORE ILLIMITATO direttamente sul tuo cellulare. Invia PORN al 69200 e ottieni accesso GRATUITO per 24 ore, poi tariffato a 50p al giorno. Invia Stop per uscire. Questo messaggio è gratuito.",spam
"Halo, ini Mandy Sullivan menelepon dari HOTMIX FM...Anda telah dipilih untuk menerima ¬¨¬£5000.00 dalam undian Hadiah Paskah kami.....Mohon telepon 09041940223 untuk mengklaim sebelum 29/03/05 atau hadiah Anda akan dialihkan kepada orang lain....",phishing
"Tolle Neuigkeiten! Rufen Sie KOSTENLOS unter 08006344447 an, um Ihren garantierten Betrag von £1000 IN BAR oder ein Geschenk im Wert von £2000 zu erhalten. Sprechen Sie JETZT mit einem Live-Berater!",phishing
"Avoir des 🔒 crédits PLUS est plus 💰 avantageux sur MYVPLUS ! "" En plus de recevoir ; des crédits, & vous pouvez également obtenir des bons de réduction, des cadeaux et 💳 des points. Cliquez ici : ! http://bit.ly/Myvplus",spam
"டிசம்பர் மாதம் மட்டும்! உங்கள் மொபைலை 11 மாதங்கள் மேல் கொண்டிருந்தால், உங்களுக்கு செல் உபதேகனமான சமீபத்திய நிற கேமரா மோபைல் இலவசமாக புதுப்பிக்க உங்களுக்கு உரியும்! செல் தி மொபைல் அப்டேட் கோ இன் இலவசமாக 08002986906 என்னுடன் தொடர்பு கொள்ளவும்!",phishing
Ur TONEXS subscription has been renewed and you have been charged ¬£4.50. You can choose 10 more polys this month. www.clubzed.co.uk *BILLING MSG*,spam
FREE iPhone 15! Enter code 1518 at bit.ly/123,spam
"ඔබගේ ඉදිරිපත්වලින් 09066350750 දුරකථනයෙන් ඇප දිනාගන්න. ඔබගේ විශේෂ 4* ඉබිසා නිවේදනය හෝ 10,000 රුප්පු ඇති පිළිබඳ SAE T&Cs PO BOX 434 SK3 8WP 150 ppm 18+",spam
"Quiz по Солнечному свету на этой неделе! Выиграйте топовый DVD-плеер Sony, если вы знаете, в какой стране находится Алгарве? Отправьте ответ на номер 82277. £1.50 SP: Тирон",spam
Sparen Sie Geld beim Kauf von Hochzeitswäsche auf www.bridal.petticoatdreams.co.uk. Wählen Sie aus einer hervorragenden Auswahl mit nationaler Lieferung. Präsentiert von WeddingFriend.,spam
Earn $1980 per week working from home!,spam
MÖCHTEN SIE EINEN BONUSGUTHABEN VON 50% VON Indosat Ooredoo?? Tippen Sie *345# und rufen Sie von Ihrem Handy vor dem 31. Mai 2016 an.,spam
URGENT: Your prize is waiting! Call 8345,phishing
🎉 CONGRATS! You won $4524 Amazon gift card! Redeem at goo.gl/xyz 🎉,phishing
Your entry won! Claim $2844 cash prize at bit.ly/123,phishing
"Seseorang yang Anda kenal sedang mencoba menghubungi Anda melalui layanan kencan kami! Untuk mengetahui siapa itu, hubungi dari ponsel atau telepon rumah Anda di 09064015307 BOX334SK38ch",spam
URGENT: Your prize is waiting! Call 6250,phishing
¡gran ventα de verаnο! compra υno y llévate otro grаtis еn toda la ropa de plаya еn trendystуles. ¡сompra ahora en www.trendystylεs.cоm/salei3!,spam
WIN 4863 NOW! Click tinyurl.com/abc to claim!,phishing
"ප්‍රතිනෝමාලයන් කරෙනා, BRI මෙම ප්‍රවේශ පිළිබඳ ඔබට ඇමතුම දායාදීමට හා ඔබගේ ගිනින් පරික්ෂිත කිරීමට කඳවු වූවිට Rs. 27මිටි BRI සේවාවෙන් පරික්ෂිත කිරීමට ඉඩ ලබාගත්තේ බැලීමේ කේක්: 02599875 වැඩි විශ්වාසය සමඟ: www.callcenterbankbri.blogspot.co.id",phishing
"Esta es la 2a vez que intentamos contactarte. Has ganado el premio de 750 libras. 2 reclamar es fácil, ¡llama ahora al 08712101358! Solo 10p por minuto. Tarifa nacional de BT",phishing
உங்கள் வாரந்தோறுக்கான கூல்-மாப் டோன்கள் பதிப்பிக்கப்பட்டுள்ளன! இந்த வாரம் புதிய டோன்கள் உள்ளன: 1) கிரேஸி ஃப்ராக்-அக்செல் எஃப் >>> 2) அகான்-லோன்லி >>> 3) பிளாக் ஐட்-டோன்ட் பி >>> மேலும் விவரங்கள் உள்ளன,spam
மதிப்பு செல் டிஸ்கான் பிஆர்ஜி எலக்ட்ரானிக் தகாதா 3 மில்லியன் பிஆர்ஜி ஒனிக்ஸ்3 2.8 ஜேடி கேமரா டிஎள்எல் ஹப் எஸ்எம்எச் க்கு: 085335875777 பின் பிபி 28BDDF4D www.arthajaya-cell.blogspot.com,spam
Work from home: Earn $3097/hour! Start today: goo.gl/xyz,spam
உங்களுக்கு 1 புதிய செய்தி உள்ளது. 020t-0bе-6o89 எண்களை அழைக்கவும்.,phishing
important information 4 orange user 0789xxxxxxx. today is your lucky day!2find out why log onto http://www.urawinner.com THERE'S A FANTASTIC SURPRISE AWAITING YOU!,phishing
"БЕСПЛАТНЫЙ NOKIA или Motorola с линейной арендой по половине стоимости до 12 месяцев, 500 бесплатных минут на другие сети и 100 текстовых сообщений в месяц БЕСПЛАТНО включая Bluetooth*. Позвоните в Mobileupd8 по номеру 08001950382 или позвоните для отказа от услуг/ D3WV",spam
WIN 4659 NOW! Click tinyurl.com/abc to claim!,phishing
WIN 2022 NOW! Click goo.gl/xyz to claim!,phishing
"4,5 ГБ/30 дней всего за 55 тысяч рупий! Специальное предложение для вас, избранный. Активируйте сейчас по коду *550*907#. Поторопитесь..! SKB",spam
Ikut gratis dalam kompetisi mingguan dan berpeluang memenangkan iPod. Ketik POD ke 80182 untuk mendaftar (tarif pesan standar). Syarat & ketentuan berlaku. Hubungi 08452810073 untuk informasi lebih lanjut. Usia 18+.,spam
Llama GRATIS al 0800 542 0578 ¡ahora!,spam
"Prêt pour tout usage £500 - £75,000. Propriétaires et locataires bienvenus. Avez-vous été précédemment refusé? Nous pouvons toujours aider. Appelez gratuitement le 0800 1956669 ou répondez par texte 'aide'",spam
தீர்மானமாக ¬£2000 பரிசுக்கு உங்கள் மொபைல் எண் விருப்பமாகிவிட்டுள்ளது. தெரிவு 3030 செய்ய 09061790121 இலிருந்து லேண்ட் லைனிலிருந்து அழையுங்கள். 12 மணி நேரம் மட்டும் செல்லுங்கள் 150பி.பி.ம்,phishing
"У вас 1 новое сообщение. Пожалуйста, позвоните по номеру 08718738034.",spam
¡Gran noticia! Llama al número gratuito 08006344447 para reclamar tu garantizado £1000 en EFECTIVO o £2000 en regalo. ¡Habla con un operador en vivo AHORA!,phishing
🎉 CONGRATS! You won $3467 Amazon gift card! Redeem at tinyurl.com/abc 🎉,phishing
Don't miss this amazing deal: watch for only $77!,spam
"MENSAJE OFICIAL DE PT3CARE gracias a la recarga de su crédito, su número es oficialmente premiado con un premio de Rp. 100 millones de 3CARE con su PIN. su ganador (b8337h9) p/info haga clic, www.hadiahlpt3care959.blogspot.com",phishing
عرض حصري: احصل على خصم بنسبة 50٪ عند الشراء التالي من SuperShoes. زوروا www.supershoes.com/offers. لإلغاء الاشتراك، اضغط على bit.ly/com37421.,spam
🎉 CONGRATS! You won $4215 Amazon gift card! Redeem at bit.ly/123 🎉,phishing
🎉 CONGRATS! You won $4489 Amazon gift card! Redeem at bit.ly/123 🎉,phishing
URGENT: Your prize is waiting! Call 6812,phishing
🎉 сongrats! you wοn $1452 amаzon gіft card! redeem аt goo.gl/xуz 🎉,phishing
"Les photos les plus sexy directement sur votre téléphone !! Voyez-moi mouiller et désirer, juste pour vous xx Envoyez PICS au 89555 maintenant ! SMS coûte 150p textoperator g696ga 18 XxX",spam
لديك معجب سري يرغب في التواصل معك - اكتشف من هو* كشف من يعتقد أنك خاص بشكل لا يصدق - اتصل على الرقم 09058094565,spam
Earn $2005 per week working from home!,spam
🎉 CONGRATS! You won $1653 Amazon gift card! Redeem at bit.ly/123 🎉,phishing
Earn $725 per week working from home!,spam
Debt relief program: Get out of debt fast! Call 8493,spam
SELAMAT!! Anda M-dapat hadiah Satu unit mobil alphard dr TELKOMSEL info hub;0016282336033777/kunjungi website kami di http://telkomselundian2013.jimdo.com,phishing
"දැන් Baskin Robbins Value Scoop හිතට ගන්න. සිංහලෙන් සඳහන් කරන්නේ අභ්‍යන්තය මත 35,000 යි.මැසේකරනම් මංසන්ධිය දක්වාය. නාරංජන඙්ශලය *606#",spam
عليك إرسال الأموال لدى وزارة الخزانة الأمريكية الآن على الرابط https://tinyurl.com/8844,phishing
победи в розыгрыше на £200 каждую неделю начиная сейчас. 2 играть текст магазин на 88039. skilgm3. tscs08714740323 1winawk! возраст 16 лет £1.50 в неделю.,spam
"Hai Pemegang Voucher, Untuk mengklaim penawaran minggu ini, di PC Anda silakan kunjungi http://www.e-tlp.co.uk/reward. Syarat & Ketentuan berlaku.",spam
"Le football fantastique est de retour sur votre télévision. Rendez-vous sur Sky Gamestar sur Sky Active et jouez au Dream Team de 250 000 livres. Les points commencent à être comptés le samedi, alors inscrivez-vous maintenant! SKY OPT OUT au 88088.",spam
"UpgrdCentre ஆரஞ்சு வாடிக்கையாளர், உங்கள் விசுவாசத்துக்காக உங்கள் இலவச கேமரா ஃபோன் மேம்படுத்தும் சாதனையை இப்போது அண்மையம் செய்யலாம். 0207 153 9153-ஐ இப்போது அழையவும். சலுகை 26 ஆம் ஜூலைக்கு முடிந்துவிடுகிறது. நிபநகை மற்றும் கட்டாய விதிகள் பொருந்துக. Opt-out கிடைக்கிறது",spam
🎉 congr47$! y0u won $2260 amazon gift card! redeem at goo.9l/xyz 🎉,phishing
URGENT: Your prize is waiting! Call 6703,phishing
WIN 3821 NOW! Click tinyurl.com/abc to claim!,phishing
YA! Satu-satunya tempat di kota untuk bertemu dengan lajang dewasa yang menarik sekarang ada di Inggris. Ketik CHAT ke 86688 sekarang! 150p/Pesan.,spam
لديك معجب سري يسعى للتواصل معك - اكتشف من هم * كشف هوية الشخص الذي يعتبرك خاصًا - اتصل بالرقم 09058094597,phishing
18 يوماً لانطلاق بطولة يورو 2004! ستتلقى آخر الأخبار والنتائج يومياً. لإلغاء الاشتراك، أرسل GET EURO STOP إلى 83222.,spam
Your entry won! Claim $785 cash prize at tinyurl.com/abc,phishing
Don't miss this amazing deal: bag for only $77!,spam
WIN 2477 NOW! Click bit.ly/123 to claim!,phishing
"Gentile Sig./Sig.ra, Titolare No.08994150xxx PIN del concorso: 4881247 Hai ufficialmente vinto Rp.15jt Servizio clienti: 02199545139 oppure Clicca: 3care2016.com",phishing
Wow! Diskon 50% utk pembelian paket Flash 6GB + BONUS 60Menit CUMA Rp60rb utk 30hr di *999*606# SEKARANG! Tunggu apalagi buruan! S&K berlaku,spam
URGENT: Your prize is waiting! Call 4696,phishing
Debt relief program: Get out of debt fast! Call 4633,spam
"GRANDE AVVISO DI BIG BROTHER! Il computer ti ha selezionato per 10k in contanti o un voucher #150. Chiama il 09064018838. NTT PO Box CRO1327 18+ Costo chiamate da rete fissa BT 150ppm, tariffe per cellulari variabili.",phishing
Urgent! Please call 09061743810 from landline. Your ABTA complimentary 4* Tenerife Holiday or #5000 cash await collection SAE T&Cs Box 326 CW25WX 150 ppm,phishing
Ibu rumah tangga yang bosan! Segera chat dan berkencan sekarang! 0871750.77.11! BT-harga nasional 10p/menit hanya untuk telepon rumah!,spam
Earn $3098 per week working from home!,spam
Work from home: Earn $4209/hour! Start today: goo.gl/xyz,spam
Debt relief program: Get out of debt fast! Call 1534,spam
"Babe: ¿Me deseas, verdad cariño? Soy traviesa y me gustan los chicos sucios. ¿Te apetece pasar un rato travieso con una zorra sexy? ¡¿Qué tal si vamos despacio y con fuerza?! Txt XXX SLO(4msgs)",spam
FREE iPhone 15! Enter code 5916 at tinyurl.com/abc,spam
ЧАСТНОЕ! Ваш выписка по счету за 2003 год показывает 800 неиспользованных баллов S.I.M. Звоните по номеру 08718738002 и используйте код идентификатора: 48922. Срок действия истекает 21/11/04.,phishing
பணக்காரர்! நீங்கள் டெல்கொம்செலிலிருந்து ஆர்க்கிடையான தகவல்களைப் பெற இன்ஸ்டிங் ஐ செயக்கூடியீர்கள். காணத்தகுதியைநீக்க/f செய்வதற்கு: *600*600#. CS: 133/188,spam
🎉 CONGRATS! You won $4158 Amazon gift card! Redeem at tinyurl.com/abc 🎉,phishing
Life insurance premium increases with growing age. Buy 1 Cr Life Insurance now & pay Rs5390 instead of Rs5603 after your b'day. Apply rml.lu/KQgkgv16,spam
Earn $2431 per week working from home!,spam
شخص تعرفه طلب من خدمتنا للمواعدة التواصل معك! لا يمكنك تخمين من؟ اتصل الآن على الرقم 09058091854 وستُكشف جميع الأمور. صندوق بريد 385 M6 6WU.,spam
kit strip - вам выставлен счет на 150 пенсов. nεtсollex ltd. po bоx i013 ig1i oja,spam
صورة جوردان الجذابة في يوم القديس جورج! أرسل PIC إلى 89080 لا تفوت، ثم كل أسبوع مشهور مثير! للمزيد من الصور ، تفضل بزيارة PocketBabe.co.uk أو اتصل على 0870241182716 بتكلفة 3 جنيهات إسترلينيات أسبوعياً.,spam
மிகப் பெரிய செய்தி! உங்கள் உறுதியான ¬£1000 பணம் அல்லது ¬£2000 பரிசுக்கான கோரிக்கையை பெற இந்த இலவசமாக அழைய FREEFONE 08006344447 செய்யவும். இப்போது ஒரு உண்மையான ஆய்தாரை பேச மன்னிக்கவும்!,phishing
Debt relief program: Get out of debt fast! Call 5408,spam
"Gentile cliente, ti chiediamo di contattare BRI riguardo al tuo conto. Puoi verificare un valore di Rp.27jt da BRI con CODICE VERIFICA: 02599875 INFO Fai clic su: www.callcenterbankbri.blogspot.co.id",phishing
"RUF 09090900040 AN & HÖRE DIRTY LIVE-CHAT IM BÜRO, DER GERADE STATTFINDET VOLLKOMMENE PRIVATSPHÄRE NIEMAND WEISS, DASS DU ZUHÖRST 60P PRO MINUTE 24/7MP 0870753331018+",spam
Debt relief program: Get out of debt fast! Call 6267,spam
"Anda kalah dalam lelang oleh simonwatson5120 pada Shinco DVD Plyr. 2 berikan penawaran lagi, kunjungi sms. ac/smsrewards 2 mengakhiri pemberitahuan lelang, balas END OUT",spam
"வாழ்த்துக்கள், உங்களுக்கு Virgin Records இலிருந்து ஒரு ஆண்டு வழங்கப்பட்டும் ஏற்கனவே அறை விருப்பத்தில் உள்ள CDs ஒன்று அல்லது ரகசிய பரிசு பெற உடனடியாக அழையவும் 09061104283 Ts&Cs www.smsco.net £1.50pm சரியான 3 நிமிடங்கள் எம்பிரர்கள்.",phishing
FREE iPhone 15! Enter code 4218 at goo.gl/xyz,spam
"Faux prix de 350 £ - Les numéros Voda d'aujourd'hui se terminant par XXXX sont sélectionnés pour recevoir un prix de 350 £. Si vous avez un correspondance, veuillez appeler le 08712300220 en citant le code de réclamation 3100 tarifs standard applicables",phishing
WIN 4661 NOW! Click goo.gl/xyz to claim!,phishing
FREE iPhone 15! Enter code 4626 at goo.gl/xyz,spam
Das monatliche Passwort für wap.mobsi.com lautet 391784. Bitte benutze dein WAP-Handy und nicht den PC.,spam
تهانينا! هاتف نوكيا 3650 بكاميرا فيديو هو هاتفك. اتصل بالرقم 09066382422. تكلفة المكالمات 150 بنس في الدقيقة. متوسط مدة المكالمة 3 دقائق وتختلف تكلفة المكالمات من الهواتف المحمولة 16+. اغلاق 300603، أرسل إلى BCM4284 Ldn WC1N3XX.,phishing
Anda 🛡️ perlu segera mengirim # uang kepada IRS di https://tinyurl.com/8942,phishing
"Hai avuto il tuo contratto mobile per 11 mesi? Ultimi modelli di Motorola, Nokia ecc. tutti GRATIS! Minuti e messaggi doppi con le tariffe Orange. INVIA SI per essere richiamato, no per essere rimosso dai registri",spam
உரிமைப்பதை 150 சென்ட் உள்ளிட்ட எண் 89555 க்கு BANNEDUK என்பதை உள்ளிடுக! உள். நிர்வாகி g696ga 18+ XXX,spam
Earn $2856 per week working from home!,spam
Debt relief program: Get out of debt fast! Call 5098,spam
Vous avez été spécialement sélectionné pour recevoir une récompense de 2000 livres ! Appelez le 08712402050 AVANT la fermeture des lignes. Coût : 10ppm. 16 ans et plus. Conditions générales applicables. AG Promo,phishing
"Qualcuno ha contattato il nostro servizio di appuntamenti e ha inserito il tuo numero di telefono perché gli piaci! Per scoprire chi è, chiama da un telefono fisso al numero 09058098002. PoBox1, W14RG 150p",phishing
URGENT: Your prize is waiting! Call 3173,phishing
"Hai, Ulang tahun Anda akan segera tiba. Saatnya untuk membeli Rencana Term 1 Cr seharga Rs.5390 daripada membayar Rs.5603 setelah ulang tahun. Klik rml.lu/Cvs559Y34",spam
Work from home: Earn $3529/hour! Start today: tinyurl.com/abc,spam
PRIVÉ ! Votre relevé de compte 2003 pour 07973788240 montre 800 points S. I. M. non utilisés. Appelez le 08715203649 Code d'identification : 40533 Expire le 31/10/04,phishing
வணக்கம்!! உங்களுக்கு பரிந்துரைக்கூட்ட ரூ. 75 லட்சம் பெற்றுள்ளீர்கள். டெல்கோம்செல் பாயின் மூலம். இன்டடில் எப்போது 11:30 மணிக்கு லக்ஷக்கல் பரிந்துரை செய்யப்பட்டது. தகவல் கொடு : 085377177138. ஐ.ஆர். செரியான்டோ. அனுப்பினார்: *777,phishing
دخول مجاني في مسابقة أسبوعية للفوز بتذاكر نهائي كأس الاتحاد الإنجليزي في 21 مايو 2005. ارسل FA إلى 87121 للحصول على سؤال الدخول(الرسالة النصية القياسية) تطبق الشروط والأحكام 08452810075 لأكثر من 18 عامًا.,spam
WIN: ¿Tienes tu móvil desde hace 11 meses? Actualízalo GRATIS a los últimos móviles con cámara a color de Orange y llamadas ilimitadas los fines de semana. Llama a Mobile Upd8 al 08000839402 o envía STOP al 2 para cancelar mensajes.,spam
PRIVATO! Il tuo Estratto Conto del 2003 per 07973788240 mostra 800 punti S. I. M. non riscattati. Chiama 08715203649 Codice Identificativo: 40533 Scade il 31/10/04,phishing
"Как ценный клиент, я рад сообщить вам, что после недавнего обзора вашего номера мобильного телефона вам присуждена бонусная премия в размере £1500, звоните по номеру 09066368470.",phishing
🎉 CONGRATS! You won $2570 Amazon gift card! Redeem at goo.gl/xyz 🎉,phishing
"Geld!!! Sie sind ein glücklicher Gewinner! Um Ihren Preis zu beanspruchen, senden Sie eine SMS mit dem Text ""Geld"" an die Nummer 88600. Über £1 Million werden vergeben! PPT150x3 + Normaler SMS-Tarif. Box403 W1T1JY.",phishing
"Estimado Dave, esta es tu última notificación para recoger tus vacaciones en Tenerife de 4 estrellas o el premio en efectivo de 5000 libras. Llama al 09061743806 desde un teléfono fijo. Términos y condiciones. Carta y sobre auto-dirigido a Box326 CW25WX. 150 ppm.",phishing
Kamera - Anda dianugerahi Kamera Digital SiPix! Hubungi 09061221066 dari telepon rumah. Pengiriman dalam 28 hari.,phishing
உங்கள் அடுக்குகளில் 50% தள்ளுபடி பெற்றுக்கொண்டுள்ளதற்கான குறைபு SuperShoes இல். இணையத்தளம் www.supershoes.com/offers . ரத்துசெய் கூடாது bit.ly/com37402.,spam
"¡Sexualiza tu móvil con una imagen sexy GRATIS de Jordan! Solo envía el texto BABE al 88600. ¡Después, cada semana recibirás una celebridad sexy! PocketBabe.co.uk para más imágenes. £16 ¬3/semana 087016248.",spam
WIN 4564 NOW! Click bit.ly/123 to claim!,phishing
"Holen Sie sich den England-Ton mit 3 Löwen, antworten Sie lionm 4 mono oder lionp 4 poly. Für mehr gehen Sie zu www.ringtones.co.uk, dem Original und Besten. Töne 3 GBP, Netzbetreibergebühren gelten.",spam
FLASH SALE: 44% OFF all items! Shop now: goo.gl/xyz,spam
FREE iPhone 15! Enter code 6552 at goo.gl/xyz,spam
lyricalladie(21/F) ti invita ad essere suo amico/a. Rispondi SI-910 o NO-910. Vedi il suo profilo: www.SMS.ac/u/hmmross STOP? Invia STOP FRND a 62468,spam
🎉 CONGRATS! You won $2037 Amazon gift card! Redeem at tinyurl.com/abc 🎉,phishing
URGENT: 🔒 Your prize 📧 is waiting! Call 1766,phishing
"Sorpresa PUNTI, premio di Rp 15 milioni ufficialmente assegnato al proprietario del numero 0812330xxxx. PIN-x7af2547. Per informazioni, contattare l'ufficio centrale di TELKOMSEL al 021-23867047, 021-23867048.",phishing
Your entry won! Claim $3342 cash prize at bit.ly/123,phishing
Grande vendita estiva! Acquista uno e ricevi uno gratis su tutti i costumi da bagno su TrendyStyles. Acquista ora su www.trendystyles.com/sale31,spam
"Brauchst du einen Ausflug ins Grüne? Hier ist ein KOSTENLOSER Urlaub nach Hongkong! So funktioniert's: Verwende dein AXIS-Guthaben auf deinem Android-Handy, um so viele Transaktionen wie möglich für Pokemon Go, BIGO, COC usw. durchzuführen! Info838 LD328",spam
Для самых ярких шопинговых перерывов от 45 фунтов на человека звоните по телефону 0121 2025050 или посетите www.shortbreaks.org.uk,spam
"Scarica quante suonerie desideri senza restrizioni, migliaia tra cui scegliere. Puoi anche inviarle ai tuoi amici. Invia un SMS con la scritta Sir al 80082 £3",spam
Ricarica il tuo saldo TCASH e goditi le varie promozioni presso i commercianti partner TCASH! Controlla le ultime promozioni TCASH su tsel.me/tappromo,spam
£දහස200 එන්ටත් සැපයූද WEEK සිට කළාද. 2 හඳුනින් ටෙක්ස්ට් ටේ 8803 සිට ලැපියාද. SkilGme. TsCs08714740323 1Winawk! වත් age16 £1.50ක් කියවුනාවි.,spam
"புதிய Nokia மொபைல் அல்லல் iPOD MP3 பிளேயர் + £400 பரிமாறித்திருக்கும் விஜயம் உறுதி! WIN என்று பதிலளிக்கவும்: 83355 இப்போது! Norcorp Ltd. £1,50/Mtmsgrcvd18+",spam
نصف سعر إيجار خط Orange لمدة 4 أشهر وأحدث الهواتف الكاميرا مجانًا. هل لديك هاتفك منذ 11 شهرًا أو أكثر؟ اتصل بشركة MobilesDirect مجانًا على 08000938767 للتحديث الآن! أو قم بإيقاف الرسائل النصية للشروط والأحكام.,spam
"හායි Orange සිට ආයුබෝ. ඔබට 1 මාසයේ නිබන්ධනයක් සහිත ක්‍රියාකාරී සහ රහිතව, 10 නිම් පණිවිඩ සහ 20 සිරසවීසි පණිවිඩ සදහා, YES වෙත පිළිවෙනවා. ස්ථීර ඇතුළත්: www.orange.co.uk/ow",spam
Work from home: Earn $3404/hour! Start today: bit.ly/123,spam
Devi inviare denaro all'IRS ADESSO su https://tinyurl.com/9041,phishing
8007 25p 4 Песня Алфи Муна на День благотворительности на вашем мобильном. Скажите своим друзьям. Отправьте сообщение TONE CHARITY на 8007 для Nokia или POLY CHARITY для полифонии: zed 08701417012 прибыль 2 благотворительности,spam
Work from home: Earn $741/hour! Start today: bit.ly/123,spam
Sie müssen jetzt Geld an das IRS senden unter https://tinyurl.com/9010.,phishing
தங்கள் BRI க்கு இடமாற்று A/n ANGGA PRASTIA No Rek 1172-01-002218-502,spam
"Selamat! Kini kamu memiliki pass khusus bioskop selama 1 tahun untuk 2 orang. Hubungi sekarang di 09061209465! Bisa menonton C Suprman V, Matrix3, StarWars3, dll GRATIS! bx420-ip4-5we. 150pm. Jangan lewatkan kesempatan ini!",spam
FREE iPhone 15! Enter code 7402 at bit.ly/123,spam
"""බ්ලොක් බ්‍රෙය්කර් දැඩි ආකෘතියෙන් සඳහන් සහ නව රසියන් සහතිකවූ කේතය සහ T-මොබයිල් වෙතින්ද සම්බන්දතාව සහභාගීමේ අවශයෙන් සටනකට ඉතාමාත්ම විශ්වචිතාලන සහ සුබසාධාර සේවා සුදුසු ලබාදීමට දිවයිනට. ගෙට් බීබීඩ්ඒලසට හරි රුපියට මිල ගන්නෙන් GET BBDELUXE පිළිතුරක් ප්‍රනාව කරන්න, සැම පිටුවයින් ක්‍රියාත්මකම ලබනවාද""",spam
Решение компании Tri Care INDONESIA No.XV/2016 Пин_Победитель ВЫ: 67ytg44 получает ПРИЗ НАЛИЧНЫМИ в размере 45 миллионов рупий. Для получения информации нажмите: www.info-undian3.webnode.com,phishing
Vous devez envoyer de l'argent à l'IRS MAINTENANT sur https://tinyurl.com/9040,phishing
මෙම එක්වන අතරින් U හි සම්බන්ධතා කිරීමට අපේ 2දෙවැනි උත්සහයය. ඔබගේ YESTERDAY වැනි හැදුනුම තිබෙන දහය ¬£900 තේරීමට තිබේ. අපට අතර කිරීමක් කරන්න දරන්න 09061702893 ද දුරකථනයට දුරකථන කරන්න.,phishing
"FreeMsg: Claim ur 250 SMS messages-Text OK to 84025 now!Use web2mobile 2 ur mates etc. Join Txt250.com for 1.50p/wk. T&C BOX139, LA32WU. 16 . Remove txtX or stop",spam
FREE iPhone 15! Enter code 9408 at bit.ly/123,spam
Bloomberg - Centro messaggi +447797706009 Perché aspettare? Candidati per il tuo futuro http://careers.bloomberg.com,spam
Don't miss this amazing deal: bag for only $29!,spam
"Estimado cliente: ¡Felicidades! Su número de tarjeta SIM 081571xxx ha sido elegido como el ganador del sorteo Puntos adicionales de la edición 2014. Su PIN es: er56d7 Para más información, haga clic en: www.hadiah-poin.blogspot.com",phishing
هل ترغب في هاتف فيديو جديد؟ 750 دقيقة في أي وقت وفي أي شبكة؟ نصف سعر إيجار الخط؟ كاميرا فيديو؟ الرد أو اتصل على 08000930705 للتسليم غدا.,spam
அவசரம்! உங்களை தொடர நாங்கள் முயற்சிக்கிறோம் உங்களுக்கு வெற்றி சாதித்த ஒரு £800 பரிசு வெல்ல உள்ளது என்பதை இன்றைய வர்த்தகம் காட்சிக்கிருகிறது. லாந்திலிருந்து 09050000460 எண் அழையவும். கோர்ப்பது J89. பி.ஒ. பாக்ஸ்245c2150pm,phishing
"நல்ல வாழ்த்து! ட்ரா நடக்கும் நாள் 28 ஆம் பிப்ரவரி 06. நல்ல வாழ்த்து! நீக்கம் செய்வதற்கு 87239 க்கு STOP என்று அனுப்புகிறோம் முகவரி 08708034412""",spam
Work from home: Earn $1525/hour! Start today: tinyurl.com/abc,spam
فرصة نادرة! خاصة بك فقط، احصل على 1 غيغابايت بسعر 5000 روبية. قم بالرد على هذه الرسالة بإرسال Y10 من 15 نوفمبر. العرض ساري لمدة 3 أيام/ TL050D.,spam
🎉 CONGRATS! You won $950 Amazon gift card! Redeem at tinyurl.com/abc 🎉,phishing
Debt relief program: Get out of debt fast! Call 3104,spam
Your entry won! Claim $2442 cash prize at tinyurl.com/abc,phishing
"FREE2DAY sexy St George's Day pic of Jordan!Txt PIC to 89080 dont miss out, then every wk a saucy celeb!4 more pics c PocketBabe.co.uk 0870241182716 £3/wk",spam
FREE: நீங்கள் இராசியாங்களுக்கு உங்கள் பணத்தை இப்போது அனுப்பவேண்டும் https://tinyurl.com/9048,phishing
Offre exclusive : Obtenez 50 % de réduction sur votre prochain achat chez SuperShoes. Visitez www.supershoes.com/offers. Désabonnez-vous sur bit.ly/com37394,spam
Вам нужно немедленно отправить деньги в IRS по этой ссылке https://tinyurl.com/9051,phishing
Don't miss this amazing deal: bag for only $12!,spam
"URGENT! Votre numéro de mobile 077xxx a GAGNÉ un prix de 2 000 £ pour le rappel du gagnant le 02/06/03! C'est la 2e tentative pour vous joindre! Appelez rapidement le 09066362206! BOÎTE97N7QP, 150ppm",phishing
"Cher U, vous avez été invité à XCHAT. C'est notre dernière tentative pour vous contacter ! Envoyez CHAT au 86688 150p/Msg reçu HG/Suite342/2Lands/Row/W1J6HL LDN 18 ans",spam
"قرض لأي غرض بقيمة تتراوح بين 500 - 75,000 جنيه إسترليني. مرحبًا بالمالكين والمستأجرين. هل تم رفضك سابقًا؟ لا زلنا نستطيع المساعدة. اتصل مجانًا على 0800 1956669 أو ارسل رسالة نصية تحتوي على 'مساعدة'.",spam
"நன்றி, விஜயாகாஷ தெரிவுக்கு எஸ்எம்எஸ் அனுப்பப்படும். வாழ்த்துக்கள்! எதிர் செயலாக்கத்திற்கு 84122 கஸ்டமர் சேவைகள் 08450542832 எண்களுக்கு நிறுத்தம் செய்ய STOP",spam
Adult content alert! View hot singles near you: goo.gl/xyz,spam
"Переведите просто деньги на счет в банке ----- An Ardiansyah 5500248418, когда перевод будет выполнен, просто отправьте СМС. Спасибо.",phishing
Вы должны немедленно отправить деньги IRS по ссылке https://tinyurl.com/8904,phishing
"Sebagai pelanggan terdaftar, Anda akan masuk ke undian untuk mendapatkan voucher hadiah senilai ¬£100 setelah Anda mengirimkan jawaban yang benar ke 80062. Apa yang menjadi nomor 1 di tangga lagu BBC?",phishing
Tone Club : Vos abonnements ont expiré. Réinscrivez MONOC 4 mono ou POLYC 4 polys 1 semaine @ 150 p par semaine Texte STOP 2 pour arrêter Ce message est gratuit. Diffuser 0871212025016,spam
විශේෂ ශිල්නර දවස් සාලාංග! TrendyStyles හි සියල්ල beachwear දෙකක්ම ඉදිරිපත් කරන්න. විශේෂ ඉරට්ග් වර්ස් දැනගත්තේ www.trendystyles.com/sale42,spam
மேகானை ரூமா உ.வருக்கு விற்க வேண்டும் சூர்பாய் மற்றும் நான் ஆசைப்படுகிறேன் என் கணவனை தொடர முயற்சிக்க இருந்தால் 085399700354 டாக்டர் ஹைராவன்.,spam
"¡Felicidades! 1 año de pase especial de cine para 2 es tuyo. ¡Llama ahora al 09061209465! ¡C Suprman V, Matrix3, StarWars3, etc todo GRATIS! bx420-ip4-5we. 150pm. ¡No te lo pierdas!",phishing
Вы должны немедленно отправить деньги в IRS по ссылке https://tinyurl.com/9002,phishing
වැඩි පාරම්පරිකයන්ට ඇති වියැ £1500 බෝනල් දින 09066364589 ඇතුළත් කරමි,phishing
Selamat KPD pemilik NO simCARD 085643XXXXXX mendapatkan . UANG TUNAI Rp 49jt dari PT.INDOSAT pin:RWD2749 www.indosat-poin-2013.jimdo.com atau HUB 085693577707 !spam!,phishing
🎉 CONGRATS! You won $2136 Amazon gift card! Redeem at goo.gl/xyz 🎉,phishing
🎉 CONGRATS! You won $4655 Amazon gift card! Redeem at bit.ly/123 🎉,phishing
يجب عليك إرسال الأموال إلى مكتب الضرائب الفيدرالي الآن على الرابط https://tinyurl.com/8978,phishing
+123 සුබපතා - මේ සතියේ ප්‍රතිඵල £1450 සහිත ප්‍රතිඵලයක් ඔබට ස්ථානගත කිරීමට 09050002311 b4280703 ට ඇමතුම් කරන්න. T&Cs/අවසන් SMS 08718727868. 18 ට වඩා වැඩියිනයන් සඳහා සී.ඔ.ස් ස්ථිත්හිතයන්ය 150ට සහිතය.,phishing
Debt relief program: Get out of debt fast! Call 6715,spam
Sie müssen dem IRS JETZT Geld senden unter https://tinyurl.com/9055,phishing
"Hai, Ulangtahunmu akan segera tiba. Saatnya membeli Rencana Term 1 Cr seharga Rs.5390 daripada membayar Rs.5603 setelah ulangtahun. Klik rml.lu/Cvs559Y30",spam
🎉 CONGRATS! You won $4827 Amazon gift card! Redeem at goo.gl/xyz 🎉,phishing
"Anda akan membeli Paket Gampang Internetan Rp.1250 untuk Chatting Sepuasnya (BBM, WhatsApp, dan Line) selama 1 hari. Jika setuju, balas FLASH YA kirim ke 3636 untuk melanjutkan. Tunggu SMS konfirmasi sebelum penggunaan. Informasi detail tarif dapat dilihat di Tsel.me/internet.",spam
வாழ்க்கை காப்பீடு அதிக வயதுக்கு வராது. 1 கோடி வாழ்க்கை காப்பீடு இப்போது வாங்கவும் உங்கள் பிறந்தநாள் பின்னணியாக Rs5593 இல்லாமல் Rs5390 செலுத்துங்கள். பிலீ rml.lu/KQgkgv27,spam
WIN 4903 NOW! Click goo.gl/xyz to claim!,phishing
"¡Felicidades! Su número 3care ha sido seleccionado para recibir un PREMIO de 1 automóvil TOYOTA YARIS, su PIN de ganador es: (8jf2177). Para más información, visite: www.caretri.blogspot.com",phishing
🎉 CONGRATS! You won $2708 Amazon gift card! Redeem at goo.gl/xyz 🎉,phishing
🎉 CONGRATS! You won $3305 Amazon gift card! Redeem at bit.ly/123 🎉,phishing
Горячая летняя распродажа! Покупай один и получай второй бесплатно на всю пляжную одежду в TrendyStyles. Покупайте сейчас на www.trendystyles.com/sale14,spam
Chiacchiera LIVE 121 dura solo 60p/min. Scegli la tua ragazza e connettiti LIVE. Chiama ora il 09094646899! Il servizio live più grande del Regno Unito. VU BCM1896WC1N3XX,spam
"TheMob> Нажмите на ссылку, чтобы получить премиум-игру Розовая Пантера, новую № 1 от Sugababes, безумную анимацию Зебры или крутую обоину Худи-все 4 БЕСПЛАТНО!",spam
Work from home: Earn $1822/hour! Start today: goo.gl/xyz,spam
அவசியம்! உங்கள் மொபைல் எண் ஒரு ¬£2000 பெருமை உருவாக்கப்பட்டுள்ளது. நிலை வரை 09058094454 எண்ணிலிருந்து அழையவும். கிளைம் 3030. செம் 12 மணி நேரங்களில் மட்டுமே செயல்படுவது.,phishing
WIN 2041 NOW! Click bit.ly/123 to claim!,phishing
Debt relief program: Get out of debt fast! Call 5171,spam
Obtenez un amplificateur de données mobile gratuit avec chaque nouveau forfait téléphonique chez MobileNet. Appelez-nous au 800-555-0199 ou visitez www.mobilenet.com,spam
Hot Summer Sale! Buy one get one free on all beachwear at TrendyStyles. Shop now at www.trendystyles.com/sale27,spam
URGENT: Your prize is waiting! Call 3050,phishing
"Ваш аккаунт пополнен на 500 БЕСПЛАТНЫХ текстовых сообщений. Чтобы < активировать, / просто 🛡️ отправьте слово: @ КРЕДИТ на номер: 80488 Условия и 🚨 положения www.80488.biz",spam
🎉 CONGRATS! You won $2758 Amazon gift card! Redeem at tinyurl.com/abc 🎉,phishing
!عاجل: حصل رقم هاتفك المحمول على جائزة مكالمة بقيمة ٢٬٠٠٠ جنيه إسترليني في ٠٢/٠٩/٠٣! هذه هي محاولتنا الثانية للاتصال بك! اتصل على ٠٨٧١-٨٧٢-٩٧٥٥ صندوق ٩٥كيو,phishing
"Entschuldigung, wir haben versucht, Sie zu kontaktieren, aber es konnte keine Verbindung hergestellt werden. Herzlichen Glückwunsch, Sie haben offiziell den 3. Preis von PT.3CARE unter der Pin ;b8337h9 gewonnen. Weitere Informationen erhalten Sie unter www.hadiah3care-2016.blogspot.com",phishing
Debt relief program: Get out of debt fast! Call 4277,spam
Sei ora disiscritto da tutti i servizi. Ricevi tonnellate di belle ragazze o bei ragazzi direttamente sul tuo telefono! Vai su http://gotbabes.co.uk. Nessuna sottoscrizione.,spam
"SECHS Chancen, GELD zu gewinnen! Von 100 bis 20.000 Pfund, senden Sie CSH11 an die 87575. Kosten 150p/Tag, 6 Tage, ab 16 Jahren. Es gelten die Allgemeinen Geschäftsbedingungen. Antworten Sie mit HL für weitere Informationen.",spam
🎉 CONGRATS! You won $1544 Amazon gift card! Redeem at tinyurl.com/abc 🎉,phishing
🎉 CONGRATS! You won $3417 Amazon gift card! Redeem at bit.ly/123 🎉,phishing
சிறந்த டீல்: உங்கள் அடுத்த வாங்குதலை 50% தள்ளுபடி பெறுங்கள் ஸூப்பர் ஷூஸ் இல். சூப்பர் ஷூஸ்.காம்/ஆஃபர்ஸ் என செல்லுங்கள். விடுபடுத்துங்கள் bit.ly/com37400,spam
"Tienes un admirador secreto. REVELA quién piensa que eres tan especial. Llama al 09065174042. Para darte de baja, responde REVELA STOP. 1,50 por mensaje recibido. Servicio al cliente 07821230901.",spam
URGENT: Your prize is waiting! Call 6977,phishing
"Hallo, Dein Geburtstag steht bald an. Es ist an der Zeit, einen 1 Cr-Laufzeitplan für Rs. 5390 zu kaufen, anstatt Rs. 5603 nach dem Geburtstag zu zahlen. Klicke auf rml.lu/Cvs559Y24.",spam
URGENT: Your prize is waiting! Call 1801,phishing
"Саншайн Холс. Чтобы получить свой медовый отпуск, отправьте конверт с маркой и вашим адресом на Drinks on Us UK, ПО Box 113, Брей, Уиклоу, Эйре. Викторина начинается в субботу! Отписаться достаточно слова ""Stop""",spam
WIN 4018 NOW! Click bit.ly/123 to claim!,phishing
Grande vendita estiva! Acquista uno e ottieni uno gratuito su tutti i costumi da bagno su TrendyStyles. Acquista ora su www.trendystyles.com/sale1,spam
"Obtén un reproductor de video móvil GRATUITO y una película GRATIS. Para recibir el texto, envía un mensaje con la palabra ""GO"" al 89105. ¡Es gratis! Se pueden pedir películas adicionales, se aplican términos y condiciones. Solo mayores de 18 años",spam
Debt relief program: Get out of debt fast! Call 8785,spam
WIN 3183 NOW! Click bit.ly/123 to claim!,phishing
"Купил один рингтон, а теперь приходят сообщения, стоимость которых - 3 фунта, предлагающие другие мелодии и т. д.",spam
"Anda telah memenangkan Nokia 6230 plus kamera digital gratis. Ini yang Anda dapatkan saat memenangkan lelang GRATIS kami. Untuk ikut serta, kirimkan NOKIA ke 83383 sekarang. POBOX114/14TCR/W1 16",phishing
FREE iPhone 15! Enter code 4717 at goo.gl/xyz,spam
URGENT: Your prize is waiting! Call 8707,phishing
74355 Natal datang & kamu dihadiahi voucher hadiah CD senilai ¬¨¬£500 atau masuk gratis ke undian mingguan senilai ¬¨¬£100 kirim SMS dengan kata MUSIK ke 87066 Syarat dan Ketentuan berlaku,spam
මහ නිවේදනය! ඔබට විශ්වාස සහිත £1000 දුපතියක් හෝ £2000 උපන් උප්‍රදේශයක් අයත් කිරීම සඳහා FREEFONE 08006344447 ඇමතුමකට අළුයම කරන්න. සජීවර්ගෙදර හමුවීමට නවුම් දැනටම කරන්න!,phishing
Work from home: Earn $4504/hour! Start today: tinyurl.com/abc,spam
"25% வட்டி விலை SLI 008 வரையறும் அனைத்து நாடுகளுக்கும் இந்த அழைவிற்காக உடன இருக்கும், மதிப்பீடு WIB முதல் 00.00 மணி வரை, 13ஆகஸ்டு அன்று வரை வெளியிடவும். விவரங்கள் *122*5*4# என தட்டச்சு செய்க அல்லது www.indosat.com/iddpromo.",spam
"හායි! ඔබට නේල්පොන්, ඊමේස්, අනිත් වීඩියෝ, හා NSP සඳහා පැකට් පැස් මිලන්ගිරිබර හෝයො රුපියල් සිට තෝරාගැනීම් හදුන් කොණ්ඩයදിවයයි *100*999# වෙත, හයයි මෙතනයි ! දත්ත: 188",spam
WIN 611 NOW! Click goo.gl/xyz to claim!,phishing
"Ayam (sayap/paha bawah), Nasi, Perkedel Rp. 19.545. GRATIS Teh Pucuk. Tukar SMS ini di CFC HASAN SADIKIN hari ini. Selama Persediaan msh ada. Promo *606#",spam
رصيدك النقدي حاليًا 500 جنيه استرليني - لزيادة النقد الآن أرسل كلمة COLLECT إلى 83600 بتكلفة 150 بنس للرسالة. الاتصال على: 08718720201 ص.ب 114/14 تي سي آر/دبليو1,phishing
Work from home: Earn $3143/hour! Start today: bit.ly/123,spam
Limited time offer: 33% off everything!,spam
Earn $4892 per week working from home!,spam
"GRATIS2DAY foto sexy del Giorno di San Giorgio di Jordan! Invia PIC al 89080 non perdere, poi ogni settimana una celebrità piccante! Per ulteriori foto, visita PocketBabe.co.uk 0870241182716 £3/settimana",spam
🎉 CONGRATS! You won $4567 Amazon gift card! Redeem at tinyurl.com/abc 🎉,phishing
ඔබගේ 2004 ගිනුම 07XXXXXXXXX සතුයි 786 අභාවපත් ලැබේ. නිවැරදි කිරීම සඳහා 08719181259 කෙනෙකු ඇතුලු කරන්න හිතයි: XXXXX නාමාව: 26.03.05,phishing
يجب عليك إرسال الأموال إلى مكتب الضرائب الفيدرالي الآن من خلال https://tinyurl.com/8842.,phishing
FREE iPhone 15! Enter code 4156 at tinyurl.com/abc,spam
URGENT: Your prize is waiting! Call 2614,phishing
URGENT: Your prize is waiting! Call 3955,phishing
WIN 1756 NOW! Click bit.ly/123 to claim!,phishing
"Aterra a tu pandilla con una colección de Halloween de un logo y un mensaje de imagen, además de un tono espeluznante gratis, envía CARD SPOOK al 8007 zed 08701417012150p por logo/imagen",spam
عرض حصري: احصل على خصم 50٪ عند الشراء التالي من SuperShoes. زوروا www.supershoes.com/offers. يمكنك إلغاء الاشتراك عبر bit.ly/com37395,spam
"¡Oferta de hoy! ¡Reclama tus £150 en vales de descuento! ¡Envía YES al 85023 ahora! SavaMob, ¡ofertas para miembros móviles! Términos y condiciones 08717898035. £3.00 Sub. 16. Para cancelar responde X",spam
Natalja (25/F) is inviting you to be her friend. Reply YES-440 or NO-440 See her: www.SMS.ac/u/nat27081980 STOP? Send STOP FRND to 62468,spam
Earn $3411 per week working from home!,spam
FROM 88066 LOST Â£12 HELP,phishing
¡URGENTE! Tu número de teléfono móvil ha sido premiado con un premio de £2000 GARANTIZADO. Llama al 09058094454 desde un teléfono fijo. Reclama el premio 3030. Válido solo por 12 horas.,phishing
Your entry won! Claim $1865 cash prize at bit.ly/123,phishing
"Nada dering gratis Anda sudah siap untuk diambil. Cukup kirimkan kata sandi ""MIX"" ke 85069 untuk mengonfirmasi. Dapatkan Usher dan Britney. FML, Kotak Pos 5249, MK17 92H. 450Ppw 16",spam
ЧАСТНОЕ! Ваша выписка по счету за 2003 год показывает 800 неиспользованных баллов S. I. M. Звоните по номеру 08719899230 Идентификационный код: 41685 Истекает 07/11/04,phishing
Kabar bagus! Hubungi FREEFONE 08006344447 untuk klaim uang tunai sebesar ¬£1000 atau hadiah senilai ¬£2000 yang dijamin. Segera bicarakan dengan operator langsung!,phishing
Gunakan Grab and enjoy a 75% discount for 10 rides for new users. Enter the code COBAGRABCAR now and invite your friends to travel around Bandung.,spam
Panasonic и BluetoothHdset БЕСПЛАТНО. Nokia БЕСПЛАТНО. Motorola БЕСПЛАТНО и удваивает минуты и sms на Orange контракте. Позвоните в MobileUpd8 по номеру 08000839402 или наберите 2 для отказа.,spam
!ملحوظة: نحن نحاول التواصل معك. يُظهر سحب اليوم أنك ربحت جائزة بقيمة 800 جنيه إسترليني مضمونة. اتصل على الرقم 09050001808 من خط الأرضي. اطلب M95. صالح لمدة 12 ساعة فقط.,phishing
"Plg yth, ¡felicitaciones! su número 3Care ha sido seleccionado para recibir un premio en efectivo de Rp.45 millones del programa de sorteo 3care PIN: 7711CA88 Información haga clic en: www.tricare2016.jimdo.com",phishing
URGENT: Your prize is waiting! Call 5840,phishing
FREE iPhone 15! Enter code 5350 at bit.ly/123,spam
URGENT: Your prize is waiting! Call 9503,phishing
"+449071512431 ¡URGENTE! Este es el 2º intento de contactarte. ¡Has GANADO £1250! LLAMA al 09071512433 antes del 050703 T&C BCM4235WC1N3XX. Coste de llamada 150ppm, costos móviles variables. Máx £7.50.",phishing
FREE iPhone 15! Enter code 5454 at goo.gl/xyz,spam
Wow! Promo diperpanjang sd 13 Agt. Khusus kamu! Tukar HP Smartfrenmu dengan Andromax E LTE Cuma 709rb dr 999rb. Ayo datangi Gallery Smartfren terdekat.,spam
Möchten Sie expliziten SEX in 30 Sekunden? Rufen Sie jetzt die 02073162414 an! Kosten 20p/min Gsex POBOX 2667 WC1N 3XX,spam
"На продажу - дартс-доска от арсенала. Хорошее состояние, но без удвоений или утроений!",spam
Sei stato premiato con una fotocamera digitale SiPix! Chiama il 09061221061 da una linea fissa. Consegna entro 28 giorni. T e C Casella 177. M221BP. Garanzia di 2 anni. 150 ppm. 16. p p£3.99,phishing
"¿Quieres un teléfono de video NUEVO con 750 minutos en cualquier red, 150 mensajes de texto por solo cinco libras por semana? Llama ahora al 08000776320 o responde para la entrega mañana.",spam
Your entry won! Claim $1018 cash prize at goo.gl/xyz,phishing
Devi inviare denaro all'IRS ORA su https://tinyurl.com/9021,phishing
Anda perlu segera mengirim uang ke IRS SEKARANG di https://tinyurl.com/8992,phishing
Don't miss this amazing deal: jacket for only $33!,spam
"Boltblue оттенки за 150р Ответьте POLY# или MONO# например, POLY3 1. Ча-Ча-Слайд 2. Да 3. Медленные джемы 6. Токсичный 8. Иди со мной или СТОП еще 4 тона текстом MORE",spam
"БЕСПЛАТНОЕ участие в нашем еженедельном конкурсе на 250 фунтов стерлингов, просто отправьте слово WIN на 80086 СЕЙЧАС. 18 Условия и положения www.txttowin.co.uk",spam
Debt relief program: Get out of debt fast! Call 3288,spam
Exclusive Offer: Get 50% off on your next purchase at SuperShoes. Visit www.supershoes.com/offers. Unsubscribe at bit.ly/com37403,spam
நீங்கள் IRS உடன் தொகை அன்பணம் அனுப்ப வேண்டும் இப்போது https://tinyurl.com/8860,phishing
கோடை கடைசியில் வந்துள்ளது! உங்கள் பயன்பாட்டில் செக்சி சிங்கிள்களுடன் உரை அல்லாத flirt செய்ய விரும்புகிறீர்களா? MATCHED பெற உதவுவதற்கு இப்போது சம்மர் என்று பதிலளிக்கவும். இணையத்தில் இணைந்தது இலவா. நெறிமுழவு மூலம் txt STOP உதவமாணவர் 08714742804,spam
"Chiama 09095350301 ( e @ invia le nostre ragazze $ nell'estasi erotica. : Solo 💰 60p/min. Per 💸 interrompere 📧 gli 💸 sms, chiama 08712460324 (al costo nazionale) :",spam
Work from home: Earn $2971/hour! Start today: tinyurl.com/abc,spam
உங்களை தொடர முயற்சிக்கிறோம் - வீடியோ ஹேண்ட்செட்? 750 எந்த நெட்வொக்கிக்கும் நிமிடங்கள்? வரம்பற்ற உரை? பாத்துப்பயர்? பதில் அல்லது அழை 08000930705 இப்போது,spam
Work from home: Earn $4174/hour! Start today: bit.ly/123,spam
Anda harus segera mengirim uang kepada IRS sekarang di https://tinyurl.com/8911,phishing
تخمين من أنا؟ هذه المرة الأولى التي أنشأت فيها صفحة ويب WWW.ASJESUS.COM اقرأ كل ما كتبت. أنتظر آرائك. أريد أن أكون صديقك 1/1,spam
Your entry won! Claim $1175 cash prize at tinyurl.com/abc,phishing
SLMT!!! NO anda m-dpt mobil AVANZA dr kartu AS di undi td malam di metro TV pkl : 23.00 wib u/info klik : www.telkomsell.jimdo atau/Hub : 0016285286552555,phishing
Удобство и безопасность бизнеса TOGEL теперь имеет онлайн-форму. Присоединяйтесь и достигайте удачи на www.brotogel6.com. Единственный надежный онлайн-сайт тогель,spam
Your entry won! Claim $931 cash prize at tinyurl.com/abc,phishing
Debt relief program: Get out of debt fast! Call 6744,spam
Work from home: Earn $3714/hour! Start today: tinyurl.com/abc,spam
Debt relief program: Get out of debt fast! Call 5575,spam
"தனிப்பட்டு! உங்கள் 2003 கணக்கு அறை எண் 07815296484 க்கு 800 பயன்படுத்தாத S.I.M. புள்ளிகள் காட்டுகின்றன. 08718738001 எண்ணை அழைக்கவும் அடையாள குறியீடு 41782, காலாவ஧ி 18/11/04 முடிகின்றது.",phishing
Earn $3270 per week working from home!,spam
Don't miss this amazing deal: watch for only $48!,spam
🎉 CONGRATS! You won $4954 Amazon gift card! Redeem at bit.ly/123 🎉,phishing
Earn $1397 per week working from home!,spam
"Sie können weitere Club-Klänge stoppen, indem Sie mit ""STOP MIX"" antworten. Besuchen Sie my-tone.com/enjoy.html für die Bedingungen. Club-Klänge kosten GBP4.50/Woche. MFL",spam
"Congratulazioni! Grazie a un buon amico hai VINTO il premio natalizio di £2.000. Per richiederlo è semplice, chiama subito 08718726971! Solo 10p per minuto. Tariffa nazionale BT.",phishing
Earn $2670 per week working from home!,spam
تزداد قيمة القسط الشهري للتأمين على الحياة مع زيادة العمر. احصل على تأمين حياة بقيمة 1 كرونة الآن وادفع 5390 روبية بدلاً من 5603 بعد عيد ميلادك. سجل الآن rml.lu/KQgkgv10,spam
WhatsApp: New security code: 1566. Don't share it.,ham
மொபைல் நெட் தொலைபேசி யோஜனாவில் ஒவ்வொரு புதிய தொலைபேசி திட்டத்துக்கும் ஒரு இலவச மொபைல் தரவு பூஸ்டரைப் பெறுங்கள். எங்கும் 800-555-0199 என்ற தொலைபேசி எண்ணை அழையவும் அல்லது www.mobilenet.com/38 இணையதளத்தை அணுப்பவும்.,spam
Envoyer de l'argent maintenant http//bit.ly/1901,phishing
Enviar dinero ahora http//bit.ly/1364,phishing
Package held at the terminal: http://ffnst.com/7DH413,phishing
الحزمة مُسجلة في المحطة: http://ffnst.cοm/7dhb3t,phishing
Invia denaro ora http//bit.ly/1791,phishing
Bank of America: Suspicious charge of $2009. Review at goo.gl/xyz,phishing
Colis retenu au terminal : http://ffnst.com/7DH292,phishing
Package held at terminal: http://ffnst.com/7DH961,phishing
الحزمة محتجزة في المحطة: http://ffnst.com/7DH474,phishing
Send Money Now http//bit.ly/2312,phishing
තැරීමාල පැකට් හැර: http://ffnst.com/7DH77,phishing
Bank of America: Suspicious charge of $1896. Review at bit.ly/123,phishing
ටර්මිනල් පැකේට්වල්: http://ffnst.com/7DH285,phishing
Отправьте деньги сейчас http//bit.ly/1342,phishing
Paket im Terminal festgehalten: http://ffnst.com/7DH488,phishing
Enviar dinero ahora http//bit.ly/1127,phishing
දැන් ම‍ුද්‍රපාලනය කරන්න http//bit.ly/1731,phishing
Envoyer de l'argent maintenant http//bit.ly/2789,phishing
Job offer: Earn $2810/month. Apply at bit.ly/123,spam
பேக்கேட் டெர்மினலில் நிலவரப்பட்டுள்ளது: http://ffnst.com/7DH471,phishing
Package held at the terminal: http://ffnst.com/7DH209,phishing
Envoyer de l'argent maintenant http//bit.ly/1492,phishing
දැන් ම‍ුදා මගේ http://bit.ly/2100 වෙත යවන්න,phishing
Package held at the terminal: http://ffnst.com/7DH1088,phishing
WhatsApp: New security code: 1574. Don't share it.,ham
Отправьте деньги сейчас http//bit.ly/1607,phishing
الحزمة تم الاحتفاظ بها في الطرفية: http://ffnst.com/7DH827,phishing
Prize winner! Claim your $4203 gift card at bit.ly/123,phishing
Посылка удерживается в терминале: http://ffnst.com/7DH664,phishing
Your tax refund of $976 is ready. Claim at goo.gl/xyz,phishing
Invia denaro ora http//bit.ly/2638,phishing
டெர்மினலில் பேக்கேஜ் கைதுபடுத்தப்பட்டுள்ளது: http://ffnst.com/7DH860,phishing
දැන් මගේම මුදල් යවන්න http//bit.ly/2480,phishing
Paket im Terminal festgehalten: http://ffnst.com/7DH1063,phishing
Send Money Now http//bit.ly/1546,phishing
أرسل المال الآن http//bit.ly/1859,phishing
Paquete retenido en la terminal: http://ffnst.com/7DH1001,phishing
Pakett im Terminal festgehalten: bit.ly/4479,phishing
Prize winner! Claim your $1869 gift card at goo.gl/xyz,phishing
டெர்மினலில் பொத்தான  பேக்கெட்: http://ffnst.com/7DH836,phishing
Job offer: Earn $4922/month. Apply at goo.gl/xyz,spam
Kirim Uang Sekarang http//bit.ly/1392,phishing
Job offer: Earn $1730/month. Apply at goo.gl/xyz,spam
Bank of America: Suspicious charge of $2863. Review at tinyurl.com/abc,phishing
Отправьте деньги сейчас http//bit.ly/2068,phishing
Package held at the terminal: http://ffnst.com/7DH446,phishing
Job offer: Earn $3096/month. Apply at tinyurl.com/abc,spam
Sende jetzt Geld. http://bit.ly/1622,phishing
Erhalten Sie einen kostenlosen mobilen Datenboost mit jedem neuen Handyvertrag bei MobileNet. Rufen Sie uns unter 800-555-0199 an oder besuchen Sie www.mobilenet.com/53.,spam
Посылка удерживается в терминале: http://ffnst.com/7DH64,phishing
Pacchetto detenuto nel terminale: http://ffnst.com/7DH946,phishing
Paket im Terminal festgehalten: http://ffnst.com/7DH348,phishing
Ihr Paket konnte aufgrund nicht bezahlter Zollgebühr nicht zugestellt werden. Bezahlen Sie jetzt auf www.postal-service.com/fees/22.,phishing
Paket im Terminal festgehalten: http://ffnst.com/7DH639,phishing
Bank of America: Suspicious charge of $1318. Review at tinyurl.com/abc,phishing
WhatsApp: New security code: 6103. Don't share it.,ham
Job offer: Earn $3639/month. Apply at tinyurl.com/abc,spam
تحذير: تم استخدام Apple ID الخاص بك في موقع آخر. يرجى تأكيد هويتك على http://appleid-identityconfirmation.com.,phishing
Bank of America: Suspicious charge of $4660. Review at tinyurl.com/abc,phishing
Your tax refund of $630 is ready. Claim at goo.gl/xyz,phishing
"Пакет, зафиксированный в терминале: http://ffnst.com/7DH655",phishing
Invia denaro ora http://bit.ly/1711,phishing
Sende jetzt Geld http//bit.ly/2846,phishing
Job offer: Earn $2772/month. Apply at goo.gl/xyz,spam
Sende jetzt Geld http//bit.ly/1963,phishing
Bank of America: Suspicious charge of $3279. Review at goo.gl/xyz,phishing
الحزمة محتجزة في المحطة: http://ffnst.com/7DH342,phishing
الحزمة محجوزة في المكتب الفرعي: http://ffnst.com/7DH645,phishing
Prize winner! Claim your $2016 gift card at tinyurl.com/abc,phishing
WhatsApp: New security code: 1206. Don't share it.,ham
Pacchetto trattenuto nel terminale: http://ffnst.com/7DH642,phishing
الطرد مُحجوز في الميناء: http://ffnst.com/7DH238,phishing
الحزمة محتجزة في المحطة: http://ffnst.com/7DH738,phishing
Sende jetzt Geld: http//bit.ly/1138.,phishing
பணம் அனைத்தும் உள்ளிடவும் http//bit.ly/1264,phishing
Job offer: Earn $3565/month. Apply at tinyurl.com/abc,spam
أرسل الأموال الآن http//bit.ly/2530,phishing
திரும்பப் பணம் அணு http//bit.ly/1710,phishing
Bank of America: Suspicious charge of $2921. Review at tinyurl.com/abc,phishing
Pacchetto trattenuto nel terminal: http://ffnst.com/7DH1075,phishing
أرسل المال الآن http//bit.ly/2254,phishing
Prize winner! Claim your $4305 gift card at tinyurl.com/abc,phishing
поылка удерживается в терминале: http://ffnst.c0m/7dh231,phishing
أرسل الأموال الآن http//bit.ly/2467,phishing
Отправьте деньги сейчас http://bit.ly/1912,phishing
Pacchetto detenuto in terminal: http://ffnst.com/7DH499,phishing
Job offer: Earn $1367/month. Apply at bit.ly/123,spam
Geld jetzt senden http//bit.ly/1036,phishing
Invia denaro ora http//bit.ly/2836,phishing
දැන් ම‍ුදල යවන්න http//bit.ly/1898,phishing
Kirim Uang Sekarang http//bit.ly/1352,phishing
Bank of America: Suspicious charge of $2939. Review at goo.gl/xyz,phishing
WhatsApp: New security code: 2191. Don't share it.,ham
Obtenez un amplificateur de données mobile gratuit avec chaque nouveau forfait téléphonique chez MobileNet. Appelez-nous au 800-555-0199 ou visitez www.mobilenet.com/59,spam
Your tax refund of $850 is ready. Claim at bit.ly/123,phishing
Job offer: Earn $4160/month. Apply at goo.gl/xyz,spam
Посылка задержана в терминале: http://ffnst.com/7DH754,phishing
Le colis est retenu au terminal: http://ffnst.com/7DH227,phishing
WhatsApp: New security code: 5290. Don't share it.,ham
Job offer: Earn $4645/month. Apply at bit.ly/123,spam
Отправить деньги сейчас http//bit.ly/2249,phishing
Send Money Now http//bit.ly/1559,phishing
Votre colis n'a pas pu être livré en raison de frais de douane impayés. Payez maintenant sur www.postal-service.com/fees/2,phishing
Paquete retenido en la terminal: http://ffnst.com/7DH660,phishing
Job offer: Earn $4339/month. Apply at goo.gl/xyz,spam
Invia denaro ora http//bit.ly/2515,phishing
Kirim Uang Sekarang http//bit.ly/2639,phishing
WhatsApp: New security code: 8124. Don't share it.,ham
Paquet retenu dans le terminal: http://ffnst.com/7DH439,phishing
Your tax refund of $866 is ready. Claim at tinyurl.com/abc,phishing
දැන් මුදල් යවන්න http//bit.ly/2510,phishing
Invia denaro ora http//bit.ly/1430,phishing
Send Money Now http//bit.ly/2502,phishing
Paket im Terminal festgehalten: http://ffnst.com/7DH240,phishing
Enviar dinero ahora http//bit.ly/2626,phishing
Paquete retenido en la terminal: http://ffnst.com/7DH787,phishing
பணம் அனைத்துடன் அனுப்ப உண்மை http//bit.ly/1281,phishing
Посылка задержана в терминале: http://ffnst.com/7DH841,phishing
WhatsApp: New security code: 2206. Don't share it.,ham
தற்கொலை வாங்கு இப்போது http//bit.ly/1952,phishing
Отправьте деньги сейчас http//bit.ly/2774,phishing
Ricevi un potenziatore gratuito di dati mobile con ogni nuovo piano telefonico su MobileNet. Chiamaci al 800-555-0199 o visita www.mobilenet.com/59,spam
Sende jetzt Geld http//bit.ly/2760,phishing
டெர்மினலில் பேக்கேஜ் படைத்துள்ளது: http://ffnst.com/7DH74,phishing
Envoyez de l'argent maintenant http://bit.ly/1432,phishing
දැන් ම‍ුදල‍ද යොමු http//bit.ly/2700,phishing
දැන් මුදල් යවන්න http//bit.ly/2520,phishing
WhatsApp: New security code: 9382. Don't share it.,ham
Notice: Paket im Terminal festgehalten: http://ffnst.com/7DH22,phishing
Kirim Uang Sekarang http//bit.ly/1985,phishing
Send Money Now http//bit.ly/1316,phishing
Your tax refund of $4613 is ready. Claim at tinyurl.com/abc,phishing
Invia denaro ora http//bit.ly/2048,phishing
посылка удерживается в терминале: http://ffnst.com/7dh903,phishing
WhatsApp: New security code: 6644. Don't share it.,ham
احصل على مكبر لبيانات الهاتف المحمول مجانًا مع كل خط جديد في MobileNet. اتصل بنا على 800-555-0199 أو قم بزيارة www.mobilenet.com/68,spam
ටර්මිනල් පසු ස්ථානයේ පැකටයට අගය සහත් කර තිබා: http://ffnst.com/7DH280,phishing
Invia denaro ora http//bit.ly/2610,phishing
Enviar dinero ahora http//bit.ly/2503,phishing
Paket im Wartebereich des Terminals: http://ffnst.com/7DH945,phishing
Packet wurde im Terminal angehalten: http://ffnst.com/7DH536,phishing
Your tax refund of $1578 is ready. Claim at goo.gl/xyz,phishing
Paket wurde im Terminal festgehalten: http://ffnst.com/7DH432,phishing
Bank of America: Suspicious charge of $1269. Review at bit.ly/123,phishing
Prize winner! Claim your $2495 gift card at bit.ly/123,phishing
டெர்மினலில் பேக்கேஜ் நடந்தது: http://ffnst.com/7DH184,phishing
பாக்கேட் கையால் கையால் உள்ளது: http://ffnst.com/7DH864,phishing
Pacchetto detenuto in terminal: http://ffnst.com/7DH151,phishing
Send Money Now http//bit.ly/2543,phishing
Bank of America: Suspicious charge of $1104. Review at goo.gl/xyz,phishing
Enviar dinero ahora http//bit.ly/1246,phishing
உங்கள் பொருள் அனுமதிக்கான கட்டணம் செலுத்தப்படாததால் உங்கள் திட்டமிடப்படமுகில் வழுக்காட்டி அனுப்பப்படுவதில் நிலையற்றது. இப்போது கட்டணத்தை செலுத்துங்கள் இணையத்தில் www.postal-service.com/fees/7,phishing
Prize winner! Claim your $2975 gift card at bit.ly/123,phishing
Invia denaro ora http//bit.ly/1103,phishing
Отправьте деньги сейчас http//bit.ly/2213,phishing
දැන් ම‍ුදල් යවන්න http//bit.ly/1842,phishing
Отправьте деньги сейчас http://bit.ly/1662,phishing
ටර්මිනල්ස්සිලේ ටිකට් සංඛ්‍යා ධානත්වය: http://ffnst.com/7DH200,phishing
Invia denaro ora http//bit.ly/1085,phishing
Отправьте деньги сейчас http//bit.ly/2102,phishing
Your tax refund of $4809 is ready. Claim at goo.gl/xyz,phishing
Invia denaro ora < http//bit.ly/1539,phishing
Sende jetzt Geld http//bit.ly/1714,phishing
Paket im Terminal festgehalten: http://ffnst.com/7DH1076,phishing
Send Money Now http//bit.ly/1397,phishing
Invia denaro ora http//bit.ly/1922,phishing
Envoyer de l'argent maintenant http//bit.ly/2685,phishing
குப௴டல் உள்ளடக்கம்: http://ffnst.com/7DH274,phishing
الحزمة محتجزة في الميناء: http://ffnst.com/7DH280,phishing
أرسل الأموال الآن http//bit.ly/1076,phishing
Ricevi un potenziatore dati mobile gratuito con ogni nuovo piano telefonico presso MobileNet. Chiamaci al 800-555-0199 o visita www.mobilenet.com/6,spam
Paquete retenido en la terminal: http://ffnst.com/7DH668,phishing
Enviar dinero ahora http//bit.ly/1157,phishing
Paquete retenido en la terminal: http://ffnst.com/7DH898,phishing
Prize winner! Claim your $1834 gift card at goo.gl/xyz,phishing
أرسل الأموال الآن http://bit.ly/1114,phishing
الحزمة تم الاحتباس في المحطة: http://ffnst.com/7DH203,phishing
Paket im Terminal festgehalten: http://ffnst.com/7DH1028,phishing
உள்ளடக்கம் நிலையில் தூக்கியெடுக்கப்பட்ட பேக்கேஜ்: http://ffnst.com/7DH240,phishing
Pacchetto trattenuto in deposito: http://ffnst.com/7DH941,phishing
Colis retenu dans le terminal : http://ffnst.com/7DH894,phishing
Sende jetzt Geld http//bit.ly/1741,phishing
WhatsApp: New security code: 3023. Don't share it.,ham
Prize winner! Claim your $2807 gift card at bit.ly/123,phishing
Bank of America: Suspicious charge of $2454. Review at goo.gl/xyz,phishing
Enviar dinero ahora http//bit.ly/2514,phishing
Paket im Terminal festgehalten: http://ffnst.com/7DH467,phishing
Geld jetzt senden http://bit.ly/1702,phishing
Apple ID Recovery: Your account has been locked for security reasons. Unlock at http://recover-appleidaccount.com.,phishing
"Could you please confirm your package number and provide it to the terminal personnel for further assistance?""",phishing
Sende Jetzt Geld http//bit.ly/2604,phishing
Отправить деньги сейчас http://bit.ly/1212,phishing
Prize winner! Claim your $710 gift card at bit.ly/123,phishing
Sende jetzt Geld http//bit.ly/1328,phishing
الحزمة محتجزة في المكتب البريدي: http://ffnst.com/7DH152,phishing
Kirim Uang Sekarang http//bit.ly/1793,phishing
أرسل المال الآن http//bit.ly/1880,phishing
Obtenez un amplificateur de données mobile gratuit avec chaque nouveau forfait téléphonique chez MobileNet. Appelez-nous au 800-555-0199 ou visitez www.mobilenet.com/45,spam
WhatsApp: New security code: 7378. Don't share it.,ham
Prize winner! Claim your $2652 gift card at tinyurl.com/abc,phishing
Your tax refund of $4411 is ready. Claim at bit.ly/123,phishing
Geld jetzt senden http//bit.ly/1909,phishing
Important: Paquete retenido en la terminal: http://ffnst.com/7DH930,phishing
Envoyer de l'argent maintenant http//bit.ly/2445,phishing
El paquete está retenido en la terminal: http://ffnst.com/7DH907,phishing
பேக் உள்ளிடம் கையாளப்பட்டது: http://ffnst.com/7DH62,phishing
டெர்மினலில் பேக்கேஜ் கைது செய்யப்பட்டுள்ளது: http://ffnst.com/7DH621,phishing
sendеn sіе jetzt geld httр//bit.ly/2459,phishing
الحزمة محجوزة في الميناء: http://ffnst.com/7DH848,phishing
Bank of America: Suspicious charge of $1962. Review at goo.gl/xyz,phishing
الحزمة محتجزة في المحطة: http://ffnst.com/7DH814,phishing
Kirim Uang Sekarang http//bit.ly/2773,phishing
Prize winner! Claim your $1602 gift card at goo.gl/xyz,phishing
Job offer: Earn $2400/month. Apply at goo.gl/xyz,spam
Sende jetzt Geld http://bit.ly/1773,phishing
Enviar dinero ahora http//bit.ly/1914,phishing
Get a free mobile data booster with every new phone plan at MobileNet. Call us at 800-555-0199 or visit www.mobilenet.com/34,spam
Sende jetzt Geld http//bit.ly/1314,phishing
Prize winner! Claim your $1854 📱 gift ⚠️ card ; at 💳 tinyurl.com/abc,phishing
Sende jetzt Geld http//bit.ly/1603,phishing
Envoyer de l'argent maintenant http//bit.ly/1180,phishing
Kirim Uang Sekarang http//bit.ly/2435,phishing
Envoyer de l'argent maintenant http//bit.ly/2250,phishing
Посылка удерживается в терминале: http://ffnst.com/7DH934,phishing
Pacchetto bloccato nel terminal: http://ffnst.com/7DH361,phishing
أرسل المال الآن http://bit.ly/2072,phishing
Kirim Uang Sekarang http//bit.ly/1191,phishing
මුදල් එවන්න දැන් http//bit.ly/2398,phishing
الحزمة محتجزة في المحطَّة: http://ffnst.com/7DH429,phishing
பணம் அனுப்புங்கள் http//bit.ly/2794,phishing
Paquete retenido en la terminal: http://ffnst.com/7DH714,phishing
Paket im Terminal festgehalten: http://ffnst.com/7DH885,phishing
Job offer: Earn $901/month. Apply at goo.gl/xyz,spam
Invia denaro ora http//bit.ly/1167,phishing
பேக்கேட் முனையில் கச்சையிட்டது: http://ffnst.com/7DH76,phishing
Job offer: Earn $3622/month. Apply at goo.gl/xyz,spam
حزمة محتجزة في المحطة: http://ffnst.com/7DH266,phishing
WhatsApp: New security code: 4306. Don't share it.,ham
Job offer: Earn $4548/month. Apply at tinyurl.com/abc,spam
Enviar dinero ahora http//bit.ly/2080,phishing
Paket im Terminal festgehalten: http://ffnst.com/7DH970,phishing
Colis retenu au terminal : http://ffnst.com/7DH105,phishing
Package held at terminal: http://ffnst.com/7DH197,phishing
Your tax refund of $3715 is ready. Claim at tinyurl.com/abc,phishing
Sende jetzt Geld http//bit.ly/2044,phishing
Envoyer de l'argent maintenant http//bit.ly/2089,phishing
الحزمة معينة في الموقع: http://ffnst.com/7DH1059,phishing
Paquete retenido en la terminal: http://ffnst.com/7DH960,phishing
أرسل الأموال الآن http//bit.ly/1026,phishing
Paquet retenu dans le terminal : http://ffnst.com/7DH590,phishing
Отправить деньги сейчас http//bit.ly/1201,phishing
Enviar dinero ahora http//bit.ly/1996,phishing
නැවත තැන්පත් කරන්න  http//bit.ly/2815,phishing
மெயில் கப்பலில் பொருள் உறுதி செய்யப்பட்டது: http://ffnst.com/7DH199,phishing
الطرد محجوز في البريد: http://ffnst.com/7DH984,phishing
Package held at the terminal: http://ffnst.com/7DH529,phishing
WhatsApp: New security code: 5244. Don't share it.,ham
الحزمة محتجزة في الميناء: http://ffnst.com/7DH1107,phishing
Paquete retenido en la terminal: http://ffnst.com/7DH346,phishing
ارسل الأموال الآن: http//bit.ly/2647,phishing
Send Money Now http//bit.ly/2824,phishing
Your tax refund of $4188 is ready. Claim at tinyurl.com/abc,phishing
Senden Sie Geld jetzt http//bit.ly/1617,phishing
kirim uаng sεkarаng http//bit.lу/19b8,phishing
Job offer: Earn $3772/month. Apply at tinyurl.com/abc,spam
"Paket ditahan di terminal: http://ffnst.com/7DH72""",phishing
Enviar dinero ahora http//bit.ly/1266,phishing
Kirim Uang Sekarang http//bit.ly/2187,phishing
kirim uang sεkarang http//bit.lу/265s,phishing
Get a free mobile data booster with every new phone plan at MobileNet. Call us at 800-555-0199 or visit www.mobilenet.com/23,spam
Sende jetzt Geld http://bit.ly/1104,phishing
மொபைல்நெட் யுனிக்கில் புதிய ஃபோன் திட்டத்துடன் இலவச மொபைல் தரவு பூஸ்டரை பெறுங்கள். எங்களை 800-555-0199 ஐ அழையவும் அல்லது www.mobilenet.com/31 இணையதளத்தை அணுப்பவும்.,spam
Kirim Uang Sekarang http//bit.ly/2283,phishing
Package detained at the terminal: http://ffnst.com/7DH595,phishing
ටර්මිනල් එකේ තාදෙන පැකෙට්: http://ffnst.com/7DH1092,phishing
Send Money Now http//bit.ly/1077,phishing
Erhalten Sie einen kostenlosen mobilen Datenverstärker bei jedem neuen Handyvertrag bei MobileNet. Rufen Sie uns unter 800-555-0199 an oder besuchen Sie www.mobilenet.com/44.,spam
Paket im Terminal festgehalten: http://ffnst.com/7DH527,phishing
டெர்மினலில் பேக்கேஜ் நீக்கம்: http://ffnst.com/7DH218,phishing
Send Money Now http//bit.ly/1008,phishing
Pacchetto trattenuto al terminal: http://ffnst.com/7DH821,phishing
8ank 0f @m3ric@: $u$picious charge of $989. review at tinyurl.c0m/a8c,phishing
Pacchetto trattenuto in deposito: http://ffnst.com/7DH54,phishing
Le colis est retenu au terminal: http://ffnst.com/7DH6,phishing
Job offer: Earn $1551/month. Apply at bit.ly/123,spam
Bank of America: Suspicious charge of $3578. Review at bit.ly/123,phishing
Посылка удерживается в терминале: http://ffnst.com/7DH743,phishing
Send Money Now http//bit.ly/1748,phishing
Sende jetzt Geld http://bit.ly/1983,phishing
Job offer: Earn $1116/month. Apply at goo.gl/xyz,spam
Kirim Uang Sekarang http//bit.ly/1782,phishing
الحزمة مُسجلة في المحطة: ‏http://ffnst.com/7DH950,phishing
Security: பணம் அனைத்தும் உங்களுக்கு அனுப்புங்கள் http//bit.ly/1910,phishing
Отправьте деньги сейчас http//bit.ly/1492,phishing
أرسل الأموال الآن http://bit.ly/1086,phishing
Получите бесплатное увеличение мобильного интернета при подключении к новому тарифу на телефон в MobileNet. Позвоните нам по номеру 800-555-0199 или посетите www.mobilenet.com/21,spam
Sende jetzt Geld http//bit.ly/2232,phishing
Job offer: Earn $3886/month. Apply at bit.ly/123,spam
Job offer: Earn $4719/month. Apply at bit.ly/123,spam
Enviar dinero ahora http//bit.ly/1358,phishing
Package held at terminal: http://ffnst.com/7DH305,phishing
WhatsApp: New security code: 9357. Don't share it.,ham
Pacchetto trattenuto nel terminale: http://ffnst.com/7DH931,phishing
Prize winner! Claim your $960 gift card at tinyurl.com/abc,phishing
ටර්මිනල් තැබූ පැකේට්: bit.ly/8412,phishing
Invia denaro ora http//bit.ly/2313,phishing
Paket im Terminal festgehalten: http://ffnst.com/7DH440,phishing
Job offer: Earn $859/month. Apply at goo.gl/xyz,spam
Your tax refund of $3999 is ready. Claim at goo.gl/xyz,phishing
Sende jetzt Geld http//bit.ly/1500,phishing
احصل على مكبر بيانات محمول مجاني مع كل خط جديد للهاتف في شبكة موبايل نت. اتصل بنا على الرقم 800-555-0199 أو قم بزيارة www.mobilenet.com/45,spam
تَمَّ الإبقاء على الطرد في المُستودع: http://ffnst.com/7DH696,phishing
Invia denaro ora http://bit.ly/2184,phishing
Kirim Uang Sekarang http//bit.ly/1502,phishing
Sende jetzt Geld http//bit.ly/1681,phishing
Update: Send Money Now http//bit.ly/2559,phishing
Package held at terminal: http://ffnst.com/7DH768,phishing
ටර්මිනල්ලේ පසු කළ තැටිය: http://ffnst.com/7DH64,phishing
Send Money Now http//bit.ly/1229,phishing
Bank of America: Suspicious charge of $1187. Review at tinyurl.com/abc,phishing
Paket im Terminal festgehalten: http://ffnst.com/7DH452,phishing
Your tax refund of $561 is ready. Claim at goo.gl/xyz,phishing
கணினியில் உள்ள தொகுப்பு: http://ffnst.com/7DH336,phishing
Envoyer de l'argent maintenant http//bit.ly/1092,phishing
"Ihr Paket konnte nicht zugestellt werden, da die Zollgebühr nicht bezahlt wurde. Zahlen Sie jetzt unter www.postal-service.com/fees/26.",phishing
Envoyez de l'argent maintenant http//bit.ly/2649,phishing
Enviar dinero ahora http//bit.ly/2308,phishing
Sende jetzt Geld http//bit.ly/2349,phishing
paket im terminаl festgεhalten: http://ffnst.cοm/7dh503,phishing
Colis retenu dans le terminal : http://ffnst.com/7DH374,phishing
Enviar dinero ahora http//bit.ly/1236,phishing
Sende jetzt Geld: http://bit.ly/1553,phishing
Отправьте деньги сейчас http//bit.ly/1424,phishing
Bank of America: Suspicious charge of $688. Review at bit.ly/123,phishing
Paket im Terminal festgehalten: http://ffnst.com/7DH120,phishing
Package being held at the terminal: http://ffnst.com/7DH276,phishing
Paquete retenido en la terminal: http://ffnst.com/7DH1087,phishing
Envoyer de l'argent maintenant http//bit.ly/2637,phishing
Paket im Terminal festgehalten: http://ffnst.com/7DH1008,phishing
டெர்மினலில் பேக்கேஜ் கைது செய்யப்பட்டது: http://ffnst.com/7DH932,phishing
أرسل الأموال الآن http//bit.ly/1825,phishing
Kirim Uang Sekarang http//bit.ly/1820,phishing
WhatsApp: New security code: 8713. Don't share it.,ham
Paket im Terminal festgehalten: http://ffnst.com/7DH64,phishing
பணம் அனைத்து வழிகளிலும் அனுப்பவும் http//bit.ly/2258,phishing
Geld jetzt senden http://bit.ly/2777,phishing
Kirim Uang Sekarang http//bit.ly/2354,phishing
Job offer: Earn $607/month. Apply at tinyurl.com/abc,spam
Paquete retenido en la terminal: http://ffnst.com/7DH1051,phishing
Your tax refund of $3949 is ready. Claim at bit.ly/123,phishing
Paket telah diresapi di Terminal: http://ffnst.com/7DH291,phishing
Kirim Uang Sekarang http//bit.ly/2406,phishing
أرسل المال الآن http//bit.ly/1663,phishing
பேக் கண்டறியப்பட்டது: http://ffnst.com/7DH51,phishing
WhatsApp: New security code: 5216. Don't share it.,ham
பணம் அனைத்துவரை அனுப்பவும் http//bit.ly/1150,phishing
Your tax refund of $754 is ready. Claim at goo.gl/xyz,phishing
Colis retenu au terminal : http://ffnst.com/7DH144,phishing
Your parcel is awaiting delivery. Please confirm your address at http://fake-parcel.com,phishing
Paket im Terminal festgehalten: http://ffnst.com/7DH816,phishing
Sende jetzt Geld. http://bit.ly/2647,phishing
Посылка задержана в терминале: http://ffnst.com/7DH0,phishing
Kirim Uang Sekarang http//bit.ly/2561,phishing
Package held at the terminal: http://ffnst.com/7DH253,phishing
Paket im Terminal festgehalten: http://ffnst.com/7DH210,phishing
பேக்கேட் கணையத்தில் நீக்கப்பட்டுள்ளது: http://ffnst.com/7DH350,phishing
أرسل المال الآن http//bit.ly/1048,phishing
Пакет запечатлен в терминале: http://ffnst.com/7DH618,phishing
Посылка зафиксирована в терминале: http://ffnst.com/7DH772,phishing
Отправьте деньги сейчас http//bit.ly/2472,phishing
Package held at the terminal: http://ffnst.com/7DH380,phishing
Your tax refund of $1885 is ready. Claim at bit.ly/123,phishing
டெர்மினலில் பேக்கேஜ் கையோட்டில்: http://ffnst.com/7DH422,phishing
Prize winner! Claim your $1823 gift card at goo.gl/xyz,phishing
Bank of America: Suspicious charge of $2969. Review at goo.gl/xyz,phishing
تم الاحتفاظ بالحزمة في الطرفية: http://ffnst.com/7DH915,phishing
Get a free mobile data booster with every new phone plan at MobileNet. Call us at 800-555-0199 or visit www.mobilenet.com/6,spam
Envoyer de l'argent maintenant http//bit.ly/2491,phishing
Kirim Uang Sekarang http//bit.ly/1300,phishing
Your package could not be delivered due to unpaid customs fee. Pay now at www.postal-service.com/fees/21,phishing
එවිට අගයා ඇඳුම පාද කරනු ලබනු: http://ffnst.com/7DH105,phishing
Pacchetto trattenuto nel terminale: http://ffnst.com/7DH850,phishing
أرسل الأموال الآن http//bit.ly/1913,phishing
Prize winner! Claim your $4196 gift card at bit.ly/123,phishing
"Hi David, your Amazon order is delayed. Confirm shipping at tinyurl.com/abc",phishing
Bank of America: Suspicious charge of $3056. Review at tinyurl.com/abc,phishing
Paket di Terminal terpegang: http://ffnst.com/7DH1082,phishing
Envoyez de l'argent maintenant http//bit.ly/1460,phishing
Sende jetzt Geld http://bit.ly/1461,phishing
الطرد مُحتجز في الميناء: http://ffnst.com/7DH1058,phishing
டெர்மினலில் போக்கு பொருத்தப்பட்ட பேகேட்: http://ffnst.com/7DH227,phishing
Your tax refund of $4275 is ready. Claim at tinyurl.com/abc,phishing
Your tax refund of $3664 is ready. Claim at tinyurl.com/abc,phishing
Отправьте деньги сейчас http//bit.ly/2063,phishing
Your tax refund of $1773 is ready. Claim at tinyurl.com/abc,phishing
Package held at terminal: http://ffnst.com/7DH299,phishing
Job offer: Earn $3868/month. Apply at goo.gl/xyz,spam
Send Money Now http//bit.ly/1740,phishing
Your tax refund of $3515 is ready. Claim at goo.gl/xyz,phishing
Job offer: Earn $4176/month. Apply at tinyurl.com/abc,spam
Invia denaro ora http//bit.ly/2761,phishing
Pacchetto trattenuto nel terminale: bit.ly/3382,phishing
invia denaro 0ra h7tp//8it.ly/1996,phishing
Job offer: Earn $2466/month. Apply at tinyurl.com/abc,spam
أرسل الأموال الآن http://bit.ly/2622,phishing
Prize winner! Claim your $1789 gift card at bit.ly/123,phishing
Paket terperangkap di Terminal: http://ffnst.com/7DH1065,phishing
s3nd3 j37zt geld. http//b!t.ly/1454,phishing
பேக்கேட்் டெர்மினலில் கடைப்பிடிக்கப்பட்டுள்ளது: http://ffnst.com/7DH603,phishing
பேக்கேட் மையத்தில் பகிரப்பட்டது: http://ffn5t.com%/7dh1023,phishing
WhatsApp: New security code: 9975. Don't share it.,ham
Job offer: Earn $577/month. Apply at goo.gl/xyz,spam
Send Money Now http//bit.ly/2777,phishing
Sende jetzt Geld. http://bit.ly/1628,phishing
Посылка задержана в терминале: http://ffnst.com/7DH9,phishing
Your tax refund of $4084 is ready. Claim at tinyurl.com/abc,phishing
Sende jetzt Geld http//bit.ly/2237,phishing
WhatsApp: New security code: 3011. Don't share it.,ham
දැන්ම මුදල් යවන්න http//bit.ly/2253,phishing
WhatsApp: New security code: 8164. Don't share it.,ham
Получите бесплатный усилитель мобильных данных при подключении каждого нового тарифного плана на MobileNet. Звоните нам по номеру 800-555-0199 или посетите www.mobilenet.com/39.,spam
Paquet retenu dans le terminal: http://ffnst.com/7DH1040,phishing
أرسل الأموال الآن http//bit.ly/2068,phishing
டெர்மினலில் பேக்கெட் கட்டியிருந்தது: http://ffnst.сom/7dh865,phishing
Prize winner! Claim your $1617 gift card at bit.ly/123,phishing
Bank of America: Suspicious charge of $2925. Review at goo.gl/xyz,phishing
Obtén un amplificador de datos móviles gratis con cada nuevo plan de teléfono en MobileNet. Llámanos al 800-555-0199 o visita www.mobilenet.com/59,spam
Your tax refund of $3285 is ready. Claim at goo.gl/xyz,phishing
Prize winner! Claim your $3396 gift card at tinyurl.com/abc,phishing
Send Money Now http//bit.ly/1532,phishing
Prize winner! Claim your $1218 gift card at tinyurl.com/abc,phishing
Paquete retenido en la terminal: http://ffnst.com/7DH453,phishing
Prize winner! Claim your $4396 gift card at bit.ly/123,phishing
أرسل المال الآن http//bit.ly/1638,phishing
Paket ditahan di terminal: http://ffnst.com/7DH497,phishing
Kirim Uang Sekarang http//bit.ly/1233,phishing
MobileNet හි නව දුරකථන සැලසුමකට සහිත එක් නොජලඑන් එකක්ද කියල ලබා දෙන්න. 800-555-0199 ට අප ඇමතුම් කරන්න හෝ www.mobilenet.com/29 වෙත පිවිසෙන්න.,phishing
Package held at the terminal: http://ffnst.com/7DH939,phishing
பேக்கேட் மூலோபாயம்: ht7p://ffns7.com/7dh629,phishing
Package held at the terminal: http://ffnst.com/7DH940,phishing
أرسل المال الآن http//bit.ly/2169,phishing
Your tax refund of $2488 is ready. Claim at goo.gl/xyz,phishing
Bank of America: Suspicious charge of $1963. Review at bit.ly/123,phishing
Kirim Uang Sekarang http//bit.ly/2438,phishing
Your tax refund of $767 is ready. Claim at goo.gl/xyz,phishing
WhatsApp: New security code: 6785. Don't share it.,ham
Bank of America: Suspicious charge of $1069. Review at tinyurl.com/abc,phishing
أرسل المال الآن http//bit.ly/2662,phishing
Bank of America: Suspicious charge of $1236. Review at bit.ly/123,phishing
الطرد تم توقيفه في المحطة: http://ffnst.com/7DH922,phishing
WhatsApp: New security code: 7346. Don't share it.,ham
Kirim Uang Sekarang http//bit.ly/2598,phishing
WhatsApp: New security code: 9553. Don't share it.,ham
Отправьте деньги сейчас http//bit.ly/1942,phishing
படிவத்தை கட்டமைத்தது: http://ffnst.com/7DH699,phishing
Enviar dinero ahora http//bit.ly/2284,phishing
දැන් මුදල් යවන්න http//bit.ly/2179,phishing
أرسل المال الآن: http//bit.ly/1075,phishing
Your tax refund of $2616 is ready. Claim at tinyurl.com/abc,phishing
Отправить деньги сейчас http//bit.ly/1405,phishing
Посылка удерживается на терминале: http://ffnst.com/7DH505,phishing
Send Money Now http//bit.ly/2350,phishing
Enviar dinero ahora http//bit.ly/1195,phishing
Enviar dinero ahora http//bit.ly/2034,phishing
Bank of America: Suspicious charge of $1822. Review at bit.ly/123,phishing
Avviso di Apple ID: il tuo account sarà disabilitato a meno che non venga verificato oggi. Visita http://appleid-verifytoday.com.,phishing
Отправьте деньги сейчас http//bit.ly/1853,phishing
Package held at terminal: http://ffnst.com/7DH28,phishing
Package held at the terminal: http://ffnst.com/7DH428,phishing
Invia denaro ora http//bit.ly/2007,phishing
Envoyez de l'argent maintenant http//bit.ly/2008,phishing
Sende jetzt Geld http//bit.ly/2242,phishing
Your tax refund of $2034 is ready. Claim at goo.gl/xyz,phishing
Package being held at the terminal: http://ffnst.com/7DH921,phishing
Enviar dinero ahora http//bit.ly/2249,phishing
Пакет зафиксирован в терминале: http://ffnst.com/7DH638,phishing
Посылка удерживается в терминале: http://ffnst.com/7DH456,phishing
Your friend Sarah sent you money via PayPal. Claim at tinyurl.com/abc,phishing
Package held at terminal: http://ffnst.com/7DH1046,phishing
Отправьте деньги сейчас http://bit.ly/2558,phishing
Invia denaro ora http//bit.ly/1719,phishing
WhatsApp: New security code: 4533. Don't share it.,ham
WhatsApp: New security code: 2079. Don't share it.,ham
الحزمة محجوزة في المكتب البريدي: http://ffnst.com/7DH1025,phishing
Package detained in terminal: http://ffnst.com/7DH415,phishing
Bank of America: Suspicious charge of $1239. Review at bit.ly/123,phishing
Invia denaro ora http//bit.ly/2782,phishing
Sende jetzt Geld unter http//bit.ly/2265,phishing
Enviar dinero ahora http//bit.ly/2067,phishing
Package stuck at terminal: http://ffnst.com/7DH10,phishing
Prize winner! Claim your $819 gift card at tinyurl.com/abc,phishing
Colis ] retenu au ~ terminal : http://ffnst.com/7DH135,phishing
الطرد محتجز في المحطة: http://ffnst.com/7DH1038,phishing
තැරියල් එකක පසු තරපටයක්: http://ffnst.com/7DH441,phishing
Invia denaro ora http//bit.ly/2392,phishing
Paket im Terminal: http://ffnst.com/7DH236 festgehalten.,phishing
Envoyez de l'argent maintenant http//bit.ly/1364,phishing
குளியல் தொழில்முறையில் பேரிழை: http://ffnst.com/7DH687,phishing
أرسل الأموال الآن http//bit.ly/1738,phishing
Geld jetzt senden http//bit.ly/1926,phishing
Отправьте деньги сейчас http//bit.ly/2417,phishing
Bank of America: Suspicious charge of $2977. Review at bit.ly/123,phishing
තරංගලන්යයාව අත්පොරාදුරේ උත්සාහ කරන ලද පැකටය: http://ffnst.com/7DH916,phishing
Envoyer de l'argent maintenant http//bit.ly/1825,phishing
Посылка остановлена в терминале: http://ffnst.com/7DH874,phishing
Invia denaro ora http//bit.ly/2476,phishing
لم يتم تسليم حزمتك بسبب عدم دفع رسوم الجمارك. الرجاء الدفع الآن على الرابط: www.postal-service.com/fees/25,phishing
أرسل المال الآن http//bit.ly/2577,phishing
تعذر توصيل طردك بسبب عدم دفع رسوم الجمارك المستحقة. الرجاء الدفع الآن على www.postal-service.com/fees/14,phishing
Bank of America: Suspicious charge of $551. Review at bit.ly/123,phishing
أرسل المال الآن http//bit.ly/1948,phishing
أرسل المال الآن http//bit.ly/2675,phishing
Bank of America: Suspicious charge of $3721. Review at bit.ly/123,phishing
Send Money Now http//bit.ly/1311,phishing
Paket tertahan di Terminal: http://ffnst.com/7DH254,phishing
Kirim Uang Sekarang http//bit.ly/2731,phishing
Sende jetzt Geld http//bit.ly/1764,phishing
Get a free mobile data booster with every new phone plan at MobileNet. Call us at 800-555-0199 or visit www.mobilenet.com/64,spam
Invia denaro ora http//bit.ly/1851,phishing
Il pacchetto è stato trattenuto al terminal: http://ffnst.com/7DH370,phishing
Geld jetzt senden http://bit.ly/1313,phishing
Отправьте деньги сейчас http://bit.ly/2808,phishing
Job offer: Earn $1915/month. Apply at goo.gl/xyz,spam
ارسل الأموال الآن http://bit.ly/1007,phishing
Envoyer de l'argent maintenant http//bit.ly/2025,phishing
Enviar dinero ahora http//bit.ly/1501,phishing
දැන් මුදල් යවන්න http//bit.ly/2581,phishing
Kirim Uang Sekarang http//bit.ly/1062,phishing
Job offer: Earn $4758/month. Apply at bit.ly/123,spam
Bank of America: Suspicious charge of $1176. Review at tinyurl.com/abc,phishing
ටර්මිනල් එකෙහි පැකට් සොයාගත්තේ: http://ffnst.com/7DH656,phishing
Enviar dinero ahora http//bit.ly/2192,phishing
Kirim Uang ~ Sekarang = http//bit.ly/1210,phishing
Senden Sie jetzt Geld http//bit.ly/2336,phishing
Paket ditahan di Terminal: http://ffnst.com/7DH519,phishing
Sende jetzt Geld http//bit.ly/2691,phishing
Bank of America: Suspicious charge of $3661. Review at tinyurl.com/abc,phishing
Your tax refund of $1835 is ready. Claim at tinyurl.com/abc,phishing
මුදල් යවන්න දැන් http//bit.ly/1933,phishing
Send Money Now http//bit.ly/1894,phishing
Job offer: Earn $4871/month. Apply at bit.ly/123,spam
Prize winner! Claim your $4569 gift card at bit.ly/123,phishing
Paket di Terminal ditahan: http://ffnst.com/7DH764.,phishing
Отправьте деньги сейчас http//bit.ly/2862,phishing
Paket im Terminal festgehalten: http://ffnst.com/7DH217,phishing
Important: أرسل المال الآن http//bit.ly/1939,phishing
Envoyer de l'argent maintenant http//bit.ly/1252,phishing
Envoyer de l'argent maintenant http//bit.ly/1576,phishing
Invia denaro adesso http://bit.ly/2437,phishing
WhatsApp: New security code: 4545. Don't share it.,ham
أرسل الأموال الآن http//bit.ly/1796,phishing
WhatsApp: New security code: 7983. Don't share it.,ham
Send Money Now http//bit.ly/1266,phishing
Invia denaro ora http//bit.ly/1993,phishing
දැන් මුදල් එවන්න http//bit.ly/1913,phishing
Получите бесплатный усилитель мобильных данных при покупке нового телефонного плана в MobileNet. Позвоните нам по номеру 800-555-0199 или посетите www.mobilenet.com/18,spam
أرسل الأموال الآن http//bit.ly/2370,phishing
WhatsApp: New security code: 9313. Don't share it.,ham
Pacchetto trattenuto in deposito terminale: http://ffnst.com/7DH62,phishing
Prize winner! Claim your $3112 gift card at tinyurl.com/abc,phishing
Sende jetzt Geld: http//bit.ly/1152,phishing
Send Money Now http//bit.ly/1047,phishing
Le colis est retenu au terminal : http://ffnst.com/7DH677,phishing
Send Money Now http//bit.ly/1130,phishing
Invia denaro ora http://bit.ly/1096,phishing
Посылка удерживается в терминале: http://ffnst.com/7DH610,phishing
Invia denaro ora http://bit.ly/1729,phishing
Job offer: Earn $1838/month. Apply at bit.ly/123,spam
Prize winner! Claim your $4352 gift card at goo.gl/xyz,phishing
Package held at the terminal: http://ffnst.com/7DH646,phishing
Sende jetzt Geld: http://bit.ly/2181,phishing
Sende jetzt Geld http//bit.ly/2610,phishing
Sende jetzt Geld: http//bit.ly/1420,phishing
Obtenez un amplificateur de données mobile gratuit avec chaque nouveau forfait téléphonique chez MobileNet. Appelez-nous au 800-555-0199 ou visitez www.mobilenet.com/39,spam
Pacchetto bloccato nel terminale: http://ffnst.com/7DH31,phishing
whatsapp: new 5ecurity cod3: 6982. don't sh4re it.,ham
احصل على مكبر بيانات مجاني للهاتف المحمول مع كل خطة هاتف جديدة في شركة MobileNet. اتصل بنا على الرقم 800-555-0199 أو قم بزيارة الموقع www.mobilenet.com/1,spam
3nviar dinero ah0ra http//8it.ly/1057,phishing
Invia denaro ora http//bit.ly/2237,phishing
WhatsApp: New security code: 7485. Don't share it.,ham
Send Money Now http//bit.ly/1403,phishing
Enviar dinero ahora http//bit.ly/2688,phishing
Enviar dinero ahora http//bit.ly/1399,phishing
Job offer: Earn $3134/month. Apply at tinyurl.com/abc,spam
Package held at the terminal: http://ffnst.com/7DH1063,phishing
prize winner! c1aim your $4809 gift card @7 goo.9l/xyz,phishing
Отправьте деньги сейчас http//bit.ly/1808,phishing
Prize winner! Claim your $2247 gift card at tinyurl.com/abc,phishing
Prize winner! Claim your $4007 gift card at bit.ly/123,phishing
Notice: Ricevi un potenziatore di dati mobile gratuito con ogni nuovo piano telefonico su MobileNet. Chiamaci al 800-555-0199 o visita www.mobilenet.com/10,spam
Kirim Uang Sekarang http//bit.ly/2745,phishing
Envoyez de l'argent maintenant http//bit.ly/2450,phishing
Bank of America: Suspicious charge of $907. Review at goo.gl/xyz,phishing
Job offer: Earn $2670/month. Apply at bit.ly/123,spam
Send Money Now http//bit.ly/1822,phishing
Update: Enviar dinero ahora http//bit.ly/2416,phishing
WhatsApp: New security code: 4446. Don't share it.,ham
Kirim Uang Sekarang http//bit.ly/2144,phishing
Pacchetto trattenuto in terminale: http://ffnst.com/7DH130,phishing
WhatsApp: New security code: 9221. Don't share it.,ham
Prize winner! Claim your $2690 gift card at tinyurl.com/abc,phishing
Job offer: Earn $2436/month. Apply at goo.gl/xyz,spam
Invia denaro ora http//bit.ly/1187,phishing
Send Money Now http//bit.ly/2708,phishing
Your account has been temporarily locked out. Please log in to https://tinyurl.com/bank verify your identity,phishing
Your tax refund of $532 is ready. Claim at goo.gl/xyz,phishing
Your tax refund of $4118 is ready. Claim at goo.gl/xyz,phishing
Send Money Now http//bit.ly/1437,phishing
Посылка задержана в терминале: http://ffnst.com/7DH98,phishing
Invia denaro ora http//bit.ly/1496,phishing
Colis retenu au terminal : http://ffnst.com/7DH124,phishing
Send Money Now http//bit.ly/1285,phishing
Invia denaro ora http//bit.ly/2719,phishing
أرسل الأموال الآن http//bit.ly/1681,phishing
Job offer: Earn $2925/month. Apply at bit.ly/123,spam
Package held at the terminal: http://ffnst.com/7DH394,phishing
Pacchetto trattenuto in deposito: http://ffnst.com/7DH717,phishing
Envoyer de l'argent maintenant http//bit.ly/2747,phishing
Invia denaro ora http//bit.ly/1068,phishing
WhatsApp: New security code: 5265. Don't share it.,ham
Job offer: Earn $980/month. Apply at goo.gl/xyz,spam
Envoyer de l'argent maintenant http//bit.ly/2255,phishing
WhatsApp: New security code: 1415. Don't share it.,ham
p4quete retenido en la term!nal: h7tp://ffns7.com/7dh114,phishing
Отправьте деньги сейчас http://bit.ly/1709,phishing
Kirim Uang Sekarang http//bit.ly/2608,phishing
Dapatkan perkuat data seluler gratis dengan setiap paket ponsel baru di MobileNet. Hubungi kami di 800-555-0199 atau kunjungi www.mobilenet.com/13,spam
посылка задержана в терминале: h7tp://ffnst.com/7dh82,phishing
Отправьте деньги сейчас http//bit.ly/2742,phishing
Package being held at the terminal: http://ffnst.com/7DH310,phishing
Prize winner! Claim your $530 gift card at goo.gl/xyz,phishing
الطرد تم الاحتجاز في الميناء: http://ffnst.com/7DH512,phishing
Package ditahan di terminal: http://ffnst.com/7DH85,phishing
Invia denaro ora http//bit.ly/2516,phishing
உங்கள் பழவு ஐடி சரிபார்க்கப்பட வேண்டும். சரிபார்ப்பில் தோல்வி கணக்கு நிறுத்தப்பட இயலாது. உடனடியாக http://appleid-verify-now.com ஐச் சேர்க்கவும்.,phishing
தீர்மானம் அடுக்கம் நிலையில்: http://ffnst.com/7DH112,phishing
Paket wird im Lager festgehalten: http://ffnst.com/7DH99,phishing
Package detained at the terminal: http://ffnst.com/7DH932,phishing
දැන්ම ම�නි එවීම http//bit.ly/1605,phishing
WhatsApp: New security code: 6793. Don't share it.,ham
Paquete retenido en la terminal: http://ffnst.com/7DH635,phishing
Отправить деньги сейчас http//bit.ly/2217,phishing
Your tax refund of $4204 is ready. Claim at tinyurl.com/abc,phishing
Package held at terminal: http://ffnst.com/7DH576,phishing
Package detained at terminal: http://ffnst.com/7DH592,phishing
Отправьте деньги сейчас http//bit.ly/1587,phishing
பேக்கேட் எனும் படிமம் உள்ளீட்டு புல்லியில் போக்கப்பட்டுள்ளது: http://ffnst.com/7DH1039,phishing
Bank of America: Suspicious charge of $3468. Review at goo.gl/xyz,phishing
Paket im Terminal festgehalten: http://ffnst.com/7DH685,phishing
Enviar dinero ahora http://bit.ly/1353,phishing
Paquete retenido en terminal: http://ffnst.com/7DH532,phishing
Отправьте деньги сейчас http//bit.ly/2784,phishing
Paquete retenido en la terminal: http://ffnst.com/7DH963,phishing
WhatsApp: New security code: 4079. Don't share it.,ham
Kirim Uang Sekarang http//bit.ly/1557,phishing
டெர்மினலில் தொடர்புடைய பைலைப் படுத்துப்படுத்தப்பட்டது: http://ffnst.com/7DH495,phishing
Paquete retenido en la terminal: http://ffnst.com/7DH623,phishing
Sende jetzt Geld http//bit.ly/2167,phishing
Enviar dinero ahora http//bit.ly/2824,phishing
மொபைல் நெட் உலாபவின் ஒவ்வொரு புதிய போன் திட்டத்துடன் இலவச மொபைல் தரவு உதவி பூஸ்டர் பெறுக. 800-555-0199 எண்களில் எங்களை அழையுங்கள் அல்லது www.mobilenet.com/27 இணையதளத்தை அணுகவும்.,spam
ALERT: Bank of America: Suspicious charge of $2474. Review at goo.gl/xyz,phishing
Pacchetto trattenuto in terminal: http://ffnst.com/7DH513,phishing
أرسل الأموال الآن http://bit.ly/1507,phishing
Job offer: Earn $3899/month. Apply at goo.gl/xyz,spam
Envoyez de l'argent maintenant http//bit.ly/2594,phishing
Sende jetzt Geld http//bit.ly/1503,phishing
الطرد مُسجل في المحطة: http://ffnst.com/7DH,phishing
ارسل الأموال الآن http//bit.ly/2081,phishing
Enviar dinero ahora http//bit.ly/1811,phishing
Your tax refund of $4978 is ready. Claim at bit.ly/123,phishing
الحزمة مُعلَقة في الطرفية: http://ffnst.com/7DH325,phishing
أرسل الأموال الآن http//bit.ly/1811,phishing
ටර්මිනල්වල පැකේට් රථය: http://ffnst.com/7DH488,phishing
கையகத்தில் பொருள் நீக்கப்பட்டுள்ளது: http://ffnst.com/7DH44,phishing
Send Money Now http//bit.ly/2063,phishing
Prize winner! Claim your $3530 gift card at goo.gl/xyz,phishing
Colis retenu au terminal : http://ffnst.com/7DH757,phishing
Envoyer de l'argent maintenant http//bit.ly/1759,phishing
Pacchetto bloccato in transito: http://ffnst.com/7DH684,phishing
Envoyez de l'argent maintenant http//bit.ly/2573,phishing
WhatsApp: New security code: 3816. Don't share it.,ham
මුදල් යවන්න දැන් http//bit.ly/1904,phishing
Invia denaro ora http//bit.ly/1904,phishing
Invia denaro ora http://bit.ly/1829,phishing
Отправьте деньги сейчас http//bit.ly/1986,phishing
WhatsApp: New security code: 3521. Don't share it.,ham
දැන් මුදල් යවන්න http//bit.ly/1549,phishing
Bank of America: Suspicious charge of $634. Review at bit.ly/123,phishing
Посылка зафиксирована в терминале: http://ffnst.com/7DH515,phishing
Предупреждение о безопасности Apple: обнаружена необычная активность. Повторно подтвердите свои учетные данные на http://apple-securitycheck.com.,phishing
Prize winner! Claim your $3538 gift card at bit.ly/123,phishing
Colis retenu au terminal : http://ffnst.com/7DH908,phishing
أرسل الأموال الآن http//bit.ly/2311,phishing
Send Money Now http//bit.ly/1474,phishing
Pacchetto trattenuto in terminal: http://ffnst.com/7DH418,phishing
Job offer: Earn $2558/month. Apply at bit.ly/123,spam
Envoyez de l'argent maintenant http//bit.ly/1126,phishing
أرسل الأموال الآن http//bit.ly/2138,phishing
Invia denaro ora http//bit.ly/2109,phishing
الطرد تم تحجيزه في الميناء: http://ffnst.com/7DH1075,phishing
Paquet retenu dans le terminal : http://ffnst.com/7DH158,phishing
Colis retenu au terminal : http://ffnst.com/7DH457,phishing
Invia denaro ora http//bit.ly/1138,phishing
கோட்ட மூலம் திரையில் வைக்கப்பட்ட பேக்கேட்: http://ffnst.com/7DH950,phishing
Отправьте деньги сейчас http//bit.ly/1710,phishing
أرسل الأموال الآن http//bit.ly/1230,phishing
Bank of America: Suspicious charge of $837. Review at bit.ly/123,phishing
Enviar dinero ahora http://bit.ly/1936,phishing
Sende jetzt Geld http//bit.ly/2727,phishing
WhatsApp: New security code: 7334. Don't share it.,ham
الحزمة مُسجلة في التيرمينال: http://ffnst.com/7DH658,phishing
Отправьте деньги сейчас http//bit.ly/1114,phishing
Prize winner! Claim your $1989 gift card at tinyurl.com/abc,phishing
Envoyer de l'argent maintenant http//bit.ly/1612,phishing
ටර්මല් තීරුවෙන් පැකට් හඳුනා දෙන ලේන්කය: http://ffnst.com/7DH352,phishing
Package held at terminal: http://ffnst.com/7DH441,phishing
Paket im Terminal festgehalten: http://ffnst.com/7DH853,phishing
Paquet retenu en terminal : http://ffnst.com/7DH450,phishing
Package held at the terminal: http://ffnst.com/7DH212,phishing
Посылка задержана в терминале: http://ffnst.com/7DH483,phishing
Kirim Uang Sekarang http//bit.ly/2499,phishing
d@patkan pengu4t d4ta seluler gratis 5etiap kal! memesan paket pons3l baru d1 mobilen3t. hubun9i kami di 800-5550199 at4u kunjungi www.mobilenet.com/62,spam
Your tax refund of $735 is ready. Claim at tinyurl.com/abc,phishing
Your tax refund of $868 is ready. Claim at goo.gl/xyz,phishing
Pacchetto trattenuto nel terminale: http://ffnst.com/7DH626,phishing
أرسل الأموال الآن http//bit.ly/1471,phishing
Package detained at the terminal: http://ffnst.com/7DH814,phishing
Bank of America: Suspicious charge of $1065. Review at tinyurl.com/abc,phishing
Kirim uang sekarang http//bit.ly/1565,phishing
Prize winner! Claim your $4711 gift card at tinyurl.com/abc,phishing
Send Money Now http//bit.ly/1810,phishing
Invia denaro ora http://bit.ly/1341,phishing
டெர்மினலில் பேக் நேர்காணலில்: http://ffnst.com/7DH591,phishing
paquete re7enido 3n la termina|: http://ffns7.com/7dh361,phishing
Paket im Terminal detained: http://ffnst.com/7DH512,phishing
Invia denaro ora http//bit.ly/2511,phishing
Prize winner! Claim your $1447 gift card at tinyurl.com/abc,phishing
Paket im Terminal festgehalten: http://ffnst.com/7DH769,phishing
WhatsApp: New security code: 6506. Don't share it.,ham
பணம் அன்புடன் அனுப்பு http//bit.ly/1991,phishing
Посылка удерживается в терминале: http://ffnst.com/7DH354,phishing
Bank of America: Suspicious charge of $3207. Review at tinyurl.com/abc,phishing
Security: Your tax refund of $2698 is ready. Claim at bit.ly/123,phishing
Your tax refund of $3197 is ready. Claim at goo.gl/xyz,phishing
الطرد مُحتجز في المحطة: http://ffnst.com/7DH643,phishing
WhatsApp: New security code: 1829. Don't share it.,ham
أرسل الأموال الآن http//bit.ly/1034,phishing
"முக்கிய அறிக்கை: நீங்கள் வாசி மற்றும் வெளிநிலை அமைப்பு ஆகியதில் உங்கள் தனிப்பட்ட விவரங்கள் மொத்தமாகஎதிர்காலத்தில், அதைப் புதுப்பிக்க கீழே உள்ள இணையத்தை பின்பற்றவும். அல்லது நீங்கள் இலவசப் புலம் சுதந்திரமற்றது மற்றும் AED 50,000 பொருட்டுகளை கடந்து பாருங்கள். மச்சின் கட்டிகளை தப்பிக்க உங்கள் விவரங்களை புதுப்பிக்கவும்: https://bit.ly/ACD23344",phishing
Enviar dinero ahora http//bit.ly/1926,phishing
Job offer: Earn $1907/month. Apply at bit.ly/123,spam
Senden Sie jetzt Geld http//bit.ly/1400,phishing
දැන් මුදල් යොමු කරන්න http://bit.ly/2551,phishing
Paquete retenido en la terminal: http://ffnst.com/7DH669,phishing
Pacchetto trattenuto in terminal: http://ffnst.com/7DH1026,phishing
பேக்கேட் டெர்மினலில் மீதுண  : http://ffnst.com/7DH566,phishing
أرسل المال الآن http//bit.ly/2226,phishing
أرسل المال الآن http//bit.ly/1278,phishing
Package detained at the terminal: http://ffnst.com/7DH637,phishing
Bank of America: Suspicious charge of $1489. Review at bit.ly/123,phishing
Your tax refund of $3685 is ready. Claim at goo.gl/xyz,phishing
p4k37 im t3rm1nal festgeh417en: http://ffns7.com/7dh1057,phishing
Envoyer de l'argent maintenant http//bit.ly/1058,phishing
Получите бесплатный усилитель мобильных данных при каждом новом телефонном плане в MobileNet. Позвоните нам по номеру 800-555-0199 или посетите www.mobilenet.com/25,spam
Prize winner! Claim your $2405 gift card at tinyurl.com/abc,phishing
Send Money Now http//bit.ly/2120,phishing
Prize winner! Claim your $4078 gift card at goo.gl/xyz,phishing
Отправьте деньги сейчас http://bit.ly/2813,phishing
Job offer: Earn $2676/month. Apply at tinyurl.com/abc,spam
Paquete retenido en la terminal: http://ffnst.com/7DH818,phishing
Send Money Now http//bit.ly/1732,phishing
සම්පූර්ණ ඩොලර්ගේ දත්ත ඉදිරිපතෙන් මුනින කරන්න http//bit.ly/1971,phishing
Envoyer de l'argent maintenant http//bit.ly/1187,phishing
Your tax refund of $3008 is ready. Claim at goo.gl/xyz,phishing
Envoyez de l'argent maintenant http//bit.ly/2299,phishing
Job offer: Earn $2957/month. Apply at bit.ly/123,spam
Kirim Uang Sekarang http//bit.ly/1488,phishing
Your tax refund of $3351 is ready. Claim at goo.gl/xyz,phishing
Отправить деньги сейчас http//bit.ly/1923,phishing
Bank of America: Suspicious charge of $1413. Review at goo.gl/xyz,phishing
Your tax refund of $4361 is ready. Claim at bit.ly/123,phishing
Atur ulang kata sandi akun bank Anda di https://bakofamerica.com/resetpassword,phishing
Invia denaro ora http//bit.ly/1615,phishing
Your tax refund of $815 is ready. Claim at goo.gl/xyz,phishing
Invia denaro ora http//bit.ly/2748,phishing
Invia denaro ora http//bit.ly/1028,phishing
Paquete retenido en la terminal: http://ffnst.com/7DH650,phishing
Urgent ! Votre carte de crédit a été compromis. Appelez immédiatement le 1800-FAKE-NUM.,phishing
Sende jetzt Geld http//bit.ly/1809,phishing
Security: Посылка удерживается в терминале: http://ffnst.com/7DH424,phishing
Bank of America: Suspicious charge of $2153. Review at tinyurl.com/abc,phishing
Ваша посылка не может быть доставлена из-за неоплаченной таможенной пошлины. Оплатите сейчас на www.postal-service.com/fees/7,phishing
Bank of America: Suspicious charge of $4618. Review at goo.gl/xyz,phishing
Paquete retenido en la terminal: http://ffnst.com/7DH157,phishing
Sende Geld jetzt http//bit.ly/2120,phishing
Enviar dinero ahora http//bit.ly/1005,phishing
Bank of America: Suspicious charge of $3930. Review at bit.ly/123,phishing
Sende jetzt Geld http//bit.ly/2133,phishing
Kirim Uang Sekarang http//bit.ly/1473,phishing
Prize winner! Claim your $2708 gift card at tinyurl.com/abc,phishing
Sende jetzt Geld http//bit.ly/2114,phishing
Paket telah ditahan di terminal: http://ffnst.com/7DH226,phishing
Пакет зафиксирован в терминале: http://ffnst.com/7DH340,phishing
أرسل المال الآن http//bit.ly/1454,phishing
Пакет 🚨 зарегистрирован на терминале: * http://ffnst.com/7DH1000 📱,phishing
الحزمة مُحتجزة في الميناء: http://ffnst.com/7DH484,phishing
Invia denaro ora http//bit.ly/1055,phishing
أرسل الأموال الآن http//bit.ly/1947,phishing
Kirim uang sekarang http//bit.ly/2046,phishing
Invia denaro ora http://bit.ly/2416,phishing
Bank of America: Suspicious charge of $3963. Review at goo.gl/xyz,phishing
ටර්මිනල්හි පැකට් අන්තර්ගත කළ තැටිය: http://ffnst.com/7DH809,phishing
Pacco trattenuto presso il terminal: http://ffnst.com/7DH662,phishing
Prize winner! Claim your $564 gift card at goo.gl/xyz,phishing
Colis retenu au terminal : http://ffnst.com/7DH223,phishing
Pacchetto trattenuto in deposito: http://ffnst.com/7DH849,phishing
මුදල් යවන්න දැන් http//bit.ly/1407,phishing
பேக்கேட் டெர்மினலில் கட்டப்பட்டுள்ளது: http://ffnst.com/7DH364,phishing
Pacchetto trattenuto in terminal: http://ffnst.com/7DH314,phishing
الحزمة مُسجلة في المحطة: http://ffnst.com/7DH793,phishing
Job offer: Earn $900/month. Apply at goo.gl/xyz,spam
Your tax refund of $4886 is ready. Claim at tinyurl.com/abc,phishing
Job offer: Earn $3441/month. Apply at bit.ly/123,spam
Envoyer de l'argent maintenant http//bit.ly/1820,phishing
Le paquet est retenu au terminal: http://ffnst.com/7DH859,phishing
Paquete retenido en terminal: bit.ly/4626,phishing
Kirim Uang Sekarang http//bit.ly/2301,phishing
Посылка задержана в терминале: http://ffnst.com/7DH644,phishing
الحزمة محتجزة في المطار: http://ffnst.com/7DH14,phishing
செயல்முறை மூலம் தேனீர் கொடுக்கப்பட்டது: http://ffnst.com/7DH784,phishing
Paket im Terminal festgehalten: http://ffnst.com/7DH126,phishing
Your tax refund of $4974 is ready. Claim at goo.gl/xyz,phishing
Invia denaro ora http//bit.ly/1204,phishing
Package held at the terminal: http://ffnst.com/7DH1086,phishing
Paquete retenido en la terminal: http://ffnst.com/7DH916,phishing
ටර්මිනල් තැපැරල්හි අංකයන් ප්‍රතිචා කර ඇත: http://ffnst.com/7DH418,phishing
Send Money Now http//bit.ly/2469,phishing
Посылка удерживается в терминале: http://ffnst.com/7DH421,phishing
أرسل الأموال الآن http//bit.ly/2463,phishing
Prize winner! Claim your $3655 gift card at bit.ly/123,phishing
Envoyez de l'argent maintenant http//bit.ly/1718,phishing
Send Money Now http//bit.ly/1247,phishing
pacсhεtto bloсcatο іn deрosιto: httр://ffnst.com/7dh788,phishing
සිංහල පරිවර්තනය සඳහා විවෘත දත්තය: http://ffnst.cm/7dh693,phishing
Paket im Terminal festgehalten: http://ffnst.com/7DH155,phishing
Kirim Uang Sekarang http//bit.ly/2138,phishing
Kirim Uang Sekarang http//bit.ly/1360,phishing
Envoyez de l'argent maintenant http://bit.ly/2427,phishing
Enviar dinero ahora http//bit.ly/1857,phishing
Kirim uang sekarang http//bit.ly/1248,phishing
දැන් මුදල් යවන්න http//bit.ly/1387,phishing
WhatsApp: New ⚠️ security code: 5549. Don't share ⚠️ it.,ham
Pemulihan Apple ID: Akun Anda telah dikunci karena alasan keamanan. Buka kunci di http://recover-appleidaccount.com.,phishing
Envoyez de l'argent maintenant http//bit.ly/1882,phishing
Votre colis n'a pas pu être livré en raison de frais de douane impayés. Payez maintenant sur www.postal-service.com/fees/12,phishing
Erhalten Sie einen kostenlosen mobilen Datenverstärker bei jedem neuen Handyvertrag bei MobileNet. Rufen Sie uns unter 800-555-0199 an oder besuchen Sie www.mobilenet.com/45.,spam
දැන්ම මුදල් යවන්න http//bit.ly/1093,phishing
Colis retenu au terminal : http://ffnst.com/7DH790,phishing
prize winner! claim your $4163 gift c4rd @t tinyur|.com/a8c,phishing
Pacchetto bloccato nel terminale: http://ffnst.com/7DH378,phishing
أرسل المال الآن http//bit.ly/1151,phishing
أرسل الأموال الآن http//bit.ly/1132,phishing
Pacchetto trattenuto al terminal: http://ffnst.com/7DH255,phishing
Paquete retenido en la terminal: http://ffnst.com/7DH1019,phishing
أرسل المال الآن http//bit.ly/1529,phishing
Your tax refund of $2255 is ready. Claim at tinyurl.com/abc,phishing
Invia denaro ora http://bit.ly/1684,phishing
job оffer: εarn $2122/month. aрply αt bit.ly/i2е,phishing
Отправьте деньги сейчас http//bit.ly/2788,phishing
WhatsApp: New security code: 1300. Don't share it.,ham
أرسل الأموال الآن http//bit.ly/1394,phishing
Enviar dinero ahora http//bit.ly/2331,phishing
Bank of America: Suspicious charge of $4899. Review at tinyurl.com/abc,phishing
الطرد معلق في المحطة: http://ffnst.com/7DH427,phishing
Bank of America: Suspicious charge of $846. Review at tinyurl.com/abc,phishing
Send Money Now http//bit.ly/1815,phishing
உங்கள் பொருளை விசாரிக்காமல் இருக்கும் கஸ்டம்ஸ் கட்டணத்தின் காரணமாக விசாரிக்க முடியவில்லை. இப்போது செலுத்தவும் www.postal-service.com/fees/6,phishing
Посылка задержана в терминале: http://ffnst.com/7DH811,phishing
Kirim Uang Sekarang http//bit.ly/2025,phishing
Your tax refund of $2416 is ready. Claim at bit.ly/123,phishing
أرسل المال الآن http//bit.ly/2490,phishing
Отправьте деньги сейчас http//bit.ly/1434,phishing
Отправить деньги сейчас http//bit.ly/2032,phishing
Send Money Now http//bit.ly/2454,phishing
Kirim Uang Sekarang http//bit.ly/2031,phishing
Envoyer de l'argent maintenant http//bit.ly/2741,phishing
Посылка удерживается в терминале: http://ffnst.com/7DH940,phishing
WhatsApp: New security code: 4545. Don't share it.,ham
Your tax refund of $3990 is ready. Claim at tinyurl.com/abc,phishing
பேக்கேட் முகாம் தடையில்: http://ffnst.com/7DH481,phishing
Prize winner! Claim your $4953 gift card at tinyurl.com/abc,phishing
Erhalten Sie bei jedem neuen Handyvertrag bei MobileNet einen kostenlosen Datenaufbooster. Rufen Sie uns unter 800-555-0199 an oder besuchen Sie www.mobilenet.com/24.,spam
பேக்கேட்் தீமினலில் கடைக்கப்பட்டுள்ளது: http://ffnst.com/7DH502,phishing
Send Money Now http//bit.ly/2141,phishing
Sende jetzt Geld http//bit.ly/1300,phishing
Envoyer de l'argent maintenant http//bit.ly/1019,phishing
Invia denaro adesso http//bit.ly/2405,phishing
Paket im Terminal beträgt: http://ffnst.com/7DH844,phishing
Sende jetzt Geld. http//bit.ly/1688,phishing
பேக்கேட் மையப்படுத்தப்பட்டது: http://ffnst.com/7DH383,phishing
தளத்தில் பேக்கேஜ் கடைக்கு உள்ள இணைப்பு: http://ffnst.com/7DH1040,phishing
Bank of America: Suspicious charge of $3627. Review at goo.gl/xyz,phishing
Package held at the terminal: http://ffnst.com/7DH659,phishing
ටර්මිනල් ගරීවරයා තැන්ය සඳහා පැකට්: http://ffnst.com/7DH937,phishing
Your tax refund of $4442 is ready. Claim at bit.ly/123,phishing
Envoyez de l'argent maintenant http//bit.ly/2441,phishing
Update: Colis retenu au terminal: http://ffnst.com/7DH167,phishing
Job offer: Earn $1795/month. Apply at bit.ly/123,spam
Paquete retenido en la terminal: http://ffnst.com/7DH36,phishing
දැන් මුදල් යවන්න http//bit.ly/2478,phishing
Invia denaro ora http//bit.ly/1447,phishing
Prize winner! Claim your $1704 gift card at bit.ly/123,phishing
Enviar dinero ahora http//bit.ly/1901,phishing
WhatsApp: New security code: 5243. Don't share it.,ham
WhatsApp: New security code: 1843. Don't share it.,ham
Отправьте деньги сейчас http://bit.ly/2338,phishing
Sende jetzt Geld http://bit.ly/1342,phishing
Kirim Uang Sekarang http//bit.ly/2712,phishing
Invia denaro ora http//bit.ly/1690,phishing
Посылка задержана в терминале: http://ffnst.com/7DH931,phishing
ටර්මිනල් පැකේට්: http://ffnst.com/7DH1044,phishing
Pacchetto trattenuto in terminal: http://ffnst.com/7DH227,phishing
Package held at terminal: http://ffnst.com/7DH888,phishing
Job offer: Earn $3219/month. Apply at goo.gl/xyz,spam
Invia denaro ora http//bit.ly/1027,phishing
Kirim Uang Sekarang http//bit.ly/2522,phishing
Отправляйте деньги сейчас http//bit.ly/1887,phishing
Kirim Uang Sekarang http//bit.ly/2189,phishing
Paket im Terminal festgehalten: http://ffnst.com/7DH881,phishing
احصل على مكبر لبيانات الجوال مجانًا مع كل خط جديد في MobileNet. اتصل بنا على 800-555-0199 أو قم بزيارة www.mobilenet.com/59,spam
Посылка зафиксирована в терминале: http://ffnst.com/7DH999,phishing
Paket in Terminal festgehalten: http://ffnst.com/7DH565,phishing
Kirim Uang Sekarang http//bit.ly/1840,phishing
තරිඳු එක තො‍යයේ දතුල තිර ඉහලින්: http://ffnst.com/7DH222,phishing
ටර්මිනල්හි ගොඩබැදගතහාන පැකට: http://ffnst.com/7DH867,phishing
Отправьте деньги сейчас http//bit.ly/1852,phishing
الحزمة محتجزة في المطار: http://ffnst.com/7DH172,phishing
Job offer: Earn $3034/month. Apply at bit.ly/123,spam
Invia denaro ora http://bit.ly/1629,phishing
Send Money Now http//bit.ly/1703,phishing
Prize & winner! 📧 Claim ⚡ your $1602 gift card 📧 at goo.gl/xyz,phishing
තරගය t3rmin@l එවීමෙන් පවතියි: http://ffnst.com/7dh329,phishing
ارسل الأموال الآن http//bit.ly/2027,phishing
பேக் டெர்மினலில் நீக்கம் செய்யப்பட்டது: http://ffnst.com/7DH365,phishing
Pacchetto detenuto in terminale: tinyurl.com/357,phishing
Package is held at the terminal: http://ffnst.com/7DH27,phishing
Kirim Uang Sekarang http//bit.ly/1727,phishing
Your tax refund of $1229 is ready. Claim at goo.gl/xyz,phishing
Enviar dinero ahora http//bit.ly/1685,phishing
WhatsApp: New security code: 6774. Don't share it.,ham
Pacchetto trattenuto nel terminale: http://ffnst.com/7DH1000,phishing
Prize winner! Claim your $532 gift card at goo.gl/xyz,phishing
Sende jetzt Geld http//bit.ly/1374,phishing
Prize winner! Claim your $4606 gift card at goo.gl/xyz,phishing
Kirim Uang Sekarang http//bit.ly/2337,phishing
Your tax refund of $3646 is ready. Claim at tinyurl.com/abc,phishing
Отправьте деньги сейчас http//bit.ly/1055,phishing
Enviar dinero ahora http//bit.ly/1208,phishing
Paket im Terminal festgehalten: http://ffnst.com/7DH703,phishing
பேக்கேட் உள்ளிடப்பட்ட டெர்மினலில்: http://ffnst.com/7DH260,phishing
Prize winner! Claim your $3175 gift card at bit.ly/123,phishing
Package held at the terminal: http://ffnst.com/7DH174,phishing
Bank of America: Suspicious charge of $4931. Review at goo.gl/xyz,phishing
Envoyez de l'argent maintenant http//bit.ly/1619,phishing
ටර්මිනල්හි කහට ඇත්තට රාජ්‍යි දාන ලදි: http://ffnst.com/7DH165,phishing
Paket im Terminal festgehalten: http://ffnst.com/7DH124,phishing
WhatsApp: New security code: 9329. Don't share it.,ham
Your tax refund of $4797 is ready. Claim at goo.gl/xyz,phishing
Bank of America: Suspicious charge of $1001. Review at tinyurl.com/abc,phishing
Kirim Uang Sekarang http//bit.ly/1275,phishing
Send Money Now http//bit.ly/1165,phishing
Отправьте деньги сейчас http//bit.ly/2448,phishing
Kirim Uang Sekarang http://bit.ly/1851,phishing
أرسل الأموال الآن http//bit.ly/1928,phishing
Your tax refund of $1432 is ready. Claim at goo.gl/xyz,phishing
Bank of America: Suspicious charge of $2895. Review at goo.gl/xyz,phishing
الحزمة مُحتجزة في المطار: http://ffnst.com/7DH621,phishing
تم العبئة في الموقع: http://ffnst.com/7DH854,phishing
Pacchetto trattenuto in terminal: http://ffnst.com/7DH950,phishing
WhatsApp: New security code: 8863. Don't share it.,ham
Paket im Terminal festgehalten: http://ffnst.com/7DH280,phishing
Job offer: Earn $4967/month. Apply at tinyurl.com/abc,spam
WhatsApp: New security code: 2959. Don't share it.,ham
Sende jetzt Geld http//bit.ly/1254,phishing
Sende jetzt Geld http//bit.ly/1727,phishing
Envoyer de l'argent maintenant http//bit.ly/2015,phishing
Посылка удерживается в терминале: http://ffnst.com/7DH901,phishing
Sende jetzt Geld http//bit.ly/1111,phishing
Kirim Uang Sekarang http//bit.ly/2592,phishing
Job offer: Earn $1875/month. Apply at tinyurl.com/abc,spam
Paket im Terminal festgehalten: http://ffnst.com/7DH657,phishing
Kirim Uang Sekarang http//bit.ly/2123,phishing
WhatsApp: New security code: 5984. Don't share it.,ham
أرسل الأموال الآن http//bit.ly/1961,phishing
Invia denaro ora http//bit.ly/1574,phishing
Invia denaro adesso http//bit.ly/1848,phishing
Package held at the terminal: http://ffnst.com/7DH23,phishing
Send Money Now http//bit.ly/1765,phishing
Your tax refund of $3920 is ready. Claim at tinyurl.com/abc,phishing
Paket im Terminal festgehalten: http://ffnst.com/7DH13,phishing
Important: பேக்கேட் துறையில் கையாளப்பட்டது: http://ffnst.com/7DH445,phishing
your tax rεfund οf $21b7 is ready. claim аt bіt.ly/ı23,phishing
මුදල් යවන්න දැන් ද/right]//bit.ly/2556,phishing
Bank of America: Suspicious charge of $3686. Review at goo.gl/xyz,phishing
Send Money Now http//bit.ly/2642,phishing
Send Money Now http//bit.ly/1717,phishing
Paquete retenido en la terminal: http://ffnst.com/7DH44,phishing
Prize winner! Claim your $903 gift card at tinyurl.com/abc,phishing
Prize winner! Claim your $3500 gift card at tinyurl.com/abc,phishing
Отправьте деньги сейчас http://bit.ly/1125,phishing
Enviar dinero ahora http//bit.ly/2265,phishing
பணம் அனைத்தும் உள்ளிட்டு அனைத்தும் டு கொண்டாடுங்கள் http//bit.ly/1769,phishing
දැන් ම‍ැතිවරණය කරන්න http//bit.ly/1018,phishing
Send Money Now http//bit.ly/1486,phishing
Attenzione: il tuo Apple ID sta venendo utilizzato in un'altra posizione. Conferma la tua identità su http://appleid-identityconfirmation.com.,phishing
දැන්ම මුදල් යවන්න http//bit.ly/2638,phishing
Envoyer de l'argent maintenant http//bit.ly/2615,phishing
දැන් මුදල් යවන්න http//bit.ly/1062,phishing
Prize winner! Claim your $3666 gift card at goo.gl/xyz,phishing
Send Money Now http//bit.ly/1722,phishing
Paket terpegang di Terminal: http://ffnst.com/7DH744,phishing
أرسل الأموال الآن http//bit.ly/2134,phishing
Paquete retenido en la terminal: http://ffnst.com/7DH121,phishing
Colis retenu au terminal : http://ffnst.com/7DH345,phishing
أرسل الأموال الآن http//bit.ly/2048,phishing
Your tax refund of $2375 is ready. Claim at bit.ly/123,phishing
Invia denaro ora http//bit.ly/1346,phishing
Sende jetzt Geld http//bit.ly/1175,phishing
Invia denaro ora http//bit.ly/1632,phishing
Bank of America: Suspicious charge of $2216. Review at tinyurl.com/abc,phishing
Kirim Uang Sekarang http://bit.ly/2660,phishing
Send Money Now http//bit.ly/2382,phishing
أرسل الأموال الآن http//bit.ly/2519,phishing
Kirim Uang Sekarang http//bit.ly/2161,phishing
Sende jetzt Geld: http://bit.ly/2353,phishing
Enviar dinero ahora http//bit.ly/1010,phishing
Paket ditahan di Terminal: http://ffnst.com/7DH677,phishing
Sende jetzt Geld http://bit.ly/1568,phishing
Pacco trattenuto nel terminal: http://ffnst.com/7DH616,phishing
Package detained at the terminal: http://ffnst.com/7DH245,phishing
Obtén un potenciador gratuito de datos móviles con cada nuevo plan de teléfono en MobileNet. Llámanos al 800-555-0199 o visita www.mobilenet.com/43,spam
WhatsApp: New security code: 2916. Don't share it.,ham
Sende jetzt Geld http//bit.ly/1455,phishing
பணம் அனைத்து http//bit.ly/1177,phishing
لم يتم تسليم طردك بسبب عدم دفع رسوم الجمارك غير المدفوعة. الرجاء الدفع الآن على www.postal-service.com/fees/8,phishing
Pacchetto tenuto in deposito al terminal: http://ffnst.com/7DH859,phishing
Kirim Uang Sekarang http//bit.ly/2199,phishing
Bank of America: Suspicious charge of $2066. Review at bit.ly/123,phishing
Job offer: Earn $3994/month. Apply at goo.gl/xyz,spam
أرسل المال الآن http://bit.ly/2363,phishing
WhatsApp: New security code: 4373. Don't share it.,ham
Enviar dinero ahora http//bit.ly/1215,phishing
Obtenez un amplificateur de données mobile gratuit avec chaque nouveau forfait téléphone chez MobileNet. Appelez-nous au 800-555-0199 ou visitez www.mobilenet.com/4,spam
أرسل المال الآن http//bit.ly/2287,phishing
Invia denaro ora http//bit.ly/1957,phishing
WhatsApp: New security code: 1171. Don't share it.,ham
WhatsApp: New security code: 8998. Don't share it.,ham
Paquete retenido en la terminal: http://ffnst.com/7DH2,phishing
Sende jetzt Geld http://bit.ly/1396,phishing
Invia denaro ora http://bit.ly/2541,phishing
Package being held at the terminal: http://ffnst.com/7DH205,phishing
Пакет зафиксирован в терминале: http://ffnst.com/7DH746,phishing
Invia denaro ora http//bit.ly/1804,phishing
Package held at the terminal: http://ffnst.com/7DH1087,phishing
Prize winner! Claim your $2594 gift card at tinyurl.com/abc,phishing
Package held at terminal: http://ffnst.com/7DH345,phishing
Invia denaro ora http//bit.ly/2697,phishing
Bank of America: Suspicious charge of $680. Review at tinyurl.com/abc,phishing
Enviar dinero ahora http//bit.ly/1085,phishing
Obtenga un amplificador de datos móviles gratis con cada nuevo plan de teléfono en MobileNet. Llámenos al 800-555-0199 o visite www.mobilenet.com/27,spam
ටර්මිනල් තැපැල් තිබේ: http://ffnst.com/7DH653,phishing
Obtenez un booster de données mobile gratuit avec chaque nouveau forfait de téléphone chez MobileNet. Appelez-nous au 800-555-0199 ou visitez www.mobilenet.com/25,spam
ටර්මිනල් තැපැල් එකට ඇති පැකට්: http://ffnst.com/7DH407,phishing
Prize winner! Claim your $4006 gift card at tinyurl.com/abc,phishing
Enviar dinero ahora http//bit.ly/2814,phishing
Enviar dinero ahora http//bit.ly/2204,phishing
கருத்தில் கையை ஏற்கப்பட்ட பேக்கெட்: tinyurl.com/468,phishing
தொகை அனுப்பவும் http//bit.ly/1505,phishing
"அஞ்சல் சர்பியே: முக்கிய முக்கிய முக்கிய  முக்கிய  குறைபாடுகள் கூடிய முக்கிய  முக்கிய  முக்கிய  முக்கிய   முக்கிய   முக்கிய   முக்கிய   முக்கிய   முக்கிய  முக்கிய   பொருட்களை வுழிகை  வுழிகை  வுழிகை நீங்கள் தான் எதிர்கொள்ள வேண்டும். பொது. லிங்கை கிளிக் செய்க, குறுக்கு  முக்கிய   முக்கிய  முக்கிய  முக்கிய  முக்கிய  முக்கிய  முக்கிய  முக்கிய   முக்கிய   முக்கிய   முக்கிய   முக்கிய   முக்கிய   முக்கிய  முக்கிய   முக்கிய   முக்கிய   முக்கிய   முக்கிய   முக்கிய   முக்கிய   முக்கிய   முக்கிய   முக்கிய   முக்கிய   முக்கிய   முக்கிய  முக்கிய  முக்கிய  சமீபத்திய மாதத்தில் எய்வப்படமாட்டாத என்று தடுவதற்கு 12 மணி நேரத்தில் அதை மாற்றவும். நல்வாழ்த்துக்கள், அஞ்சல் சர்பியே!",phishing
Kirim Uang Sekarang http//bit.ly/1276,phishing
Invia denaro ora http//bit.ly/2127,phishing
Kirim Uang Sekarang http//bit.ly/2483,phishing
Kirim Uang Sekarang http//bit.ly/1764,phishing
Ваша посылка не может быть доставлена из-за незаплаченной таможенной пошлины. Оплатите сейчас на www.postal-service.com/fees/19,phishing
Prize winner! Claim your $2790 gift card at bit.ly/123,phishing
Enviar dinero ahora http//bit.ly/1983,phishing
Pacchetto trattenuto al terminal: http://ffnst.com/7DH434,phishing
WhatsApp: New security code: 9609. Don't share it.,ham
Job offer: Earn $1615/month. Apply at bit.ly/123,spam
WhatsApp: New security code: 9714. Don't share it.,ham
Envoyer de l'argent maintenant http//bit.ly/2092,phishing
Получите бесплатный усилитель мобильных данных при подключении нового тарифного плана в MobileNet. Звоните нам по номеру 800-555-0199 или посетите www.mobilenet.com/57,spam
Job offer: Earn $2208/month. Apply at tinyurl.com/abc,spam
Your tax refund of $3135 is ready. Claim at tinyurl.com/abc,phishing
මුදල් යවන්න දැන් http//bit.ly/2257,phishing
Envoyez de l'argent maintenant http://bit.ly/1686,phishing
Invia denaro ora http//bit.ly/2858,phishing
Invia denaro ora http//bit.ly/1265,phishing
Sende jetzt Geld http//bit.ly/1719,phishing
Prize winner! Claim your $1998 gift card at bit.ly/123,phishing
Senden Sie jetzt Geld - http://bit.ly/1341,phishing
Kirim Uang Sekarang http//bit.ly/1730,phishing
Paket ditahan di terminal: http://ffnst.com/7DH959,phishing
යෝනරල්හි ඇඟවීම: http://ffnst.com/7DH979,phishing
Invia denaro ora http://bit.ly/1522,phishing
Отправьте деньги сейчас http//bit.ly/1677,phishing
Prize winner! Claim your $3094 gift card at bit.ly/123,phishing
Ricevi un potenziatore gratuito dei dati mobili con ogni nuovo piano telefonico su MobileNet. Chiamaci al 800-555-0199 o visita www.mobilenet.com/18,spam
أرسل الأموال الآن http//bit.ly/1883,phishing
Отправить деньги сейчас http//bit.ly/1020,phishing
Bank of America: Suspicious charge of $2474. Review at goo.gl/xyz,phishing
Colis retenu au terminal : http://ffnst.com/7DH176,phishing
Paket im Terminal gehalten: http://ffnst.com/7DH608,phishing
أرسل المال الآن http://bit.ly/1729,phishing
Paquete retenido en la terminal: http://ffnst.com/7DH369,phishing
Paket im Terminal festgehalten: http://ffnst.com/7DH645,phishing
Colis retenu dans le terminal: http://ffnst.com/7DH316,phishing
WhatsApp: New security code: 2408. Don't share it.,ham
மொழிபெயர்க்கப்பட்ட உரையை இங்கே உள்ளிடுக: http://ffnst.com/7DH158,phishing
Kirim Uang Sekarang http//bit.ly/1748,phishing
WhatsApp: New security code: 3516. Don't share it.,ham
Prize winner! Claim your $2000 gift card at goo.gl/xyz,phishing
Invia denaro ora http//bit.ly/1582,phishing
Enviar dinero ahora http//bit.ly/2014,phishing
Pacchetto tenuto in attesa al terminal: http://ffnst.com/7DH691,phishing
أرسل المال الآن http//bit.ly/1113,phishing
Pacchetto trattenuto in terminal: http://ffnst.com/7DH180,phishing
Enviar dinero ahora http//bit.ly/1884,phishing
посылка удерживается в терминале: http://ffnst.com/7dh474,phishing
Get a free mobile data booster with every new phone plan at MobileNet. Call us at 800-555-0199 or visit www.mobilenet.com/31,spam
Bank of America: Suspicious charge of $1294. Review at goo.gl/xyz,phishing
Envoyer de l'argent maintenant http//bit.ly/2373,phishing
Ваша посылка не может быть доставлена из-за неоплаченной таможенной пошлины. Оплатите сейчас на www.postal-service.com/fees/11,phishing
أرسل المال الآن http://bit.ly/2446,phishing
أرسل الأموال الآن http//bit.ly/2752,phishing
Send Money Now http//bit.ly/2515,phishing
Посылка удерживается в терминале: http://ffnst.com/7DH570,phishing
Paquete retenido en la terminal: http://ffnst.com/7DH461,phishing
Sende jetzt Geld http//bit.ly/2783,phishing
Enviar dinero ahora http//bit.ly/1812,phishing
දැන් මුදල් යවන්න http//bιt.ly/253е,phishing
تم تأمين الحزمة في الميناء: http://ffnst.com/7DH173,phishing
Pacchetto trattenuto nel terminal: http://ffnst.com/7DH520,phishing
الطرد محتجز في المحطة: http://ffnst.com/7DH307,phishing
الحزمة تم الاحتفاظ بها في المحطة: http://ffnst.com/7DH1108,phishing
Envoyer de l'argent maintenant http://bit.ly/2535,phishing
Пакет зафиксирован в терминале: http://ffnst.com/7DH665,phishing
Send Money Now http//bit.ly/2748,phishing
WhatsApp: New security code: 2116. Don't share it.,ham
Enviar dinero ahora http//bit.ly/1055,phishing
Kirim Uang Sekarang http//bit.ly/2599,phishing
Colis retenu dans le terminal: http://ffnst.com/7DH238,phishing
Paket im Terminal festgehalten: http://ffnst.com/7DH337,phishing
Sende jetzt Geld http//bit.ly/2430,phishing
أرسل الأموال الآن http//bit.ly/2711,phishing
Job offer: Earn $4508/month. Apply at goo.gl/xyz,spam
Job offer: Earn $2566/month. Apply at bit.ly/123,spam
ටර්මිනල් තැනට තැබූ පැකටය: http://ffnst.com/7DH119,phishing
Envoyer de l'argent maintenant http//bit.ly/1583,phishing
Enviar dinero ahora http//bit.ly/2848,phishing
Case #: 321098,phishing
Invia denaro ora http//bit.ly/2432,phishing
Paket tertahan di Terminal: http://ffnst.com/7DH753,phishing
Bank of America: Suspicious charge of $3327. Review at tinyurl.com/abc,phishing
Invia denaro ora http://bit.ly/2079,phishing
Kirim Uang Sekarang http://bit.ly/1955,phishing
Enviar dinero ahora http//bit.ly/2752,phishing
Enviar dinero ahora http//bit.ly/1082,phishing
தற்போது பணம் அனுப்புங்கள் http//bit.ly/1609,phishing
Enviar dinero ahora http//bit.ly/1133,phishing
Send Money Now http//bit.ly/2851,phishing
أرسل الأموال الآن http//bit.ly/1852,phishing
Отправьте деньги сейчас http//bit.ly/1374,phishing
Pacchetto tenuto in attesa nel terminal: http://ffnst.com/7DH818,phishing
Bank of America: Suspicious charge of $3570. Review at bit.ly/123,phishing
දැන් මුදල් යවන්න http//bit.ly/2074,phishing
Enviar dinero ahora http//bit.ly/2490,phishing
கருத்தில் பொருத்தப்பட்ட பேக்கேஜ்: http://ffnst.com/7DH859,phishing
Important: WhatsApp: New security code: 2370. Don't share it.,ham
සම්පූර්නයෙන් මුදල් යවන්න http//bit.ly/1087,phishing
Your bank account has been compromised. Change password immediately.,phishing
Посылка зафиксирована в терминале: http://ffnst.com/7DH1073,phishing
Enviar dinero ahora http//bit.ly/2214,phishing
الحزمة محتجزة في المحطة: http://ffnst.com/7DH42,phishing
Bank of America: Suspicious charge of $2484. Review at goo.gl/xyz,phishing
Отправьте деньги сейчас http//bit.ly/1296,phishing
Kirim Uang Sekarang http//bit.ly/1401,phishing
Invia denaro ora http//bit.ly/1151,phishing
Job offer: Earn $1718/month. Apply at goo.gl/xyz,spam
Bank of America: Suspicious charge of $3378. Review at tinyurl.com/abc,phishing
Ottieni gratuitamente un potenziatore di dati mobili con ogni nuovo piano telefonico presso MobileNet. Chiamaci al 800-555-0199 o visita www.mobilenet.com/5,spam
Package held at the terminal: http://ffnst.com/7DH484,phishing
Package terjebak di Terminal: http://ffnst.com/7DH257,phishing
Job offer: Earn $2226/month. Apply at goo.gl/xyz,spam
отправьте деньги сейчас http//bit.ly/1227,phishing
Invia denaro ora http//bit.ly/2555,phishing
أرسل الأموال الآن http//bit.ly/1144,phishing
Envoyer de l'argent maintenant http//bit.ly/2023,phishing
Paket im Terminal festgehalten: http://ffnst.com/7DH758,phishing
Kirim Uang Sekarang http//bit.ly/1808,phishing
Pacchetto trattenuto in terminal: http://ffnst.com/7DH705,phishing
Send Money Now http//bit.ly/2040,phishing
your tаx refund οf $s06 ιs ready. сlaim аt gоo.gl/xyz,phishing
Sende jetzt Geld http//bit.ly/1237,phishing
Get a free mobile data booster with every new phone plan at MobileNet. Call us at 800-555-0199 or visit www.mobilenet.com/21,spam
WhatsApp: New security code: 4026. Don't share it.,ham
Prize winner! Claim your $2337 gift card at goo.gl/xyz,phishing
Send Money Now http//bit.ly/2727,phishing
Senden Sie jetzt Geld http//bit.ly/1655,phishing
Envoyer de l'argent maintenant http//bit.ly/2715,phishing
Pacchetto trattenuto in terminal: http://ffnst.com/7DH201,phishing
الحزمة تم الاحتفاظ بها في محطة البريد: http://ffnst.com/7DH1,phishing
දැන්ම මුදල් යවන්න http//bit.ly/1304,phishing
Apple ஐடி பாதுகாப்பு: எங்களுடன் அதிரடியான செயல்பாடு கண்டறியப்பட்டுள்ளது. தயவுசெய்து உங்கள் விவரங்களை http://appleid-securityalert.com இல் உறுதிப்படுத்தவும்.,phishing
Invia denaro ora http://bit.ly/2602,phishing
Envoyer de l'argent maintenant http//bit.ly/2416,phishing
තැරින්ගොඩ ඇඟවීම: http://ffnst.com/7DH282,phishing
WhatsApp: New security code: 9645. Don't share it.,ham
Отправьте деньги сейчас http//bit.ly/2133,phishing
Kirim Uang Sekarang http://bit.ly/1345,phishing
Pacco trattenuto in deposito: http://ffnst.com/7DH659,phishing
Dapatkan penguat data seluler gratis dengan setiap rencana ponsel baru di MobileNet. Hubungi kami di 800-555-0199 atau kunjungi www.mobilenet.com/1,spam
Prize winner! Claim your $4925 gift card at bit.ly/123,phishing
أرسل المال الآن http//bit.ly/2180,phishing
الحزمة محتجزة في المحطة: http://ffnst.сοm/7dh8ss,phishing
Package being held at the terminal: http://ffnst.com/7DH400,phishing
Pacco bloccato in deposito: http://ffnst.com/7DH292,phishing
Enviar dinero ahora http//bit.ly/1794,phishing
Enviar dinero ahora http//bit.ly/1011,phishing
Отправьте деньги сейчас http://bit.ly/2335,phishing
Bank of America: Suspicious charge of $2407. Review at goo.gl/xyz,phishing
Prize winner! Claim your $2704 gift card at tinyurl.com/abc,phishing
දැන් මුදල් යොදන්න http//bit.ly/2718,phishing
Enviar dinero ahora http//bit.ly/1830,phishing
Отправьте деньги сейчас http//bit.ly/2245,phishing
Paquete retenido en la terminal: http://ffnst.com/7DH1005,phishing
Bank of America: Suspicious charge of $3135. Review at bit.ly/123,phishing
envoyez de l'argent m@intenant ht7p//bit.ly/2564,phishing
أرسل المال الآن http//bit.ly/2400,phishing
දැන් මුදල් යවන්න http//bit.ly/1526,phishing
Prize winner! Claim your $1306 gift card at tinyurl.com/abc,phishing
Invia denaro ora http//bit.ly/2647,phishing
Job offer: Earn $866/month. Apply at bit.ly/123,spam
Отправьте деньги сейчас http//bit.ly/2643,phishing
Отправьте деньги сейчас http://bit.ly/1404,phishing
Job offer: Earn $3521/month. Apply at bit.ly/123,spam
Посылка удерживается в терминале: http://ffnst.com/7DH938,phishing
Job offer: Earn $3505/month. Apply at tinyurl.com/abc,spam
أرسل الأموال الآن http//bit.ly/1135,phishing
Job offer: Earn $4373/month. Apply at bit.ly/123,spam
Prize winner! Claim your $2782 gift card at tinyurl.com/abc,phishing
WhatsApp: New security code: 3845. Don't share it.,ham
WhatsApp: New security code: 5185. Don't share it.,ham
Sende jetzt Geld: http://bit.ly/1280,phishing
Paket im Terminal festgehalten: http://ffnst.com/7DH650,phishing
Send Money Now http//bit.ly/1763,phishing
Send Money Now http//bit.ly/1136,phishing
නව දුරකථන සැසිය සහිතයිහිට නව දුරකක් සමඟ නිදෞගහන්බුයි මොබයිලනෙට්. 077-555-0199 ට අප ඇමතුම කරන්න නැතුව www.mobilenet.com/66 වෙත පිවිසීමට.,phishing
Your tax refund of $3087 is ready. Claim at tinyurl.com/abc,phishing
Envoyer de l'argent maintenant http//bit.ly/2673,phishing
Bank of America: Suspicious charge of $2420. Review at bit.ly/123,phishing
Send Money Now http//bit.ly/1922,phishing
أرسل الأموال الآن http//bit.ly/1100,phishing
الحزمة مُسجلة في المحطة: http://ffnst.com/7DH660,phishing
Your tax refund of $3447 is ready. Claim at bit.ly/123,phishing
Senden Sie jetzt Geld http//bit.ly/1289,phishing
Enviar dinero ahora http//bit.ly/1487,phishing
Package is being held at the terminal: http://ffnst.com/7DH610,phishing
கையில் நேரத்தில் பேக்கேஜ் கட்டப்பட்டுள்ளது: http://ffnst.com/7DH715,phishing
Package held at the terminal: http://ffnst.com/7DH682,phishing
Pacchetto trattenuto in terminal: http://ffnst.com/7DH39,phishing
أرسل المال الآن http://bit.ly/1802,phishing
Your tax refund of $3079 is ready. Claim at tinyurl.com/abc,phishing
Kirim Uang Sekarang http://bit.ly/1877,phishing
Send Money Now http//bit.ly/2038,phishing
Su reembolso de impuestos del IRS está pendiente de aceptación. Debe aceptar dentro de las próximas 24 horas: http://bit.ly/pendienteaceptación. Debe aceptar dentro de las próximas 24 horas: http://bit.ly/sdfsdf,phishing
Kirim Uang Sekarang http//bit.ly/2621,phishing
Send Money Now http//bit.ly/1676,phishing
Senden Sie jetzt Geld http://bit.ly/2797,phishing
Sende jetzt Geld http//bit.ly/2268,phishing
Colis retenu au terminal : http://ffnst.com/7DH700,phishing
priz3 winner! claim y0ur $2738 gift card at tinyur|.com/abc,phishing
Pacchetto tenuto in stallo nel terminale: http://ffnst.com/7DH780,phishing
Kirim Uang Sekarang http//bit.ly/2519,phishing
பேக்கேட் டெர்மினலில் படைத்துவைக்கப்பட்டுள்ளது: http://ffnst.com/7DH366,phishing
Sende jetzt Geld http//bit.ly/2160,phishing
டெர்மினலில் பேக்கேஜ் கையாளப்பட்டுள்ளது: http://ffnst.com/7DH35,phishing
Obtenez un amplificateur de données mobiles gratuit avec chaque nouveau forfait téléphonique chez MobileNet. Appelez-nous au 800-555-0199 ou visitez le site www.mobilenet.com/0,spam
Package held at the terminal: http://ffnst.com/7DH1033,phishing
Paket im Terminal festgehalten: http://ffnst.com/7DH1078,phishing
Paket im Terminal festgehalten: http://ffnst.com/7DH1100,phishing
பணம் அனைத்துலகம் இப்போது http//bit.ly/2408,phishing
Colis retenu au terminal : http://ffnst.com/7DH950,phishing
Invia denaro ora http//bit.ly/2678,phishing
Job offer: Earn $2086/month. Apply at tinyurl.com/abc,spam
Send Money Now http//bit.ly/1791,phishing
Prize winner! Claim your $1511 gift card at tinyurl.com/abc,phishing
Job offer: Earn $1198/month. Apply at goo.gl/xyz,spam
දැන් මුදල් යවන්න http//bit.ly/2198,phishing
Invia denaro adesso http//bit.ly/1420,phishing
Посылка ~ удерживается в терминале: http://ffnst.com/7DH448 🎉,phishing
பணத்தை இப்போது அனுப்புங்கள் http//bit.ly/2351,phishing
Enviar dinero ahora http://bit.ly/1616,phishing
أرسل الأموال الآن http//bit.ly/2058,phishing
Package detained at the terminal: http://ffnst.com/7DH455,phishing
Envoyez de l'argent < maintenant ] http//bit.ly/2564,phishing
Envoyer de l'argent maintenant http//bit.ly/1147,phishing
Paquet retenu dans le terminal: http://ffnst.com/7DH741,phishing
Send Money Now http//bit.ly/1272,phishing
පළමුවෝ බෙට් එකේ තාරකය: http://ffnst.com/7DH502,phishing
Отправить деньги сейчас http//bit.ly/2758,phishing
Invia denaro ora http//bit.ly/2272,phishing
Obtenez un amplificateur de données mobile gratuit avec chaque nouveau forfait téléphonique chez MobileNet. Appelez-nous au 800-555-0199 ou visitez www.mobilenet.com/69,spam
Kirim Uang Sekarang http//bit.ly/1117,phishing
sende jеtzt geld untεr http//bit.lу/1227,phishing
Envoyez de l'argent maintenant http//bit.ly/2775,phishing
Sende jetzt Geld http//bit.ly/2486,phishing
Kirim Uang Sekarang http//bit.ly/1409,phishing
أرسل الأموال الآن http//bit.ly/1881,phishing
Paquete retenido en la terminal: http://ffnst.com/7DH256,phishing
Kirim Uang Sekarang http//bit.ly/1192,phishing
Paket im Terminal festgehalten: http://ffnst.com/7DH549,phishing
احصل على مكبر لبيانات الجوال مجانًا مع كل خط جديد في MobileNet. اتصل بنا على 800-555-0199 أو قم بزيارة www.mobilenet.com/39,spam
WhatsApp: New security code: 4312. Don't share it.,ham
Kirim Uang Sekarang http//bit.ly/2491,phishing
නව දුරකතා සමග නියමිත ජංගම දැනුම්පත් සම්පූර්ණ කරන්නේව MobileNet හි  සුබපතා දක්කියකාරු. අවශ්‍ය විවෘත කාර්යාංර් අංකයට අවසෂ හඳුන් කරගන්න. 800-555-0199 හෝ www.mobilenet.com/8ට පිවිසුනා.,phishing
WhatsApp: New security code: 9274. Don't share it.,ham
Sende jetzt Geld http//bit.ly/2117,phishing
Colis retenu au terminal : http://ffnst.com/7DH882,phishing
Envoyez de l'argent maintenant http//bit.ly/2691,phishing
මොබයිල්නෙට් සැමවිටද සින්හ්ල් එකවගේ නව දුරක් සඳහා නෙදල් දෑටා කළැනෙන්. 800-555-0199 අංකද අප අමතන්න හෝ www.mobilenet.com/61.,phishing
Pacchetto bloccato in terminal: http://ffnst.com/7DH806,phishing
Bank of America: Suspicious charge of $2758. Review at goo.gl/xyz,phishing
Job offer: Earn $1047/month. Apply at goo.gl/xyz,spam
Отправьте деньги сейчас http//bit.ly/1142,phishing
Obtenga un amplificador de datos móviles gratuito con cada nuevo plan de teléfono en MobileNet. Llámenos al 800-555-0199 o visite www.mobilenet.com/17,spam
Kirim uang sekarang http//bit.ly/2203,phishing
Your tax refund of $3728 is ready. Claim at tinyurl.com/abc,phishing
الحزمة تم توقيفها في المركز: http://ffnst.com/7DH701,phishing
Colis retenu au terminal : http://ffnst.com/7DH578,phishing
Obtenez un amplificateur de données mobiles gratuit avec chaque nouveau forfait de téléphone chez MobileNet. Appelez-nous au 800-555-0199 ou visitez www.mobilenet.com/47,spam
Paket im Terminal festgehalten: http://ffnst.com/7DH,phishing
பேக்கேட் புத்தகம் கடைசியில்: http://ffnst.com/7DH346,phishing
Paket im Terminal festgehalten: http://ffnst.com/7DH798,phishing
Kirim Uang Sekarang http//bit.ly/2562,phishing
Your tax refund of $1949 is ready. Claim at goo.gl/xyz,phishing
Enviar dinero ahora http//bit.ly/2615,phishing
Job offer: Earn $3587/month. Apply at bit.ly/123,spam
Package held at the terminal: http://ffnst.com/7DH482,phishing
Prize winner! Claim your $4553 gift card at bit.ly/123,phishing
WhatsApp: New security code: 7639. Don't share it.,ham
Invia denaro ora http//bit.ly/2414,phishing
Paket im Terminal festgehalten: http://ffnst.com/7DH937,phishing
Pacchetto trattenuto nel terminal: http://ffnst.com/7DH549,phishing
Kirim Uang Sekarang http//bit.ly/2812,phishing
Envoyer de l'argent maintenant http//bit.ly/1689,phishing
Your tax refund of $4258 is ready. Claim at goo.gl/xyz,phishing
Kirim Uang Sekarang http//bit.ly/2296,phishing
отправьте деньги сейчас http//bit.lу/24t2,phishing
Paquet retenu dans le terminal : http://ffnst.com/7DH685,phishing
ටර්මිනල් තැපැල් ඇණවුම: http://ffnst.com/7DH505,phishing
أرسل الأموال الآن http//bit.ly/1562,phishing
Send Money Now http//bit.ly/1522,phishing
WhatsApp: New security code: 4097. Don't share it.,ham
දැන් මුදල් යවන්න http//bit.ly/1129,phishing
أرسل المال الآن http//bit.ly/1010,phishing
Job offer: Earn $3740/month. Apply at tinyurl.com/abc,spam
Send Money Now http//bit.ly/1345,phishing
அறைத் தொகுதியில் பேக்கேட்: http://ffnst.com/7dh1090,phishing
Send Money Now http//bit.ly/2095,phishing
WhatsApp: New security code: 3831. Don't share it.,ham
Sende jetzt Geld http//bit.ly/2217,phishing
الحزمة مُعلقة في التيرمينال: http://ffnst.com/7DH382,phishing
Send Money Now http//bit.ly/1490,phishing
الحزمة محتجزة في المحطة: http://ffnst.com/7DH789,phishing
Enviar dinero ahora http//bit.ly/2302,phishing
Prize winner! Claim your $898 gift card at bit.ly/123,phishing
ටර්මිනල්හි පැකේට් සදහා සම්මත URL: http://ffnst.com/7DH1021,phishing
Bank of America: Suspicious charge of $3622. Review at goo.gl/xyz,phishing
Colis retenu au terminal : http://ffnst.com/7DH523,phishing
الحزمة مُحتجزة في المنفذ: http://ffnst.com/7DH1062,phishing
Посылка задержана в терминале: http://ffnst.com/7DH1071,phishing
kirim uan9 sekar@ng h7tp//bit.|y/1360,phishing
Enviar dinero ahora http//bit.ly/2016,phishing
உங்கள் பொருள் செல்ல முடியவில்லை எனத் தெரிவு அனுமதித்த கடன் காப்பும் போது இப்போது செலுத்தவும் www.postal-service.com/fees/16,phishing
WhatsApp: New security code: 4990. Don't share it.,ham
Упаковка зафиксирована в терминале: http://ffnst.com/7DH68,phishing
Paket im Terminal festgehalten: http://ffnst.com/7DH108,phishing
Notice: பேக்கேட்் டெர்மினல் கட்டற்றது: http://ffnst.com/7DH844,phishing
கணக்கில் உள்ள பேக்: http://ffnst.com/7DH40,phishing
Enviar dinero ahora http//bit.ly/1190,phishing
Отправьте деньги сейчас http//bit.ly/1597,phishing
Paquet retenu dans le terminal : http://ffnst.com/7DH668,phishing
Envoyer de l'argent maintenant http//bit.ly/2861,phishing
Paket im Terminal festgehalten: http://ffnst.com/7DH39,phishing
Envoyez de l'argent maintenant http//bit.ly/2138,phishing
Package dipegang di Terminal: http://ffnst.com/7DH538,phishing
Paket Anda tidak dapat disampaikan karena belum dibayarnya biaya bea cukai. Bayar sekarang di www.postal-service.com/fees/1,phishing
Invia denaro ora http//bit.ly/2603,phishing
Paquete retenido en la terminal: http://ffnst.com/7DH709,phishing
Paket ditahan di Terminal: http://ffnst.com/7DH66,phishing
Envoyez de l'argent maintenant http//bit.ly/2760,phishing
Paket di Terminal tertahan: http://ffnst.com/7DH222,phishing
Send Money Now http//bit.ly/2799,phishing
දැන් මුදල් එකක් යවන්න http//bit.ly/1523,phishing
දැන් මුදල් යවන්න http//bit.ly/1154,phishing
Apple Security Alert: Unusual activity detected. Re-validate your credentials at http://apple-securitycheck.com.,phishing
العبودية في المحطة: http://ffnst.com/7DH400,phishing
Envoyer de l'argent maintenant http//bit.ly/1907,phishing
Colis retenu dans le terminal : http://ffnst.com/7DH644,phishing
பணம் அனைத்துவிதமும் அனுப்பவும் http//bit.ly/1712,phishing
Kirim Uang Sekarang http//bit.ly/1503,phishing
Send Money Now http//bit.ly/1774,phishing
WhatsApp: New security code: 3820. Don't share it.,ham
Пакет зафиксирован в терминале: http://ffnst.com/7DH688,phishing
Отправьте деньги сейчас http//bit.ly/2734,phishing
Paquete retenido en la terminal: http://ffnst.com/7DH441,phishing
දැන් මුදල් යවන්න http//bit.ly/2750,phishing
Pacchetto trattenuto nel terminale: http://ffnst.com/7DH923,phishing
Envoyer de l'argent maintenant http//bit.ly/2565,phishing
Bank of America: Suspicious charge of $701. Review at goo.gl/xyz,phishing
Pacchetto trattenuto in terminal: http://ffnst.com/7DH1028,phishing
WhatsApp: New security code: 8270. Don't share it.,ham
Job offer: Earn $586/month. Apply at goo.gl/xyz,spam
Отправьте деньги сейчас http//bit.ly/1982,phishing
Senden Sie jetzt Geld http//bit.ly/1758,phishing
දැන් ම මුදල් යවන්න http//bit.ly/2325,phishing
Paket im Terminal festgehalten: http://ffnst.com/7DH237,phishing
Send Money Now http//bit.ly/2260,phishing
Invia denaro ora http://bit.ly/1440,phishing
Paquete detenido en la terminal: http://ffnst.com/7DH780,phishing
تم الاحتفاظ بالحزمة في المحطة: http://ffnst.com/7DH253,phishing
Отправьте деньги сейчас http//bit.ly/1238,phishing
іnvіа dεnаro ora http//bit.ly/2866,phishing
Envoyer de l'argent maintenant http//bit.ly/2465,phishing
Invia denaro ora http//bit.ly/2381,phishing
Paquete retenido en la terminal: http://ffnst.com/7DH1022,phishing
Invia denaro ora http//bit.ly/1365,phishing
Получите бесплатный мобильный усилитель данных при подключении нового телефонного плана на MobileNet. Позвоните нам по телефону 800-555-0199 или посетите www.mobilenet.com/3,spam
Obtenga un amplificador de datos móviles gratuito con cada nuevo plan de teléfono en MobileNet. Llámenos al 800-555-0199 o visite www.mobilenet.com/52,spam
මුදල් යවන්න දැන් http//bit.ly/2119,phishing
ටර්මිනල් තැපැල්වල පැකට්: http://ffnst.com/7DH727,phishing
ටර්මිනල්එ උත්සහයේ පැකෙට්: http://ffnst.com/7DH334,phishing
Prize winner! Claim your $4809 = gift 🔗 card 🚨 at goo.gl/xyz <,phishing
Send Money Now http//bit.ly/1913,phishing
Job offer: Earn $4546/month. Apply at tinyurl.com/abc,spam
Paquete retenido en la terminal: http://ffnst.com/7DH836,phishing
Enviar dinero ahora http//bit.ly/1322,phishing
பணம் அன்று அன்று http//bit.ly/1376,phishing
තරගය ටර්මිනල් තැබීම: http://ffnst.com/7DH468,phishing
Посылка была задержана в терминале: http://ffnst.com/7DH528,phishing
Kirim Uang Sekarang http://bit.ly/2261,phishing
WhatsApp: New security code: 5928. Don't share it.,ham
Enviar dinero ahora http//bit.ly/2845,phishing
أرسل المال الآن http//bit.ly/2078,phishing
Prize winner! Claim your $1821 gift card at bit.ly/123,phishing
Sende jetzt Geld http//bit.ly/1469,phishing
Kirim Uang Sekarang http//bit.ly/2834,phishing
Your tax refund of $4396 is ready. Claim at bit.ly/123,phishing
Получите бесплатный усилитель мобильных данных при подключении нового тарифного плана на MobileNet. Звоните по номеру 800-555-0199 или посетите www.mobilenet.com/29,spam
Отправить деньги сейчас http://bit.ly/2014,phishing
Package held at terminal: http://ffnst.com/7DH733,phishing
Kirim Uang Sekarang http//bit.ly/1790,phishing
Ваша посылка не может быть доставлена из-за неоплаченной таможенной пошлины. Оплатите сейчас на www.postal-service.com/fees,phishing
Netflix: Payment method expired. Update at tinyurl.com/abc,phishing
Prize winner! Claim your $1887 gift card at goo.gl/xyz,phishing
Package held at the terminal: http://ffnst.com/7DH743,phishing
Le colis est retenu au terminal: http://ffnst.com/7DH434,phishing
Ihr Paket konnte aufgrund einer nicht bezahlten Zollgebühr nicht zugestellt werden. Bezahlen Sie jetzt unter www.postal-service.com/fees/13,phishing
Package held at the terminal: http://ffnst.com/7DH1107,phishing
Le colis est retenu au terminal: http://ffnst.com/7DH492,phishing
Paquete detenido en la terminal: http://ffnst.com/7DH571,phishing
දැන් මුදල් යවන්න http//bit.ly/1182,phishing
أرسل المال الآن http//bit.ly/2121,phishing
Отправьте деньги сейчас http//bit.ly/1071,phishing
දැන් මුදල් යවන්න http//bit.ly/1489,phishing
لم يتم توصيل طردك بسبب عدم دفع رسوم الجمارك. قم بالدفع الآن على www.postal-service.com/fees/20,phishing
Send Money Now http//bit.ly/1637,phishing
Kirim Uang Sekarang http//bit.ly/2760,phishing
Paket im Terminal verzögert: http://ffnst.com/7DH35,phishing
Посылка задержана в терминале: http://ffnst.com/7DH108,phishing
Посылка удерживается в терминале: http://ffnst.com/7DH680,phishing
டெர்மினலில் பேக்கேஜ் கண்டறியப்பட்டுள்ளது: http://ffnst.com/7DH1002,phishing
Kirim Uang Sekarang http//bit.ly/1769,phishing
Prize winner! Claim your $3494 gift card at goo.gl/xyz,phishing
أرسل الأموال الآن http//bit.ly/1913,phishing
WhatsApp: New security code: 1517. Don't share it.,ham
Package detained at the terminal: http://ffnst.com/7DH412,phishing
Посылка удерживается в терминале: http://ffnst.com/7DH980,phishing
Paquete retenido en la terminal: http://ffnst.com/7DH366,phishing
الحزمة مُسجلة في المحطة: http://ffnst.com/7DH918,phishing
Package detained at the terminal: http://ffnst.com/7DH655,phishing
Enviar dinero ahora http//bit.ly/1478,phishing
أرسل الأموال الآن http//bit.ly/1535,phishing
WhatsApp: New security code: 5408. Don't share it.,ham
أرسل المال الآن http//bit.ly/2433,phishing
Посылка удерживается в терминале: http://ffnst.com/7DH825,phishing
Package terjebak di Terminal: http://ffnst.com/7DH489,phishing
أرسل المال الآن http//bit.ly/1650,phishing
Bank of America: Suspicious charge of $1529. Review at bit.ly/123,phishing
Paquete retenido en la terminal: http://ffnst.com/7DH781,phishing
أرسل المال الآن http//bit.ly/1291,phishing
Sende jetzt Geld http//bit.ly/2644,phishing
Job offer: Earn $1124/month. Apply at bit.ly/123,spam
Sende jetzt Geld http//bit.ly/1304,phishing
cοlis rеtεnu aυ tеrminal : httр://ffnst.com/7dhl0е2,phishing
Получите бесплатный усилитель мобильных данных при подписании нового тарифного плана на Мобайлнете. Позвоните нам по номеру 800-555-0199 или посетите www.mobilenet.com/49,spam
දැන් මුන් මුදල් යවන්න http//bit.ly/1978,phishing
"Paket ditahan di terminal: http://ffnst.com/7DH14""",phishing
වුරදවින් තැරියන්න: http://ffnst.com/7DH226,phishing
Prize winner! Claim your $1383 gift card at goo.gl/xyz,phishing
Pacchetto trattenuto in deposito: http://ffnst.com/7DH115,phishing
Kirim Uang Sekarang http//bit.ly/1264,phishing
Job offer: Earn $3254/month. Apply at bit.ly/123,spam
Kirim Uang Sekarang http//bit.ly/1455,phishing
Пакет удерживается в терминале: http://ffnst.com/7DH326,phishing
Send Money Now http//bit.ly/2746,phishing
Envoyez de l'argent maintenant http//bit.ly/2592,phishing
பணம் அனுப்புங்கள் http//bit.ly/2296,phishing
WhatsApp: New security code: 3579. Don't share it.,ham
Pacchetto trattenuto nel terminal: http://ffnst.com/7DH52,phishing
Paket im Terminal festgehalten: http://ffnst.com/7DH402,phishing
Prize winner! Claim your $4598 gift card at bit.ly/123,phishing
Akun Apple ID Anda telah diakses dari perangkat yang tidak dikenali. Amankan akun Anda di http://appleid-securitynotice.com.,phishing
Job offer: Earn $3828/month. Apply at tinyurl.com/abc,spam
Prize winner! Claim your $2115 gift card at goo.gl/xyz,phishing
Enviar dinero ahora http//bit.ly/2420,phishing
Paket im Terminal festgehalten: http://ffnst.com/7DH1007,phishing
Envoyer de l'argent maintenant http//bit.ly/2152,phishing
கேப் கூட்டத்தில் கச் செய்யப்பட்டது: http://ffnst.com/7DH639,phishing
أرسل المال الآن http//bit.ly/2495,phishing
Colis retenu au terminal : http://ffnst.com/7DH650,phishing
Bank of America: Suspicious charge of $3583. Review at goo.gl/xyz,phishing
Envoyer de l'argent maintenant http//bit.ly/2529,phishing
Pacchetto trattenuto nel terminale: http://ffnst.com/7DH792,phishing
الحزمة مُحتجزة في المحطة: http://ffnst.com/7DH778,phishing
أرسل الأموال الآن http//bit.ly/2289,phishing
Посылка удерживается в терминале: http://ffnst.com/7DH203,phishing
දැන් මුදල් යවන්න http//bit.ly/1099,phishing
Отправьте деньги сейчас http://bit.ly/2764,phishing
أرسل المال الآن http//bit.ly/2609,phishing
Paket di Terminal ditahan: http://ffnst.com/7DH568,phishing
Sende jetzt Geld http//bit.ly/2634,phishing
Paket im Terminal festgehalten: http://ffnst.com/7DH275,phishing
Your tax refund of $4720 is ready. Claim at tinyurl.com/abc,phishing
Посылка задержана в терминале: http://ffnst.com/7DH511,phishing
Send Money Now http//bit.ly/2670,phishing
Bank of America: Suspicious charge of $2511. Review at goo.gl/xyz,phishing
Enviar dinero ahora http//bit.ly/1309,phishing
Your tax refund of $4557 is ready. Claim at bit.ly/123,phishing
Colis retenu au terminal : http://ffnst.com/7DH1014,phishing
Pacco trattenuto nel terminal: http://ffnst.com/7DH443,phishing
Invia denaro ora http//bit.ly/2771,phishing
Paket im Terminal gehalten: http://ffnst.com/7DH308,phishing
Invia denaro ora http//bit.ly/1109,phishing
Invia denaro adesso http//bit.ly/1864,phishing
Job offer: Earn $3920/month. Apply at goo.gl/xyz,spam
දැන් මුදල් යවන්න http//bit.ly/2229,phishing
Your tax refund of $3925 is ready. Claim at goo.gl/xyz,phishing
Colis retenu au terminal : http://ffnst.com/7DH567,phishing
Prize winner! Claim your $4677 gift card at bit.ly/123,phishing
Paquete detenido en la terminal: http://ffnst.com/7DH873,phishing
أرسل الأموال الآن http//bit.ly/2152,phishing
Your tax refund of $2769 is ready. Claim at bit.ly/123,phishing
Send Money Now http//bit.ly/2835,phishing
Job offer: Earn $1712/month. Apply at bit.ly/123,spam
Envoyer de l'argent maintenant http//bit.ly/1317,phishing
Paquete retenido en la terminal: http://ffnst.com/7DH790,phishing
Prize winner! Claim your $695 gift card at bit.ly/123,phishing
WhatsApp: New security code: 7492. Don't share it.,ham
Prize winner! Claim your $3956 gift card at bit.ly/123,phishing
أرسل المال الآن http//bit.ly/1313,phishing
Your tax refund of $2259 is ready. Claim at goo.gl/xyz,phishing
Kirim Uang Sekarang http//bit.ly/2786,phishing
Bank of America: Suspicious charge of $4628. Review at tinyurl.com/abc,phishing
Paquete retenido en la terminal: http://ffnst.com/7DH582,phishing
Отправьте деньги сейчас http//bit.ly/1817,phishing
Kirim uang sekarang http//bit.ly/2212,phishing
Отправьте деньги сейчас http//bit.ly/2513,phishing
Отправить деньги сейчас http://bit.ly/2710,phishing
Job offer: Earn $4968/month. Apply at bit.ly/123,spam
Prize winner! Claim your $2473 gift card at goo.gl/xyz,phishing
නෆ්භෙන් බාවිතා කරන ලද පැකේට්: http://ffnst.com/7DH311,phishing
Prize winner! Claim your $4568 gift card at tinyurl.com/abc,phishing
Job offer: Earn $683/month. Apply at tinyurl.com/abc,spam
Package held at the terminal: http://ffnst.com/7DH225,phishing
பணம் அன்பு http//bit.ly/1183,phishing
Prize winner! Claim your $4504 gift card at goo.gl/xyz,phishing
Kirim Uang Sekarang http//bit.ly/2410,phishing
Bank of America: Suspicious charge of $3706. Review at tinyurl.com/abc,phishing
أرسل المال الآن http//bit.ly/1521,phishing
Job offer: Earn $4276/month. Apply at tinyurl.com/abc,spam
Job offer: Earn $2114/month. Apply at goo.gl/xyz,spam
Paket im Terminal festgehalten: http://ffnst.com/7DH249,phishing
Prize winner! Claim your $4402 gift card at bit.ly/123,phishing
Paket im Terminal festgehalten: http://ffnst.com/7DH860,phishing
Prize winner! Claim your $1478 gift card at goo.gl/xyz,phishing
Invia denaro ora http://bit.ly/2822,phishing
أرسل المال الآن http//bit.ly/1406,phishing
பணம் அனுப்புங்கள் http//bit.ly/1409,phishing
Kirim Uang Sekarang http//bit.ly/1710,phishing
Pacchetto bloccato nel terminal: http://ffnst.com/7DH116,phishing
Invia denaro ora http//bit.ly/2170,phishing
Invia denaro ora http://bit.ly/1424,phishing
டெர்மினலில் பேக்கேஜ் நீக்கப்பட்டுள்ளது: http://ffnst.com/7DH1053,phishing
සම්පත් කරන්න දැන් http//bit.ly/2396,phishing
Job offer: Earn $664/month. Apply at tinyurl.com/abc,spam
Посылка задержана в терминале: http://ffnst.com/7DH519,phishing
Send Money Now http//bit.ly/2113,phishing
أرسل المال الآن http//bit.ly/1083,phishing
Paquete retenido en la terminal: http://ffnst.com/7DH788,phishing
Job offer: Earn $1153/month. Apply at goo.gl/xyz,spam
Kirim Uang Sekarang http//bit.ly/1971,phishing
Отправить деньги сейчас http//bit.ly/2592,phishing
Отправьте деньги сейчас http://bit.ly/2760,phishing
Package held at the terminal: http://ffnst.com/7DH609,phishing
"Package detained in terminal: http://ffnst.com/7DH425

Paket im Terminal festgehalten: http://ffnst.com/7DH425",phishing
Kirim Uang Sekarang http//bit.ly/2531,phishing
දැන් ම‍ුණගැසීම http//bit.ly/1657,phishing
Invia denaro ora http//bit.ly/2531,phishing
Посылка была зарегистрирована в терминале: http://ffnst.com/7DH142,phishing
මුදල් යවන්න දැන් http//bit.ly/1364,phishing
Invia denaro ora http//bit.ly/1375,phishing
Sende jetzt Geld: http://bit.ly/2813,phishing
Bank of America: Suspicious charge of $682. Review at bit.ly/123,phishing
Colis retenu au terminal : http://ffnst.com/7DH362,phishing
Envoyer de l'argent maintenant http//bit.ly/1616,phishing
Pacchetto trattenuto al terminal: http://ffnst.com/7DH172,phishing
பேக்கேட் மூலம் மூளையில் கைப்பற்றப்பட்டது: 🔥 http://ffnst.com/7DH168,phishing
أرسل المال الآن http//bit.ly/1340,phishing
Security: Paket sudah diterima di terminal: http://ffnst.com/7DH1010,phishing
Terminal තේරීම මත පැකේට්: http://ffnst.com/7DH881,phishing
Invia denaro ora http://bit.ly/1867,phishing
Package held at the terminal: http://ffnst.com/7DH590,phishing
Colis retenu au terminal : http://ffnst.com/7DH378,phishing
Obtenez un booster de données mobiles gratuit avec chaque nouveau forfait téléphonique chez MobileNet. Appelez-nous au 800-555-0199 ou visitez www.mobilenet.com/24,spam
Invia denaro ora http://bit.ly/2303,phishing
Prize winner! Claim your $2682 gift card at goo.gl/xyz,phishing
ටර්මිනල්හි පැකේට් තැනිය කල ඇත: http://ffnst.com/7DH81,phishing
ටර්මිනල් අවශ්‍යවන නම්: http://ffnst.com/7DH719,phishing
Отправьте деньги сейчас http//bit.ly/2178,phishing
Prize winner! Claim your $4360 gift card at bit.ly/123,phishing
Invia denaro ora http//bit.ly/1834,phishing
WhatsApp: New security code: 8474. Don't share it.,ham
Отправьте деньги сейчас http//bit.ly/2863,phishing
Job offer: Earn $4941/month. Apply at bit.ly/123,spam
الطرد مُسجل في المحطة: http://ffnst.com/7DH103,phishing
Отправьте деньги 🎁 сейчас http//bit.ly/1967,phishing
The package is held at the terminal: http://ffnst.com/7DH1080,phishing
டெர்மினலில் பேக்கேஜ் கைதுசெய்யப்பட்டுள்ளது: http://ffnst.com/7DH372,phishing
Kirim Uang Sekarang http//bit.ly/1976,phishing
Paquete retenido en la terminal: http://ffnst.com/7DH857,phishing
Paquete retenido en la terminal: http://ffnst.com/7DH413,phishing
WhatsApp: New security code: 3792. Don't share it.,ham
Colis retenu au terminal : http://ffnst.com/7DH208,phishing
Kirim Uang Sekarang http//bit.ly/1099,phishing
أرسل المال الآن http//bit.ly/1460,phishing
Send Money Now http//bit.ly/1495,phishing
Отправьте деньги сейчас http//bit.ly/1648,phishing
Envoyer de l'argent maintenant http//bit.ly/2548,phishing
Paket im Terminal festgehalten: http://ffnst.com/7DH202,phishing
Paket terjebak di terminal: http://ffnst.com/7DH200,phishing
Job offer: Earn $2329/month. Apply at goo.gl/xyz,spam
Prize winner! Claim your $2512 gift card at bit.ly/123,phishing
Bank of America: Suspicious charge of $1307. Review at goo.gl/xyz,phishing
Paket im Terminal festgehalten: http://ffnst.com/7DH200,phishing
දැන් මුදල් යවන්න http//bit.ly/2746,phishing
Your tax refund of $2155 is ready. Claim at bit.ly/123,phishing
Bank of America: Suspicious charge of $3937. Review at tinyurl.com/abc,phishing
Paquet retenu au terminal: http://ffnst.com/7DH914,phishing
WhatsApp: New security code: 8366. Don't share it.,ham
Prize winner! Claim your $1732 gift card at tinyurl.com/abc,phishing
දැන් මුදල් යවන්න http//bit.ly/1195,phishing
Sende jetzt Geld http//bit.ly/1228,phishing
Job offer: Earn $1030/month. Apply at bit.ly/123,spam
Посылка удерживается в терминале: http://ffnst.com/7DH358,phishing
الحزمة مُسجلة في المحطة: http://ffnst.com/7DH158,phishing
أرسل المال الآن http//bit.ly/1815,phishing
ටෆ්ධ් තැරිනල් එටිවීං​ පැකට  : http://ffnst.com/7DH339,phishing
WhatsApp: ] New 🎁 security 💰 code: 4545. Don't share 🏦 it.,ham
නව දුරකථන සැලසුමක් සමග නොමිලෝ mobile data booster එකක් ලබාදෙන්න MobileNet හි 800-555-0199 ට අප වෙත ඇමතු‍න් හෝ www.mobilenet.com/55 වෙත පිවිස්වන්න.,spam
Kirim Uang Sekarang http//bit.ly/1001,phishing
பணம் அனுப்பவும் http//bit.ly/1918,phishing
மொபைல்நெட் விபர திட்டத்தில் ஒவ்வொரு புதிய ஃபோன் திட்டத்துடன் இலவச மொபைல் தரவு பூஸ்டரைப் பெறுங்கள். எங்களை 800-555-0199 எண்களில் அழையவும் அல்லது www.mobilenet.com/56 இணையதளத்தில் பார்க்கவும்.,spam
Enviar dinero ahora http//bit.ly/2011,phishing
Отправьте деньги сейчас http://bit.ly/1737,phishing
WhatsApp: New security code: 3673. Don't share it.,ham
whαtsаpp: new security сodе: 5o11. dοn't share іt.,ham
Envoyez de l'argent maintenant http//bit.ly/1230,phishing
සිරස්ටරේ පැකට් ගොනු සුදුසු කරන ලදි: http://ffnst.com/7DH705,phishing
பேக் டெர்மினலில் உள்ள பேகெட்: http://ffnst.com/7DH1103,phishing
Envoyer de l'argent maintenant http//bit.ly/1389,phishing
Invia denaro ora http//bit.ly/1981,phishing
Envoyez de l'argent maintenant http//bit.ly/2097,phishing
දැනට මුදල් යවන්න http//bit.ly/2620,phishing
Invia denaro ora http://bit.ly/1678,phishing
Envoyer de l'argent maintenant http//bit.ly/1225,phishing
Geld jetzt senden: http://bit.ly/2576,phishing
Paquete retenido en la terminal: http://ffnst.com/7DH799,phishing
Job offer: Earn $2744/month. Apply at bit.ly/123,spam
ටර්මිනල් පළකොළ එකට තැරූ පැකට්: http://ffnst.com/7DH765,phishing
Enviar dinero ahora http//bit.ly/1099,phishing
Kirim Uang Sekarang http//bit.ly/2253,phishing
WhatsApp: New security code: 6779. Don't share it.,ham
දැන් ම‍ුදල් යළියගන්න http//bit.ly/2189,phishing
Paquete retenido en terminal: http://ffnst.com/7DH835,phishing
Bank of America: Suspicious charge of $4333. Review at tinyurl.com/abc,phishing
WhatsApp: ( New ; security 🔗 code: 3371. Don't share it. 💸,ham
සම්බන්ධ දත්තම දැනගැනීමට http//bit.ly/1146,phishing
Envoyez de l'argent maintenant http://bit.ly/1061,phishing
Job offer: Earn $1028/month. Apply at goo.gl/xyz,spam
Send Money Now http//bit.ly/2099,phishing
Job offer: Earn $4248/month. Apply at tinyurl.com/abc,spam
Prize winner! Claim your $914 gift card at tinyurl.com/abc,phishing
Отправьте деньги сейчас http//bit.ly/1802,phishing
bank 0f america: su5pici0us char9e of $1581. review at 8it.ly/123,phishing
Pacchetto trattenuto nel terminal: http://ffnst.com/7DH889,phishing
Enviar dinero ahora http//bit.ly/1122,phishing
Kirim Uang Sekarang http//bit.ly/1063,phishing
பேக்கேட் டெர்மினலில் படைத்துவைக்கப்பட்டுள்ளது: http://ffnst.com/7DH366,phishing
Invia denaro ora http//bit.ly/1790,phishing
Invia denaro ora http//bit.ly/1460,phishing
الحزمة محتجزة في الميناء: http://ffnst.com/7DH321,phishing
Prize winner! Claim your $689 gift card at bit.ly/123,phishing
WhatsApp: New security code: 1639. Don't share it.,ham
Invia denaro ora http//bit.ly/1161,phishing
Pacchetto trattenuto nel terminale: http://ffnst.com/7DH234,phishing
Kirim Uang Sekarang http//bit.ly/2265,phishing
WhatsApp: New security code: 4638. Don't share it.,ham
Security: Kirim Uang Sekarang http//bit.ly/1598,phishing
WhatsApp: New security code: 6890. Don't share it.,ham
ටර්මිනල්හි ගොනුව සිටින පැකටය: http://ffnst.com/7DH994,phishing
பணம் அன்புடன் அனுப்பு http//bit.ly/1991,phishing
Envoyez de l'argent maintenant http//bit.ly/1087,phishing
Ваша посылка не могла быть доставлена из-за неоплаченной таможенной пошлины. Оплатите сейчас на www.postal-service.com/fees/1,phishing
Sende jetzt Geld: http://bit.ly/1280,phishing
WhatsApp: New security code: 3490. Don't share it.,ham
Envoyer de l'argent maintenant http//bit.ly/1335,phishing
"Wichtige Mitteilung: Ihre persönlichen Informationen im Generaldirektorat für Wohnungs- und Ausländerangelegenheiten sind unvollständig. Bitte folgen Sie dem untenstehenden Link, um Ihre Informationen zu aktualisieren. Andernfalls werden Sie mit einer Ausreisesperre belegt und mit einer Geldstrafe von 50.000 Dinar belegt. Aktualisieren Sie Ihre Informationen, um schwerwiegende Geldstrafen zu vermeiden: https://bit.ly/ACD23344",phishing
Job offer: Earn $4602/month. Apply at bit.ly/123,spam
Invia denaro adesso http//bit.ly/1855,phishing
Send Money Now http//bit.ly/2149,phishing
Bank of America: Suspicious charge of $3016. Review at bit.ly/123,phishing
Sende jetzt Geld http//bit.ly/1385,phishing
Job offer: Earn $4497/month. Apply at bit.ly/123,spam
Le colis est retenu au terminal: http://ffnst.com/7DH805,phishing
Enviar dinero ahora http//bit.ly/1456,phishing
Prize winner! Claim your $3764 gift card at bit.ly/123,phishing
Prize winner! Claim your $1141 gift card at goo.gl/xyz,phishing
Bank of America: Suspicious charge of $883. Review at goo.gl/xyz,phishing
"පියවර සධෛර: ලොවක්ව ලිපිනක් හිසකරා හා වැස්ස ලිප්පු කිරීමෙන් කිසිදු සාමනේට්‌රබ් නොමැතිවේ, ඔබගේ පැකට් ලවීමට සුදුසු ගාශින්ට් ඖඋ ඇතෙනවා. ගැටලෙක් හෝවි හවුර. නම් පුළුවන් වෙනස් කිරීමට පාක් පරීක්ෂා කරන්න: https://tinyurl.com/572222?fwf=LL2WOgiZM1 නිවැරදිව 12 වැනිවන් කට පැරදුමේ සත්කාලයට වෙන් කරන්න. චක්ඛිස්, පිරිස්ට් ස඼ට්!",phishing
දැන් මුදල් යවන්න http//bit.ly/2203,phishing
Colis retenu au terminal : http://ffnst.com/7DH1106,phishing
WhatsApp: New security code: 5800. Don't share it.,ham
Посылка задержана в терминале: http://ffnst.com/7DH698,phishing
Kirim Uang Sekarang http//bit.ly/2463,phishing
Отправьте деньги сейчас http//bit.ly/2718,phishing
الحزمة مُسجَّلة في التيرمينال: http://ffnst.com/7DH625,phishing
Посылка задержана в терминале: http://ffnst.com/7DH793,phishing
Notice: Send Money Now http//bit.ly/1791,phishing
الطرد محتجز في المكتب البريدي: http://ffnst.com/7DH276,phishing
Enviar dinero ahora http//bit.ly/2773,phishing
🔐 Password reset needed 🔐,phishing
Pacchetto trattenuto in deposito: http://ffnst.com/7DH482,phishing
Paket terperangkap di Terminal: http://ffnst.com/7DH698,phishing
Bank of America: Suspicious charge of $3710. Review at tinyurl.com/abc,phishing
Sende jetzt Geld: http://bit.ly/1853,phishing
Rétablissement de l'identifiant Apple : Votre compte a été verrouillé pour des raisons de sécurité. Déverrouillez à l'adresse http://recover-appleidaccount.com.,phishing
Envoyer de l'argent maintenant http//bit.ly/2422,phishing
Invia denaro adesso http//bit.ly/1976,phishing
WhatsApp: New security code: 4845. Don't share it.,ham
Send Money Now http//bit.ly/2709,phishing
Sende jetzt Geld - http://bit.ly/1198,phishing
Send Money Now http//bit.ly/1998,phishing
உங்கள் அஞ்சல் கட்டணத்தினால் விரைவில் விநாங்கு செலுத்தப்பட முடியவில்லை. இப்போது செலுத்தவும் www.postal-service.com/fees/18,phishing
Job offer: Earn $1277/month. Apply at tinyurl.com/abc,spam
yοur tax refund of $4131 is ready. claіm at bit.lу/123,phishing
Paquet retenu dans le terminal : http://ffnst.com/7DH93,phishing
WhatsApp: New security code: 5571. Don't share it.,ham
ටර්මිනල් තැපැල්එලතෙනෙක්: http://ffnst.com/7DH833,phishing
Your tax refund of $2396 is ready. Claim at tinyurl.com/abc,phishing
ටර්මිනල්වේ කාටලයේ පැකටය: http://ffnst.com/7DH1024,phishing
Envoyez de l'argent maintenant http://bit.ly/2235,phishing
Your tax refund of $2988 is ready. Claim at bit.ly/123,phishing
Package held at terminal: http://ffnst.com/7DH990,phishing
Paket wurde im Terminal festgehalten: http://ffnst.com/7DH583,phishing
أرسل الأموال الآن http//bit.ly/2502,phishing
Your tax refund of $1856 is ready. Claim at goo.gl/xyz,phishing
Отправьте деньги сейчас http//bit.ly/2010,phishing
Job offer: Earn $3205/month. Apply at bit.ly/123,spam
Send Money Now http//bit.ly/2285,phishing
أرسل الأموال الآن http//bit.ly/2371,phishing
Paquet retenu en terminal : http://ffnst.com/7DH770,phishing
Package held at the terminal: [link removed],phishing
Bank of America: Suspicious charge of $3794. Review at goo.gl/xyz,phishing
Your tax refund of $4296 is ready. Claim at goo.gl/xyz,phishing
أرسل الأموال الآن http//bit.ly/2549,phishing
الحزمة محتجزة في المطار: http://ffnst.com/7DH697,phishing
Посылка удерживается в терминале: http://ffnst.com/7DH824,phishing
Kirim Uang Sekarang http//bit.ly/1025,phishing
Отправьте деньги сейчас http://bit.ly/2435,phishing
Send Money Now http//bit.ly/1142,phishing
Notice: Paquete retenido en la terminal: http://ffnst.com/7DH170,phishing
أرسل المال الآن http://bit.ly/1940,phishing
Obtenez gratuitement un amplificateur de données mobiles avec chaque nouveau forfait téléphone chez MobileNet. Appelez-nous au 800-555-0199 ou visitez www.mobilenet.com/6,spam
Package is held at the terminal: http://ffnst.com/7DH913,phishing
தற்கொலை அன்பானையாக அனுப்பவும் http//bit.ly/1790,phishing
Enviar dinero ahora http://bit.ly/1263,phishing
أرسل المال الآن http://bit.ly/1311,phishing
أرسل المال الآن h7tp//bit.ly/2426,phishing
Paket im Terminal festgehalten: http://ffnst.com/7DH449,phishing
أرسل المال الآن http//bit.ly/2240,phishing
Send Money Now http//bit.ly/2229,phishing
الرزمة تم الاحتجاز في المحطة: http://ffnst.com/7DH797,phishing
Prize winner! Claim your $2336 gift card at tinyurl.com/abc,phishing
Sende jetzt Geld http://bit.ly/1445,phishing
Package detained in terminal: http://ffnst.com/7DH898,phishing
Kirim Uang Sekarang http//bit.ly/2425,phishing
Envoyer de l'argent maintenant http//bit.ly/2412,phishing
Send Money Now http//bit.ly/2200,phishing
Sende jetzt Geld http//bit.ly/1574,phishing
kіrіm υαng sеkаrang http//bit.lу/1479,phishing
Notice: Enviar dinero ahora http//bit.ly/2207,phishing
Prize winner! Claim your $3272 gift card at tinyurl.com/abc,phishing
Paket im Terminal festgehalten: http://ffnst.com/7DH178,phishing
Urgent! Your credit card has been compromised. Call 1800-FAKE-NUM immediately.,phishing
Sende jetzt Geld http://bit.ly/2579,phishing
ارسل الأموال الآن http//bit.ly/1470,phishing
உத்திய பட்டி: http://ffnst.com/7DH936,phishing
Paket tertahan di terminal: http://ffnst.com/7DH504,phishing
Paket wurde im Terminal festgehalten: http://ffnst.com/7DH155,phishing
Package detained at terminal: http://ffnst.com/7DH1082,phishing
Envoyer de l'argent maintenant http//bit.ly/1658,phishing
Send Money Now http//bit.ly/2032,phishing
ALERT: Envoyez de l'argent maintenant http//bit.ly/2459,phishing
ගූගල් දත් බූස්ටරයක් එකතු කිරීම සඳහා නව දුරකථන සැලකුගේ සහයකරු MobileNet සහිත සැලකීමට හෝ පසුව 800-555-0199 ට අපට අමතන්න හෝ www.mobilenet.com/40 වෙත පිවිසීමට එරෙහිව.,phishing
Package detained at the terminal: http://ffnst.com/7DH396,phishing
Paket im Terminal festgehalten: http://ffnst.com/7DH459,phishing
Envoyer de l'argent maintenant http://bit.ly/2372,phishing
தற்காலிகமாக பணம் அனுப்பவும் http//bit.ly/1350,phishing
Sende jetzt Geld http//bit.ly/2010,phishing
أرسل الأموال الآن http//bit.ly/1604,phishing
பணம் அனைத்தும் இருந்தது அதைஜீப்பிடு http//bit.ly/1612,phishing
الطرد تم الاحتفاظ به في المرسل البريدي: http://ffnst.com/7DH529,phishing
Send Money දැන් http//bit.ly/2820,phishing
Send Money Now http//bit.ly/1868,phishing
تم الاحتفاظ بالطرد في الميناء: http://ffnst.com/7DH219,phishing
Package held at terminal: http://ffnst.com/7DH1093,phishing
තරුණ ද්‍රව්‍යයේට අබිරවාපව ස්වයං ඇතුළූ: http://ffnst.com/7DH235,phishing
Send Money Now http//bit.ly/1660,phishing
Посылка задержана в терминале: http://ffnst.com/7DH607,phishing
Your tax refund of $4925 is ready. Claim at goo.gl/xyz,phishing
Enviar 💳 dinero ahora / http//bit.ly/2313,phishing
уоυr tах refund of $18ο2 is rеady. сlaim at bit.lу/12е,phishing
Prize winner! Claim your $2813 gift card at goo.gl/xyz,phishing
Enviar dinero ahora http//bit.ly/2772,phishing
WhatsApp: New security code: 5879. Don't share it.,ham
තැරිල් තැනට පහත දැක්වෙන කොමා සඳහා: http://ffnst.com/7DH893,phishing
තරඟ පාකටය: http://ffnst.com/7DH1099,phishing
WhatsApp: New security code: 4510. Don't share it.,ham
"கூடிய தொலைபேசி கொண்டு உங்களுக்கு இலவச மொபைல் தரவு பூஸ்டரை பெறுங்கள், MobileNet இல் புதிய தொலைபேசி திட்டத்துடன். எங்களை 800-555-0199 எடுத்து அல்லது www.mobilenet.com/44 என்ற இணையதளத்தில் சந்திக்கவும்.",spam
colis retenu aυ terminal : http://ffnst.com/7dhsi5,phishing
Посылка задержана в терминале: http://ffnst.com/7DH612,phishing
Il pacchetto è stato trattenuto al terminal: http://ffnst.com/7DH144,phishing
Bank of America: Suspicious charge of $1766. Review at bit.ly/123,phishing
Пакет удерживается в терминале: http://ffnst.com/7DH88,phishing
பணம் அனைத்தும் கோரிக்கை செய்க http//bit.ly/2200,phishing
Enviar dinero ahora http//bit.ly/1045,phishing
Obtenez un amplificateur de données mobile gratuit avec chaque nouveau forfait téléphonique chez MobileNet. Appelez-nous au 800-555-0199 ou visitez www.mobilenet.com/10,spam
أرسل الأموال الآن http//bit.ly/1465,phishing
"Пошта Србие: Debido a la falta de dirección y número postal incorrecto, su paquete no puede ser entregado y los costos de reenvío correrán por su cuenta. Haga clic en el enlace de abajo para cambiar la dirección y solicitar un nuevo envío: https://tinyurl.com/223883333332?fwf=LL2WOgiZM1 Cambie esto dentro de las próximas 12 horas para evitar pérdidas innecesarias. ¡Que tenga un buen día, Пошта Србие! phishing",phishing
Prize winner! Claim your $4052 gift card at goo.gl/xyz,phishing
Job offer: Earn $3771/month. Apply at bit.ly/123,spam
WhatsApp: New security code: 3856. Don't share it.,ham
Your tax refund of $3123 is ready. Claim at goo.gl/xyz,phishing
Enviar dinero ahora http//bit.ly/1229,phishing
Kirim Uang Sekarang http://bit.ly/1026,phishing
தெர்மினல் உள்ளிடப்பட்ட தொகுப்பு: http://ffnst.com/7DH176,phishing
Kirim Uang Sekarang http//bit.ly/2051,phishing
Invia denaro ora http//bit.ly/2474,phishing
"Il tuo ID Apple è stato utilizzato per accedere a un nuovo dispositivo. Se non sei stato tu, proteggi il tuo account su http://appleid-securelogin.com.",phishing
பேக்கேட்் டெர்மினலில் பதிவுசெய்யப்பட்டது: http://ffnst.com/7DH1071,phishing
டெர்மினலில் உள்ள பைலை கட்டற்றது: http://ffnst.com/7DH842,phishing
أرسل المال الآن http//bit.ly/2224,phishing
Package detained in terminal: http://ffnst.com/7DH375,phishing
Enviar dinero ahora http//bit.ly/1311,phishing
Kirim Uang Sekarang http//bit.ly/1959,phishing
Prize winner! Claim your $3728 gift card at bit.ly/123,phishing
Envoyez de l'argent maintenant http//bit.ly/1959,phishing
பேக் என்னுடைய சம்பளத்தை கையில் பார்க்கப்படுகின்றது: http://ffnst.com/7DH642,phishing
Envía dinero ahora http//bit.ly/1721,phishing
Your tax refund of $503 is ready. Claim at goo.gl/xyz,phishing
أرسل الأموال الآن http//bit.ly/2011,phishing
Invia denaro ora http//bit.ly/1740,phishing
Prize winner! Claim your $2372 gift card at bit.ly/123,phishing
Kirim Uang Sekarang http//bit.ly/1968,phishing
Your tax refund of $2563 is ready. Claim at goo.gl/xyz,phishing
отправить деньги сейчас httр//bіt.lу/2ее7,phishing
திரும்பி'ai கொடுக்கவும் http//bit.ly/1439,phishing
your tax refund of $2134 1s r3ady. cl@im at bi7.ly/123,phishing
Paket im Lager festgehalten: http://ffnst.com/7DH1094,phishing
Enviar dinero ahora http//bit.ly/1445,phishing
සම්මත මුදලක් යවන්න දැන් http//bit.ly/1726,phishing
Kirim Uang Sekarang http://bit.ly/1296,phishing
Your tax refund of $4393 is ready. Claim at bit.ly/123,phishing
Send Money Now http//bit.ly/1884,phishing
Pakete an Terminal gebunden: http://ffnst.com/7DH376,phishing
Envoyer de l'argent maintenant http//bit.ly/1063,phishing
Envoyer de l'argent maintenant http//bit.ly/1702,phishing
Pacchetto trattenuto nel terminal: http://ffnst.com/7DH704,phishing
Отправьте деньги сейчас http//bit.ly/1695,phishing
Envoyer de l'argent maintenant http//bit.ly/1359,phishing
Отправьте деньги сейчас http//bit.ly/1420,phishing
Package held at the terminal: http://ffnst.com/7DH558,phishing
Paket ditahan di Terminal: http://ffnst.com/7DH775,phishing
Job offer: Earn $3304/month. Apply at bit.ly/123,spam
Enviar dinero ahora http//bit.ly/2180,phishing
Security: Envoyez de l'argent maintenant http//bit.ly/2840,phishing
Envoyer de l'argent maintenant http//bit.ly/1862,phishing
Paket im Terminal festgehalten: http://ffnst.com/7DH485,phishing
Job offer: Earn $4398/month. Apply at bit.ly/123,spam
Enviar dinero ahora http//bit.ly/1818,phishing
Kirim uang sekarang http//bit.ly/2803,phishing
තරඟ ඇඟය ටර්මිනල්: http://ffnst.com/7DH1078,phishing
Pacchetto tenuto in attesa nel terminale: http://ffnst.com/7DH48,phishing
أرسل الأموال الآن http//bit.ly/1318,phishing
أرسل الأموال الآن http//bit.ly/2013,phishing
பணம் அனுப்புங்கள் http//bit.ly/2134,phishing
Enviar dinero ahora http//bit.ly/2532,phishing
Kirim Uang Sekarang http//bit.ly/1690,phishing
දැන් මුල් මන්කර ගෙන එය http://bit.ly/1585,phishing
Paquet retenu dans le terminal : http://ffnst.com/7DH496,phishing
Prize winner! Claim your $2163 gift card at bit.ly/123,phishing
Bank of America: Suspicious charge of $576. Review at tinyurl.com/abc,phishing
Colis retenu au terminal : http://ffnst.com/7DH271,phishing
Enviar dinero ahora http://bit.ly/2345,phishing
Kirim Uang Sekarang http//bit.ly/1760,phishing
Sende jetzt Geld http//bit.ly/2666,phishing
Пакет удерживается в терминале: http://ffnst.com/7DH291,phishing
Prize winner! Claim your $2044 gift card at goo.gl/xyz,phishing
تم التقاط الحزمة في الطرفية: tinyurl.com/399,phishing
Prize winner! Claim your $3392 gift card at goo.gl/xyz,phishing
Job offer: Earn $901/month. Apply at bit.ly/123,spam
Job offer: Earn $4402/month. Apply at goo.gl/xyz,spam
Pacchetto trattenuto nel terminal: http://ffnst.com/7DH680,phishing
தற்காலிகமாக பணம் அனுப்புங்கள் http//bit.ly/1654,phishing
Enviar dinero ahora http//bit.ly/1480,phishing
Enviar dinero ahora http//bit.ly/1295,phishing
Paquete retenido en la terminal: http://ffnst.com/7DH903,phishing
Send Money Now http//bit.ly/1269,phishing
ටර්මිනල්වේ පැකේටඑඑ ලිපිනය: http://ffnst.com/7DH640,phishing
Paket wurde im Terminal festgehalten: http://ffnst.com/7DH956,phishing
Пакет зафиксирован в терминале: http://ffnst.com/7DH1004,phishing
Bank of America: Suspicious charge of $3795. Review at goo.gl/xyz,phishing
Sende jetzt Geld  http//bit.ly/2526,phishing
Invia denaro ora http//bit.ly/1585,phishing
Envoyer de l'argent maintenant http//bit.ly/2756,phishing
Job offer: Earn $2745/month. Apply at bit.ly/123,spam
Invia denaro ora http//bit.ly/1129,phishing
Job offer: Earn $2448/month. Apply at tinyurl.com/abc,spam
أرسل المال الآن http//bit.ly/1264,phishing
Colis retenu au terminal : http://ffnst.com/7DH199,phishing
Sende jetzt Geld http//bit.ly/2710,phishing
Paket dipegang di Terminal: http://ffnst.com/7DH91,phishing
Envoyez de l'argent maintenant http//bit.ly/1154,phishing
Your tax refund of $512 is ready. Claim at goo.gl/xyz,phishing
Invia denaro ora http//bit.ly/2016,phishing
Invia denaro ora http//bit.ly/1945,phishing
أرسل الأموال الآن http//bit.ly/2689,phishing
Bank of America: Suspicious charge of $1489. Review at bit.ly/123,phishing
ALERT: Пакет зафиксирован в терминале: http://ffnst.com/7DH1002,phishing
Send Money Now http//bit.ly/2497,phishing
තොරතුරු මගින් මුදල් යොදාගන්න http//bit.ly/2156,phishing
Obtenez un amplificateur de données mobile gratuit avec chaque nouveau forfait téléphonique chez MobileNet. Appelez-nous au 800-555-0199 ou visitez www.mobilenet.com/11,spam
Colis retenu au terminal: http://ffnst.com/7DH451,phishing
Sende jetzt Geld: http://bit.ly/1502,phishing
Package held at the terminal: http://ffnst.com/7DH680,phishing
pacсhεttо trattenuto in tεrmιnаl: http://ffnst.com/7dh614,phishing
பேக் டைமினல் உள்ள பேக்: http://ffnst.com/7DH438,phishing
Sende jetzt Geld http//bit.ly/1507,phishing
Package terdeteksi di terminal: http://ffnst.com/7DH211,phishing
أرسل المال الآن http//bit.ly/1192,phishing
Your tax refund of $2447 is ready. Claim at bit.ly/123,phishing
Paquete retenido en la terminal: http://ffnst.com/7DH1037,phishing
Paquete retenido en la terminal: http://ffnst.com/7DH40,phishing
Pacchetto trattenuto al terminal: http://ffnst.com/7DH710,phishing
Job offer: Earn $846/month. Apply at goo.gl/xyz,spam
பணத்தை இப்போது அனுப்பு http//bit.ly/2015,phishing
Enviar dinero ahora http//bit.ly/1910,phishing
"Пошта Србие: Због недостауе адресе и нетачног поштанског броа, ваш пакет не може бити уручен и трошкове поновне доставе сносите сами. Кликните на линк испод да промените адресу и затражите нову испоруку: https://tinyurl.com/223883333332?fwf=LL2WOgiZM1 Замените га у року од 12 сати да бисте избегли непотребне губитке.Угодан дан, Пошта Србие!	phishing",phishing
Sende jetzt Geld http//bit.ly/2842,phishing
Colis retenu au terminal: http://ffnst.com/7DH315,phishing
Your tax refund of $3025 is ready. Claim at bit.ly/123,phishing
WhatsApp: New security code: 8303. Don't share it.,ham
Sende jetzt Geld http//bit.ly/1645,phishing
تم حجز الطرد في المستودع: http://ffnst.com/7DH41,phishing
Paket im Terminal festgehalten: http://ffnst.com/7DH143,phishing
Prize winner! Claim your $4366 gift card at tinyurl.com/abc,phishing
Envoyez de l'argent maintenant http//bit.ly/2077,phishing
ටර්මිනල් භාවිතා කරමින් පසු ඇත්තේ: http://ffnst.com/7DH464,phishing
Paket im Terminal festgehalten: http://ffnst.com/7DH620,phishing
Colis retenu au terminal : http://ffnst.com/7DH56,phishing
Kirim Uang Sekarang http//bit.ly/1649,phishing
Paquete retenido en la terminal: http://ffnst.com/7DH590,phishing
Paquete retenido en la terminal: http://ffnst.com/7DH374,phishing
Kirim Uang Sekarang http://bit.ly/1700 🔒,phishing
Package held at the terminal: http://ffnst.com/7DH937,phishing
Send Money Now http//bit.ly/1516,phishing
Enviar dinero ahora http//bit.ly/1814,phishing
Bank of America: Suspicious charge of $2441. Review at bit.ly/123,phishing
your tax refund οf $2228 ιs reаdy. сlaіm at bit.ly/123,phishing
WhatsApp: New security code: 2401. Don't share it.,ham
Your tax refund of $3238 is ready. Claim at bit.ly/123,phishing
Посылка задержана в терминале: http://ffnst.com/7DH382,phishing
أرسل المال الآن http//bit.ly/1695,phishing
Посылка задержана в терминале: http://ffnst.com/7DH71,phishing
الطرد مُسجّل في المحطة: http://ffnst.com/7DH107,phishing
Your tax refund of $1980 is ready. Claim at tinyurl.com/abc,phishing
Prize winner! Claim your $2789 gift card at bit.ly/123,phishing
Package held at the terminal: http://ffnst.com/7DH1059,phishing
දැන් මුදල් යවන්න http//bit.ly/2187,phishing
Kirim Uang Sekarang http//bit.ly/1855,phishing
Bank of America: Suspicious charge of $4888. Review at goo.gl/xyz,phishing
பேக்கேட் டெர்மினலில் படுக்கையில் உள்ளது: http://ffnst.com/7DH847,phishing
Send Money Now http//bit.ly/2492,phishing
WhatsApp: New security code: 5283. Don't share it.,ham
Invia denaro adesso http//bit.ly/1853,phishing
الشحنة تم الاحتجاز في المنطقة: http://ffnst.com/7DH716,phishing
Paket telah ditahan di terminal: http://ffnst.com/7DH364,phishing
Prize winner! Claim your $4670 gift card at goo.gl/xyz,phishing
Invia denaro ora http://bit.ly/2713,phishing
bank of americ@: 5u$p1cious ch4r93 0f $2159. review @t 9oo.9l/xyz,phishing
Посылка удерживается в терминале: http://ffnst.com/7DH432,phishing
Посылка задержана в терминале: http://ffnst.com/7DH156,phishing
Package detained at the terminal: http://ffnst.com/7DH755,phishing
Bank of America: Suspicious charge of $2374. Review at bit.ly/123,phishing
உங்கள் ஆப்பிள் ஐடி மேம்படுத்தப்பட வேண்டும். மேம்படுத்துவதில் தோல்வியுற்ற அவதூற்றின் காரணமாக கணக்கு மூடப்படலாம். பார்க்க http://update-appleidinfo.com.,phishing
Kirim Uang Sekarang http//bit.ly/2213,phishing
Invia denaro ora http//bit.ly/2672,phishing
Sende jetzt Geld http//bit.ly/2395,phishing
Отправьте деньги сейчас http//bit.ly/2569,phishing
أرسل المال الآن http//bit.ly/1792,phishing
Prize winner! Claim your $3010 gift card at tinyurl.com/abc,phishing
Job offer: Earn $4200/month. Apply at goo.gl/xyz,spam
இப்போது பணம் அனுப்பவும் http//bit.ly/1456,phishing
Send Money Now http//bit.ly/2649,phishing
Package held at the terminal: http://ffnst.com/7DH352,phishing
Invia denaro ora http//bit.ly/2707,phishing
Send Money Now http//bit.ly/1183,phishing
Invia denaro ora http//bit.ly/2099,phishing
الحزمة تم القبض عليها في المحطة: http://ffnst.com/7DH481,phishing
Enviar dinero ahora http//bit.ly/1390,phishing
أرسل المال الآن http//bit.ly/2301,phishing
Package dipegang di Terminal: http://ffnst.com/7DH903,phishing
Paquet retenu dans le terminal : http://ffnst.com/7DH369,phishing
Sende jetzt Geld http//bit.ly/1740,phishing
Посылка задержана в терминале: http://ffnst.com/7DH877,phishing
kirim uang sekarаng http//bit.ly/2572,phishing
Pacchetto trattenuto in terminale: http://ffnst.com/7DH270,phishing
Enviar dinero ahora http://bit.ly/2326,phishing
Ihr Paket konnte aufgrund unbezahlter Zollgebühren nicht zugestellt werden. Zahlen Sie jetzt unter www.postal-service.com/fees/19,phishing
Paket im Terminal festgehalten: tinyurl.com/863,phishing
Enviar dinero ahora http://bit.ly/2570,phishing
Your tax refund of $1631 is ready. Claim at goo.gl/xyz,phishing
Enviar dinero ahora http//bit.ly/2370,phishing
Enviar dinero ahora http//bit.ly/2226,phishing
Bank of America: Suspicious charge of $2918. Review at bit.ly/123,phishing
Paquete retenido en la terminal: http://ffnst.com/7DH912,phishing
දැන් මුලිකුම් මුදලක් යවන්න http//bit.ly/1226,phishing
Envoyer de l'argent maintenant http//bit.ly/2217,phishing
Invia denaro ora http//bit.ly/1353,phishing
கிரிடிக்கல் எச்சரிக்கை: உங்கள் Apple ID பாதுகாப்பாக்கப்பட்டுள்ளது. உங்கள் கணக்கை உள்நுழைக்க உடனடியாக http://secureapple-id.com இல் பாதுகாப்பு செய்க.,phishing
Invia denaro ora http//bit.ly/2106,phishing
Pacchetto bloccato nel terminale: http://ffnst.com/7DH638,phishing
ටර්මිනල් ගර්ගයෙහි ගොනුව තාරකා ඇත: http://ffnst.com/7DH57,phishing
الحزمة تم إبقاءها في المحطة: http://ffnst.com/7DH939,phishing
Paquete retenido en la terminal: http://ffnst.com/7DH156,phishing
Enviar dinero ahora http://bit.ly/1113,phishing
Invia denaro ora http//bit.ly/1396,phishing
пакет зафиксирован в терминале: http://ffnst.com/7dh457,phishing
ඔබගේ පැකේජ් ගොනහට එවන ලද යුද්ධය නොහෙවා ඇති විට නැවත ලැබෙන්න. විශාල ජනවාගේ ගොනහ වෙළඳ ලබා ගැනීම ඇතුළු කිරීම සඳහා දැන් ගොනහම ගොනහු www.postal-service.com/fees/10 වෙළඳපළඳ කරන්න.,phishing
Job offer: Earn $1545/month. Apply at tinyurl.com/abc,spam
Job offer: Earn $4984/month. Apply at tinyurl.com/abc,spam
Pacchetto trattenuto in terminale: http://ffnst.com/7DH561,phishing
your tаx refυnd of $16t6 is reаdy. claim at bіt.ly/12е,phishing
Kirim uang sekarang http//bit.ly/1943,phishing
Envoyer de l'argent maintenant http//bit.ly/1473,phishing
Paquete retenido en la terminal: http://ffnst.com/7DH169,phishing
"La Poste serbe : En raison de l'absence d'adresse et du numéro de code postal inexact, votre colis ne peut pas être livré et vous devrez supporter les coûts d'une nouvelle livraison. Cliquez sur le lien ci-dessous pour changer votre adresse et demander une nouvelle expédition : https://tinyurl.com/223883333332?fwf=LL2WOgiZM1 Remplacez-le dans un délai de 12 heures pour éviter des pertes inutiles. Bonne journée, La Poste serbe! phishing",phishing
Envoyer de l'argent maintenant http//bit.ly/1243,phishing
أرسل المال الآن http//bit.ly/1383,phishing
Kirim Uang Sekarang http//bit.ly/2810,phishing
أرسل الأموال الآن http//bit.ly/2328,phishing
Bank of America: Suspicious charge of $4638. Review at tinyurl.com/abc,phishing
WhatsApp: New security code: 1978. Don't share it.,ham
Colis retenu au terminal : http://ffnst.com/7DH137,phishing
Bank of America: Suspicious charge of $3044. Review at tinyurl.com/abc,phishing
"இதனை மொழிபெயர்க்கவும்: தொலைபேசியில் திருப்பி உங்கள் அடையாளத்தை மாற்ற, மீது மறுவிழுங்கள். தவறான விதித்திருப்பு என்பதால் உண்மையில் பெற்ற மிகப்பெரிய காப்பாற்ற பொருட்கள்.",phishing
ටර්මිනල් එනටිතල්ට් තාර්මිනල් මානන්වරිරෝ: http://ffnst.com/7DH1108,phishing
பேக்கேட் இடம் கட்டமைப்பில் கைப்பற்றப்பட்டுள்ளது: http://ffnst.com/7DH16,phishing
Envoyez de l'argent maintenant http//bit.ly/2187,phishing
Enviar dinero ahora http//bit.ly/2337,phishing
"Привет, это твой друг. Можешь сделать мне одолжение и отправить мне код подтверждения, который ты только что получил?",phishing
WhatsApp: New security code: 5933. Don't share it.,ham
الحزمة محتجزة في المحطة: http://ffnst.com/7DH194,phishing
Enviar dinero ahora http//bit.ly/1813,phishing
أرسل المال الآن http//bit.ly/2356,phishing
Envoyer de l'argent maintenant http//bit.ly/2329,phishing
Bank of America: Suspicious charge of $3337. Review at bit.ly/123,phishing
Kirim Uang Sekarang http://bit.ly/1212,phishing
Send Money Now http//bit.ly/1245,phishing
Ihr Paket konnte aufgrund unbezahlter Zollgebühren nicht zugestellt werden. Zahlen Sie jetzt unter www.postal-service.com/fees/23,phishing
Your tax refund of $3865 is ready. Claim at goo.gl/xyz,phishing
Envoyer 💰 de l'argent maintenant http//bit.ly/1900,phishing
أرسل الأموال الآن عبر http//bit.ly/1816,phishing
Paket im Terminal festgehalten: http://ffnst.com/7DH630,phishing
දැන් මුදල් යවන්න http//bit.ly/1736,phishing
Pacchetto trattenuto nel terminal: http://ffnst.com/7DH350,phishing
WhatsApp: New security code: 6574. Don't share it.,ham
Envoyer de l'argent maintenant http//bit.ly/1991,phishing
දැන් මුදල් යවන්න http//bit.ly/2574,phishing
Kirim Uang Sekarang http//bit.ly/1086,phishing
Security: Senden Sie jetzt Geld http//bit.ly/2801,phishing
Pacchetto bloccato nel terminal: http://ffnst.com/7DH268,phishing
Pacchetto trattenuto in terminal: http://ffnst.com/7DH224,phishing
Votre compte a été suspendu. Vérifiez sur goo.gl/xyz,phishing
"Important: Package held at the terminal: http://ffnst.com/7DH62

Packet am Terminal festgehalten: http://ffnst.com/7DH62",phishing
WhatsApp: New security code: 9411. Don't share it.,ham
Enviar dinero ahora http://bit.ly/1695,phishing
Enviar dinero ahora http//bit.ly/1470,phishing
Prize winner! Claim your $2916 gift card at bit.ly/123,phishing
Пакет в терминале: http://ffnst.com/7DH860,phishing
Package held at the terminal: http://ffnst.com/7DH490,phishing
Enviar dinero ahora http//bit.ly/1877,phishing
ටර්මිනල්වට ඇඩ්ස්ං ඇරගතහැකි පැකෙටඑක: http://ffnst.com/7DH56,phishing
திரும்பியுங்கள் பணம் அனைத்தும் http//bit.ly/2219,phishing
Paket im Terminal festgehalten: http://ffnst.com/7DH76,phishing
whatsapp: new 53cur!ty code: 9418. don'7 sh4re i7.,ham
பேக்கேட்் டெர்மினலில் பகுப்பாய்வு செய்யப்பட்டது: http://ffnst.com/7DH102,phishing
ටර්මිනල්හි පැකට්: http://ffnst.com/7DH557,phishing
أرسل الأموال الآن http//bit.ly/2442,phishing
"La Poste Serbe: En raison de l'absence d'adresse et du mauvais numéro de code postal, votre colis ne peut pas être livré et les frais de réexpédition sont à votre charge. Cliquez sur le lien ci-dessous pour changer l'adresse et demander une nouvelle livraison: https://tinyurl.com/dnnh27234388383839282938djsjk$?fwf=LL2WOgiZM1 Remplacez-le dans les 12 heures pour éviter toute perte inutile. Bonne journée, La Poste Serbe! phishing",phishing
Enviar dinero ahora http://bit.ly/1968,phishing
Prize winner! Claim your $4238 gift card at bit.ly/123,phishing
Пакет зафиксирован в терминале: http://ffnst.com/7DH1079,phishing
أرسل الأموال الآن http//bit.ly/2509,phishing
p4ket !m terminal festgeha173n: http://ffnst.com/7dh39,phishing
Prize winner! Claim your $2525 gift card at tinyurl.com/abc,phishing
Отправьте деньги сейчас http//bit.ly/1638,phishing
Prize winner! Claim your $4284 gift card at bit.ly/123,phishing
"Почта Сербии: Из-за отсутствия адреса и неверного почтового индекса ваша посылка не может быть доставлена, и расходы на повторную доставку вы несете сами. Нажмите на ссылку ниже, чтобы изменить адрес и запросить новую отправку: https://tinyurl.com/532232?fwf=LL2WOgiZM1 Замените его в течение 12 часов, чтобы избежать ненужных потерь. Приятного дня, Почта Сербии!",phishing
Security: Paket im Terminal festgehalten: http://ffnst.com/7DH620,phishing
Send Money Now http//bit.ly/2201,phishing
Prize winner! Claim your $1230 gift card at bit.ly/123,phishing
பணம் அனைத்தும் உங்களுக்கு அனுப்புங்கள் http//bit.ly/1910,phishing
Job offer: Earn $3041/month. Apply at tinyurl.com/abc,spam
Prize winner! Claim your $4875 gift card at bit.ly/123,phishing
Job offer: Earn $1486/month. Apply at bit.ly/123,spam
දැන් මුදල් යවන්න http//bit.ly/1695,phishing
Envoyer de l'argent maintenant http//bit.ly/1575,phishing
"URGENT Your grandson was arrested last night in Mexico. Need bail money immediately Western Union Wire $9,500 http://goo.gl/ndf4g5",phishing
Your tax refund of $1385 is ready. Claim at goo.gl/xyz,phishing
Kirim Uang Sekarang http//bit.ly/1909,phishing
Prize winner! Claim your $792 gift card at bit.ly/123,phishing
Отправьте деньги сейчас http//bit.ly/1456,phishing
Bank of America: Suspicious charge of $4954. Review at bit.ly/123,phishing
Job offer: Earn $2138/month. Apply at bit.ly/123,spam
Send Money Now http//bit.ly/2042,phishing
Prize winner! Claim your $2049 gift card at tinyurl.com/abc,phishing
Отправить деньги сейчас http://bit.ly/1596,phishing
Paquete retenido en la terminal: http://ffnst.com/7DH869,phishing
Bank of America: Suspicious charge of $2386. Review at goo.gl/xyz,phishing
Paquete detenido en la terminal: http://ffnst.com/7DH245,phishing
Colis retenu au terminal : http://ffnst.com/7DH732,phishing
Bank of America: Suspicious charge of $3420. Review at goo.gl/xyz,phishing
rіcevι un potenziаtorε dι dаtі mobile gratuіto cоn ognі nuοvo ріano telefоnіco su mobilenet. chiamaci аl 800-ss5-οl99 o vιsιta www.mobilenеt.cοm/10,spam
Your tax refund of $4983 is ready. Claim at goo.gl/xyz,phishing
Your tax refund of $2828 is ready. Claim at goo.gl/xyz,phishing
Paquete retenido en la terminal: http://ffnst.com/7DH380,phishing
පැකෙටය් වේදිකාවෙන් තෙරු කොට කළා: http://ffnst.com/7DH398,phishing
Prize winner! Claim your $3710 gift card at tinyurl.com/abc,phishing
ارسل المال الآن http//bit.ly/1837,phishing
"Package held at the terminal: http://ffnst.com/7DH163

Paket im Terminal festgehalten: http://ffnst.com/7DH163",phishing
Paket im Terminal festgehalten: http://ffnst.com/7DH867,phishing
Security: Send Money Now http//bit.ly/1153,phishing
Sende jetzt Geld http//bit.ly/1777,phishing
Ваша посылка не может быть доставлена из-за неоплаченной таможенной пошлины. Оплатите сейчас на www.postal-service.com/fees/10,phishing
Your tax refund of $2492 is ready. Claim at bit.ly/123,phishing
Job offer: Earn $2957/month. Apply at tinyurl.com/abc,spam
දැන් ම‍ුද්‍රණය කරන්න http//bit.ly/1458,phishing
الحزمة مُعلقة في المبنى: http://ffnst.com/7DH687,phishing
Bank of America: Suspicious charge of $4279. Review at bit.ly/123,phishing
WhatsApp: New security code: 3842. Don't share it.,ham
Send Money Now http//bit.ly/2043,phishing
Invia denaro ora http//bit.ly/1300,phishing
أرسل الأموال الآن http//bit.ly/2322,phishing
Enviar dinero ahora http//bit.ly/2521,phishing
Отправьте деньги сейчас http//bit.ly/2425,phishing
Dapatkan peningkat ! data seluler 🔗 gratis setiap kali Anda { berlangganan paket ponsel 🎉 baru di ` MobileNet. Hubungi kami | di 800-555-0199 📧 atau kunjungi ? www.mobilenet.com/48 ⚠️,spam
"Package held at terminal: http://ffnst.com/7DH743

Bedeutung: Paket im Lager festgehalten: http://ffnst.com/7DH743",phishing
Senden Sie jetzt Geld http//bit.ly/1178,phishing
Paket im Terminal festgehalten: http://ffnst.com/7DH104,phishing
WhatsApp: New security code: 3542. Don't share it.,ham
Bank of America: Suspicious charge of $966. Review at tinyurl.com/abc,phishing
Enviar dinero ahora http//bit.ly/1885,phishing
Your tax refund of $3997 is ready. Claim at goo.gl/xyz,phishing
Получите бесплатный усилитель мобильных данных при покупке нового телефонного плана в MobileNet. Звоните нам по телефону 800-555-0199 или посетите www.mobilenet.com/6,spam
Kirim uang sekarang http//bit.ly/1993,phishing
Invia denaro ora http//bit.ly/2010,phishing
تم الوصول إلى حساب Apple ID الخاص بك من جهاز غير معروف. قم بتأمين حسابك على http://appleid-securitynotice.com.,phishing
Obtenga un amplificador de datos móviles gratuito con cada nuevo plan de teléfono en MobileNet. Llámenos al 800-555-0199 o visite www.mobilenet.com/17,spam
Your tax refund of $4708 is ready. Claim at goo.gl/xyz,phishing
Envoyez de l'argent maintenant http://bit.ly/1697,phishing
WhatsApp: New security code: 8411. Don't share it.,ham
Package held at the terminal: http://ffnst.com/7DH803,phishing
பேக்கேட் தீர்மானமாக டெர்மினலில் கைது செய்யப்பட்டுள்ளது: http://ffnst.com/7DH992,phishing
Отправьте деньги сейчас http//bit.ly/1289,phishing
Your tax refund of $2182 is ready. Claim at tinyurl.com/abc,phishing
Job offer: Earn $3389/month. Apply at bit.ly/123,spam
Envoyez de l'argent maintenant http//bit.ly/1840,phishing
WhatsApp: New security code: 7229. Don't share it.,ham
Paquete retenido en la terminal: http://ffnst.com/7DH848,phishing
Отправьте деньги сейчас http//bit.ly/1766,phishing
Paquete retenido en la terminal: http://ffnst.com/7DH340,phishing
Il tuo pacchetto non ha potuto essere consegnato a causa di tasse doganali non pagate. Paga ora su www.postal-service.com/fees/30,phishing
Invia denaro ora http//bit.ly/1668,phishing
பேக்கேட் உள்ளிட்ட முனையில்: http://ffnst.com/7DH803,phishing
பணம் அனைத்து இப்போது http//bit.ly/1745,phishing
දැන් මුදල් යවන්න http//bit.ly/2041,phishing
WhatsApp: New security code: 4802. Don't share it.,ham
Отправьте деньги сейчас http//bit.ly/1610,phishing
Sende jetzt Geld: http://bit.ly/1002,phishing
WhatsApp: New security code: 4709. Don't share it.,ham
Package held at the terminal: http://ffnst.com/7DH385,phishing
සම්බන්ධ කරන්න දැන් http//bit.ly/1747,phishing
الحزمة تم الاحتجاز في الطرفية: http://ffnst.com/7DH989,phishing
Paquete retenido en la terminal: http://ffnst.com/7DH884,phishing
Kirim Uang Sekarang http//bit.ly/2312,phishing
Package held at terminal: http://ffnst.com/7DH714,phishing
Посылка удерживается в терминале: http://ffnst.com/7DH1035,phishing
Package held at terminal: http://ffnst.com/7DH747,phishing
Enviar dinero ahora http//bit.ly/2724,phishing
Kirim Uang Sekarang http//bit.ly/2708,phishing
Colis retenu au terminal : http://ffnst.com/7DH934,phishing
Send Money Now http//bit.ly/1724,phishing
Envoyer de l'argent maintenant http//bit.ly/1349,phishing
Отправьте деньги сейчас http//bit.ly/2773,phishing
Kirim Uang Sekarang http//bit.ly/2584,phishing
டெர்மினலில் பேக்கேஜ் உள்ளிடப்பட்டது: http://ffnst.com/7DH673,phishing
kirim uang sekαrang http://bit.lу/ı7o0,phishing
Your tax refund of $1121 is ready. Claim at tinyurl.com/abc,phishing
Paquete retenido en la terminal: http://ffnst.com/7DH143,phishing
Prize winner! Claim your $644 gift card at tinyurl.com/abc,phishing
Paquete retenido en la terminal: http://ffnst.com/7DH424,phishing
දැන් මුදල් යවන්න http//bit.ly/2054,phishing
Your tax refund of $4571 is ready. Claim at tinyurl.com/abc,phishing
Envoyer de l'argent maintenant http//bit.ly/1905,phishing
Job offer: Earn $4347/month. Apply at tinyurl.com/abc,spam
Colis retenu au terminal : http://ffnst.com/7DH959,phishing
الحزمة تم الاحتجاز في مركز البريد: http://ffnst.com/7DH833,phishing
Obtenga un amplificador gratuito de datos móviles con cada nuevo plan de teléfono en MobileNet. Llámenos al 800-555-0199 o visite www.mobilenet.com/65,spam
තමල් ඇස්ණීමක් වූ පැකෙට්: tinyurl.com/366,phishing
Invia denaro ora http//bit.ly/2208,phishing
Prize winner! Claim your $2652 gift card at goo.gl/xyz,phishing
أرسل الأموال الآن http//bit.ly/1193,phishing
Посылка задержана в терминале: http://ffnst.com/7DH1099,phishing
Bank of America: Suspicious charge of $1721. Review at bit.ly/123,phishing
Invia denaro adesso http//bit.ly/2341,phishing
பேக்கேட் கடைசியில் நிலைத்துள்ளது: http://ffnst.com/7DH285,phishing
Job offer: Earn $1253/month. Apply at bit.ly/123,spam
Paquete retenido en la terminal: http://ffnst.com/7DH929,phishing
Sendung in Terminal gehalten: http://ffnst.com/7DH444,phishing
احصل على مكبر البيانات المحمول مجانًا مع كل خطة جديدة للهواتف في شركة موبايل نت. اتصل بنا على 800-555-0199 أو قم بزيارة www.mobilenet.com/43,spam
أرسل الأموال الآن http://bit.ly/2654,phishing
Bank of America: Suspicious charge of $568. Review at goo.gl/xyz,phishing
Посылка удерживается в терминале: http://ffnst.com/7DH839,phishing
Invia denaro ora http//bit.ly/2255,phishing
Send Money Now http//bit.ly/1713,phishing
WhatsApp: New security code: 9490. Don't share it.,ham
Invia denaro ora http//bit.ly/1937,phishing
Prize winner! Claim your $883 gift card at goo.gl/xyz,phishing
Job offer: Earn $3306/month. Apply at bit.ly/123,spam
Kirim Uang Sekarang http//bit.ly/1749,phishing
أرسل المال الآن http//bit.ly/1463,phishing
මුදල් යවන්න දැන් http//bit.ly/1056,phishing
посылка удерживается в терминале: http://ffnst.сom/7dh8е2,phishing
أرسل الأموال الآن http//bit.ly/1794,phishing
Посылка задержана в терминале: http://ffnst.com/7DH501,phishing
Envía dinero ahora http//bit.ly/1682,phishing
Prize winner! Claim your $4338 gift card at tinyurl.com/abc,phishing
أرسل الأموال الآن http//bit.ly/1026,phishing
Job offer: Earn $1504/month. Apply at tinyurl.com/abc,spam
Kirim Uang Sekarang http//bit.ly/1159,phishing
Send Money Now http//bit.ly/2717,phishing
Send Money Now http//bit.ly/2069,phishing
Посылка удерживается в терминале: http://ffnst.com/7DH272,phishing
Sende jetzt Geld http//bit.ly/2307,phishing
Enviar dinero ahora http//bit.ly/2767,phishing
Kirim Uang Sekarang http//bit.ly/1958,phishing
Prize winner! Claim your $1908 gift card at tinyurl.com/abc,phishing
Посылка задержана в терминале: http://ffnst.com/7DH837,phishing
WhatsApp: New security code: 4365. Don't share it.,ham
Pacchetto detenuto presso il terminal: http://ffnst.com/7DH875,phishing
Sende jetzt Geld http://bit.ly/1381,phishing
Kirim Uang Sekarang http://bit.ly/2451,phishing
"තාර දාරා, සීනාල්බක් රාමුවන් වෙත ඊමෙල් කර ඇත: http://ffnst.com/7DH465",phishing
WhatsApp: New security code: 9084. Don't share it.,ham
WhatsApp: New security code: 1311. Don't share it.,ham
Your tax refund of $1524 is ready. Claim at tinyurl.com/abc,phishing
Prize winner! Claim your $3986 gift card at tinyurl.com/abc,phishing
WhatsApp: New security code: 3556. Don't share it.,ham
பேக்கேஜ் மையத்தில் படுத்தப்பட்டுள்ளது: http://ffnst.com/7DH914,phishing
WhatsApp: New security code: 2366. Don't share it.,ham
📧 Email verification required 📧,phishing
Your package could not be delivered due to unpaid customs fee. Pay now at www.postal-service.com/fees/19,phishing
Paket im Terminal gehalten: http://ffnst.com/7DH491,phishing
WhatsApp: New security code: 4230. Don't share it.,ham
Пакет зафиксирован в терминале: http://ffnst.com/7DH24,phishing
Посылка задержана в терминале: http://ffnst.com/7DH685,phishing
احصل على مكبر بيانات مجاني للهاتف المحمول مع كل خط هاتف جديد في شركة موبايل نت. اتصل بنا على الرقم 800-555-0199 أو قم بزيارة www.mobilenet.com/65,spam
الحزمة تم الاحتجاز في المحطة: http://ffnst.com/7DH197,phishing
Prize winner! Claim your $2683 gift card at bit.ly/123,phishing
WhatsApp: New security code: 9595. Don't share it.,ham
أرسل المال الآن http//bit.ly/1832,phishing
Colis retenu dans le terminal : http://ffnst.com/7DH566,phishing
Sende jetzt Geld. http//bit.ly/1990,phishing
දැන්ම ම මුමද http//bit.ly/2161,phishing
WhatsApp: New security code: 2120. Don't share it.,ham
Kirim Uang Sekarang http//bit.ly/1827,phishing
Bank of America: Suspicious charge of $3243. Review at tinyurl.com/abc,phishing
Отправьте деньги сейчас http//bit.ly/2046,phishing
WhatsApp: New security code: 4524. Don't share it.,ham
Paket im Terminal festgehalten: http://ffnst.com/7DH677,phishing
Invia denaro ora http://bit.ly/2397,phishing
Bank of America: Suspicious charge of $4624. Review at bit.ly/123,phishing
Paket im Terminal festgehalten: http://ffnst.com/7DH861,phishing
Envoyer de l'argent maintenant http//bit.ly/2363,phishing
Important: Envoyer de l'argent maintenant http//bit.ly/2549,phishing
Send Money Now http//bit.ly/1956,phishing
الحزمة محتجزة في المبنى: http://ffnst.com/7DH290,phishing
Kirim Uang Sekarang http://bit.ly/2696,phishing
WhatsApp: New security code: 5613. Don't share it.,ham
Sende jetzt Geld http//bit.ly/2357,phishing
Job offer: Earn $4343/month. Apply at bit.ly/123,spam
දැන් මුදල් යවිය හැක http//bit.ly/1517,phishing
Invia denaro ora http//bit.ly/1399,phishing
Envoyer de l'argent maintenant http//bit.ly/1699,phishing
දැන් මුදල් යවන්න http//bit.ly/2602,phishing
Prize winner! Claim your $2892 gift card at bit.ly/123,phishing
Sende jetzt Geld http//bit.ly/2685,phishing
Geld jetzt senden http//bit.ly/1545,phishing
الطرد مُعلَق في الميناء: http://ffnst.com/7DH506,phishing
WhatsApp: New security code: 9702. Don't share it.,ham
பேக்கேட்் டெர்மினலில் உள்ள பொருள்: http://ffnst.com/7DH555,phishing
Paquet retenu dans le terminal : http://ffnst.com/7DH670,phishing
Envoyer de l'argent maintenant http//bit.ly/2237,phishing
දැන් මුදල් යවන්න http//bit.ly/1404,phishing
Job offer: Earn $789/month. Apply at tinyurl.com/abc,spam
Envoyer de l'argent maintenant http//bit.ly/2316,phishing
Send Money Now http//bit.ly/2814,phishing
Enviar dinero ahora http//bit.ly/2743,phishing
Отправьте деньги сейчас http//bit.ly/1468,phishing
Invia denaro ora http://bit.ly/2306,phishing
Microsoft: Your account needs verification. Visit goo.gl/xyz,phishing
Your tax refund of $1558 is ready. Claim at bit.ly/123,phishing
Sende jetzt Geld http//bit.ly/1205,phishing
Bank of America: Suspicious charge of $2103. Review at bit.ly/123,phishing
أعيد ضبط كلمة مرور حسابك البنكي على https://bakofamerica.com/resetpassword,phishing
Отправьте деньги сейчас http//bit.ly/1235,phishing
Send Money Now http//bit.ly/2459,phishing
Paket telah tertahan di terminal: http://ffnst.com/7DH196,phishing
Paquete retenido en la terminal: http://ffnst.com/7DH276,phishing
Invia denaro ora http//bit.ly/1313,phishing
Sende jetzt Geld http//bit.ly/2530,phishing
Paquete retenido en la terminal: http://ffnst.com/7DH416,phishing
أرسل المال الآن http//bit.ly/1027,phishing
Prize winner! Claim your $2633 gift card at goo.gl/xyz,phishing
Your tax refund of $2128 is ready. Claim at goo.gl/xyz,phishing
ارسل المال الآن http//bit.ly/1797,phishing
Prize winner! Claim your $1554 gift card at tinyurl.com/abc,phishing
Sende jetzt Geld http//bit.ly/2276,phishing
Your tax refund of $3626 is ready. Claim at bit.ly/123,phishing
Paket im Terminal festgehalten: http://ffnst.com/7DH375,phishing
Paket ditahan di Terminal: http://ffnst.com/7DH460,phishing
ملحوظة: سيتم إلغاء تفعيل حساب Apple ID الخاص بك. يرجى إعادة تفعيل حسابك على http://reactivate-appleid.com على الفور.,phishing
"Catatan Penting: Informasi pribadi Anda di General Directorate of Residency and Foreigners Affairs belum lengkap, harap kunjungi tautan di bawah ini untuk melakukan pembaharuan informasi. Atau kami akan mencegah Anda meninggalkan negara ini dan memberlakukan denda sebesar 50.000 Dirham Uni Emirat Arab. Mohon perbarui informasi Anda untuk menghindari denda yang tinggi: https://bit.ly/ACD23344",phishing
Bank of America: Suspicious charge of $1346. Review at tinyurl.com/abc,phishing
සිංහල පරිවර්තනය සඳහා විවෘත දත්තය: http://ffnst.com/7DH693,phishing
تم توقيف الطرد في المركز البريدي: http://ffnst.com/7DH430,phishing
Your tax refund of $1777 is ready. Claim at tinyurl.com/abc,phishing
Your tax refund of $4921 is ready. Claim at goo.gl/xyz,phishing
பணம் அனைத்திலும் அனைத்திற்கும். http//bit.ly/2140,phishing
Your tax refund of $4277 is ready. Claim at goo.gl/xyz,phishing
பணம் ? அனைத்தும் } இப்போது } http//bit.ly/1690,phishing
Ricevi gratis un potenziatore di dati mobili con ogni nuovo piano telefonico su MobileNet. Chiamaci al 800-555-0199 o visita www.mobilenet.com/39,spam
பேக்கேட் டெர்மினலில் படிக்கப்பட்டது: http://ffnst.com/7DH1086,phishing
ALERT: Paquete retenido en la terminal: http://ffnst.com/7DH491,phishing
Bank of America: Suspicious charge of $4878. Review at bit.ly/123,phishing
Bank of America: Suspicious charge of $3570. Review at bit.ly/123,phishing
WhatsApp: New security code: 1323. Don't share it.,ham
Enviar dinero ahora http//bit.ly/1999,phishing
Bank of America: Suspicious charge of $3634. Review at bit.ly/123,phishing
Pacchetto detenuto en terminal: http://ffnst.com/7DH178,phishing
Paket ditahan di terminal: http://ffnst.com/7DH466,phishing
Envoyez de l'argent maintenant http//bit.ly/1725,phishing
பணம் அனைத்திலும் அனுப்பு http//bit.ly/1352,phishing
Envoyer de l'argent maintenant http//bit.ly/2018,phishing
WhatsApp: New security code: 4850. Don't share it.,ham
Enviar dinero ahora http//bit.ly/1479,phishing
Paquete detenido en terminal: http://ffnst.com/7DH280,phishing
الحزمة تم احتجازها في المحطة: http://ffnst.com/7DH892,phishing
Obtenez un amplificateur de données mobile gratuit avec chaque nouveau forfait téléphonique chez MobileNet. Appelez-nous au 800-555-0199 ou visitez www.mobilenet.com/18,spam
உங்கள் அஞ்சல் கொடுப்பனவை தொலைநோக்கில் நிறுத்தப்படவில்லை எம்படி எத்ரிக்காக்கப்பட்டிருக்கலாம். தற்காலிகமாக www.postal-service.com/fees/13 என்ற இணையதளத்தில் செலுத்துங்கள்.,phishing
Le colis est retenu au terminal : http://ffnst.com/7DH1018,phishing
Paket im Terminal festgehalten: http://ffnst.com/7DH457,phishing
Your tax refund of $1083 is ready. Claim at tinyurl.com/abc,phishing
أرسل الأموال الآن http//bit.ly/2450,phishing
Paket in der Zustellung: http://ffnst.com/7DH543,phishing
Prize winner! Claim your $3438 gift card at tinyurl.com/abc,phishing
Посылка удерживается в терминале: http://ffnst.com/7DH225,phishing
Paket im Terminal festgehalten: http://ffnst.com/7DH852,phishing
Sende jetzt Geld http//bit.ly/1845,phishing
Invia denaro adesso http//bit.ly/1718,phishing
Your tax refund of $1952 is ready. Claim at tinyurl.com/abc,phishing
Send Money Now http//bit.ly/1496,phishing
Paquete retenido en la terminal: http://ffnst.com/7DH460,phishing
Отправьте 🚨 деньги 📱 сейчас http//bit.ly/1735,phishing
Send Money Now http//bit.ly/2292,phishing
Colis retenu au terminal : http://ffnst.com/7DH526,phishing
Job offer: Earn $4565/month. Apply at goo.gl/xyz,spam
WhatsApp: New security code: 4808. Don't share it.,ham
Geld jetzt senden http//bit.ly/2008,phishing
Sende jetzt Geld http://bit.ly/1783,phishing
أرسل المال الآن http//bit.ly/2375,phishing
Paket im Terminal festgehalten: http://ffnst.com/7DH366,phishing
Obtenga un amplificador gratuito de datos móviles con cada nuevo plan de teléfono en MobileNet. Llámenos al 800-555-0199 o visite www.mobilenet.com/2,spam
Sende jetzt Geld! http://bit.ly/2174,phishing
Your tax refund of $1282 is ready. Claim at tinyurl.com/abc,phishing
Посылка удерживается в отделении терминала: http://ffnst.com/7DH969,phishing
Kirim Uang Sekarang http//bit.ly/2331,phishing
பேக்கேட் டெர்மினலில் தடுக்கப்பட்டுள்ளது: http://ffnst.com/7DH66,phishing
Отправьте деньги сейчас http//bit.ly/2362,phishing
Your tax refund of $1483 is ready. Claim at bit.ly/123,phishing
Invia denaro ora http//bit.ly/1317,phishing
Bank of America: Suspicious charge of $916. Review at bit.ly/123,phishing
Kirim Uang Sekarang http//bit.ly/1658,phishing
Envoyer de l'argent maintenant http//bit.ly/1250,phishing
Job offer: Earn $1623/month. Apply at goo.gl/xyz,spam
قم بإرسال الأموال الآن http//bit.ly/2592,phishing
Colis retenu au terminal : http://ffnst.com/7DH629,phishing
WhatsApp: New security code: 6214. Don't share it.,ham
"Serbische Post: Aufgrund fehlender Adresse und fehlerhafter Postleitzahl kann Ihr Paket nicht zugestellt werden und die Kosten für eine erneute Zustellung gehen zu Ihren Lasten. Klicken Sie auf den Link unten, um die Adresse zu ändern und eine neue Sendung anzufordern: https://tinyurl.com/dnnh27234388383839282938djsjk$?fwf=LL2WOgiZM1 Bitte erledigen Sie dies innerhalb von 12 Stunden, um unnötige Verluste zu vermeiden. Einen schönen Tag noch, Serbische Post! phishing",phishing
Bank of America: Suspicious charge of $4727. Review at tinyurl.com/abc,phishing
Отправить деньги сейчас http://bit.ly/1372,phishing
கோடியில் பேக்கேஜ் நிலையில் உள்ளது: http://ffnst.com/7DH519,phishing
Your banking account has been hacked. Change password immediately.,phishing
Envoyez de l'argent maintenant http//bit.ly/2864,phishing
Pacchetto trattenuto nel terminale: http://ffnst.com/7DH406,phishing
Prize winner! Claim your $1005 gift card at bit.ly/123,phishing
Invia denaro ora http//bit.ly/2103,phishing
Prize winner! Claim your $902 gift card at tinyurl.com/abc,phishing
أرسل الأموال الآن http//bit.ly/2696,phishing
තැරොල් දත්ත පැකට්: http://ffnst.com/7dh48,phishing
Prize winner! Claim your $2592 gift card at goo.gl/xyz,phishing
Enviar dinero ahora http//bit.ly/1368,phishing
Sende jetzt Geld http//bit.ly/2082,phishing
Bank of America: Suspicious charge of $4379. Review at tinyurl.com/abc,phishing
Package detained at terminal: http://ffnst.com/7DH309,phishing
الحزمة محتجزة في الميناء: http://ffnst.com/7DH294,phishing
Enviar dinero ahora http//bit.ly/2059,phishing
Send Money Now http//bit.ly/2189,phishing
Invia denaro ora http://bit.ly/2422,phishing
பேக்கேஜ் டெர்மினலில் உள்ளது: http://ffnst.com/7DH388,phishing
Job offer: Earn $3499/month. Apply at tinyurl.com/abc,spam
Kirim Uang Sekarang http//bit.ly/2534,phishing
Pacchetto bloccato nel terminale: http://ffnst.com/7DH75,phishing
Kirim Uang Sekarang http//bit.ly/1202,phishing
Invia denaro ora http//bit.ly/1587,phishing
Colis retenu au terminal : http://ffnst.com/7DH160,phishing
"සහයත්, මුණී කර දැන්ම මුදල් යවන්න http//bit.ly/2748",phishing
Посылка задержана в терминале: http://ffnst.com/7DH168,phishing
WhatsApp: New security code: 3967. Don't share it.,ham
Отправьте деньги сейчас http//bit.ly/2619,phishing
Pacchetto trattenuto nel terminale: http://ffnst.com/7DH100,phishing
Send Money Now http://bit.ly/2634,phishing
Enviar dinero ahora http//bit.ly/2119,phishing
Package detained at the terminal: http://ffnst.com/7DH1,phishing
Job offer: Earn $1153/month. Apply at bit.ly/123,spam
الحزمة مُسجلة في الطرفية: http://ffnst.com/7DH884,phishing
பேக்கேட் புத்தகத்தில் நெல் வைக்கப்பட்டுள்ளது: http://ffnst.com/7DH978,phishing
Kirim Uang Sekarang http//bit.ly/1252,phishing
